<?xml version='1.0' encoding='utf-8'?>
<COLLADA xmlns="http://www.collada.org/2005/11/COLLADASchema" version="1.4.1"><asset><unit name="meter" meter="1" /><up_axis>Z_UP</up_axis></asset><library_effects><effect id="graphite-fx"><profile_COMMON><technique sid="common"><phong><emission><color>0 0 0 1</color></emission><ambient><color>0.065 0.075 0.085 1</color></ambient><diffuse><color>0.065 0.075 0.085 1</color></diffuse><specular><color>0.12 0.12 0.12 1</color></specular><shininess><float>25</float></shininess></phong></technique></profile_COMMON></effect><effect id="titanium-fx"><profile_COMMON><technique sid="common"><phong><emission><color>0 0 0 1</color></emission><ambient><color>0.36 0.4 0.43 1</color></ambient><diffuse><color>0.36 0.4 0.43 1</color></diffuse><specular><color>0.12 0.12 0.12 1</color></specular><shininess><float>25</float></shininess></phong></technique></profile_COMMON></effect><effect id="ivory-fx"><profile_COMMON><technique sid="common"><phong><emission><color>0 0 0 1</color></emission><ambient><color>0.72 0.72 0.65 1</color></ambient><diffuse><color>0.72 0.72 0.65 1</color></diffuse><specular><color>0.12 0.12 0.12 1</color></specular><shininess><float>25</float></shininess></phong></technique></profile_COMMON></effect><effect id="copper-fx"><profile_COMMON><technique sid="common"><phong><emission><color>0 0 0 1</color></emission><ambient><color>0.66 0.29 0.08 1</color></ambient><diffuse><color>0.66 0.29 0.08 1</color></diffuse><specular><color>0.12 0.12 0.12 1</color></specular><shininess><float>25</float></shininess></phong></technique></profile_COMMON></effect><effect id="rubber-fx"><profile_COMMON><technique sid="common"><phong><emission><color>0 0 0 1</color></emission><ambient><color>0.025 0.028 0.032 1</color></ambient><diffuse><color>0.025 0.028 0.032 1</color></diffuse><specular><color>0.12 0.12 0.12 1</color></specular><shininess><float>25</float></shininess></phong></technique></profile_COMMON></effect><effect id="lens-fx"><profile_COMMON><technique sid="common"><phong><emission><color>0 0 0 1</color></emission><ambient><color>0.05 0.26 0.33 1</color></ambient><diffuse><color>0.05 0.26 0.33 1</color></diffuse><specular><color>0.12 0.12 0.12 1</color></specular><shininess><float>25</float></shininess></phong></technique></profile_COMMON></effect></library_effects><library_materials><material id="graphite"><instance_effect url="#graphite-fx" /></material><material id="titanium"><instance_effect url="#titanium-fx" /></material><material id="ivory"><instance_effect url="#ivory-fx" /></material><material id="copper"><instance_effect url="#copper-fx" /></material><material id="rubber"><instance_effect url="#rubber-fx" /></material><material id="lens"><instance_effect url="#lens-fx" /></material></library_materials><library_geometries><geometry id="mesh0"><mesh><source id="mesh0-positions"><float_array id="mesh0-array" count="168">-0.24000000953674316 -0.08500000089406967 -0.10000000149011612 -0.24000000953674316 -0.125 -0.06000000238418579 -0.2800000011920929 -0.08500000089406967 -0.06000000238418579 -0.23999999463558197 -0.11328428238630295 -0.08828426897525787 -0.2630940079689026 -0.10809402167797089 -0.08309400826692581 -0.26828426122665405 -0.11328428238630295 -0.05999999865889549 -0.26828426122665405 -0.08500000834465027 -0.08828426897525787 -0.24000000953674316 -0.125 0.05999999865889549 -0.24000000953674316 -0.08500000089406967 0.10000000149011612 -0.2800000011920929 -0.08500000089406967 0.06000000238418579 -0.23999999463558197 -0.11328428238630295 0.08828426897525787 -0.2630940079689026 -0.10809402167797089 0.08309400826692581 -0.26828426122665405 -0.08500000834465027 0.08828426897525787 -0.26828426122665405 -0.11328428238630295 0.05999999865889549 -0.24000000953674316 0.08500000089406967 -0.10000000149011612 -0.2800000011920929 0.08500000089406967 -0.06000000238418579 -0.24000000953674316 0.125 -0.05999999865889549 -0.26828426122665405 0.08500000834465027 -0.08828426897525787 -0.2630940079689026 0.10809402167797089 -0.08309400826692581 -0.26828426122665405 0.11328428238630295 -0.05999999865889549 -0.23999999463558197 0.11328428238630295 -0.08828426897525787 -0.24000000953674316 0.08500000089406967 0.10000000149011612 -0.24000000953674316 0.125 0.06000000238418579 -0.2800000011920929 0.08500000089406967 0.06000000238418579 -0.23999999463558197 0.11328428238630295 0.08828426897525787 -0.2630940079689026 0.10809402167797089 0.08309400826692581 -0.26828426122665405 0.11328428238630295 0.05999999865889549 -0.26828426122665405 0.08500000834465027 0.08828426897525787 0.24000000953674316 -0.08500000089406967 -0.10000000149011612 0.2800000011920929 -0.08500000089406967 -0.06000000238418579 0.24000000953674316 -0.125 -0.05999999865889549 0.26828426122665405 -0.08500000834465027 -0.08828426897525787 0.2630940079689026 -0.10809402167797089 -0.08309400826692581 0.26828426122665405 -0.11328428238630295 -0.05999999865889549 0.23999999463558197 -0.11328428238630295 -0.08828426897525787 0.24000000953674316 -0.08500000089406967 0.10000000149011612 0.24000000953674316 -0.125 0.06000000238418579 0.2800000011920929 -0.08500000089406967 0.06000000238418579 0.23999999463558197 -0.11328428238630295 0.08828426897525787 0.2630940079689026 -0.10809402167797089 0.08309400826692581 0.26828426122665405 -0.11328428238630295 0.05999999865889549 0.26828426122665405 -0.08500000834465027 0.08828426897525787 0.24000000953674316 0.08500000089406967 -0.10000000149011612 0.24000000953674316 0.125 -0.06000000238418579 0.2800000011920929 0.08500000089406967 -0.06000000238418579 0.23999999463558197 0.11328428238630295 -0.08828426897525787 0.2630940079689026 0.10809402167797089 -0.08309400826692581 0.26828426122665405 0.11328428238630295 -0.05999999865889549 0.26828426122665405 0.08500000834465027 -0.08828426897525787 0.24000000953674316 0.08500000089406967 0.10000000149011612 0.2800000011920929 0.08500000089406967 0.06000000238418579 0.24000000953674316 0.125 0.05999999865889549 0.26828426122665405 0.08500000834465027 0.08828426897525787 0.2630940079689026 0.10809402167797089 0.08309400826692581 0.26828426122665405 0.11328428238630295 0.05999999865889549 0.23999999463558197 0.11328428238630295 0.08828426897525787</float_array><technique_common><accessor source="#mesh0-array" count="56" stride="3"><param name="X" type="float" /><param name="Y" type="float" /><param name="Z" type="float" /></accessor></technique_common></source><source id="mesh0-normals"><float_array id="mesh0-normals-array" count="324">-0.281747430562973 -0.3671805262565613 -0.8864519000053406 -0.3671806752681732 -0.28174731135368347 -0.886451780796051 -0.36718034744262695 -0.8864520192146301 -0.28174737095832825 -0.28174737095832825 -0.8864520192146301 -0.3671802878379822 -0.886451780796051 -0.28174716234207153 -0.3671807050704956 -0.8864519000053406 -0.36718064546585083 -0.2817472517490387 -0.28174740076065063 -0.8864519596099854 0.3671802580356598 -0.36718031764030457 -0.8864519596099854 0.28174731135368347 -0.3671806752681732 -0.28174734115600586 0.886451780796051 -0.281747430562973 -0.3671805262565613 0.8864519000053406 -0.8864519000053406 -0.36718064546585083 0.2817472219467163 -0.886451780796051 -0.28174716234207153 0.3671806752681732 -0.3671806752681732 0.28174734115600586 -0.886451780796051 -0.281747430562973 0.3671805262565613 -0.8864519000053406 -0.8864519000053406 0.36718064546585083 -0.2817472219467163 -0.886451780796051 0.28174716234207153 -0.3671806752681732 -0.28174740076065063 0.8864519596099854 -0.3671802580356598 -0.36718031764030457 0.8864519596099854 -0.28174731135368347 -0.281747430562973 0.3671805262565613 0.8864519000053406 -0.3671806752681732 0.28174731135368347 0.886451780796051 -0.36718034744262695 0.8864520192146301 0.28174737095832825 -0.28174737095832825 0.8864520192146301 0.3671802878379822 -0.886451780796051 0.28174716234207153 0.3671807050704956 -0.8864519000053406 0.36718064546585083 0.2817472517490387 0.3671806752681732 -0.28174734115600586 -0.886451780796051 0.281747430562973 -0.3671805262565613 -0.8864519000053406 0.8864519000053406 -0.36718064546585083 -0.2817472219467163 0.886451780796051 -0.28174716234207153 -0.3671806752681732 0.28174740076065063 -0.8864519596099854 -0.3671802580356598 0.36718031764030457 -0.8864519596099854 -0.28174731135368347 0.281747430562973 -0.3671805262565613 0.8864519000053406 0.3671806752681732 -0.28174731135368347 0.886451780796051 0.36718034744262695 -0.8864520192146301 0.28174737095832825 0.28174737095832825 -0.8864520192146301 0.3671802878379822 0.886451780796051 -0.28174716234207153 0.3671807050704956 0.8864519000053406 -0.36718064546585083 0.2817472517490387 0.281747430562973 0.3671805262565613 -0.8864519000053406 0.3671806752681732 0.28174731135368347 -0.886451780796051 0.36718034744262695 0.8864520192146301 -0.28174737095832825 0.28174737095832825 0.8864520192146301 -0.3671802878379822 0.886451780796051 0.28174716234207153 -0.3671807050704956 0.8864519000053406 0.36718064546585083 -0.2817472517490387 0.3671806752681732 0.28174734115600586 0.886451780796051 0.281747430562973 0.3671805262565613 0.8864519000053406 0.8864519000053406 0.36718064546585083 0.2817472219467163 0.886451780796051 0.28174716234207153 0.3671806752681732 0.28174740076065063 0.8864519596099854 0.3671802580356598 0.36718031764030457 0.8864519596099854 0.28174731135368347 -0.38268375396728516 0.0 -0.9238793849945068 -0.38268378376960754 0.0 -0.9238794445991516 -0.9238794445991516 0.0 -0.3826838433742523 -0.9238793849945068 0.0 -0.38268378376960754 -0.38268333673477173 -0.9238795638084412 0.0 -0.38268333673477173 -0.9238796234130859 0.0 -0.9238793849945068 -0.3826836347579956 0.0 -0.9238795042037964 -0.3826836347579956 0.0 -0.38268375396728516 0.0 0.9238793849945068 -0.38268378376960754 0.0 0.9238794445991516 -0.9238794445991516 0.0 0.3826838433742523 -0.9238793849945068 0.0 0.38268378376960754 -0.38268333673477173 0.9238795638084412 0.0 -0.38268333673477173 0.9238796234130859 0.0 -0.9238793849945068 0.3826836347579956 0.0 -0.9238795042037964 0.3826836347579956 0.0 0.0 0.3826834559440613 -0.9238795638084412 0.0 0.3826834261417389 -0.9238795042037964 0.0 0.9238796234130859 -0.38268306851387024 -2.970012236147568e-09 0.9238796234130859 -0.3826831579208374 0.0 0.3826834559440613 0.9238795638084412 0.0 0.3826834261417389 0.9238795042037964 0.0 0.9238796234130859 0.38268306851387024 2.970012236147568e-09 0.9238796234130859 0.3826831579208374 0.9238795042037964 0.3826836347579956 0.0 0.9238793849945068 0.3826836347579956 0.0 0.38268333673477173 0.9238796234130859 0.0 0.38268333673477173 0.9238795638084412 0.0 0.38268375396728516 0.0 -0.9238793849945068 0.38268378376960754 0.0 -0.9238794445991516 0.9238794445991516 0.0 -0.3826838433742523 0.9238793849945068 0.0 -0.38268378376960754 0.38268375396728516 0.0 0.9238793849945068 0.38268378376960754 0.0 0.9238794445991516 0.9238794445991516 0.0 0.3826838433742523 0.9238793849945068 0.0 0.38268378376960754 0.38268333673477173 -0.9238795638084412 0.0 0.38268333673477173 -0.9238796234130859 0.0 0.9238793849945068 -0.3826836347579956 0.0 0.9238795042037964 -0.3826836347579956 0.0 0.0 -0.3826834559440613 -0.9238795638084412 0.0 -0.3826834261417389 -0.9238795042037964 0.0 -0.9238796234130859 -0.38268306851387024 2.970012236147568e-09 -0.9238796234130859 -0.3826831579208374 0.0 -0.3826834559440613 0.9238795638084412 0.0 -0.3826834261417389 0.9238795042037964 0.0 -0.9238796234130859 0.38268306851387024 -2.970012236147568e-09 -0.9238796234130859 0.3826831579208374 0.0 0.0 -1.0 0.0 0.0 -1.0 -1.0 0.0 0.0 -1.0 0.0 0.0 0.0 -1.0 0.0 0.0 -1.0 0.0 0.0 0.0 1.0 0.0 0.0 1.0 0.0 1.0 0.0 0.0 1.0 0.0 1.0 0.0 0.0 1.0 0.0 0.0</float_array><technique_common><accessor source="#mesh0-normals-array" count="108" stride="3"><param name="X" type="float" /><param name="Y" type="float" /><param name="Z" type="float" /></accessor></technique_common></source><vertices id="mesh0-vertices"><input semantic="POSITION" source="#mesh0-positions" /></vertices><triangles count="108" material="graphite"><input semantic="VERTEX" source="#mesh0-vertices" offset="0" /><input semantic="NORMAL" source="#mesh0-normals" offset="1" /><p>0 0 3 0 4 0 0 1 4 1 6 1 1 2 5 2 4 2 1 3 4 3 3 3 2 4 6 4 4 4 2 5 4 5 5 5 7 6 10 6 11 6 7 7 11 7 13 7 8 8 12 8 11 8 8 9 11 9 10 9 9 10 13 10 11 10 9 11 11 11 12 11 14 12 17 12 18 12 14 13 18 13 20 13 15 14 19 14 18 14 15 15 18 15 17 15 16 16 20 16 18 16 16 17 18 17 19 17 21 18 24 18 25 18 21 19 25 19 27 19 22 20 26 20 25 20 22 21 25 21 24 21 23 22 27 22 25 22 23 23 25 23 26 23 28 24 31 24 32 24 28 25 32 25 34 25 29 26 33 26 32 26 29 27 32 27 31 27 30 28 34 28 32 28 30 29 32 29 33 29 35 30 38 30 39 30 35 31 39 31 41 31 36 32 40 32 39 32 36 33 39 33 38 33 37 34 41 34 39 34 37 35 39 35 40 35 42 36 45 36 46 36 42 37 46 37 48 37 43 38 47 38 46 38 43 39 46 39 45 39 44 40 48 40 46 40 44 41 46 41 47 41 49 42 52 42 53 42 49 43 53 43 55 43 50 44 54 44 53 44 50 45 53 45 52 45 51 46 55 46 53 46 51 47 53 47 54 47 14 48 0 48 6 48 14 49 6 49 17 49 17 50 6 50 2 50 17 51 2 51 15 51 1 52 7 52 13 52 1 53 13 53 5 53 5 54 13 54 9 54 5 55 9 55 2 55 8 56 21 56 27 56 8 57 27 57 12 57 12 58 27 58 23 58 12 59 23 59 9 59 22 60 16 60 19 60 22 61 19 61 26 61 26 62 19 62 15 62 26 63 15 63 23 63 42 64 14 64 20 64 42 65 20 65 45 65 45 66 20 66 16 66 45 67 16 67 43 67 21 68 49 68 55 68 21 69 55 69 24 69 24 70 55 70 51 70 24 71 51 71 22 71 50 72 44 72 47 72 50 73 47 73 54 73 54 74 47 74 43 74 54 75 43 75 51 75 28 76 42 76 48 76 28 77 48 77 31 77 31 78 48 78 44 78 31 79 44 79 29 79 49 80 35 80 41 80 49 81 41 81 52 81 52 82 41 82 37 82 52 83 37 83 50 83 36 84 30 84 33 84 36 85 33 85 40 85 40 86 33 86 29 86 40 87 29 87 37 87 0 88 28 88 34 88 0 89 34 89 3 89 3 90 34 90 30 90 3 91 30 91 1 91 35 92 8 92 10 92 35 93 10 93 38 93 38 94 10 94 7 94 38 95 7 95 36 95 14 96 42 96 28 96 14 97 28 97 0 97 2 98 9 98 23 98 2 99 23 99 15 99 30 100 36 100 7 100 30 101 7 101 1 101 49 102 21 102 8 102 49 103 8 103 35 103 16 104 22 104 51 104 16 105 51 105 43 105 44 106 50 106 37 106 44 107 37 107 29 107</p></triangles></mesh></geometry><geometry id="mesh1"><mesh><source id="mesh1-positions"><float_array id="mesh1-array" count="168">0.25999999046325684 -0.07500000298023224 -0.034999996423721313 0.25999999046325684 -0.10999999940395355 1.862645149230957e-09 0.22499999403953552 -0.07500000298023224 1.862645149230957e-09 0.25999999046325684 -0.09974873065948486 -0.02474874071776867 0.23979273438453674 -0.09520725905895233 -0.02020726539194584 0.2352512627840042 -0.09974873065948486 -1.862645149230957e-09 0.2352512627840042 -0.07499999552965164 -0.02474874071776867 0.25999999046325684 -0.10999999940395355 0.059999994933605194 0.25999999046325684 -0.07500000298023224 0.0949999988079071 0.22499999403953552 -0.07500000298023224 0.059999994933605194 0.25999999046325684 -0.09974873065948486 0.08474873751401901 0.23979273438453674 -0.09520725905895233 0.08020726591348648 0.2352512627840042 -0.07499999552965164 0.08474873751401901 0.2352512627840042 -0.09974873065948486 0.06000000238418579 0.25999999046325684 0.07500000298023224 -0.034999996423721313 0.22499999403953552 0.07500000298023224 1.862645149230957e-09 0.25999999046325684 0.10999999940395355 1.862645149230957e-09 0.2352512627840042 0.07499999552965164 -0.02474874071776867 0.23979273438453674 0.09520725905895233 -0.02020726539194584 0.2352512627840042 0.09974873065948486 -1.862645149230957e-09 0.25999999046325684 0.09974873065948486 -0.02474874071776867 0.25999999046325684 0.07500000298023224 0.0949999988079071 0.25999999046325684 0.10999999940395355 0.059999994933605194 0.22499999403953552 0.07500000298023224 0.059999994933605194 0.25999999046325684 0.09974873065948486 0.08474873751401901 0.23979273438453674 0.09520725905895233 0.08020726591348648 0.2352512627840042 0.09974873065948486 0.06000000238418579 0.2352512627840042 0.07499999552965164 0.08474873751401901 0.36000001430511475 -0.07500000298023224 -0.034999996423721313 0.39500001072883606 -0.07500000298023224 1.862645149230957e-09 0.36000001430511475 -0.10999999940395355 1.862645149230957e-09 0.38474875688552856 -0.07499999552965164 -0.02474874071776867 0.38020727038383484 -0.09520725905895233 -0.02020726539194584 0.38474875688552856 -0.09974873065948486 -1.862645149230957e-09 0.36000001430511475 -0.09974873065948486 -0.02474874071776867 0.36000001430511475 -0.07500000298023224 0.0949999988079071 0.36000001430511475 -0.10999999940395355 0.059999994933605194 0.39500001072883606 -0.07500000298023224 0.059999994933605194 0.36000001430511475 -0.09974873065948486 0.08474873751401901 0.38020727038383484 -0.09520725905895233 0.08020726591348648 0.38474875688552856 -0.09974873065948486 0.06000000238418579 0.38474875688552856 -0.07499999552965164 0.08474873751401901 0.36000001430511475 0.07500000298023224 -0.034999996423721313 0.36000001430511475 0.10999999940395355 1.862645149230957e-09 0.39500001072883606 0.07500000298023224 1.862645149230957e-09 0.36000001430511475 0.09974873065948486 -0.02474874071776867 0.38020727038383484 0.09520725905895233 -0.02020726539194584 0.38474875688552856 0.09974873065948486 -1.862645149230957e-09 0.38474875688552856 0.07499999552965164 -0.02474874071776867 0.36000001430511475 0.07500000298023224 0.0949999988079071 0.39500001072883606 0.07500000298023224 0.059999994933605194 0.36000001430511475 0.10999999940395355 0.059999994933605194 0.38474875688552856 0.07499999552965164 0.08474873751401901 0.38020727038383484 0.09520725905895233 0.08020726591348648 0.38474875688552856 0.09974873065948486 0.06000000238418579 0.36000001430511475 0.09974873065948486 0.08474873751401901</float_array><technique_common><accessor source="#mesh1-array" count="56" stride="3"><param name="X" type="float" /><param name="Y" type="float" /><param name="Z" type="float" /></accessor></technique_common></source><source id="mesh1-normals"><float_array id="mesh1-normals-array" count="324">-0.2817471921443939 -0.36718037724494934 -0.8864519596099854 -0.3671802878379822 -0.2817472815513611 -0.8864519596099854 -0.36718058586120605 -0.8864519000053406 -0.28174716234207153 -0.28174713253974915 -0.8864519000053406 -0.36718055605888367 -0.8864519000053406 -0.28174737095832825 -0.36718034744262695 -0.8864519596099854 -0.3671804666519165 -0.28174734115600586 -0.28174713253974915 -0.8864519000053406 0.36718055605888367 -0.36718055605888367 -0.8864519000053406 0.28174713253974915 -0.36718031764030457 -0.2817472815513611 0.8864519000053406 -0.2817472517490387 -0.36718037724494934 0.8864520192146301 -0.8864519000053406 -0.3671804666519165 0.28174734115600586 -0.8864519000053406 -0.28174737095832825 0.36718037724494934 -0.36718031764030457 0.2817472815513611 -0.8864519000053406 -0.2817472517490387 0.36718037724494934 -0.8864520192146301 -0.8864519000053406 0.3671804666519165 -0.28174734115600586 -0.8864519000053406 0.28174737095832825 -0.36718037724494934 -0.28174713253974915 0.8864519000053406 -0.36718055605888367 -0.36718055605888367 0.8864519000053406 -0.28174713253974915 -0.2817471921443939 0.36718037724494934 0.8864519596099854 -0.3671802878379822 0.2817472815513611 0.8864519596099854 -0.36718058586120605 0.8864519000053406 0.28174716234207153 -0.28174713253974915 0.8864519000053406 0.36718055605888367 -0.8864519000053406 0.28174737095832825 0.36718034744262695 -0.8864519596099854 0.3671804666519165 0.28174734115600586 0.36718031764030457 -0.2817472815513611 -0.8864519000053406 0.2817472517490387 -0.36718037724494934 -0.8864520192146301 0.8864519000053406 -0.3671804666519165 -0.28174734115600586 0.8864519000053406 -0.28174737095832825 -0.36718037724494934 0.28174713253974915 -0.8864519000053406 -0.36718055605888367 0.36718055605888367 -0.8864519000053406 -0.28174713253974915 0.2817471921443939 -0.36718037724494934 0.8864519596099854 0.3671802878379822 -0.2817472815513611 0.8864519596099854 0.36718058586120605 -0.8864519000053406 0.28174716234207153 0.28174713253974915 -0.8864519000053406 0.36718055605888367 0.8864519000053406 -0.28174737095832825 0.36718034744262695 0.8864519596099854 -0.3671804666519165 0.28174734115600586 0.2817471921443939 0.36718037724494934 -0.8864519596099854 0.3671802878379822 0.2817472815513611 -0.8864519596099854 0.36718058586120605 0.8864519000053406 -0.28174716234207153 0.28174713253974915 0.8864519000053406 -0.36718055605888367 0.8864519000053406 0.28174737095832825 -0.36718034744262695 0.8864519596099854 0.3671804666519165 -0.28174734115600586 0.36718031764030457 0.2817472815513611 0.8864519000053406 0.2817472517490387 0.36718037724494934 0.8864520192146301 0.8864519000053406 0.3671804666519165 0.28174734115600586 0.8864519000053406 0.28174737095832825 0.36718037724494934 0.28174713253974915 0.8864519000053406 0.36718055605888367 0.36718055605888367 0.8864519000053406 0.28174713253974915 -0.38268324732780457 0.0 -0.9238796234130859 -0.38268327713012695 0.0 -0.9238796830177307 -0.9238795638084412 0.0 -0.38268333673477173 -0.9238796234130859 0.0 -0.38268333673477173 -0.38268354535102844 -0.9238794445991516 0.0 -0.3826836049556732 -0.9238794445991516 0.0 -0.9238795042037964 -0.38268351554870605 0.0 -0.9238794445991516 -0.38268348574638367 0.0 -0.38268324732780457 0.0 0.9238796234130859 -0.38268327713012695 0.0 0.9238796830177307 -0.9238795638084412 0.0 0.38268333673477173 -0.9238796234130859 0.0 0.38268333673477173 -0.38268354535102844 0.9238794445991516 0.0 -0.3826836049556732 0.9238794445991516 0.0 -0.9238795042037964 0.38268351554870605 0.0 -0.9238794445991516 0.38268348574638367 0.0 0.0 0.3826834261417389 -0.9238796234130859 0.0 0.3826834261417389 -0.9238796234130859 0.0 0.9238795638084412 -0.3826836049556732 0.0 0.9238795638084412 -0.3826836049556732 0.0 0.3826834261417389 0.9238796234130859 0.0 0.3826834261417389 0.9238796234130859 0.0 0.9238795638084412 0.3826836049556732 0.0 0.9238795638084412 0.3826836049556732 0.9238794445991516 0.38268348574638367 0.0 0.9238795042037964 0.38268351554870605 0.0 0.3826836049556732 0.9238794445991516 0.0 0.38268354535102844 0.9238794445991516 0.0 0.38268324732780457 0.0 -0.9238796234130859 0.38268327713012695 0.0 -0.9238796830177307 0.9238795638084412 0.0 -0.38268333673477173 0.9238796234130859 0.0 -0.38268333673477173 0.38268324732780457 0.0 0.9238796234130859 0.38268327713012695 0.0 0.9238796830177307 0.9238795638084412 0.0 0.38268333673477173 0.9238796234130859 0.0 0.38268333673477173 0.38268354535102844 -0.9238794445991516 0.0 0.3826836049556732 -0.9238794445991516 0.0 0.9238795042037964 -0.38268351554870605 0.0 0.9238794445991516 -0.38268348574638367 0.0 0.0 -0.3826834261417389 -0.9238796234130859 0.0 -0.3826834261417389 -0.9238796234130859 0.0 -0.9238795638084412 -0.3826836049556732 0.0 -0.9238795638084412 -0.3826836049556732 0.0 -0.3826834261417389 0.9238796234130859 0.0 -0.3826834261417389 0.9238796234130859 0.0 -0.9238795638084412 0.3826836049556732 0.0 -0.9238795638084412 0.3826836049556732 0.0 0.0 -1.0 0.0 0.0 -1.0 -1.0 0.0 0.0 -1.0 0.0 0.0 0.0 -1.0 0.0 0.0 -1.0 0.0 0.0 0.0 1.0 0.0 0.0 1.0 0.0 1.0 0.0 0.0 1.0 0.0 1.0 0.0 0.0 1.0 0.0 0.0</float_array><technique_common><accessor source="#mesh1-normals-array" count="108" stride="3"><param name="X" type="float" /><param name="Y" type="float" /><param name="Z" type="float" /></accessor></technique_common></source><vertices id="mesh1-vertices"><input semantic="POSITION" source="#mesh1-positions" /></vertices><triangles count="108" material="graphite"><input semantic="VERTEX" source="#mesh1-vertices" offset="0" /><input semantic="NORMAL" source="#mesh1-normals" offset="1" /><p>0 0 3 0 4 0 0 1 4 1 6 1 1 2 5 2 4 2 1 3 4 3 3 3 2 4 6 4 4 4 2 5 4 5 5 5 7 6 10 6 11 6 7 7 11 7 13 7 8 8 12 8 11 8 8 9 11 9 10 9 9 10 13 10 11 10 9 11 11 11 12 11 14 12 17 12 18 12 14 13 18 13 20 13 15 14 19 14 18 14 15 15 18 15 17 15 16 16 20 16 18 16 16 17 18 17 19 17 21 18 24 18 25 18 21 19 25 19 27 19 22 20 26 20 25 20 22 21 25 21 24 21 23 22 27 22 25 22 23 23 25 23 26 23 28 24 31 24 32 24 28 25 32 25 34 25 29 26 33 26 32 26 29 27 32 27 31 27 30 28 34 28 32 28 30 29 32 29 33 29 35 30 38 30 39 30 35 31 39 31 41 31 36 32 40 32 39 32 36 33 39 33 38 33 37 34 41 34 39 34 37 35 39 35 40 35 42 36 45 36 46 36 42 37 46 37 48 37 43 38 47 38 46 38 43 39 46 39 45 39 44 40 48 40 46 40 44 41 46 41 47 41 49 42 52 42 53 42 49 43 53 43 55 43 50 44 54 44 53 44 50 45 53 45 52 45 51 46 55 46 53 46 51 47 53 47 54 47 14 48 0 48 6 48 14 49 6 49 17 49 17 50 6 50 2 50 17 51 2 51 15 51 1 52 7 52 13 52 1 53 13 53 5 53 5 54 13 54 9 54 5 55 9 55 2 55 8 56 21 56 27 56 8 57 27 57 12 57 12 58 27 58 23 58 12 59 23 59 9 59 22 60 16 60 19 60 22 61 19 61 26 61 26 62 19 62 15 62 26 63 15 63 23 63 42 64 14 64 20 64 42 65 20 65 45 65 45 66 20 66 16 66 45 67 16 67 43 67 21 68 49 68 55 68 21 69 55 69 24 69 24 70 55 70 51 70 24 71 51 71 22 71 50 72 44 72 47 72 50 73 47 73 54 73 54 74 47 74 43 74 54 75 43 75 51 75 28 76 42 76 48 76 28 77 48 77 31 77 31 78 48 78 44 78 31 79 44 79 29 79 49 80 35 80 41 80 49 81 41 81 52 81 52 82 41 82 37 82 52 83 37 83 50 83 36 84 30 84 33 84 36 85 33 85 40 85 40 86 33 86 29 86 40 87 29 87 37 87 0 88 28 88 34 88 0 89 34 89 3 89 3 90 34 90 30 90 3 91 30 91 1 91 35 92 8 92 10 92 35 93 10 93 38 93 38 94 10 94 7 94 38 95 7 95 36 95 14 96 42 96 28 96 14 97 28 97 0 97 2 98 9 98 23 98 2 99 23 99 15 99 30 100 36 100 7 100 30 101 7 101 1 101 49 102 21 102 8 102 49 103 8 103 35 103 16 104 22 104 51 104 16 105 51 105 43 105 44 106 50 106 37 106 44 107 37 107 29 107</p></triangles></mesh></geometry><geometry id="mesh2"><mesh><source id="mesh2-positions"><float_array id="mesh2-array" count="264">0.21553845703601837 -0.11150000244379044 0.10269230604171753 0.22979432344436646 -0.11749999970197678 0.1032523661851883 0.2158571183681488 -0.11150000244379044 0.10630158334970474 0.21967342495918274 -0.11443133652210236 0.10192401707172394 0.21364429593086243 -0.11150000244379044 0.10410577803850174 0.21617533266544342 -0.11432569473981857 0.1038626879453659 0.22514395415782928 -0.11661882698535919 0.10522180795669556 0.22487083077430725 -0.11661882698535919 0.10212820023298264 0.21992459893226624 -0.11595344543457031 0.10412376374006271 0.21374458074569702 -0.11149999499320984 0.10524185001850128 0.22006270289421082 -0.11443133652210236 0.10633349418640137 0.2162790298461914 -0.11432567983865738 0.10503771901130676 0.30000001192092896 -0.11150000244379044 0.125 0.2997523546218872 -0.11749999970197678 0.11879859864711761 0.29996684193611145 -0.1145000010728836 0.12416917085647583 0.2998761832714081 -0.11669614911079407 0.12189929932355881 0.4300000071525574 -0.11150000244379044 0.07900000363588333 0.4242653250694275 -0.11150000244379044 0.08676451444625854 0.42399999499320984 -0.11749999970197678 0.08056855946779251 0.42928242683410645 -0.11149999499320984 0.08226761966943741 0.42914992570877075 -0.11449605971574783 0.07917370647192001 0.42845475673675537 -0.11436926573514938 0.08230817317962646 0.42418137192726135 -0.11449605971574783 0.08590091019868851 0.42717742919921875 -0.11149999499320984 0.08511766046285629 0.42697280645370483 -0.11436926573514938 0.08431468158960342 0.42694756388664246 -0.11669841408729553 0.0797494649887085 0.42408397793769836 -0.11669841408729553 0.0836266279220581 0.42690423130989075 -0.11591979116201401 0.0827135220170021 0.4240261912345886 -0.11150000244379044 0.06556004285812378 0.4300000071525574 -0.11150000244379044 0.07099999487400055 0.42399999499320984 -0.11749999970197678 0.07158881425857544 0.42701399326324463 -0.11149999499320984 0.06607670336961746 0.42401790618896484 -0.11449605971574783 0.06637072563171387 0.42687949538230896 -0.11436926573514938 0.06687621772289276 0.4291936457157135 -0.11449605971574783 0.0710839182138443 0.4292067289352417 -0.11149999499320984 0.06807348877191544 0.4284232556819916 -0.11436926573514938 0.06828201562166214 0.424008309841156 -0.11669841408729553 0.068583644926548 0.4269912838935852 -0.11669841408729553 0.07130005210638046 0.42687273025512695 -0.11591979116201401 0.06843417882919312 0.27000001072883606 -0.11150000244379044 0.07999999821186066 0.2714669108390808 -0.11749999970197678 0.08588878810405731 0.2701965272426605 -0.1145000010728836 0.08078895509243011 0.27073347568511963 -0.11669614911079407 0.08294440805912018 0.21553845703601837 0.11150000244379044 0.10269230604171753 0.2158571183681488 0.11150000244379044 0.10630157589912415 0.22979432344436646 0.11749999970197678 0.1032523661851883 0.21364429593086243 0.11150000244379044 0.10410578548908234 0.21967341005802155 0.11443132907152176 0.10192400962114334 0.21617530286312103 0.11432568728923798 0.1038626879453659 0.22006270289421082 0.11443133652210236 0.10633349418640137 0.21374459564685822 0.11150000244379044 0.10524185001850128 0.2162790596485138 0.11432568728923798 0.10503771901130676 0.22487083077430725 0.11661882698535919 0.10212819278240204 0.22514396905899048 0.11661882698535919 0.10522180795669556 0.21992456912994385 0.11595343798398972 0.10412375628948212 0.30000001192092896 0.11150000244379044 0.125 0.2997523546218872 0.11749999970197678 0.11879859864711761 0.29996684193611145 0.1145000010728836 0.12416917085647583 0.2998761832714081 0.11669614911079407 0.12189929932355881 0.4242653250694275 0.11150000244379044 0.08676451444625854 0.4300000071525574 0.11150000244379044 0.07900000363588333 0.42399999499320984 0.11749999970197678 0.08056855946779251 0.42717742919921875 0.11149999499320984 0.08511766046285629 0.42418137192726135 0.11449605971574783 0.08590091019868851 0.42697280645370483 0.11436926573514938 0.08431468158960342 0.42914992570877075 0.11449605971574783 0.07917370647192001 0.42928242683410645 0.11149999499320984 0.08226761966943741 0.42845475673675537 0.11436926573514938 0.08230817317962646 0.42408397793769836 0.11669841408729553 0.0836266279220581 0.42694756388664246 0.11669841408729553 0.0797494649887085 0.42690423130989075 0.11591979116201401 0.0827135220170021 0.4300000071525574 0.11150000244379044 0.07099999487400055 0.4240261912345886 0.11150000244379044 0.06556004285812378 0.42399999499320984 0.11749999970197678 0.07158881425857544 0.4292067289352417 0.11149999499320984 0.06807348877191544 0.4291936457157135 0.11449605971574783 0.0710839182138443 0.4284232556819916 0.11436926573514938 0.06828201562166214 0.42401790618896484 0.11449605971574783 0.06637072563171387 0.42701399326324463 0.11149999499320984 0.06607670336961746 0.42687949538230896 0.11436926573514938 0.06687621772289276 0.4269912838935852 0.11669841408729553 0.07130005210638046 0.424008309841156 0.11669841408729553 0.068583644926548 0.42687273025512695 0.11591979116201401 0.06843417882919312 0.2714669108390808 0.11749999970197678 0.08588878810405731 0.27000001072883606 0.11150000244379044 0.07999999821186066 0.27073347568511963 0.11669614911079407 0.08294440060853958 0.2701965272426605 0.1145000010728836 0.08078895509243011</float_array><technique_common><accessor source="#mesh2-array" count="88" stride="3"><param name="X" type="float" /><param name="Y" type="float" /><param name="Z" type="float" /></accessor></technique_common></source><source id="mesh2-normals"><float_array id="mesh2-normals-array" count="516">-0.44827625155448914 -0.4264349043369293 -0.7856218814849854 -0.5419366359710693 -0.42294788360595703 -0.7262367606163025 -0.31514573097229004 -0.7968857884407043 -0.5154186487197876 -0.31044071912765503 -0.7979203462600708 -0.5166717767715454 -0.14578351378440857 -0.9846178293228149 0.09630706906318665 -0.16040271520614624 -0.9846176505088806 -0.06927500665187836 -0.21700093150138855 -0.793213963508606 0.5689660906791687 -0.21908316016197205 -0.8023719191551208 0.5551592111587524 -0.40630871057510376 -0.42294391989707947 0.8099578022956848 -0.30369243025779724 -0.42643237113952637 0.852013111114502 -0.7404817342758179 -0.6688898801803589 0.0653691440820694 -0.740485429763794 -0.6688870191574097 0.06535675376653671 -0.40005922317504883 -0.9158086180686951 0.035317081958055496 0.9408648610115051 -0.26848167181015015 0.20661796629428864 0.9418944120407104 -0.25453874468803406 0.21919190883636475 0.784996509552002 -0.2182382494211197 0.5797867178916931 0.7850000262260437 -0.2182467132806778 0.5797787308692932 0.486493855714798 -0.254543662071228 0.8357818722724915 0.4741854667663574 -0.2684728503227234 0.8384929895401001 0.38957858085632324 -0.6699002385139465 0.632030189037323 0.3895789086818695 -0.6699000000953674 0.6320303082466125 0.31728124618530273 -0.916063129901886 0.24527741968631744 0.3277379870414734 -0.9160630702972412 0.231119304895401 0.7186499238014221 -0.6699004769325256 0.1864822804927826 0.7186508774757385 -0.6698998212814331 0.1864810287952423 0.674720823764801 -0.5444440841674805 0.49832966923713684 0.16397491097450256 -0.27191320061683655 -0.9482486248016357 0.17914128303527832 -0.257426917552948 -0.9495471715927124 0.6550642848014832 -0.2311488538980484 -0.7193476557731628 0.6550622582435608 -0.2311507910490036 -0.7193488478660583 0.9286805987358093 -0.2574247121810913 -0.2669922411441803 0.9288034439086914 -0.2719133794307709 -0.2517683207988739 0.6792232990264893 -0.700664758682251 -0.21845978498458862 0.6792242527008057 -0.7006633281707764 -0.21846136450767517 0.24187348783016205 -0.9376956224441528 -0.24944756925106049 0.2257826328277588 -0.9376955628395081 -0.2641005516052246 0.15410706400871277 -0.7006636261940002 -0.6966502666473389 0.1541069746017456 -0.7006635665893555 -0.6966502666473389 0.5397088527679443 -0.5978719592094421 -0.5926748514175415 -0.5419395565986633 0.42294397950172424 -0.7262368202209473 -0.4482766389846802 0.42643192410469055 -0.7856232523918152 -0.7404819130897522 0.6688891053199768 0.06537491828203201 -0.7404831647872925 0.6688867211341858 0.06538563966751099 -0.30369383096694946 0.4264322817325592 0.8520127534866333 -0.4063073694705963 0.42294493317604065 0.8099581003189087 -0.21996203064918518 0.796888530254364 0.5626592040061951 -0.21511279046535492 0.797922670841217 0.5630684494972229 -0.16040284931659698 0.9846177101135254 -0.06927401572465897 -0.14578384160995483 0.9846176505088806 0.09630730003118515 -0.31333422660827637 0.793209433555603 -0.5221498608589172 -0.3129650056362152 0.8023713231086731 -0.5081861019134521 -0.4000595211982727 0.9158080816268921 0.0353257842361927 0.4741855263710022 0.2684728503227234 0.8384929895401001 0.4864937961101532 0.254543662071228 0.8357818722724915 0.7849952578544617 0.218245267868042 0.5797857642173767 0.785001814365387 0.2182367593050003 0.5797800421714783 0.9418944120407104 0.25453877449035645 0.21919190883636475 0.9408648610115051 0.26848167181015015 0.20661793649196625 0.7186499238014221 0.6699007749557495 0.1864812672138214 0.7186508774757385 0.6698994040489197 0.18648244440555573 0.3277380168437958 0.9160631895065308 0.231119304895401 0.3172812759876251 0.9160630702972412 0.24527744948863983 0.38957881927490234 0.6699001789093018 0.632030189037323 0.38957858085632324 0.6699000597000122 0.6320304870605469 0.674720823764801 0.5444440841674805 0.49832966923713684 0.9288034439086914 0.27191340923309326 -0.2517683506011963 0.9286805987358093 0.2574247121810913 -0.2669922411441803 0.655064046382904 0.23115047812461853 -0.719347357749939 0.6550626754760742 0.23114852607250214 -0.7193492650985718 0.17914128303527832 0.2574268877506256 -0.9495471715927124 0.16397495567798615 0.27191323041915894 -0.9482486248016357 0.1541069746017456 0.7006636261940002 -0.6966502666473389 0.15410706400871277 0.7006635069847107 -0.6966503262519836 0.22578266263008118 0.9376956820487976 -0.2641005516052246 0.24187350273132324 0.9376956224441528 -0.2494475543498993 0.6792230010032654 0.7006645798683167 -0.2184610515832901 0.6792246699333191 0.7006635069847107 -0.21845951676368713 0.5397089123725891 0.5978719592094421 -0.5926749110221863 -0.37150973081588745 -0.25882023572921753 -0.8916235566139221 -0.3696593642234802 -0.29008758068084717 -0.8827237486839294 -0.2737574577331543 -0.7069655656814575 -0.6521170139312744 -0.2730182111263275 -0.7093396186828613 -0.6498448848724365 -0.10136480629444122 -0.9658528566360474 -0.23843960464000702 -0.11072244495153427 -0.9576669931411743 -0.26573386788368225 -0.024158548563718796 -0.9659253358840942 -0.2576912045478821 -0.024160055443644524 -0.9659197330474854 -0.2577119767665863 -0.06597235798835754 -0.7071067690849304 -0.7040225267410278 -0.06597218662500381 -0.7071093320846558 -0.7040199041366577 -0.09013793617486954 -0.25882068276405334 -0.961710512638092 -0.09013324230909348 -0.25989508628845215 -0.9614211916923523 0.25884076952934265 -0.9659200310707092 0.0 0.26276901364326477 -0.9648577570915222 0.0013596522621810436 0.7072804570198059 -0.7069236636161804 0.003659698646515608 0.7076001167297363 -0.7066028118133545 0.003824115265160799 0.9656610488891602 -0.25975269079208374 0.005218765698373318 0.9620257019996643 -0.27295878529548645 0.0 0.07717406749725342 -0.9649537801742554 0.250815749168396 0.07620543986558914 -0.9659198522567749 0.24736963212490082 0.2082216441631317 -0.7070708870887756 0.6757917404174805 0.20822130143642426 -0.7070723176002502 0.6757903695106506 0.28325432538986206 -0.27294671535491943 0.9193840622901917 0.284065306186676 -0.25881722569465637 0.9232121706008911 -0.05614591762423515 -0.9659256339073181 0.25265657901763916 -0.0633026733994484 -0.9581387639045715 0.27921852469444275 -0.15474729239940643 -0.7069286108016968 0.6901487112045288 -0.15432816743850708 -0.7084651589393616 0.6886653900146484 -0.21064521372318268 -0.2587447762489319 0.9426981210708618 -0.20774713158607483 -0.2878778874874115 0.9348622560501099 -0.09954654425382614 0.9659253358840942 -0.2389117032289505 -0.11152876168489456 0.9583913683891296 -0.26276862621307373 -0.27393972873687744 0.7069497108459473 -0.6520576477050781 -0.272921085357666 0.7091333866119385 -0.6501107215881348 -0.37307408452033997 0.25875580310821533 -0.8909888863563538 -0.3683333098888397 0.2878786623477936 -0.8840002417564392 -0.20953874289989471 0.2588196098804474 0.9429241418838501 -0.20877009630203247 0.2893502414226532 0.9341796636581421 -0.1546596884727478 0.7069401741027832 0.6901564598083496 -0.1543930321931839 0.7085596919059753 0.6885535717010498 -0.05738941952586174 0.9658450484275818 0.2526853084564209 -0.062449511140584946 0.9576671123504639 0.28102272748947144 0.2829176187515259 0.27296561002731323 0.9194822311401367 0.2844031751155853 0.25879424810409546 0.9231144785881042 0.20822171866893768 0.7070708870887756 0.6757918000221252 0.20822125673294067 0.7070723176002502 0.6757904291152954 0.07726603746414185 0.9649474620819092 0.2508115768432617 0.0761152058839798 0.9659256339073181 0.24737443029880524 0.9656375646591187 0.2598925232887268 0.0 0.9620918035507202 0.27267614006996155 0.005199476145207882 0.7072879672050476 0.7069152593612671 0.003822428174316883 0.7075792551040649 0.7066245079040527 0.003661245107650757 0.2589612305164337 0.9658868312835693 0.001339949551038444 0.2624174654483795 0.9649544358253479 0.0 -0.09016013890504837 0.2588215172290802 -0.961708128452301 -0.09011095762252808 0.25989580154418945 -0.9614229798316956 -0.06597254425287247 0.7071055769920349 -0.7040237188339233 -0.06597205996513367 0.7071095705032349 -0.7040197253227234 -0.0241580531001091 0.9659254550933838 -0.2576907277107239 -0.024160493165254593 0.9659196734428406 -0.2577119469642639 -0.44838595390319824 2.9863798545193276e-08 0.8938400745391846 -0.44838595390319824 2.9961753966745164e-08 0.8938401341438293 -0.996125340461731 6.656244266878275e-08 0.08794490993022919 -0.9961265325546265 -2.937846410588918e-09 0.08793137222528458 -0.5980643630027771 2.6776918460313937e-08 -0.8014480471611023 -0.5980623364448547 0.0 -0.8014495372772217 0.9767256379127502 0.0 0.21449249982833862 0.9767256379127502 0.0 0.21449248492717743 0.804385781288147 0.0 0.5941073298454285 0.804385781288147 0.0 0.5941073298454285 0.49225711822509766 0.0 0.870449960231781 0.49225711822509766 0.0 0.870449960231781 0.1703944355249405 0.0 -0.9853759407997131 0.1703944355249405 0.0 -0.9853759407997131 0.6732982993125916 0.0 -0.7393710017204285 0.6732982993125916 0.0 -0.7393710017204285 0.9651695489883423 0.0 -0.2616252899169922 0.9651695489883423 0.0 -0.2616252899169922 -0.38461533188819885 0.0 -0.9230769872665405 -0.38461533188819885 0.0 -0.9230769872665405 0.0 -1.0 0.0 0.0 -1.0 0.0 0.0 -1.0 0.0 -0.21693040430545807 0.0 0.9761870503425598 -0.21693047881126404 3.028243966696209e-08 0.9761870503425598 0.29408586025238037 0.0 0.9557790160179138 0.29408586025238037 0.0 0.9557790160179138 1.0 0.0 0.0 1.0 0.0 0.0 -0.09334070980548859 0.0 -0.9956341981887817 -0.09334070980548859 0.0 -0.9956341981887817 0.0 1.0 0.0 0.0 1.0 0.0 0.0 1.0 0.0</float_array><technique_common><accessor source="#mesh2-normals-array" count="172" stride="3"><param name="X" type="float" /><param name="Y" type="float" /><param name="Z" type="float" /></accessor></technique_common></source><vertices id="mesh2-vertices"><input semantic="POSITION" source="#mesh2-positions" /></vertices><triangles count="172" material="graphite"><input semantic="VERTEX" source="#mesh2-vertices" offset="0" /><input semantic="NORMAL" source="#mesh2-normals" offset="1" /><p>0 0 3 0 5 0 0 1 5 1 4 1 3 2 7 2 8 2 3 3 8 3 5 3 1 4 6 4 8 4 1 5 8 5 7 5 6 6 10 6 11 6 6 7 11 7 8 7 2 8 9 8 11 8 2 9 11 9 10 9 9 10 4 10 5 10 9 11 5 11 11 11 5 12 8 12 11 12 16 13 19 13 21 13 16 14 21 14 20 14 19 15 23 15 24 15 19 16 24 16 21 16 17 17 22 17 24 17 17 18 24 18 23 18 22 19 26 19 27 19 22 20 27 20 24 20 18 21 25 21 27 21 18 22 27 22 26 22 25 23 20 23 21 23 25 24 21 24 27 24 21 25 24 25 27 25 28 26 31 26 33 26 28 27 33 27 32 27 31 28 35 28 36 28 31 29 36 29 33 29 29 30 34 30 36 30 29 31 36 31 35 31 34 32 38 32 39 32 34 33 39 33 36 33 30 34 37 34 39 34 30 35 39 35 38 35 37 36 32 36 33 36 37 37 33 37 39 37 33 38 36 38 39 38 44 39 47 39 49 39 44 40 49 40 48 40 47 41 51 41 52 41 47 42 52 42 49 42 45 43 50 43 52 43 45 44 52 44 51 44 50 45 54 45 55 45 50 46 55 46 52 46 46 47 53 47 55 47 46 48 55 48 54 48 53 49 48 49 49 49 53 50 49 50 55 50 49 51 52 51 55 51 60 52 63 52 65 52 60 53 65 53 64 53 63 54 67 54 68 54 63 55 68 55 65 55 61 56 66 56 68 56 61 57 68 57 67 57 66 58 70 58 71 58 66 59 71 59 68 59 62 60 69 60 71 60 62 61 71 61 70 61 69 62 64 62 65 62 69 63 65 63 71 63 65 64 68 64 71 64 72 65 75 65 77 65 72 66 77 66 76 66 75 67 79 67 80 67 75 68 80 68 77 68 73 69 78 69 80 69 73 70 80 70 79 70 78 71 82 71 83 71 78 72 83 72 80 72 74 73 81 73 83 73 74 74 83 74 82 74 81 75 76 75 77 75 81 76 77 76 83 76 77 77 80 77 83 77 0 78 40 78 42 78 0 79 42 79 3 79 3 80 42 80 43 80 3 81 43 81 7 81 7 82 43 82 41 82 7 83 41 83 1 83 30 84 41 84 43 84 30 85 43 85 37 85 37 86 43 86 42 86 37 87 42 87 32 87 32 88 42 88 40 88 32 89 40 89 28 89 18 90 30 90 38 90 18 91 38 91 25 91 25 92 38 92 34 92 25 93 34 93 20 93 20 94 34 94 29 94 20 95 29 95 16 95 13 96 18 96 26 96 13 97 26 97 15 97 15 98 26 98 22 98 15 99 22 99 14 99 14 100 22 100 17 100 14 101 17 101 12 101 1 102 13 102 15 102 1 103 15 103 6 103 6 104 15 104 14 104 6 105 14 105 10 105 10 106 14 106 12 106 10 107 12 107 2 107 46 108 84 108 86 108 46 109 86 109 53 109 53 110 86 110 87 110 53 111 87 111 48 111 48 112 87 112 85 112 48 113 85 113 44 113 45 114 56 114 58 114 45 115 58 115 50 115 50 116 58 116 59 116 50 117 59 117 54 117 54 118 59 118 57 118 54 119 57 119 46 119 56 120 60 120 64 120 56 121 64 121 58 121 58 122 64 122 69 122 58 123 69 123 59 123 59 124 69 124 62 124 59 125 62 125 57 125 61 126 72 126 76 126 61 127 76 127 66 127 66 128 76 128 81 128 66 129 81 129 70 129 70 130 81 130 74 130 70 131 74 131 62 131 73 132 85 132 87 132 73 133 87 133 78 133 78 134 87 134 86 134 78 135 86 135 82 135 82 136 86 136 84 136 82 137 84 137 74 137 2 138 45 138 51 138 2 139 51 139 9 139 9 140 51 140 47 140 9 141 47 141 4 141 4 142 47 142 44 142 4 143 44 143 0 143 16 144 61 144 67 144 16 145 67 145 19 145 19 146 67 146 63 146 19 147 63 147 23 147 23 148 63 148 60 148 23 149 60 149 17 149 28 150 73 150 79 150 28 151 79 151 31 151 31 152 79 152 75 152 31 153 75 153 35 153 35 154 75 154 72 154 35 155 72 155 29 155 40 156 0 156 44 156 40 157 44 157 85 157 1 158 41 158 30 158 30 159 18 159 13 159 30 160 13 160 1 160 2 161 12 161 56 161 2 162 56 162 45 162 12 163 17 163 60 163 12 164 60 164 56 164 16 165 29 165 72 165 16 166 72 166 61 166 28 167 40 167 85 167 28 168 85 168 73 168 84 169 46 169 57 169 57 170 62 170 74 170 57 171 74 171 84 171</p></triangles></mesh></geometry><geometry id="mesh3"><mesh><source id="mesh3-positions"><float_array id="mesh3-array" count="144">-4.831866018406572e-09 -0.03200000151991844 0.09999999403953552 -4.831866018406572e-09 -0.03200000151991844 0.1899999976158142 -0.008282214403152466 -0.030909625813364983 0.09999999403953552 -0.008282214403152466 -0.030909625813364983 0.1899999976158142 -0.01600000448524952 -0.027712812647223473 0.09999999403953552 -0.01600000448524952 -0.027712812647223473 0.1899999976158142 -0.022627420723438263 -0.022627413272857666 0.09999999403953552 -0.022627420723438263 -0.022627413272857666 0.1899999976158142 -0.02771281637251377 -0.015999997034668922 0.09999999403953552 -0.02771281637251377 -0.015999997034668922 0.1899999976158142 -0.03090962953865528 -0.00828220508992672 0.09999999403953552 -0.03090962953865528 -0.00828220508992672 0.1899999976158142 -0.03200000151991844 4.831866018406572e-09 0.09999999403953552 -0.03200000151991844 4.831866018406572e-09 0.1899999976158142 -0.030909625813364983 0.008282214403152466 0.09999999403953552 -0.030909625813364983 0.008282214403152466 0.1899999976158142 -0.027712812647223473 0.01600000448524952 0.09999999403953552 -0.027712812647223473 0.01600000448524952 0.1899999976158142 -0.022627413272857666 0.022627420723438263 0.09999999403953552 -0.022627413272857666 0.022627420723438263 0.1899999976158142 -0.015999997034668922 0.02771281637251377 0.09999999403953552 -0.015999997034668922 0.02771281637251377 0.1899999976158142 -0.00828220508992672 0.03090962953865528 0.09999999403953552 -0.00828220508992672 0.03090962953865528 0.1899999976158142 4.831866018406572e-09 0.03200000151991844 0.09999999403953552 4.831866018406572e-09 0.03200000151991844 0.1899999976158142 0.008282214403152466 0.030909625813364983 0.09999999403953552 0.008282214403152466 0.030909625813364983 0.1899999976158142 0.01600000448524952 0.027712812647223473 0.09999999403953552 0.01600000448524952 0.027712812647223473 0.1899999976158142 0.022627420723438263 0.022627413272857666 0.09999999403953552 0.022627420723438263 0.022627413272857666 0.1899999976158142 0.02771281637251377 0.015999997034668922 0.09999999403953552 0.02771281637251377 0.015999997034668922 0.1899999976158142 0.03090962953865528 0.00828220508992672 0.09999999403953552 0.03090962953865528 0.00828220508992672 0.1899999976158142 0.03200000151991844 -4.831866018406572e-09 0.09999999403953552 0.03200000151991844 -4.831866018406572e-09 0.1899999976158142 0.030909625813364983 -0.008282214403152466 0.09999999403953552 0.030909625813364983 -0.008282214403152466 0.1899999976158142 0.027712812647223473 -0.01600000448524952 0.09999999403953552 0.027712812647223473 -0.01600000448524952 0.1899999976158142 0.022627413272857666 -0.022627420723438263 0.09999999403953552 0.022627413272857666 -0.022627420723438263 0.1899999976158142 0.015999997034668922 -0.02771281637251377 0.09999999403953552 0.015999997034668922 -0.02771281637251377 0.1899999976158142 0.00828220508992672 -0.03090962953865528 0.09999999403953552 0.00828220508992672 -0.03090962953865528 0.1899999976158142</float_array><technique_common><accessor source="#mesh3-array" count="48" stride="3"><param name="X" type="float" /><param name="Y" type="float" /><param name="Z" type="float" /></accessor></technique_common></source><source id="mesh3-normals"><float_array id="mesh3-normals-array" count="276">-0.1305263787508011 -0.9914448857307434 0.0 -0.1305263787508011 -0.9914448857307434 0.0 -0.38268351554870605 -0.9238795042037964 0.0 -0.38268351554870605 -0.9238795042037964 0.0 -0.608761727809906 -0.7933531999588013 0.0 -0.608761727809906 -0.7933531999588013 0.0 -0.7933533191680908 -0.6087614297866821 0.0 -0.7933533191680908 -0.6087614297866821 0.0 -0.9238796234130859 -0.3826832175254822 0.0 -0.9238796234130859 -0.3826832175254822 0.0 -0.9914448857307434 -0.1305260807275772 0.0 -0.9914448857307434 -0.1305260807275772 0.0 -0.9914448857307434 0.1305263787508011 0.0 -0.9914448857307434 0.1305263787508011 0.0 -0.9238795042037964 0.38268351554870605 0.0 -0.9238795042037964 0.38268351554870605 0.0 -0.7933531999588013 0.608761727809906 0.0 -0.7933531999588013 0.608761727809906 0.0 -0.6087614297866821 0.7933533191680908 0.0 -0.6087614297866821 0.7933533191680908 0.0 -0.3826832175254822 0.9238796234130859 0.0 -0.3826832175254822 0.9238796234130859 0.0 -0.1305260807275772 0.9914448857307434 0.0 -0.1305260807275772 0.9914448857307434 0.0 0.1305263787508011 0.9914448857307434 0.0 0.1305263787508011 0.9914448857307434 0.0 0.38268351554870605 0.9238795042037964 0.0 0.38268351554870605 0.9238795042037964 0.0 0.608761727809906 0.7933531999588013 0.0 0.608761727809906 0.7933531999588013 0.0 0.7933533191680908 0.6087614297866821 0.0 0.7933533191680908 0.6087614297866821 0.0 0.9238796234130859 0.3826832175254822 0.0 0.9238796234130859 0.3826832175254822 0.0 0.9914448857307434 0.1305260807275772 0.0 0.9914448857307434 0.1305260807275772 0.0 0.9914448857307434 -0.1305263787508011 0.0 0.9914448857307434 -0.1305263787508011 0.0 0.9238795042037964 -0.38268351554870605 0.0 0.9238795042037964 -0.38268351554870605 0.0 0.7933531999588013 -0.608761727809906 0.0 0.7933531999588013 -0.608761727809906 0.0 0.6087614297866821 -0.7933533191680908 0.0 0.6087614297866821 -0.7933533191680908 0.0 0.0 0.0 1.0 0.0 0.0 1.0 0.0 0.0 1.0 0.0 0.0 1.0 0.0 0.0 1.0 0.0 0.0 1.0 0.0 0.0 1.0 0.0 0.0 1.0 0.0 0.0 1.0 0.0 0.0 1.0 0.0 0.0 1.0 0.0 0.0 1.0 0.0 0.0 1.0 0.0 0.0 1.0 0.0 0.0 1.0 0.0 0.0 1.0 0.0 0.0 1.0 0.0 0.0 1.0 0.0 0.0 1.0 0.0 0.0 1.0 0.0 0.0 1.0 0.0 0.0 1.0 0.3826832175254822 -0.9238796234130859 0.0 0.3826832175254822 -0.9238796234130859 0.0 0.1305260807275772 -0.9914448857307434 0.0 0.1305260807275772 -0.9914448857307434 0.0 0.0 0.0 -1.0 0.0 0.0 -1.0 0.0 0.0 -1.0 0.0 0.0 -1.0 0.0 0.0 -1.0 0.0 0.0 -1.0 0.0 0.0 -1.0 0.0 0.0 -1.0 0.0 0.0 -1.0 0.0 0.0 -1.0 0.0 0.0 -1.0 0.0 0.0 -1.0 0.0 0.0 -1.0 0.0 0.0 -1.0 0.0 0.0 -1.0 0.0 0.0 -1.0 0.0 0.0 -1.0 0.0 0.0 -1.0 0.0 0.0 -1.0 0.0 0.0 -1.0 0.0 0.0 -1.0 0.0 0.0 -1.0</float_array><technique_common><accessor source="#mesh3-normals-array" count="92" stride="3"><param name="X" type="float" /><param name="Y" type="float" /><param name="Z" type="float" /></accessor></technique_common></source><vertices id="mesh3-vertices"><input semantic="POSITION" source="#mesh3-positions" /></vertices><triangles count="92" material="graphite"><input semantic="VERTEX" source="#mesh3-vertices" offset="0" /><input semantic="NORMAL" source="#mesh3-normals" offset="1" /><p>0 0 1 0 3 0 0 1 3 1 2 1 2 2 3 2 5 2 2 3 5 3 4 3 4 4 5 4 7 4 4 5 7 5 6 5 6 6 7 6 9 6 6 7 9 7 8 7 8 8 9 8 11 8 8 9 11 9 10 9 10 10 11 10 13 10 10 11 13 11 12 11 12 12 13 12 15 12 12 13 15 13 14 13 14 14 15 14 17 14 14 15 17 15 16 15 16 16 17 16 19 16 16 17 19 17 18 17 18 18 19 18 21 18 18 19 21 19 20 19 20 20 21 20 23 20 20 21 23 21 22 21 22 22 23 22 25 22 22 23 25 23 24 23 24 24 25 24 27 24 24 25 27 25 26 25 26 26 27 26 29 26 26 27 29 27 28 27 28 28 29 28 31 28 28 29 31 29 30 29 30 30 31 30 33 30 30 31 33 31 32 31 32 32 33 32 35 32 32 33 35 33 34 33 34 34 35 34 37 34 34 35 37 35 36 35 36 36 37 36 39 36 36 37 39 37 38 37 38 38 39 38 41 38 38 39 41 39 40 39 40 40 41 40 43 40 40 41 43 41 42 41 42 42 43 42 45 42 42 43 45 43 44 43 5 44 3 44 1 44 1 45 47 45 45 45 45 46 43 46 41 46 41 47 39 47 37 47 37 48 35 48 33 48 33 49 31 49 29 49 29 50 27 50 25 50 25 51 23 51 21 51 21 52 19 52 17 52 17 53 15 53 13 53 13 54 11 54 9 54 9 55 7 55 5 55 5 56 1 56 45 56 45 57 41 57 37 57 37 58 33 58 29 58 29 59 25 59 21 59 21 60 17 60 13 60 13 61 9 61 5 61 5 62 45 62 37 62 37 63 29 63 21 63 21 64 13 64 5 64 37 65 21 65 5 65 44 66 45 66 47 66 44 67 47 67 46 67 46 68 47 68 1 68 46 69 1 69 0 69 46 70 0 70 2 70 2 71 4 71 6 71 6 72 8 72 10 72 10 73 12 73 14 73 14 74 16 74 18 74 18 75 20 75 22 75 22 76 24 76 26 76 26 77 28 77 30 77 30 78 32 78 34 78 34 79 36 79 38 79 38 80 40 80 42 80 42 81 44 81 46 81 46 82 2 82 6 82 6 83 10 83 14 83 14 84 18 84 22 84 22 85 26 85 30 85 30 86 34 86 38 86 38 87 42 87 46 87 46 88 6 88 14 88 14 89 22 89 30 89 30 90 38 90 46 90 14 91 30 91 46 91</p></triangles></mesh></geometry><geometry id="mesh4"><mesh><source id="mesh4-positions"><float_array id="mesh4-array" count="144">-6.794811380217425e-09 -0.04500000178813934 0.1899999976158142 -6.794811380217425e-09 -0.04500000178813934 0.24500000476837158 -0.011646864004433155 -0.04346666485071182 0.1899999976158142 -0.011646864004433155 -0.04346666485071182 0.24500000476837158 -0.02250000648200512 -0.03897114098072052 0.1899999976158142 -0.02250000648200512 -0.03897114098072052 0.24500000476837158 -0.03181980922818184 -0.03181980177760124 0.1899999976158142 -0.03181980922818184 -0.03181980177760124 0.24500000476837158 -0.03897114843130112 -0.022499995306134224 0.1899999976158142 -0.03897114843130112 -0.022499995306134224 0.24500000476837158 -0.04346666485071182 -0.01164685096591711 0.1899999976158142 -0.04346666485071182 -0.01164685096591711 0.24500000476837158 -0.04500000178813934 6.794811380217425e-09 0.1899999976158142 -0.04500000178813934 6.794811380217425e-09 0.24500000476837158 -0.04346666485071182 0.011646864004433155 0.1899999976158142 -0.04346666485071182 0.011646864004433155 0.24500000476837158 -0.03897114098072052 0.02250000648200512 0.1899999976158142 -0.03897114098072052 0.02250000648200512 0.24500000476837158 -0.03181980177760124 0.03181980922818184 0.1899999976158142 -0.03181980177760124 0.03181980922818184 0.24500000476837158 -0.022499995306134224 0.03897114843130112 0.1899999976158142 -0.022499995306134224 0.03897114843130112 0.24500000476837158 -0.01164685096591711 0.04346666485071182 0.1899999976158142 -0.01164685096591711 0.04346666485071182 0.24500000476837158 6.794811380217425e-09 0.04500000178813934 0.1899999976158142 6.794811380217425e-09 0.04500000178813934 0.24500000476837158 0.011646864004433155 0.04346666485071182 0.1899999976158142 0.011646864004433155 0.04346666485071182 0.24500000476837158 0.02250000648200512 0.03897114098072052 0.1899999976158142 0.02250000648200512 0.03897114098072052 0.24500000476837158 0.03181980922818184 0.03181980177760124 0.1899999976158142 0.03181980922818184 0.03181980177760124 0.24500000476837158 0.03897114843130112 0.022499995306134224 0.1899999976158142 0.03897114843130112 0.022499995306134224 0.24500000476837158 0.04346666485071182 0.01164685096591711 0.1899999976158142 0.04346666485071182 0.01164685096591711 0.24500000476837158 0.04500000178813934 -6.794811380217425e-09 0.1899999976158142 0.04500000178813934 -6.794811380217425e-09 0.24500000476837158 0.04346666485071182 -0.011646864004433155 0.1899999976158142 0.04346666485071182 -0.011646864004433155 0.24500000476837158 0.03897114098072052 -0.02250000648200512 0.1899999976158142 0.03897114098072052 -0.02250000648200512 0.24500000476837158 0.03181980177760124 -0.03181980922818184 0.1899999976158142 0.03181980177760124 -0.03181980922818184 0.24500000476837158 0.022499995306134224 -0.03897114843130112 0.1899999976158142 0.022499995306134224 -0.03897114843130112 0.24500000476837158 0.01164685096591711 -0.04346666485071182 0.1899999976158142 0.01164685096591711 -0.04346666485071182 0.24500000476837158</float_array><technique_common><accessor source="#mesh4-array" count="48" stride="3"><param name="X" type="float" /><param name="Y" type="float" /><param name="Z" type="float" /></accessor></technique_common></source><source id="mesh4-normals"><float_array id="mesh4-normals-array" count="276">-0.13052627444267273 -0.9914448857307434 0.0 -0.13052627444267273 -0.9914448857307434 0.0 -0.3826836049556732 -0.9238793849945068 0.0 -0.3826836049556732 -0.9238793849945068 0.0 -0.6087616682052612 -0.7933531403541565 0.0 -0.6087616682052612 -0.7933531403541565 0.0 -0.7933533787727356 -0.6087614297866821 0.0 -0.7933533787727356 -0.6087614297866821 0.0 -0.9238796234130859 -0.3826833665370941 0.0 -0.9238796234130859 -0.3826833665370941 0.0 -0.9914448857307434 -0.13052597641944885 0.0 -0.9914448857307434 -0.13052597641944885 0.0 -0.9914448857307434 0.13052627444267273 0.0 -0.9914448857307434 0.13052627444267273 0.0 -0.9238793849945068 0.3826836049556732 0.0 -0.9238793849945068 0.3826836049556732 0.0 -0.7933531403541565 0.6087616682052612 0.0 -0.7933531403541565 0.6087616682052612 0.0 -0.6087614297866821 0.7933533787727356 0.0 -0.6087614297866821 0.7933533787727356 0.0 -0.3826833665370941 0.9238796234130859 0.0 -0.3826833665370941 0.9238796234130859 0.0 -0.13052597641944885 0.9914448857307434 0.0 -0.13052597641944885 0.9914448857307434 0.0 0.13052627444267273 0.9914448857307434 0.0 0.13052627444267273 0.9914448857307434 0.0 0.3826836049556732 0.9238793849945068 0.0 0.3826836049556732 0.9238793849945068 0.0 0.6087616682052612 0.7933531403541565 0.0 0.6087616682052612 0.7933531403541565 0.0 0.7933533787727356 0.6087614297866821 0.0 0.7933533787727356 0.6087614297866821 0.0 0.9238796234130859 0.3826833665370941 0.0 0.9238796234130859 0.3826833665370941 0.0 0.9914448857307434 0.13052597641944885 0.0 0.9914448857307434 0.13052597641944885 0.0 0.9914448857307434 -0.13052627444267273 0.0 0.9914448857307434 -0.13052627444267273 0.0 0.9238793849945068 -0.3826836049556732 0.0 0.9238793849945068 -0.3826836049556732 0.0 0.7933531403541565 -0.6087616682052612 0.0 0.7933531403541565 -0.6087616682052612 0.0 0.6087614297866821 -0.7933533787727356 0.0 0.6087614297866821 -0.7933533787727356 0.0 0.0 0.0 1.0 0.0 0.0 1.0 0.0 0.0 1.0 0.0 0.0 1.0 0.0 0.0 1.0 0.0 0.0 1.0 0.0 0.0 1.0 0.0 0.0 1.0 0.0 0.0 1.0 0.0 0.0 1.0 0.0 0.0 1.0 0.0 0.0 1.0 0.0 0.0 1.0 0.0 0.0 1.0 0.0 0.0 1.0 0.0 0.0 1.0 0.0 0.0 1.0 0.0 0.0 1.0 0.0 0.0 1.0 0.0 0.0 1.0 0.0 0.0 1.0 0.0 0.0 1.0 0.3826833665370941 -0.9238796234130859 0.0 0.3826833665370941 -0.9238796234130859 0.0 0.13052597641944885 -0.9914448857307434 0.0 0.13052597641944885 -0.9914448857307434 0.0 0.0 0.0 -1.0 0.0 0.0 -1.0 0.0 0.0 -1.0 0.0 0.0 -1.0 0.0 0.0 -1.0 0.0 0.0 -1.0 0.0 0.0 -1.0 0.0 0.0 -1.0 0.0 0.0 -1.0 0.0 0.0 -1.0 0.0 0.0 -1.0 0.0 0.0 -1.0 0.0 0.0 -1.0 0.0 0.0 -1.0 0.0 0.0 -1.0 0.0 0.0 -1.0 0.0 0.0 -1.0 0.0 0.0 -1.0 0.0 0.0 -1.0 0.0 0.0 -1.0 0.0 0.0 -1.0 0.0 0.0 -1.0</float_array><technique_common><accessor source="#mesh4-normals-array" count="92" stride="3"><param name="X" type="float" /><param name="Y" type="float" /><param name="Z" type="float" /></accessor></technique_common></source><vertices id="mesh4-vertices"><input semantic="POSITION" source="#mesh4-positions" /></vertices><triangles count="92" material="graphite"><input semantic="VERTEX" source="#mesh4-vertices" offset="0" /><input semantic="NORMAL" source="#mesh4-normals" offset="1" /><p>0 0 1 0 3 0 0 1 3 1 2 1 2 2 3 2 5 2 2 3 5 3 4 3 4 4 5 4 7 4 4 5 7 5 6 5 6 6 7 6 9 6 6 7 9 7 8 7 8 8 9 8 11 8 8 9 11 9 10 9 10 10 11 10 13 10 10 11 13 11 12 11 12 12 13 12 15 12 12 13 15 13 14 13 14 14 15 14 17 14 14 15 17 15 16 15 16 16 17 16 19 16 16 17 19 17 18 17 18 18 19 18 21 18 18 19 21 19 20 19 20 20 21 20 23 20 20 21 23 21 22 21 22 22 23 22 25 22 22 23 25 23 24 23 24 24 25 24 27 24 24 25 27 25 26 25 26 26 27 26 29 26 26 27 29 27 28 27 28 28 29 28 31 28 28 29 31 29 30 29 30 30 31 30 33 30 30 31 33 31 32 31 32 32 33 32 35 32 32 33 35 33 34 33 34 34 35 34 37 34 34 35 37 35 36 35 36 36 37 36 39 36 36 37 39 37 38 37 38 38 39 38 41 38 38 39 41 39 40 39 40 40 41 40 43 40 40 41 43 41 42 41 42 42 43 42 45 42 42 43 45 43 44 43 5 44 3 44 1 44 1 45 47 45 45 45 45 46 43 46 41 46 41 47 39 47 37 47 37 48 35 48 33 48 33 49 31 49 29 49 29 50 27 50 25 50 25 51 23 51 21 51 21 52 19 52 17 52 17 53 15 53 13 53 13 54 11 54 9 54 9 55 7 55 5 55 5 56 1 56 45 56 45 57 41 57 37 57 37 58 33 58 29 58 29 59 25 59 21 59 21 60 17 60 13 60 13 61 9 61 5 61 5 62 45 62 37 62 37 63 29 63 21 63 21 64 13 64 5 64 37 65 21 65 5 65 44 66 45 66 47 66 44 67 47 67 46 67 46 68 47 68 1 68 46 69 1 69 0 69 46 70 0 70 2 70 2 71 4 71 6 71 6 72 8 72 10 72 10 73 12 73 14 73 14 74 16 74 18 74 18 75 20 75 22 75 22 76 24 76 26 76 26 77 28 77 30 77 30 78 32 78 34 78 34 79 36 79 38 79 38 80 40 80 42 80 42 81 44 81 46 81 46 82 2 82 6 82 6 83 10 83 14 83 14 84 18 84 22 84 22 85 26 85 30 85 30 86 34 86 38 86 38 87 42 87 46 87 46 88 6 88 14 88 14 89 22 89 30 89 30 90 38 90 46 90 14 91 30 91 46 91</p></triangles></mesh></geometry><geometry id="mesh5"><mesh><source id="mesh5-positions"><float_array id="mesh5-array" count="144">-0.1599999964237213 -0.12799999117851257 -0.08999999612569809 -0.1599999964237213 -0.12800000607967377 -0.1599999964237213 -0.1501648724079132 -0.12670518457889557 -0.08999999612569809 -0.1501648724079132 -0.12670518457889557 -0.1599999964237213 -0.14100000262260437 -0.12290896475315094 -0.08999999612569809 -0.14100000262260437 -0.12290897220373154 -0.1599999964237213 -0.13312993943691254 -0.11687005311250687 -0.08999999612569809 -0.13312993943691254 -0.11687006801366806 -0.1599999964237213 -0.12709103524684906 -0.10899999737739563 -0.09000000357627869 -0.12709103524684906 -0.10900000482797623 -0.1599999964237213 -0.12329481542110443 -0.0998351201415062 -0.09000000357627869 -0.12329481542110443 -0.09983513504266739 -0.1599999964237213 -0.12199999392032623 -0.08999999612569809 -0.09000000357627869 -0.12199999392032623 -0.09000001102685928 -0.1599999964237213 -0.12329481542110443 -0.08016487210988998 -0.09000000357627869 -0.12329481542110443 -0.08016488701105118 -0.1599999964237213 -0.12709103524684906 -0.07100000232458115 -0.09000000357627869 -0.12709103524684906 -0.07100000977516174 -0.1599999964237213 -0.13312993943691254 -0.06312993913888931 -0.09000001102685928 -0.13312993943691254 -0.0631299540400505 -0.1599999964237213 -0.14100000262260437 -0.057091034948825836 -0.09000001102685928 -0.14100000262260437 -0.05709104239940643 -0.1599999964237213 -0.1501648724079132 -0.053294818848371506 -0.09000001102685928 -0.1501648724079132 -0.0532948262989521 -0.1599999964237213 -0.1599999964237213 -0.052000001072883606 -0.09000001102685928 -0.1599999964237213 -0.0520000085234642 -0.1599999964237213 -0.16983512043952942 -0.053294818848371506 -0.09000001102685928 -0.16983512043952942 -0.0532948262989521 -0.1599999964237213 -0.17899999022483826 -0.057091034948825836 -0.09000001102685928 -0.17899999022483826 -0.05709104239940643 -0.1599999964237213 -0.1868700534105301 -0.06312993913888931 -0.09000001102685928 -0.1868700534105301 -0.0631299540400505 -0.1599999964237213 -0.19290895760059357 -0.07100000232458115 -0.09000000357627869 -0.19290895760059357 -0.07100000977516174 -0.1599999964237213 -0.1967051774263382 -0.08016487210988998 -0.09000000357627869 -0.1967051774263382 -0.08016488701105118 -0.1599999964237213 -0.1979999989271164 -0.08999999612569809 -0.09000000357627869 -0.1979999989271164 -0.09000001102685928 -0.1599999964237213 -0.1967051774263382 -0.0998351201415062 -0.09000000357627869 -0.1967051774263382 -0.09983513504266739 -0.1599999964237213 -0.19290895760059357 -0.10899999737739563 -0.09000000357627869 -0.19290895760059357 -0.10900000482797623 -0.1599999964237213 -0.1868700534105301 -0.11687005311250687 -0.08999999612569809 -0.1868700534105301 -0.11687006801366806 -0.1599999964237213 -0.17899999022483826 -0.12290896475315094 -0.08999999612569809 -0.17899999022483826 -0.12290897220373154 -0.1599999964237213 -0.16983512043952942 -0.12670518457889557 -0.08999999612569809 -0.16983512043952942 -0.12670518457889557 -0.1599999964237213</float_array><technique_common><accessor source="#mesh5-array" count="48" stride="3"><param name="X" type="float" /><param name="Y" type="float" /><param name="Z" type="float" /></accessor></technique_common></source><source id="mesh5-normals"><float_array id="mesh5-normals-array" count="276">0.1305261254310608 -0.9914448857307434 1.4970402162362006e-07 0.1305261254310608 -0.9914448857307434 1.4970402162362006e-07 0.38268348574638367 -0.9238795638084412 1.3950193533673882e-07 0.38268348574638367 -0.9238795638084412 1.3950193533673882e-07 0.6087614297866821 -0.793353259563446 1.197930146190629e-07 0.6087614297866821 -0.793353259563446 1.197930146190629e-07 0.793353259563446 -0.6087614297866821 9.192041261485429e-08 0.793353259563446 -0.6087614297866821 9.192041261485429e-08 0.9238795638084412 -0.38268348574638367 5.778359835062474e-08 0.9238795638084412 -0.38268348574638367 5.778359835062474e-08 0.9914448857307434 -0.1305261254310608 1.9708897625037025e-08 0.9914448857307434 -0.1305261254310608 1.9708897625037025e-08 0.9914448857307434 0.1305261254310608 -1.9708897625037025e-08 0.9914448857307434 0.1305261254310608 -1.9708897625037025e-08 0.9238795638084412 0.38268348574638367 -5.778359835062474e-08 0.9238795638084412 0.38268348574638367 -5.778359835062474e-08 0.793353259563446 0.6087614297866821 -9.192041261485429e-08 0.793353259563446 0.6087614297866821 -9.192041261485429e-08 0.6087614297866821 0.793353259563446 -1.197930146190629e-07 0.6087614297866821 0.793353259563446 -1.197930146190629e-07 0.38268348574638367 0.9238795638084412 -1.3950193533673882e-07 0.38268348574638367 0.9238795638084412 -1.3950193533673882e-07 0.1305261254310608 0.9914448857307434 -1.4970402162362006e-07 0.1305261254310608 0.9914448857307434 -1.4970402162362006e-07 -0.1305261254310608 0.9914448857307434 -1.4970402162362006e-07 -0.1305261254310608 0.9914448857307434 -1.4970402162362006e-07 -0.38268348574638367 0.9238795638084412 -1.3950193533673882e-07 -0.38268348574638367 0.9238795638084412 -1.3950193533673882e-07 -0.6087614297866821 0.793353259563446 -1.197930146190629e-07 -0.6087614297866821 0.793353259563446 -1.197930146190629e-07 -0.793353259563446 0.6087614297866821 -9.192041261485429e-08 -0.793353259563446 0.6087614297866821 -9.192041261485429e-08 -0.9238795638084412 0.38268348574638367 -5.778359835062474e-08 -0.9238795638084412 0.38268348574638367 -5.778359835062474e-08 -0.9914448857307434 0.1305261254310608 -1.9708897625037025e-08 -0.9914448857307434 0.1305261254310608 -1.9708897625037025e-08 -0.9914448857307434 -0.1305261254310608 1.9708897625037025e-08 -0.9914448857307434 -0.1305261254310608 1.9708897625037025e-08 -0.9238795638084412 -0.38268348574638367 5.778359835062474e-08 -0.9238795638084412 -0.38268348574638367 5.778359835062474e-08 -0.793353259563446 -0.6087614297866821 9.192041261485429e-08 -0.793353259563446 -0.6087614297866821 9.192041261485429e-08 -0.6087614297866821 -0.793353259563446 1.197930146190629e-07 -0.6087614297866821 -0.793353259563446 1.197930146190629e-07 0.0 -1.5099580252808664e-07 -1.0 0.0 -1.5099580252808664e-07 -1.0 0.0 -1.5099580252808664e-07 -1.0 0.0 -1.5099580252808664e-07 -1.0 0.0 -1.5099580252808664e-07 -1.0 0.0 -1.5099580252808664e-07 -1.0 0.0 -1.5099580252808664e-07 -1.0 0.0 -1.5099580252808664e-07 -1.0 0.0 -1.5099580252808664e-07 -1.0 0.0 -1.5099580252808664e-07 -1.0 0.0 -1.5099580252808664e-07 -1.0 0.0 -1.5099580252808664e-07 -1.0 0.0 -1.5099580252808664e-07 -1.0 0.0 -1.5099580252808664e-07 -1.0 0.0 -1.5099580252808664e-07 -1.0 0.0 -1.5099580252808664e-07 -1.0 0.0 -1.5099580252808664e-07 -1.0 0.0 -1.5099580252808664e-07 -1.0 0.0 -1.5099580252808664e-07 -1.0 0.0 -1.5099580252808664e-07 -1.0 0.0 -1.5099580252808664e-07 -1.0 0.0 -1.5099580252808664e-07 -1.0 -0.38268348574638367 -0.9238795638084412 1.3950193533673882e-07 -0.38268348574638367 -0.9238795638084412 1.3950193533673882e-07 -0.1305261254310608 -0.9914448857307434 1.4970402162362006e-07 -0.1305261254310608 -0.9914448857307434 1.4970402162362006e-07 0.0 1.5099580252808664e-07 1.0 0.0 1.5099580252808664e-07 1.0 0.0 1.5099580252808664e-07 1.0 0.0 1.5099580252808664e-07 1.0 0.0 1.5099580252808664e-07 1.0 0.0 1.5099580252808664e-07 1.0 0.0 1.5099580252808664e-07 1.0 0.0 1.5099580252808664e-07 1.0 0.0 1.5099580252808664e-07 1.0 0.0 1.5099580252808664e-07 1.0 0.0 1.5099580252808664e-07 1.0 0.0 1.5099580252808664e-07 1.0 0.0 1.5099580252808664e-07 1.0 0.0 1.5099580252808664e-07 1.0 0.0 1.5099580252808664e-07 1.0 0.0 1.5099580252808664e-07 1.0 0.0 1.5099580252808664e-07 1.0 0.0 1.5099580252808664e-07 1.0 0.0 1.5099580252808664e-07 1.0 0.0 1.5099580252808664e-07 1.0 0.0 1.5099580252808664e-07 1.0 0.0 1.5099580252808664e-07 1.0</float_array><technique_common><accessor source="#mesh5-normals-array" count="92" stride="3"><param name="X" type="float" /><param name="Y" type="float" /><param name="Z" type="float" /></accessor></technique_common></source><vertices id="mesh5-vertices"><input semantic="POSITION" source="#mesh5-positions" /></vertices><triangles count="92" material="graphite"><input semantic="VERTEX" source="#mesh5-vertices" offset="0" /><input semantic="NORMAL" source="#mesh5-normals" offset="1" /><p>0 0 1 0 3 0 0 1 3 1 2 1 2 2 3 2 5 2 2 3 5 3 4 3 4 4 5 4 7 4 4 5 7 5 6 5 6 6 7 6 9 6 6 7 9 7 8 7 8 8 9 8 11 8 8 9 11 9 10 9 10 10 11 10 13 10 10 11 13 11 12 11 12 12 13 12 15 12 12 13 15 13 14 13 14 14 15 14 17 14 14 15 17 15 16 15 16 16 17 16 19 16 16 17 19 17 18 17 18 18 19 18 21 18 18 19 21 19 20 19 20 20 21 20 23 20 20 21 23 21 22 21 22 22 23 22 25 22 22 23 25 23 24 23 24 24 25 24 27 24 24 25 27 25 26 25 26 26 27 26 29 26 26 27 29 27 28 27 28 28 29 28 31 28 28 29 31 29 30 29 30 30 31 30 33 30 30 31 33 31 32 31 32 32 33 32 35 32 32 33 35 33 34 33 34 34 35 34 37 34 34 35 37 35 36 35 36 36 37 36 39 36 36 37 39 37 38 37 38 38 39 38 41 38 38 39 41 39 40 39 40 40 41 40 43 40 40 41 43 41 42 41 42 42 43 42 45 42 42 43 45 43 44 43 5 44 3 44 1 44 1 45 47 45 45 45 45 46 43 46 41 46 41 47 39 47 37 47 37 48 35 48 33 48 33 49 31 49 29 49 29 50 27 50 25 50 25 51 23 51 21 51 21 52 19 52 17 52 17 53 15 53 13 53 13 54 11 54 9 54 9 55 7 55 5 55 5 56 1 56 45 56 45 57 41 57 37 57 37 58 33 58 29 58 29 59 25 59 21 59 21 60 17 60 13 60 13 61 9 61 5 61 5 62 45 62 37 62 37 63 29 63 21 63 21 64 13 64 5 64 37 65 21 65 5 65 44 66 45 66 47 66 44 67 47 67 46 67 46 68 47 68 1 68 46 69 1 69 0 69 46 70 0 70 2 70 2 71 4 71 6 71 6 72 8 72 10 72 10 73 12 73 14 73 14 74 16 74 18 74 18 75 20 75 22 75 22 76 24 76 26 76 26 77 28 77 30 77 30 78 32 78 34 78 34 79 36 79 38 79 38 80 40 80 42 80 42 81 44 81 46 81 46 82 2 82 6 82 6 83 10 83 14 83 14 84 18 84 22 84 22 85 26 85 30 85 30 86 34 86 38 86 38 87 42 87 46 87 46 88 6 88 14 88 14 89 22 89 30 89 30 90 38 90 46 90 14 91 30 91 46 91</p></triangles></mesh></geometry><geometry id="mesh6"><mesh><source id="mesh6-positions"><float_array id="mesh6-array" count="144">-0.07000000029802322 -0.12799999117851257 -0.08999999612569809 -0.07000000029802322 -0.12800000607967377 -0.1599999964237213 -0.06016487628221512 -0.12670518457889557 -0.08999999612569809 -0.06016487628221512 -0.12670518457889557 -0.1599999964237213 -0.050999999046325684 -0.12290896475315094 -0.08999999612569809 -0.050999999046325684 -0.12290897220373154 -0.1599999964237213 -0.04312994331121445 -0.11687005311250687 -0.08999999612569809 -0.04312994331121445 -0.11687006801366806 -0.1599999964237213 -0.03709103539586067 -0.10899999737739563 -0.09000000357627869 -0.03709103539586067 -0.10900000482797623 -0.1599999964237213 -0.03329481929540634 -0.0998351201415062 -0.09000000357627869 -0.03329481929540634 -0.09983513504266739 -0.1599999964237213 -0.03200000151991844 -0.08999999612569809 -0.09000000357627869 -0.03200000151991844 -0.09000001102685928 -0.1599999964237213 -0.03329481929540634 -0.08016487210988998 -0.09000000357627869 -0.03329481929540634 -0.08016488701105118 -0.1599999964237213 -0.03709103539586067 -0.07100000232458115 -0.09000000357627869 -0.03709103539586067 -0.07100000977516174 -0.1599999964237213 -0.04312994331121445 -0.06312993913888931 -0.09000001102685928 -0.04312994331121445 -0.0631299540400505 -0.1599999964237213 -0.050999999046325684 -0.057091034948825836 -0.09000001102685928 -0.050999999046325684 -0.05709104239940643 -0.1599999964237213 -0.06016487628221512 -0.053294818848371506 -0.09000001102685928 -0.06016487628221512 -0.0532948262989521 -0.1599999964237213 -0.07000000029802322 -0.052000001072883606 -0.09000001102685928 -0.07000000029802322 -0.0520000085234642 -0.1599999964237213 -0.07983512431383133 -0.053294818848371506 -0.09000001102685928 -0.07983512431383133 -0.0532948262989521 -0.1599999964237213 -0.08900000154972076 -0.057091034948825836 -0.09000001102685928 -0.08900000154972076 -0.05709104239940643 -0.1599999964237213 -0.096870057284832 -0.06312993913888931 -0.09000001102685928 -0.096870057284832 -0.0631299540400505 -0.1599999964237213 -0.10290896892547607 -0.07100000232458115 -0.09000000357627869 -0.10290896892547607 -0.07100000977516174 -0.1599999964237213 -0.1067051813006401 -0.08016487210988998 -0.09000000357627869 -0.1067051813006401 -0.08016488701105118 -0.1599999964237213 -0.10799999535083771 -0.08999999612569809 -0.09000000357627869 -0.10799999535083771 -0.09000001102685928 -0.1599999964237213 -0.1067051813006401 -0.0998351201415062 -0.09000000357627869 -0.1067051813006401 -0.09983513504266739 -0.1599999964237213 -0.10290896892547607 -0.10899999737739563 -0.09000000357627869 -0.10290896892547607 -0.10900000482797623 -0.1599999964237213 -0.096870057284832 -0.11687005311250687 -0.08999999612569809 -0.096870057284832 -0.11687006801366806 -0.1599999964237213 -0.08900000154972076 -0.12290896475315094 -0.08999999612569809 -0.08900000154972076 -0.12290897220373154 -0.1599999964237213 -0.07983512431383133 -0.12670518457889557 -0.08999999612569809 -0.07983512431383133 -0.12670518457889557 -0.1599999964237213</float_array><technique_common><accessor source="#mesh6-array" count="48" stride="3"><param name="X" type="float" /><param name="Y" type="float" /><param name="Z" type="float" /></accessor></technique_common></source><source id="mesh6-normals"><float_array id="mesh6-normals-array" count="276">0.1305261254310608 -0.9914448857307434 1.4970402162362006e-07 0.1305261254310608 -0.9914448857307434 1.4970402162362006e-07 0.38268348574638367 -0.9238795638084412 1.3950193533673882e-07 0.38268348574638367 -0.9238795638084412 1.3950193533673882e-07 0.6087614297866821 -0.793353259563446 1.197930146190629e-07 0.6087614297866821 -0.793353259563446 1.197930146190629e-07 0.793353259563446 -0.6087614297866821 9.192041261485429e-08 0.793353259563446 -0.6087614297866821 9.192041261485429e-08 0.9238795638084412 -0.38268348574638367 5.778359835062474e-08 0.9238795638084412 -0.38268348574638367 5.778359835062474e-08 0.9914448857307434 -0.1305261254310608 1.9708897625037025e-08 0.9914448857307434 -0.1305261254310608 1.9708897625037025e-08 0.9914448857307434 0.1305261254310608 -1.9708897625037025e-08 0.9914448857307434 0.1305261254310608 -1.9708897625037025e-08 0.9238795638084412 0.38268348574638367 -5.778359835062474e-08 0.9238795638084412 0.38268348574638367 -5.778359835062474e-08 0.793353259563446 0.6087614297866821 -9.192041261485429e-08 0.793353259563446 0.6087614297866821 -9.192041261485429e-08 0.6087614297866821 0.793353259563446 -1.197930146190629e-07 0.6087614297866821 0.793353259563446 -1.197930146190629e-07 0.38268348574638367 0.9238795638084412 -1.3950193533673882e-07 0.38268348574638367 0.9238795638084412 -1.3950193533673882e-07 0.1305261254310608 0.9914448857307434 -1.4970402162362006e-07 0.1305261254310608 0.9914448857307434 -1.4970402162362006e-07 -0.1305261254310608 0.9914448857307434 -1.4970402162362006e-07 -0.1305261254310608 0.9914448857307434 -1.4970402162362006e-07 -0.38268348574638367 0.9238795638084412 -1.3950193533673882e-07 -0.38268348574638367 0.9238795638084412 -1.3950193533673882e-07 -0.6087614297866821 0.793353259563446 -1.197930146190629e-07 -0.6087614297866821 0.793353259563446 -1.197930146190629e-07 -0.793353259563446 0.6087614297866821 -9.192041261485429e-08 -0.793353259563446 0.6087614297866821 -9.192041261485429e-08 -0.9238795638084412 0.38268348574638367 -5.778359835062474e-08 -0.9238795638084412 0.38268348574638367 -5.778359835062474e-08 -0.9914448857307434 0.1305261254310608 -1.9708897625037025e-08 -0.9914448857307434 0.1305261254310608 -1.9708897625037025e-08 -0.9914448857307434 -0.1305261254310608 1.9708897625037025e-08 -0.9914448857307434 -0.1305261254310608 1.9708897625037025e-08 -0.9238795638084412 -0.38268348574638367 5.778359835062474e-08 -0.9238795638084412 -0.38268348574638367 5.778359835062474e-08 -0.793353259563446 -0.6087614297866821 9.192041261485429e-08 -0.793353259563446 -0.6087614297866821 9.192041261485429e-08 -0.6087614297866821 -0.793353259563446 1.197930146190629e-07 -0.6087614297866821 -0.793353259563446 1.197930146190629e-07 0.0 -1.5099580252808664e-07 -1.0 0.0 -1.5099580252808664e-07 -1.0 0.0 -1.5099580252808664e-07 -1.0 0.0 -1.5099580252808664e-07 -1.0 0.0 -1.5099580252808664e-07 -1.0 0.0 -1.5099580252808664e-07 -1.0 0.0 -1.5099580252808664e-07 -1.0 0.0 -1.5099580252808664e-07 -1.0 0.0 -1.5099580252808664e-07 -1.0 0.0 -1.5099580252808664e-07 -1.0 0.0 -1.5099580252808664e-07 -1.0 0.0 -1.5099580252808664e-07 -1.0 0.0 -1.5099580252808664e-07 -1.0 0.0 -1.5099580252808664e-07 -1.0 0.0 -1.5099580252808664e-07 -1.0 0.0 -1.5099580252808664e-07 -1.0 0.0 -1.5099580252808664e-07 -1.0 0.0 -1.5099580252808664e-07 -1.0 0.0 -1.5099580252808664e-07 -1.0 0.0 -1.5099580252808664e-07 -1.0 0.0 -1.5099580252808664e-07 -1.0 0.0 -1.5099580252808664e-07 -1.0 -0.38268348574638367 -0.9238795638084412 1.3950193533673882e-07 -0.38268348574638367 -0.9238795638084412 1.3950193533673882e-07 -0.1305261254310608 -0.9914448857307434 1.4970402162362006e-07 -0.1305261254310608 -0.9914448857307434 1.4970402162362006e-07 0.0 1.5099580252808664e-07 1.0 0.0 1.5099580252808664e-07 1.0 0.0 1.5099580252808664e-07 1.0 0.0 1.5099580252808664e-07 1.0 0.0 1.5099580252808664e-07 1.0 0.0 1.5099580252808664e-07 1.0 0.0 1.5099580252808664e-07 1.0 0.0 1.5099580252808664e-07 1.0 0.0 1.5099580252808664e-07 1.0 0.0 1.5099580252808664e-07 1.0 0.0 1.5099580252808664e-07 1.0 0.0 1.5099580252808664e-07 1.0 0.0 1.5099580252808664e-07 1.0 0.0 1.5099580252808664e-07 1.0 0.0 1.5099580252808664e-07 1.0 0.0 1.5099580252808664e-07 1.0 0.0 1.5099580252808664e-07 1.0 0.0 1.5099580252808664e-07 1.0 0.0 1.5099580252808664e-07 1.0 0.0 1.5099580252808664e-07 1.0 0.0 1.5099580252808664e-07 1.0 0.0 1.5099580252808664e-07 1.0</float_array><technique_common><accessor source="#mesh6-normals-array" count="92" stride="3"><param name="X" type="float" /><param name="Y" type="float" /><param name="Z" type="float" /></accessor></technique_common></source><vertices id="mesh6-vertices"><input semantic="POSITION" source="#mesh6-positions" /></vertices><triangles count="92" material="graphite"><input semantic="VERTEX" source="#mesh6-vertices" offset="0" /><input semantic="NORMAL" source="#mesh6-normals" offset="1" /><p>0 0 1 0 3 0 0 1 3 1 2 1 2 2 3 2 5 2 2 3 5 3 4 3 4 4 5 4 7 4 4 5 7 5 6 5 6 6 7 6 9 6 6 7 9 7 8 7 8 8 9 8 11 8 8 9 11 9 10 9 10 10 11 10 13 10 10 11 13 11 12 11 12 12 13 12 15 12 12 13 15 13 14 13 14 14 15 14 17 14 14 15 17 15 16 15 16 16 17 16 19 16 16 17 19 17 18 17 18 18 19 18 21 18 18 19 21 19 20 19 20 20 21 20 23 20 20 21 23 21 22 21 22 22 23 22 25 22 22 23 25 23 24 23 24 24 25 24 27 24 24 25 27 25 26 25 26 26 27 26 29 26 26 27 29 27 28 27 28 28 29 28 31 28 28 29 31 29 30 29 30 30 31 30 33 30 30 31 33 31 32 31 32 32 33 32 35 32 32 33 35 33 34 33 34 34 35 34 37 34 34 35 37 35 36 35 36 36 37 36 39 36 36 37 39 37 38 37 38 38 39 38 41 38 38 39 41 39 40 39 40 40 41 40 43 40 40 41 43 41 42 41 42 42 43 42 45 42 42 43 45 43 44 43 5 44 3 44 1 44 1 45 47 45 45 45 45 46 43 46 41 46 41 47 39 47 37 47 37 48 35 48 33 48 33 49 31 49 29 49 29 50 27 50 25 50 25 51 23 51 21 51 21 52 19 52 17 52 17 53 15 53 13 53 13 54 11 54 9 54 9 55 7 55 5 55 5 56 1 56 45 56 45 57 41 57 37 57 37 58 33 58 29 58 29 59 25 59 21 59 21 60 17 60 13 60 13 61 9 61 5 61 5 62 45 62 37 62 37 63 29 63 21 63 21 64 13 64 5 64 37 65 21 65 5 65 44 66 45 66 47 66 44 67 47 67 46 67 46 68 47 68 1 68 46 69 1 69 0 69 46 70 0 70 2 70 2 71 4 71 6 71 6 72 8 72 10 72 10 73 12 73 14 73 14 74 16 74 18 74 18 75 20 75 22 75 22 76 24 76 26 76 26 77 28 77 30 77 30 78 32 78 34 78 34 79 36 79 38 79 38 80 40 80 42 80 42 81 44 81 46 81 46 82 2 82 6 82 6 83 10 83 14 83 14 84 18 84 22 84 22 85 26 85 30 85 30 86 34 86 38 86 38 87 42 87 46 87 46 88 6 88 14 88 14 89 22 89 30 89 30 90 38 90 46 90 14 91 30 91 46 91</p></triangles></mesh></geometry><geometry id="mesh7"><mesh><source id="mesh7-positions"><float_array id="mesh7-array" count="144">0.019999999552965164 -0.12799999117851257 -0.08999999612569809 0.019999999552965164 -0.12800000607967377 -0.1599999964237213 0.02983512356877327 -0.12670518457889557 -0.08999999612569809 0.02983512356877327 -0.12670518457889557 -0.1599999964237213 0.038999997079372406 -0.12290896475315094 -0.08999999612569809 0.038999997079372406 -0.12290897220373154 -0.1599999964237213 0.04687005653977394 -0.11687005311250687 -0.08999999612569809 0.04687005653977394 -0.11687006801366806 -0.1599999964237213 0.052908964455127716 -0.10899999737739563 -0.09000000357627869 0.052908964455127716 -0.10900000482797623 -0.1599999964237213 0.056705180555582047 -0.0998351201415062 -0.09000000357627869 0.056705180555582047 -0.09983513504266739 -0.1599999964237213 0.057999998331069946 -0.08999999612569809 -0.09000000357627869 0.057999998331069946 -0.09000001102685928 -0.1599999964237213 0.056705180555582047 -0.08016487210988998 -0.09000000357627869 0.056705180555582047 -0.08016488701105118 -0.1599999964237213 0.052908964455127716 -0.07100000232458115 -0.09000000357627869 0.052908964455127716 -0.07100000977516174 -0.1599999964237213 0.04687005653977394 -0.06312993913888931 -0.09000001102685928 0.04687005653977394 -0.0631299540400505 -0.1599999964237213 0.038999997079372406 -0.057091034948825836 -0.09000001102685928 0.038999997079372406 -0.05709104239940643 -0.1599999964237213 0.02983512356877327 -0.053294818848371506 -0.09000001102685928 0.02983512356877327 -0.0532948262989521 -0.1599999964237213 0.019999999552965164 -0.052000001072883606 -0.09000001102685928 0.019999999552965164 -0.0520000085234642 -0.1599999964237213 0.010164876468479633 -0.053294818848371506 -0.09000001102685928 0.010164876468479633 -0.0532948262989521 -0.1599999964237213 0.0010000001639127731 -0.057091034948825836 -0.09000001102685928 0.0010000001639127731 -0.05709104239940643 -0.1599999964237213 -0.006870057433843613 -0.06312993913888931 -0.09000001102685928 -0.006870057433843613 -0.0631299540400505 -0.1599999964237213 -0.012908965349197388 -0.07100000232458115 -0.09000000357627869 -0.012908965349197388 -0.07100000977516174 -0.1599999964237213 -0.016705181449651718 -0.08016487210988998 -0.09000000357627869 -0.016705181449651718 -0.08016488701105118 -0.1599999964237213 -0.017999999225139618 -0.08999999612569809 -0.09000000357627869 -0.017999999225139618 -0.09000001102685928 -0.1599999964237213 -0.016705181449651718 -0.0998351201415062 -0.09000000357627869 -0.016705181449651718 -0.09983513504266739 -0.1599999964237213 -0.012908965349197388 -0.10899999737739563 -0.09000000357627869 -0.012908965349197388 -0.10900000482797623 -0.1599999964237213 -0.006870057433843613 -0.11687005311250687 -0.08999999612569809 -0.006870057433843613 -0.11687006801366806 -0.1599999964237213 0.0010000001639127731 -0.12290896475315094 -0.08999999612569809 0.0010000001639127731 -0.12290897220373154 -0.1599999964237213 0.010164876468479633 -0.12670518457889557 -0.08999999612569809 0.010164876468479633 -0.12670518457889557 -0.1599999964237213</float_array><technique_common><accessor source="#mesh7-array" count="48" stride="3"><param name="X" type="float" /><param name="Y" type="float" /><param name="Z" type="float" /></accessor></technique_common></source><source id="mesh7-normals"><float_array id="mesh7-normals-array" count="276">0.1305261254310608 -0.9914448857307434 1.4970402162362006e-07 0.1305261254310608 -0.9914448857307434 1.4970402162362006e-07 0.38268348574638367 -0.9238795638084412 1.3950193533673882e-07 0.38268348574638367 -0.9238795638084412 1.3950193533673882e-07 0.6087614297866821 -0.793353259563446 1.197930146190629e-07 0.6087614297866821 -0.793353259563446 1.197930146190629e-07 0.793353259563446 -0.6087614297866821 9.192041261485429e-08 0.793353259563446 -0.6087614297866821 9.192041261485429e-08 0.9238795638084412 -0.38268348574638367 5.778359835062474e-08 0.9238795638084412 -0.38268348574638367 5.778359835062474e-08 0.9914448857307434 -0.1305261254310608 1.9708897625037025e-08 0.9914448857307434 -0.1305261254310608 1.9708897625037025e-08 0.9914448857307434 0.1305261254310608 -1.9708897625037025e-08 0.9914448857307434 0.1305261254310608 -1.9708897625037025e-08 0.9238795638084412 0.38268348574638367 -5.778359835062474e-08 0.9238795638084412 0.38268348574638367 -5.778359835062474e-08 0.793353259563446 0.6087614297866821 -9.192041261485429e-08 0.793353259563446 0.6087614297866821 -9.192041261485429e-08 0.6087614297866821 0.793353259563446 -1.197930146190629e-07 0.6087614297866821 0.793353259563446 -1.197930146190629e-07 0.38268348574638367 0.9238795638084412 -1.3950193533673882e-07 0.38268348574638367 0.9238795638084412 -1.3950193533673882e-07 0.1305261254310608 0.9914448857307434 -1.4970402162362006e-07 0.1305261254310608 0.9914448857307434 -1.4970402162362006e-07 -0.1305261254310608 0.9914448857307434 -1.4970402162362006e-07 -0.1305261254310608 0.9914448857307434 -1.4970402162362006e-07 -0.38268348574638367 0.9238795638084412 -1.3950193533673882e-07 -0.38268348574638367 0.9238795638084412 -1.3950193533673882e-07 -0.6087614297866821 0.793353259563446 -1.197930146190629e-07 -0.6087614297866821 0.793353259563446 -1.197930146190629e-07 -0.793353259563446 0.6087614297866821 -9.192041261485429e-08 -0.793353259563446 0.6087614297866821 -9.192041261485429e-08 -0.9238795638084412 0.38268348574638367 -5.778359835062474e-08 -0.9238795638084412 0.38268348574638367 -5.778359835062474e-08 -0.9914448857307434 0.1305261254310608 -1.9708897625037025e-08 -0.9914448857307434 0.1305261254310608 -1.9708897625037025e-08 -0.9914448857307434 -0.1305261254310608 1.9708897625037025e-08 -0.9914448857307434 -0.1305261254310608 1.9708897625037025e-08 -0.9238795638084412 -0.38268348574638367 5.778359835062474e-08 -0.9238795638084412 -0.38268348574638367 5.778359835062474e-08 -0.793353259563446 -0.6087614297866821 9.192041261485429e-08 -0.793353259563446 -0.6087614297866821 9.192041261485429e-08 -0.6087614297866821 -0.793353259563446 1.197930146190629e-07 -0.6087614297866821 -0.793353259563446 1.197930146190629e-07 0.0 -1.5099580252808664e-07 -1.0 0.0 -1.5099580252808664e-07 -1.0 0.0 -1.5099580252808664e-07 -1.0 0.0 -1.5099580252808664e-07 -1.0 0.0 -1.5099580252808664e-07 -1.0 0.0 -1.5099580252808664e-07 -1.0 0.0 -1.5099580252808664e-07 -1.0 0.0 -1.5099580252808664e-07 -1.0 0.0 -1.5099580252808664e-07 -1.0 0.0 -1.5099580252808664e-07 -1.0 0.0 -1.5099580252808664e-07 -1.0 0.0 -1.5099580252808664e-07 -1.0 0.0 -1.5099580252808664e-07 -1.0 0.0 -1.5099580252808664e-07 -1.0 0.0 -1.5099580252808664e-07 -1.0 0.0 -1.5099580252808664e-07 -1.0 0.0 -1.5099580252808664e-07 -1.0 0.0 -1.5099580252808664e-07 -1.0 0.0 -1.5099580252808664e-07 -1.0 0.0 -1.5099580252808664e-07 -1.0 0.0 -1.5099580252808664e-07 -1.0 0.0 -1.5099580252808664e-07 -1.0 -0.38268348574638367 -0.9238795638084412 1.3950193533673882e-07 -0.38268348574638367 -0.9238795638084412 1.3950193533673882e-07 -0.1305261254310608 -0.9914448857307434 1.4970402162362006e-07 -0.1305261254310608 -0.9914448857307434 1.4970402162362006e-07 0.0 1.5099580252808664e-07 1.0 0.0 1.5099580252808664e-07 1.0 0.0 1.5099580252808664e-07 1.0 0.0 1.5099580252808664e-07 1.0 0.0 1.5099580252808664e-07 1.0 0.0 1.5099580252808664e-07 1.0 0.0 1.5099580252808664e-07 1.0 0.0 1.5099580252808664e-07 1.0 0.0 1.5099580252808664e-07 1.0 0.0 1.5099580252808664e-07 1.0 0.0 1.5099580252808664e-07 1.0 0.0 1.5099580252808664e-07 1.0 0.0 1.5099580252808664e-07 1.0 0.0 1.5099580252808664e-07 1.0 0.0 1.5099580252808664e-07 1.0 0.0 1.5099580252808664e-07 1.0 0.0 1.5099580252808664e-07 1.0 0.0 1.5099580252808664e-07 1.0 0.0 1.5099580252808664e-07 1.0 0.0 1.5099580252808664e-07 1.0 0.0 1.5099580252808664e-07 1.0 0.0 1.5099580252808664e-07 1.0</float_array><technique_common><accessor source="#mesh7-normals-array" count="92" stride="3"><param name="X" type="float" /><param name="Y" type="float" /><param name="Z" type="float" /></accessor></technique_common></source><vertices id="mesh7-vertices"><input semantic="POSITION" source="#mesh7-positions" /></vertices><triangles count="92" material="graphite"><input semantic="VERTEX" source="#mesh7-vertices" offset="0" /><input semantic="NORMAL" source="#mesh7-normals" offset="1" /><p>0 0 1 0 3 0 0 1 3 1 2 1 2 2 3 2 5 2 2 3 5 3 4 3 4 4 5 4 7 4 4 5 7 5 6 5 6 6 7 6 9 6 6 7 9 7 8 7 8 8 9 8 11 8 8 9 11 9 10 9 10 10 11 10 13 10 10 11 13 11 12 11 12 12 13 12 15 12 12 13 15 13 14 13 14 14 15 14 17 14 14 15 17 15 16 15 16 16 17 16 19 16 16 17 19 17 18 17 18 18 19 18 21 18 18 19 21 19 20 19 20 20 21 20 23 20 20 21 23 21 22 21 22 22 23 22 25 22 22 23 25 23 24 23 24 24 25 24 27 24 24 25 27 25 26 25 26 26 27 26 29 26 26 27 29 27 28 27 28 28 29 28 31 28 28 29 31 29 30 29 30 30 31 30 33 30 30 31 33 31 32 31 32 32 33 32 35 32 32 33 35 33 34 33 34 34 35 34 37 34 34 35 37 35 36 35 36 36 37 36 39 36 36 37 39 37 38 37 38 38 39 38 41 38 38 39 41 39 40 39 40 40 41 40 43 40 40 41 43 41 42 41 42 42 43 42 45 42 42 43 45 43 44 43 5 44 3 44 1 44 1 45 47 45 45 45 45 46 43 46 41 46 41 47 39 47 37 47 37 48 35 48 33 48 33 49 31 49 29 49 29 50 27 50 25 50 25 51 23 51 21 51 21 52 19 52 17 52 17 53 15 53 13 53 13 54 11 54 9 54 9 55 7 55 5 55 5 56 1 56 45 56 45 57 41 57 37 57 37 58 33 58 29 58 29 59 25 59 21 59 21 60 17 60 13 60 13 61 9 61 5 61 5 62 45 62 37 62 37 63 29 63 21 63 21 64 13 64 5 64 37 65 21 65 5 65 44 66 45 66 47 66 44 67 47 67 46 67 46 68 47 68 1 68 46 69 1 69 0 69 46 70 0 70 2 70 2 71 4 71 6 71 6 72 8 72 10 72 10 73 12 73 14 73 14 74 16 74 18 74 18 75 20 75 22 75 22 76 24 76 26 76 26 77 28 77 30 77 30 78 32 78 34 78 34 79 36 79 38 79 38 80 40 80 42 80 42 81 44 81 46 81 46 82 2 82 6 82 6 83 10 83 14 83 14 84 18 84 22 84 22 85 26 85 30 85 30 86 34 86 38 86 38 87 42 87 46 87 46 88 6 88 14 88 14 89 22 89 30 89 30 90 38 90 46 90 14 91 30 91 46 91</p></triangles></mesh></geometry><geometry id="mesh8"><mesh><source id="mesh8-positions"><float_array id="mesh8-array" count="144">-0.24000000953674316 -0.0949999988079071 0.15399999916553497 0.18000000715255737 -0.0949999988079071 0.15399999916553497 -0.24000000953674316 -0.09267062693834305 0.1536933332681656 0.18000000715255737 -0.09267062693834305 0.1536933332681656 -0.24000000953674316 -0.09049999713897705 0.1527942270040512 0.18000000715255737 -0.09049999713897705 0.1527942270040512 -0.24000000953674316 -0.08863604068756104 0.15136395394802094 0.18000000715255737 -0.08863604068756104 0.15136395394802094 -0.24000000953674316 -0.08720576763153076 0.14949999749660492 0.18000000715255737 -0.08720576763153076 0.14949999749660492 -0.24000000953674316 -0.08630666881799698 0.14732936024665833 0.18000000715255737 -0.08630666881799698 0.14732936024665833 -0.24000000953674316 -0.085999995470047 0.14499999582767487 0.18000000715255737 -0.085999995470047 0.14499999582767487 -0.24000000953674316 -0.08630666881799698 0.1426706314086914 0.18000000715255737 -0.08630666881799698 0.1426706314086914 -0.24000000953674316 -0.08720576763153076 0.1404999941587448 0.18000000715255737 -0.08720576763153076 0.1404999941587448 -0.24000000953674316 -0.08863604068756104 0.1386360377073288 0.18000000715255737 -0.08863604068756104 0.1386360377073288 -0.24000000953674316 -0.09049999713897705 0.13720576465129852 0.18000000715255737 -0.09049999713897705 0.13720576465129852 -0.24000000953674316 -0.09267062693834305 0.13630665838718414 0.18000000715255737 -0.09267062693834305 0.13630665838718414 -0.24000000953674316 -0.0949999988079071 0.13599999248981476 0.18000000715255737 -0.0949999988079071 0.13599999248981476 -0.24000000953674316 -0.09732937067747116 0.13630665838718414 0.18000000715255737 -0.09732937067747116 0.13630665838718414 -0.24000000953674316 -0.09950000047683716 0.13720576465129852 0.18000000715255737 -0.09950000047683716 0.13720576465129852 -0.24000000953674316 -0.10136395692825317 0.1386360377073288 0.18000000715255737 -0.10136395692825317 0.1386360377073288 -0.24000000953674316 -0.10279422998428345 0.1404999941587448 0.18000000715255737 -0.10279422998428345 0.1404999941587448 -0.24000000953674316 -0.10369332879781723 0.1426706314086914 0.18000000715255737 -0.10369332879781723 0.1426706314086914 -0.24000000953674316 -0.10400000214576721 0.14499999582767487 0.18000000715255737 -0.10400000214576721 0.14499999582767487 -0.24000000953674316 -0.10369332879781723 0.14732936024665833 0.18000000715255737 -0.10369332879781723 0.14732936024665833 -0.24000000953674316 -0.10279422998428345 0.14949999749660492 0.18000000715255737 -0.10279422998428345 0.14949999749660492 -0.24000000953674316 -0.10136395692825317 0.15136395394802094 0.18000000715255737 -0.10136395692825317 0.15136395394802094 -0.24000000953674316 -0.09950000047683716 0.1527942270040512 0.18000000715255737 -0.09950000047683716 0.1527942270040512 -0.24000000953674316 -0.09732937067747116 0.1536933332681656 0.18000000715255737 -0.09732937067747116 0.1536933332681656</float_array><technique_common><accessor source="#mesh8-array" count="48" stride="3"><param name="X" type="float" /><param name="Y" type="float" /><param name="Z" type="float" /></accessor></technique_common></source><source id="mesh8-normals"><float_array id="mesh8-normals-array" count="276">2.2014497472213593e-16 0.13052628934383392 0.9914448261260986 2.2014497472213593e-16 0.13052628934383392 0.9914448261260986 2.0514247274415557e-16 0.38268333673477173 0.9238795638084412 2.0514247274415557e-16 0.38268333673477173 0.9238795638084412 1.76159824320641e-16 0.6087616086006165 0.7933533191680908 1.76159824320641e-16 0.6087616086006165 0.7933533191680908 1.3517223087525042e-16 0.7933533191680908 0.6087616086006165 1.3517223087525042e-16 0.7933533191680908 0.6087616086006165 8.497277031666511e-17 0.9238795638084412 0.38268333673477173 8.497277031666511e-17 0.9238795638084412 0.38268333673477173 2.898265834968193e-17 0.9914448261260986 0.13052628934383392 2.898265834968193e-17 0.9914448261260986 0.13052628934383392 -2.898265834968193e-17 0.9914448261260986 -0.13052628934383392 -2.898265834968193e-17 0.9914448261260986 -0.13052628934383392 -8.497277031666511e-17 0.9238795638084412 -0.38268333673477173 -8.497277031666511e-17 0.9238795638084412 -0.38268333673477173 -1.3517223087525042e-16 0.7933533191680908 -0.6087616086006165 -1.3517223087525042e-16 0.7933533191680908 -0.6087616086006165 -1.76159824320641e-16 0.6087616086006165 -0.7933533191680908 -1.76159824320641e-16 0.6087616086006165 -0.7933533191680908 -2.0514247274415557e-16 0.38268333673477173 -0.9238795638084412 -2.0514247274415557e-16 0.38268333673477173 -0.9238795638084412 -2.2014497472213593e-16 0.13052628934383392 -0.9914448261260986 -2.2014497472213593e-16 0.13052628934383392 -0.9914448261260986 -2.2014497472213593e-16 -0.13052628934383392 -0.9914448261260986 -2.2014497472213593e-16 -0.13052628934383392 -0.9914448261260986 -2.0514247274415557e-16 -0.38268333673477173 -0.9238795638084412 -2.0514247274415557e-16 -0.38268333673477173 -0.9238795638084412 -1.76159824320641e-16 -0.6087616086006165 -0.7933533191680908 -1.76159824320641e-16 -0.6087616086006165 -0.7933533191680908 -1.3517223087525042e-16 -0.7933533191680908 -0.6087616086006165 -1.3517223087525042e-16 -0.7933533191680908 -0.6087616086006165 -8.497277031666511e-17 -0.9238795638084412 -0.38268333673477173 -8.497277031666511e-17 -0.9238795638084412 -0.38268333673477173 -2.898265834968193e-17 -0.9914448261260986 -0.13052628934383392 -2.898265834968193e-17 -0.9914448261260986 -0.13052628934383392 2.898265834968193e-17 -0.9914448261260986 0.13052628934383392 2.898265834968193e-17 -0.9914448261260986 0.13052628934383392 8.497277031666511e-17 -0.9238795638084412 0.38268333673477173 8.497277031666511e-17 -0.9238795638084412 0.38268333673477173 1.3517223087525042e-16 -0.7933533191680908 0.6087616086006165 1.3517223087525042e-16 -0.7933533191680908 0.6087616086006165 1.76159824320641e-16 -0.6087616086006165 0.7933533191680908 1.76159824320641e-16 -0.6087616086006165 0.7933533191680908 1.0 2.220446049250313e-16 4.930380657631324e-32 1.0 2.220446049250313e-16 4.930380657631324e-32 1.0 2.220446049250313e-16 4.930380657631324e-32 1.0 2.220446049250313e-16 4.930380657631324e-32 1.0 2.220446049250313e-16 4.930380657631324e-32 1.0 2.220446049250313e-16 4.930380657631324e-32 1.0 2.220446049250313e-16 4.930380657631324e-32 1.0 2.220446049250313e-16 4.930380657631324e-32 1.0 2.220446049250313e-16 4.930380657631324e-32 1.0 2.220446049250313e-16 4.930380657631324e-32 1.0 2.220446049250313e-16 4.930380657631324e-32 1.0 2.220446049250313e-16 4.930380657631324e-32 1.0 2.220446049250313e-16 4.930380657631324e-32 1.0 2.220446049250313e-16 4.930380657631324e-32 1.0 2.220446049250313e-16 4.930380657631324e-32 1.0 2.220446049250313e-16 4.930380657631324e-32 1.0 2.220446049250313e-16 4.930380657631324e-32 1.0 2.220446049250313e-16 4.930380657631324e-32 1.0 2.220446049250313e-16 4.930380657631324e-32 1.0 2.220446049250313e-16 4.930380657631324e-32 1.0 2.220446049250313e-16 4.930380657631324e-32 1.0 2.220446049250313e-16 4.930380657631324e-32 2.0514247274415557e-16 -0.38268333673477173 0.9238795638084412 2.0514247274415557e-16 -0.38268333673477173 0.9238795638084412 2.2014497472213593e-16 -0.13052628934383392 0.9914448261260986 2.2014497472213593e-16 -0.13052628934383392 0.9914448261260986 -1.0 -2.220446049250313e-16 -4.930380657631324e-32 -1.0 -2.220446049250313e-16 -4.930380657631324e-32 -1.0 -2.220446049250313e-16 -4.930380657631324e-32 -1.0 -2.220446049250313e-16 -4.930380657631324e-32 -1.0 -2.220446049250313e-16 -4.930380657631324e-32 -1.0 -2.220446049250313e-16 -4.930380657631324e-32 -1.0 -2.220446049250313e-16 -4.930380657631324e-32 -1.0 -2.220446049250313e-16 -4.930380657631324e-32 -1.0 -2.220446049250313e-16 -4.930380657631324e-32 -1.0 -2.220446049250313e-16 -4.930380657631324e-32 -1.0 -2.220446049250313e-16 -4.930380657631324e-32 -1.0 -2.220446049250313e-16 -4.930380657631324e-32 -1.0 -2.220446049250313e-16 -4.930380657631324e-32 -1.0 -2.220446049250313e-16 -4.930380657631324e-32 -1.0 -2.220446049250313e-16 -4.930380657631324e-32 -1.0 -2.220446049250313e-16 -4.930380657631324e-32 -1.0 -2.220446049250313e-16 -4.930380657631324e-32 -1.0 -2.220446049250313e-16 -4.930380657631324e-32 -1.0 -2.220446049250313e-16 -4.930380657631324e-32 -1.0 -2.220446049250313e-16 -4.930380657631324e-32 -1.0 -2.220446049250313e-16 -4.930380657631324e-32 -1.0 -2.220446049250313e-16 -4.930380657631324e-32</float_array><technique_common><accessor source="#mesh8-normals-array" count="92" stride="3"><param name="X" type="float" /><param name="Y" type="float" /><param name="Z" type="float" /></accessor></technique_common></source><vertices id="mesh8-vertices"><input semantic="POSITION" source="#mesh8-positions" /></vertices><triangles count="92" material="graphite"><input semantic="VERTEX" source="#mesh8-vertices" offset="0" /><input semantic="NORMAL" source="#mesh8-normals" offset="1" /><p>0 0 1 0 3 0 0 1 3 1 2 1 2 2 3 2 5 2 2 3 5 3 4 3 4 4 5 4 7 4 4 5 7 5 6 5 6 6 7 6 9 6 6 7 9 7 8 7 8 8 9 8 11 8 8 9 11 9 10 9 10 10 11 10 13 10 10 11 13 11 12 11 12 12 13 12 15 12 12 13 15 13 14 13 14 14 15 14 17 14 14 15 17 15 16 15 16 16 17 16 19 16 16 17 19 17 18 17 18 18 19 18 21 18 18 19 21 19 20 19 20 20 21 20 23 20 20 21 23 21 22 21 22 22 23 22 25 22 22 23 25 23 24 23 24 24 25 24 27 24 24 25 27 25 26 25 26 26 27 26 29 26 26 27 29 27 28 27 28 28 29 28 31 28 28 29 31 29 30 29 30 30 31 30 33 30 30 31 33 31 32 31 32 32 33 32 35 32 32 33 35 33 34 33 34 34 35 34 37 34 34 35 37 35 36 35 36 36 37 36 39 36 36 37 39 37 38 37 38 38 39 38 41 38 38 39 41 39 40 39 40 40 41 40 43 40 40 41 43 41 42 41 42 42 43 42 45 42 42 43 45 43 44 43 5 44 3 44 1 44 1 45 47 45 45 45 45 46 43 46 41 46 41 47 39 47 37 47 37 48 35 48 33 48 33 49 31 49 29 49 29 50 27 50 25 50 25 51 23 51 21 51 21 52 19 52 17 52 17 53 15 53 13 53 13 54 11 54 9 54 9 55 7 55 5 55 5 56 1 56 45 56 45 57 41 57 37 57 37 58 33 58 29 58 29 59 25 59 21 59 21 60 17 60 13 60 13 61 9 61 5 61 5 62 45 62 37 62 37 63 29 63 21 63 21 64 13 64 5 64 37 65 21 65 5 65 44 66 45 66 47 66 44 67 47 67 46 67 46 68 47 68 1 68 46 69 1 69 0 69 46 70 0 70 2 70 2 71 4 71 6 71 6 72 8 72 10 72 10 73 12 73 14 73 14 74 16 74 18 74 18 75 20 75 22 75 22 76 24 76 26 76 26 77 28 77 30 77 30 78 32 78 34 78 34 79 36 79 38 79 38 80 40 80 42 80 42 81 44 81 46 81 46 82 2 82 6 82 6 83 10 83 14 83 14 84 18 84 22 84 22 85 26 85 30 85 30 86 34 86 38 86 38 87 42 87 46 87 46 88 6 88 14 88 14 89 22 89 30 89 30 90 38 90 46 90 14 91 30 91 46 91</p></triangles></mesh></geometry><geometry id="mesh9"><mesh><source id="mesh9-positions"><float_array id="mesh9-array" count="144">-0.1599999964237213 0.0520000085234642 -0.08999999612569809 -0.1599999964237213 0.052000001072883606 -0.1599999964237213 -0.1501648724079132 0.0532948262989521 -0.08999999612569809 -0.1501648724079132 0.053294818848371506 -0.1599999964237213 -0.14100000262260437 0.05709104239940643 -0.08999999612569809 -0.14100000262260437 0.057091034948825836 -0.1599999964237213 -0.13312993943691254 0.0631299540400505 -0.08999999612569809 -0.13312993943691254 0.06312993913888931 -0.1599999964237213 -0.12709103524684906 0.07100000977516174 -0.09000000357627869 -0.12709103524684906 0.07100000232458115 -0.1599999964237213 -0.12329481542110443 0.08016488701105118 -0.09000000357627869 -0.12329481542110443 0.08016487210988998 -0.1599999964237213 -0.12199999392032623 0.09000001102685928 -0.09000000357627869 -0.12199999392032623 0.08999999612569809 -0.1599999964237213 -0.12329481542110443 0.09983513504266739 -0.09000000357627869 -0.12329481542110443 0.0998351201415062 -0.1599999964237213 -0.12709103524684906 0.10900000482797623 -0.09000000357627869 -0.12709103524684906 0.10899999737739563 -0.1599999964237213 -0.13312993943691254 0.11687006801366806 -0.09000001102685928 -0.13312993943691254 0.11687005311250687 -0.1599999964237213 -0.14100000262260437 0.12290897220373154 -0.09000001102685928 -0.14100000262260437 0.12290896475315094 -0.1599999964237213 -0.1501648724079132 0.12670518457889557 -0.09000001102685928 -0.1501648724079132 0.12670518457889557 -0.1599999964237213 -0.1599999964237213 0.12800000607967377 -0.09000001102685928 -0.1599999964237213 0.12799999117851257 -0.1599999964237213 -0.16983512043952942 0.12670518457889557 -0.09000001102685928 -0.16983512043952942 0.12670518457889557 -0.1599999964237213 -0.17899999022483826 0.12290897220373154 -0.09000001102685928 -0.17899999022483826 0.12290896475315094 -0.1599999964237213 -0.1868700534105301 0.11687006801366806 -0.09000001102685928 -0.1868700534105301 0.11687005311250687 -0.1599999964237213 -0.19290895760059357 0.10900000482797623 -0.09000000357627869 -0.19290895760059357 0.10899999737739563 -0.1599999964237213 -0.1967051774263382 0.09983513504266739 -0.09000000357627869 -0.1967051774263382 0.0998351201415062 -0.1599999964237213 -0.1979999989271164 0.09000001102685928 -0.09000000357627869 -0.1979999989271164 0.08999999612569809 -0.1599999964237213 -0.1967051774263382 0.08016488701105118 -0.09000000357627869 -0.1967051774263382 0.08016487210988998 -0.1599999964237213 -0.19290895760059357 0.07100000977516174 -0.09000000357627869 -0.19290895760059357 0.07100000232458115 -0.1599999964237213 -0.1868700534105301 0.0631299540400505 -0.08999999612569809 -0.1868700534105301 0.06312993913888931 -0.1599999964237213 -0.17899999022483826 0.05709104239940643 -0.08999999612569809 -0.17899999022483826 0.057091034948825836 -0.1599999964237213 -0.16983512043952942 0.0532948262989521 -0.08999999612569809 -0.16983512043952942 0.053294818848371506 -0.1599999964237213</float_array><technique_common><accessor source="#mesh9-array" count="48" stride="3"><param name="X" type="float" /><param name="Y" type="float" /><param name="Z" type="float" /></accessor></technique_common></source><source id="mesh9-normals"><float_array id="mesh9-normals-array" count="276">0.1305261254310608 -0.9914448857307434 1.4970402162362006e-07 0.1305261254310608 -0.9914448857307434 1.4970402162362006e-07 0.38268348574638367 -0.9238795638084412 1.3950193533673882e-07 0.38268348574638367 -0.9238795638084412 1.3950193533673882e-07 0.6087614297866821 -0.793353259563446 1.197930146190629e-07 0.6087614297866821 -0.793353259563446 1.197930146190629e-07 0.793353259563446 -0.6087614297866821 9.192041261485429e-08 0.793353259563446 -0.6087614297866821 9.192041261485429e-08 0.9238795638084412 -0.38268348574638367 5.778359835062474e-08 0.9238795638084412 -0.38268348574638367 5.778359835062474e-08 0.9914448857307434 -0.1305261254310608 1.9708897625037025e-08 0.9914448857307434 -0.1305261254310608 1.9708897625037025e-08 0.9914448857307434 0.1305261254310608 -1.9708897625037025e-08 0.9914448857307434 0.1305261254310608 -1.9708897625037025e-08 0.9238795638084412 0.38268348574638367 -5.778359835062474e-08 0.9238795638084412 0.38268348574638367 -5.778359835062474e-08 0.793353259563446 0.6087614297866821 -9.192041261485429e-08 0.793353259563446 0.6087614297866821 -9.192041261485429e-08 0.6087614297866821 0.793353259563446 -1.197930146190629e-07 0.6087614297866821 0.793353259563446 -1.197930146190629e-07 0.38268348574638367 0.9238795638084412 -1.3950193533673882e-07 0.38268348574638367 0.9238795638084412 -1.3950193533673882e-07 0.1305261254310608 0.9914448857307434 -1.4970402162362006e-07 0.1305261254310608 0.9914448857307434 -1.4970402162362006e-07 -0.1305261254310608 0.9914448857307434 -1.4970402162362006e-07 -0.1305261254310608 0.9914448857307434 -1.4970402162362006e-07 -0.38268348574638367 0.9238795638084412 -1.3950193533673882e-07 -0.38268348574638367 0.9238795638084412 -1.3950193533673882e-07 -0.6087614297866821 0.793353259563446 -1.197930146190629e-07 -0.6087614297866821 0.793353259563446 -1.197930146190629e-07 -0.793353259563446 0.6087614297866821 -9.192041261485429e-08 -0.793353259563446 0.6087614297866821 -9.192041261485429e-08 -0.9238795638084412 0.38268348574638367 -5.778359835062474e-08 -0.9238795638084412 0.38268348574638367 -5.778359835062474e-08 -0.9914448857307434 0.1305261254310608 -1.9708897625037025e-08 -0.9914448857307434 0.1305261254310608 -1.9708897625037025e-08 -0.9914448857307434 -0.1305261254310608 1.9708897625037025e-08 -0.9914448857307434 -0.1305261254310608 1.9708897625037025e-08 -0.9238795638084412 -0.38268348574638367 5.778359835062474e-08 -0.9238795638084412 -0.38268348574638367 5.778359835062474e-08 -0.793353259563446 -0.6087614297866821 9.192041261485429e-08 -0.793353259563446 -0.6087614297866821 9.192041261485429e-08 -0.6087614297866821 -0.793353259563446 1.197930146190629e-07 -0.6087614297866821 -0.793353259563446 1.197930146190629e-07 0.0 -1.5099580252808664e-07 -1.0 0.0 -1.5099580252808664e-07 -1.0 0.0 -1.5099580252808664e-07 -1.0 0.0 -1.5099580252808664e-07 -1.0 0.0 -1.5099580252808664e-07 -1.0 0.0 -1.5099580252808664e-07 -1.0 0.0 -1.5099580252808664e-07 -1.0 0.0 -1.5099580252808664e-07 -1.0 0.0 -1.5099580252808664e-07 -1.0 0.0 -1.5099580252808664e-07 -1.0 0.0 -1.5099580252808664e-07 -1.0 0.0 -1.5099580252808664e-07 -1.0 0.0 -1.5099580252808664e-07 -1.0 0.0 -1.5099580252808664e-07 -1.0 0.0 -1.5099580252808664e-07 -1.0 0.0 -1.5099580252808664e-07 -1.0 0.0 -1.5099580252808664e-07 -1.0 0.0 -1.5099580252808664e-07 -1.0 0.0 -1.5099580252808664e-07 -1.0 0.0 -1.5099580252808664e-07 -1.0 0.0 -1.5099580252808664e-07 -1.0 0.0 -1.5099580252808664e-07 -1.0 -0.38268348574638367 -0.9238795638084412 1.3950193533673882e-07 -0.38268348574638367 -0.9238795638084412 1.3950193533673882e-07 -0.1305261254310608 -0.9914448857307434 1.4970402162362006e-07 -0.1305261254310608 -0.9914448857307434 1.4970402162362006e-07 0.0 1.5099580252808664e-07 1.0 0.0 1.5099580252808664e-07 1.0 0.0 1.5099580252808664e-07 1.0 0.0 1.5099580252808664e-07 1.0 0.0 1.5099580252808664e-07 1.0 0.0 1.5099580252808664e-07 1.0 0.0 1.5099580252808664e-07 1.0 0.0 1.5099580252808664e-07 1.0 0.0 1.5099580252808664e-07 1.0 0.0 1.5099580252808664e-07 1.0 0.0 1.5099580252808664e-07 1.0 0.0 1.5099580252808664e-07 1.0 0.0 1.5099580252808664e-07 1.0 0.0 1.5099580252808664e-07 1.0 0.0 1.5099580252808664e-07 1.0 0.0 1.5099580252808664e-07 1.0 0.0 1.5099580252808664e-07 1.0 0.0 1.5099580252808664e-07 1.0 0.0 1.5099580252808664e-07 1.0 0.0 1.5099580252808664e-07 1.0 0.0 1.5099580252808664e-07 1.0 0.0 1.5099580252808664e-07 1.0</float_array><technique_common><accessor source="#mesh9-normals-array" count="92" stride="3"><param name="X" type="float" /><param name="Y" type="float" /><param name="Z" type="float" /></accessor></technique_common></source><vertices id="mesh9-vertices"><input semantic="POSITION" source="#mesh9-positions" /></vertices><triangles count="92" material="graphite"><input semantic="VERTEX" source="#mesh9-vertices" offset="0" /><input semantic="NORMAL" source="#mesh9-normals" offset="1" /><p>0 0 1 0 3 0 0 1 3 1 2 1 2 2 3 2 5 2 2 3 5 3 4 3 4 4 5 4 7 4 4 5 7 5 6 5 6 6 7 6 9 6 6 7 9 7 8 7 8 8 9 8 11 8 8 9 11 9 10 9 10 10 11 10 13 10 10 11 13 11 12 11 12 12 13 12 15 12 12 13 15 13 14 13 14 14 15 14 17 14 14 15 17 15 16 15 16 16 17 16 19 16 16 17 19 17 18 17 18 18 19 18 21 18 18 19 21 19 20 19 20 20 21 20 23 20 20 21 23 21 22 21 22 22 23 22 25 22 22 23 25 23 24 23 24 24 25 24 27 24 24 25 27 25 26 25 26 26 27 26 29 26 26 27 29 27 28 27 28 28 29 28 31 28 28 29 31 29 30 29 30 30 31 30 33 30 30 31 33 31 32 31 32 32 33 32 35 32 32 33 35 33 34 33 34 34 35 34 37 34 34 35 37 35 36 35 36 36 37 36 39 36 36 37 39 37 38 37 38 38 39 38 41 38 38 39 41 39 40 39 40 40 41 40 43 40 40 41 43 41 42 41 42 42 43 42 45 42 42 43 45 43 44 43 5 44 3 44 1 44 1 45 47 45 45 45 45 46 43 46 41 46 41 47 39 47 37 47 37 48 35 48 33 48 33 49 31 49 29 49 29 50 27 50 25 50 25 51 23 51 21 51 21 52 19 52 17 52 17 53 15 53 13 53 13 54 11 54 9 54 9 55 7 55 5 55 5 56 1 56 45 56 45 57 41 57 37 57 37 58 33 58 29 58 29 59 25 59 21 59 21 60 17 60 13 60 13 61 9 61 5 61 5 62 45 62 37 62 37 63 29 63 21 63 21 64 13 64 5 64 37 65 21 65 5 65 44 66 45 66 47 66 44 67 47 67 46 67 46 68 47 68 1 68 46 69 1 69 0 69 46 70 0 70 2 70 2 71 4 71 6 71 6 72 8 72 10 72 10 73 12 73 14 73 14 74 16 74 18 74 18 75 20 75 22 75 22 76 24 76 26 76 26 77 28 77 30 77 30 78 32 78 34 78 34 79 36 79 38 79 38 80 40 80 42 80 42 81 44 81 46 81 46 82 2 82 6 82 6 83 10 83 14 83 14 84 18 84 22 84 22 85 26 85 30 85 30 86 34 86 38 86 38 87 42 87 46 87 46 88 6 88 14 88 14 89 22 89 30 89 30 90 38 90 46 90 14 91 30 91 46 91</p></triangles></mesh></geometry><geometry id="mesh10"><mesh><source id="mesh10-positions"><float_array id="mesh10-array" count="144">-0.07000000029802322 0.0520000085234642 -0.08999999612569809 -0.07000000029802322 0.052000001072883606 -0.1599999964237213 -0.06016487628221512 0.0532948262989521 -0.08999999612569809 -0.06016487628221512 0.053294818848371506 -0.1599999964237213 -0.050999999046325684 0.05709104239940643 -0.08999999612569809 -0.050999999046325684 0.057091034948825836 -0.1599999964237213 -0.04312994331121445 0.0631299540400505 -0.08999999612569809 -0.04312994331121445 0.06312993913888931 -0.1599999964237213 -0.03709103539586067 0.07100000977516174 -0.09000000357627869 -0.03709103539586067 0.07100000232458115 -0.1599999964237213 -0.03329481929540634 0.08016488701105118 -0.09000000357627869 -0.03329481929540634 0.08016487210988998 -0.1599999964237213 -0.03200000151991844 0.09000001102685928 -0.09000000357627869 -0.03200000151991844 0.08999999612569809 -0.1599999964237213 -0.03329481929540634 0.09983513504266739 -0.09000000357627869 -0.03329481929540634 0.0998351201415062 -0.1599999964237213 -0.03709103539586067 0.10900000482797623 -0.09000000357627869 -0.03709103539586067 0.10899999737739563 -0.1599999964237213 -0.04312994331121445 0.11687006801366806 -0.09000001102685928 -0.04312994331121445 0.11687005311250687 -0.1599999964237213 -0.050999999046325684 0.12290897220373154 -0.09000001102685928 -0.050999999046325684 0.12290896475315094 -0.1599999964237213 -0.06016487628221512 0.12670518457889557 -0.09000001102685928 -0.06016487628221512 0.12670518457889557 -0.1599999964237213 -0.07000000029802322 0.12800000607967377 -0.09000001102685928 -0.07000000029802322 0.12799999117851257 -0.1599999964237213 -0.07983512431383133 0.12670518457889557 -0.09000001102685928 -0.07983512431383133 0.12670518457889557 -0.1599999964237213 -0.08900000154972076 0.12290897220373154 -0.09000001102685928 -0.08900000154972076 0.12290896475315094 -0.1599999964237213 -0.096870057284832 0.11687006801366806 -0.09000001102685928 -0.096870057284832 0.11687005311250687 -0.1599999964237213 -0.10290896892547607 0.10900000482797623 -0.09000000357627869 -0.10290896892547607 0.10899999737739563 -0.1599999964237213 -0.1067051813006401 0.09983513504266739 -0.09000000357627869 -0.1067051813006401 0.0998351201415062 -0.1599999964237213 -0.10799999535083771 0.09000001102685928 -0.09000000357627869 -0.10799999535083771 0.08999999612569809 -0.1599999964237213 -0.1067051813006401 0.08016488701105118 -0.09000000357627869 -0.1067051813006401 0.08016487210988998 -0.1599999964237213 -0.10290896892547607 0.07100000977516174 -0.09000000357627869 -0.10290896892547607 0.07100000232458115 -0.1599999964237213 -0.096870057284832 0.0631299540400505 -0.08999999612569809 -0.096870057284832 0.06312993913888931 -0.1599999964237213 -0.08900000154972076 0.05709104239940643 -0.08999999612569809 -0.08900000154972076 0.057091034948825836 -0.1599999964237213 -0.07983512431383133 0.0532948262989521 -0.08999999612569809 -0.07983512431383133 0.053294818848371506 -0.1599999964237213</float_array><technique_common><accessor source="#mesh10-array" count="48" stride="3"><param name="X" type="float" /><param name="Y" type="float" /><param name="Z" type="float" /></accessor></technique_common></source><source id="mesh10-normals"><float_array id="mesh10-normals-array" count="276">0.1305261254310608 -0.9914448857307434 1.4970402162362006e-07 0.1305261254310608 -0.9914448857307434 1.4970402162362006e-07 0.38268348574638367 -0.9238795638084412 1.3950193533673882e-07 0.38268348574638367 -0.9238795638084412 1.3950193533673882e-07 0.6087614297866821 -0.793353259563446 1.197930146190629e-07 0.6087614297866821 -0.793353259563446 1.197930146190629e-07 0.793353259563446 -0.6087614297866821 9.192041261485429e-08 0.793353259563446 -0.6087614297866821 9.192041261485429e-08 0.9238795638084412 -0.38268348574638367 5.778359835062474e-08 0.9238795638084412 -0.38268348574638367 5.778359835062474e-08 0.9914448857307434 -0.1305261254310608 1.9708897625037025e-08 0.9914448857307434 -0.1305261254310608 1.9708897625037025e-08 0.9914448857307434 0.1305261254310608 -1.9708897625037025e-08 0.9914448857307434 0.1305261254310608 -1.9708897625037025e-08 0.9238795638084412 0.38268348574638367 -5.778359835062474e-08 0.9238795638084412 0.38268348574638367 -5.778359835062474e-08 0.793353259563446 0.6087614297866821 -9.192041261485429e-08 0.793353259563446 0.6087614297866821 -9.192041261485429e-08 0.6087614297866821 0.793353259563446 -1.197930146190629e-07 0.6087614297866821 0.793353259563446 -1.197930146190629e-07 0.38268348574638367 0.9238795638084412 -1.3950193533673882e-07 0.38268348574638367 0.9238795638084412 -1.3950193533673882e-07 0.1305261254310608 0.9914448857307434 -1.4970402162362006e-07 0.1305261254310608 0.9914448857307434 -1.4970402162362006e-07 -0.1305261254310608 0.9914448857307434 -1.4970402162362006e-07 -0.1305261254310608 0.9914448857307434 -1.4970402162362006e-07 -0.38268348574638367 0.9238795638084412 -1.3950193533673882e-07 -0.38268348574638367 0.9238795638084412 -1.3950193533673882e-07 -0.6087614297866821 0.793353259563446 -1.197930146190629e-07 -0.6087614297866821 0.793353259563446 -1.197930146190629e-07 -0.793353259563446 0.6087614297866821 -9.192041261485429e-08 -0.793353259563446 0.6087614297866821 -9.192041261485429e-08 -0.9238795638084412 0.38268348574638367 -5.778359835062474e-08 -0.9238795638084412 0.38268348574638367 -5.778359835062474e-08 -0.9914448857307434 0.1305261254310608 -1.9708897625037025e-08 -0.9914448857307434 0.1305261254310608 -1.9708897625037025e-08 -0.9914448857307434 -0.1305261254310608 1.9708897625037025e-08 -0.9914448857307434 -0.1305261254310608 1.9708897625037025e-08 -0.9238795638084412 -0.38268348574638367 5.778359835062474e-08 -0.9238795638084412 -0.38268348574638367 5.778359835062474e-08 -0.793353259563446 -0.6087614297866821 9.192041261485429e-08 -0.793353259563446 -0.6087614297866821 9.192041261485429e-08 -0.6087614297866821 -0.793353259563446 1.197930146190629e-07 -0.6087614297866821 -0.793353259563446 1.197930146190629e-07 0.0 -1.5099580252808664e-07 -1.0 0.0 -1.5099580252808664e-07 -1.0 0.0 -1.5099580252808664e-07 -1.0 0.0 -1.5099580252808664e-07 -1.0 0.0 -1.5099580252808664e-07 -1.0 0.0 -1.5099580252808664e-07 -1.0 0.0 -1.5099580252808664e-07 -1.0 0.0 -1.5099580252808664e-07 -1.0 0.0 -1.5099580252808664e-07 -1.0 0.0 -1.5099580252808664e-07 -1.0 0.0 -1.5099580252808664e-07 -1.0 0.0 -1.5099580252808664e-07 -1.0 0.0 -1.5099580252808664e-07 -1.0 0.0 -1.5099580252808664e-07 -1.0 0.0 -1.5099580252808664e-07 -1.0 0.0 -1.5099580252808664e-07 -1.0 0.0 -1.5099580252808664e-07 -1.0 0.0 -1.5099580252808664e-07 -1.0 0.0 -1.5099580252808664e-07 -1.0 0.0 -1.5099580252808664e-07 -1.0 0.0 -1.5099580252808664e-07 -1.0 0.0 -1.5099580252808664e-07 -1.0 -0.38268348574638367 -0.9238795638084412 1.3950193533673882e-07 -0.38268348574638367 -0.9238795638084412 1.3950193533673882e-07 -0.1305261254310608 -0.9914448857307434 1.4970402162362006e-07 -0.1305261254310608 -0.9914448857307434 1.4970402162362006e-07 0.0 1.5099580252808664e-07 1.0 0.0 1.5099580252808664e-07 1.0 0.0 1.5099580252808664e-07 1.0 0.0 1.5099580252808664e-07 1.0 0.0 1.5099580252808664e-07 1.0 0.0 1.5099580252808664e-07 1.0 0.0 1.5099580252808664e-07 1.0 0.0 1.5099580252808664e-07 1.0 0.0 1.5099580252808664e-07 1.0 0.0 1.5099580252808664e-07 1.0 0.0 1.5099580252808664e-07 1.0 0.0 1.5099580252808664e-07 1.0 0.0 1.5099580252808664e-07 1.0 0.0 1.5099580252808664e-07 1.0 0.0 1.5099580252808664e-07 1.0 0.0 1.5099580252808664e-07 1.0 0.0 1.5099580252808664e-07 1.0 0.0 1.5099580252808664e-07 1.0 0.0 1.5099580252808664e-07 1.0 0.0 1.5099580252808664e-07 1.0 0.0 1.5099580252808664e-07 1.0 0.0 1.5099580252808664e-07 1.0</float_array><technique_common><accessor source="#mesh10-normals-array" count="92" stride="3"><param name="X" type="float" /><param name="Y" type="float" /><param name="Z" type="float" /></accessor></technique_common></source><vertices id="mesh10-vertices"><input semantic="POSITION" source="#mesh10-positions" /></vertices><triangles count="92" material="graphite"><input semantic="VERTEX" source="#mesh10-vertices" offset="0" /><input semantic="NORMAL" source="#mesh10-normals" offset="1" /><p>0 0 1 0 3 0 0 1 3 1 2 1 2 2 3 2 5 2 2 3 5 3 4 3 4 4 5 4 7 4 4 5 7 5 6 5 6 6 7 6 9 6 6 7 9 7 8 7 8 8 9 8 11 8 8 9 11 9 10 9 10 10 11 10 13 10 10 11 13 11 12 11 12 12 13 12 15 12 12 13 15 13 14 13 14 14 15 14 17 14 14 15 17 15 16 15 16 16 17 16 19 16 16 17 19 17 18 17 18 18 19 18 21 18 18 19 21 19 20 19 20 20 21 20 23 20 20 21 23 21 22 21 22 22 23 22 25 22 22 23 25 23 24 23 24 24 25 24 27 24 24 25 27 25 26 25 26 26 27 26 29 26 26 27 29 27 28 27 28 28 29 28 31 28 28 29 31 29 30 29 30 30 31 30 33 30 30 31 33 31 32 31 32 32 33 32 35 32 32 33 35 33 34 33 34 34 35 34 37 34 34 35 37 35 36 35 36 36 37 36 39 36 36 37 39 37 38 37 38 38 39 38 41 38 38 39 41 39 40 39 40 40 41 40 43 40 40 41 43 41 42 41 42 42 43 42 45 42 42 43 45 43 44 43 5 44 3 44 1 44 1 45 47 45 45 45 45 46 43 46 41 46 41 47 39 47 37 47 37 48 35 48 33 48 33 49 31 49 29 49 29 50 27 50 25 50 25 51 23 51 21 51 21 52 19 52 17 52 17 53 15 53 13 53 13 54 11 54 9 54 9 55 7 55 5 55 5 56 1 56 45 56 45 57 41 57 37 57 37 58 33 58 29 58 29 59 25 59 21 59 21 60 17 60 13 60 13 61 9 61 5 61 5 62 45 62 37 62 37 63 29 63 21 63 21 64 13 64 5 64 37 65 21 65 5 65 44 66 45 66 47 66 44 67 47 67 46 67 46 68 47 68 1 68 46 69 1 69 0 69 46 70 0 70 2 70 2 71 4 71 6 71 6 72 8 72 10 72 10 73 12 73 14 73 14 74 16 74 18 74 18 75 20 75 22 75 22 76 24 76 26 76 26 77 28 77 30 77 30 78 32 78 34 78 34 79 36 79 38 79 38 80 40 80 42 80 42 81 44 81 46 81 46 82 2 82 6 82 6 83 10 83 14 83 14 84 18 84 22 84 22 85 26 85 30 85 30 86 34 86 38 86 38 87 42 87 46 87 46 88 6 88 14 88 14 89 22 89 30 89 30 90 38 90 46 90 14 91 30 91 46 91</p></triangles></mesh></geometry><geometry id="mesh11"><mesh><source id="mesh11-positions"><float_array id="mesh11-array" count="144">0.019999999552965164 0.0520000085234642 -0.08999999612569809 0.019999999552965164 0.052000001072883606 -0.1599999964237213 0.02983512356877327 0.0532948262989521 -0.08999999612569809 0.02983512356877327 0.053294818848371506 -0.1599999964237213 0.038999997079372406 0.05709104239940643 -0.08999999612569809 0.038999997079372406 0.057091034948825836 -0.1599999964237213 0.04687005653977394 0.0631299540400505 -0.08999999612569809 0.04687005653977394 0.06312993913888931 -0.1599999964237213 0.052908964455127716 0.07100000977516174 -0.09000000357627869 0.052908964455127716 0.07100000232458115 -0.1599999964237213 0.056705180555582047 0.08016488701105118 -0.09000000357627869 0.056705180555582047 0.08016487210988998 -0.1599999964237213 0.057999998331069946 0.09000001102685928 -0.09000000357627869 0.057999998331069946 0.08999999612569809 -0.1599999964237213 0.056705180555582047 0.09983513504266739 -0.09000000357627869 0.056705180555582047 0.0998351201415062 -0.1599999964237213 0.052908964455127716 0.10900000482797623 -0.09000000357627869 0.052908964455127716 0.10899999737739563 -0.1599999964237213 0.04687005653977394 0.11687006801366806 -0.09000001102685928 0.04687005653977394 0.11687005311250687 -0.1599999964237213 0.038999997079372406 0.12290897220373154 -0.09000001102685928 0.038999997079372406 0.12290896475315094 -0.1599999964237213 0.02983512356877327 0.12670518457889557 -0.09000001102685928 0.02983512356877327 0.12670518457889557 -0.1599999964237213 0.019999999552965164 0.12800000607967377 -0.09000001102685928 0.019999999552965164 0.12799999117851257 -0.1599999964237213 0.010164876468479633 0.12670518457889557 -0.09000001102685928 0.010164876468479633 0.12670518457889557 -0.1599999964237213 0.0010000001639127731 0.12290897220373154 -0.09000001102685928 0.0010000001639127731 0.12290896475315094 -0.1599999964237213 -0.006870057433843613 0.11687006801366806 -0.09000001102685928 -0.006870057433843613 0.11687005311250687 -0.1599999964237213 -0.012908965349197388 0.10900000482797623 -0.09000000357627869 -0.012908965349197388 0.10899999737739563 -0.1599999964237213 -0.016705181449651718 0.09983513504266739 -0.09000000357627869 -0.016705181449651718 0.0998351201415062 -0.1599999964237213 -0.017999999225139618 0.09000001102685928 -0.09000000357627869 -0.017999999225139618 0.08999999612569809 -0.1599999964237213 -0.016705181449651718 0.08016488701105118 -0.09000000357627869 -0.016705181449651718 0.08016487210988998 -0.1599999964237213 -0.012908965349197388 0.07100000977516174 -0.09000000357627869 -0.012908965349197388 0.07100000232458115 -0.1599999964237213 -0.006870057433843613 0.0631299540400505 -0.08999999612569809 -0.006870057433843613 0.06312993913888931 -0.1599999964237213 0.0010000001639127731 0.05709104239940643 -0.08999999612569809 0.0010000001639127731 0.057091034948825836 -0.1599999964237213 0.010164876468479633 0.0532948262989521 -0.08999999612569809 0.010164876468479633 0.053294818848371506 -0.1599999964237213</float_array><technique_common><accessor source="#mesh11-array" count="48" stride="3"><param name="X" type="float" /><param name="Y" type="float" /><param name="Z" type="float" /></accessor></technique_common></source><source id="mesh11-normals"><float_array id="mesh11-normals-array" count="276">0.1305261254310608 -0.9914448857307434 1.4970402162362006e-07 0.1305261254310608 -0.9914448857307434 1.4970402162362006e-07 0.38268348574638367 -0.9238795638084412 1.3950193533673882e-07 0.38268348574638367 -0.9238795638084412 1.3950193533673882e-07 0.6087614297866821 -0.793353259563446 1.197930146190629e-07 0.6087614297866821 -0.793353259563446 1.197930146190629e-07 0.793353259563446 -0.6087614297866821 9.192041261485429e-08 0.793353259563446 -0.6087614297866821 9.192041261485429e-08 0.9238795638084412 -0.38268348574638367 5.778359835062474e-08 0.9238795638084412 -0.38268348574638367 5.778359835062474e-08 0.9914448857307434 -0.1305261254310608 1.9708897625037025e-08 0.9914448857307434 -0.1305261254310608 1.9708897625037025e-08 0.9914448857307434 0.1305261254310608 -1.9708897625037025e-08 0.9914448857307434 0.1305261254310608 -1.9708897625037025e-08 0.9238795638084412 0.38268348574638367 -5.778359835062474e-08 0.9238795638084412 0.38268348574638367 -5.778359835062474e-08 0.793353259563446 0.6087614297866821 -9.192041261485429e-08 0.793353259563446 0.6087614297866821 -9.192041261485429e-08 0.6087614297866821 0.793353259563446 -1.197930146190629e-07 0.6087614297866821 0.793353259563446 -1.197930146190629e-07 0.38268348574638367 0.9238795638084412 -1.3950193533673882e-07 0.38268348574638367 0.9238795638084412 -1.3950193533673882e-07 0.1305261254310608 0.9914448857307434 -1.4970402162362006e-07 0.1305261254310608 0.9914448857307434 -1.4970402162362006e-07 -0.1305261254310608 0.9914448857307434 -1.4970402162362006e-07 -0.1305261254310608 0.9914448857307434 -1.4970402162362006e-07 -0.38268348574638367 0.9238795638084412 -1.3950193533673882e-07 -0.38268348574638367 0.9238795638084412 -1.3950193533673882e-07 -0.6087614297866821 0.793353259563446 -1.197930146190629e-07 -0.6087614297866821 0.793353259563446 -1.197930146190629e-07 -0.793353259563446 0.6087614297866821 -9.192041261485429e-08 -0.793353259563446 0.6087614297866821 -9.192041261485429e-08 -0.9238795638084412 0.38268348574638367 -5.778359835062474e-08 -0.9238795638084412 0.38268348574638367 -5.778359835062474e-08 -0.9914448857307434 0.1305261254310608 -1.9708897625037025e-08 -0.9914448857307434 0.1305261254310608 -1.9708897625037025e-08 -0.9914448857307434 -0.1305261254310608 1.9708897625037025e-08 -0.9914448857307434 -0.1305261254310608 1.9708897625037025e-08 -0.9238795638084412 -0.38268348574638367 5.778359835062474e-08 -0.9238795638084412 -0.38268348574638367 5.778359835062474e-08 -0.793353259563446 -0.6087614297866821 9.192041261485429e-08 -0.793353259563446 -0.6087614297866821 9.192041261485429e-08 -0.6087614297866821 -0.793353259563446 1.197930146190629e-07 -0.6087614297866821 -0.793353259563446 1.197930146190629e-07 0.0 -1.5099580252808664e-07 -1.0 0.0 -1.5099580252808664e-07 -1.0 0.0 -1.5099580252808664e-07 -1.0 0.0 -1.5099580252808664e-07 -1.0 0.0 -1.5099580252808664e-07 -1.0 0.0 -1.5099580252808664e-07 -1.0 0.0 -1.5099580252808664e-07 -1.0 0.0 -1.5099580252808664e-07 -1.0 0.0 -1.5099580252808664e-07 -1.0 0.0 -1.5099580252808664e-07 -1.0 0.0 -1.5099580252808664e-07 -1.0 0.0 -1.5099580252808664e-07 -1.0 0.0 -1.5099580252808664e-07 -1.0 0.0 -1.5099580252808664e-07 -1.0 0.0 -1.5099580252808664e-07 -1.0 0.0 -1.5099580252808664e-07 -1.0 0.0 -1.5099580252808664e-07 -1.0 0.0 -1.5099580252808664e-07 -1.0 0.0 -1.5099580252808664e-07 -1.0 0.0 -1.5099580252808664e-07 -1.0 0.0 -1.5099580252808664e-07 -1.0 0.0 -1.5099580252808664e-07 -1.0 -0.38268348574638367 -0.9238795638084412 1.3950193533673882e-07 -0.38268348574638367 -0.9238795638084412 1.3950193533673882e-07 -0.1305261254310608 -0.9914448857307434 1.4970402162362006e-07 -0.1305261254310608 -0.9914448857307434 1.4970402162362006e-07 0.0 1.5099580252808664e-07 1.0 0.0 1.5099580252808664e-07 1.0 0.0 1.5099580252808664e-07 1.0 0.0 1.5099580252808664e-07 1.0 0.0 1.5099580252808664e-07 1.0 0.0 1.5099580252808664e-07 1.0 0.0 1.5099580252808664e-07 1.0 0.0 1.5099580252808664e-07 1.0 0.0 1.5099580252808664e-07 1.0 0.0 1.5099580252808664e-07 1.0 0.0 1.5099580252808664e-07 1.0 0.0 1.5099580252808664e-07 1.0 0.0 1.5099580252808664e-07 1.0 0.0 1.5099580252808664e-07 1.0 0.0 1.5099580252808664e-07 1.0 0.0 1.5099580252808664e-07 1.0 0.0 1.5099580252808664e-07 1.0 0.0 1.5099580252808664e-07 1.0 0.0 1.5099580252808664e-07 1.0 0.0 1.5099580252808664e-07 1.0 0.0 1.5099580252808664e-07 1.0 0.0 1.5099580252808664e-07 1.0</float_array><technique_common><accessor source="#mesh11-normals-array" count="92" stride="3"><param name="X" type="float" /><param name="Y" type="float" /><param name="Z" type="float" /></accessor></technique_common></source><vertices id="mesh11-vertices"><input semantic="POSITION" source="#mesh11-positions" /></vertices><triangles count="92" material="graphite"><input semantic="VERTEX" source="#mesh11-vertices" offset="0" /><input semantic="NORMAL" source="#mesh11-normals" offset="1" /><p>0 0 1 0 3 0 0 1 3 1 2 1 2 2 3 2 5 2 2 3 5 3 4 3 4 4 5 4 7 4 4 5 7 5 6 5 6 6 7 6 9 6 6 7 9 7 8 7 8 8 9 8 11 8 8 9 11 9 10 9 10 10 11 10 13 10 10 11 13 11 12 11 12 12 13 12 15 12 12 13 15 13 14 13 14 14 15 14 17 14 14 15 17 15 16 15 16 16 17 16 19 16 16 17 19 17 18 17 18 18 19 18 21 18 18 19 21 19 20 19 20 20 21 20 23 20 20 21 23 21 22 21 22 22 23 22 25 22 22 23 25 23 24 23 24 24 25 24 27 24 24 25 27 25 26 25 26 26 27 26 29 26 26 27 29 27 28 27 28 28 29 28 31 28 28 29 31 29 30 29 30 30 31 30 33 30 30 31 33 31 32 31 32 32 33 32 35 32 32 33 35 33 34 33 34 34 35 34 37 34 34 35 37 35 36 35 36 36 37 36 39 36 36 37 39 37 38 37 38 38 39 38 41 38 38 39 41 39 40 39 40 40 41 40 43 40 40 41 43 41 42 41 42 42 43 42 45 42 42 43 45 43 44 43 5 44 3 44 1 44 1 45 47 45 45 45 45 46 43 46 41 46 41 47 39 47 37 47 37 48 35 48 33 48 33 49 31 49 29 49 29 50 27 50 25 50 25 51 23 51 21 51 21 52 19 52 17 52 17 53 15 53 13 53 13 54 11 54 9 54 9 55 7 55 5 55 5 56 1 56 45 56 45 57 41 57 37 57 37 58 33 58 29 58 29 59 25 59 21 59 21 60 17 60 13 60 13 61 9 61 5 61 5 62 45 62 37 62 37 63 29 63 21 63 21 64 13 64 5 64 37 65 21 65 5 65 44 66 45 66 47 66 44 67 47 67 46 67 46 68 47 68 1 68 46 69 1 69 0 69 46 70 0 70 2 70 2 71 4 71 6 71 6 72 8 72 10 72 10 73 12 73 14 73 14 74 16 74 18 74 18 75 20 75 22 75 22 76 24 76 26 76 26 77 28 77 30 77 30 78 32 78 34 78 34 79 36 79 38 79 38 80 40 80 42 80 42 81 44 81 46 81 46 82 2 82 6 82 6 83 10 83 14 83 14 84 18 84 22 84 22 85 26 85 30 85 30 86 34 86 38 86 38 87 42 87 46 87 46 88 6 88 14 88 14 89 22 89 30 89 30 90 38 90 46 90 14 91 30 91 46 91</p></triangles></mesh></geometry><geometry id="mesh12"><mesh><source id="mesh12-positions"><float_array id="mesh12-array" count="144">-0.24000000953674316 0.0949999988079071 0.15399999916553497 0.18000000715255737 0.0949999988079071 0.15399999916553497 -0.24000000953674316 0.09732937067747116 0.1536933332681656 0.18000000715255737 0.09732937067747116 0.1536933332681656 -0.24000000953674316 0.09950000047683716 0.1527942270040512 0.18000000715255737 0.09950000047683716 0.1527942270040512 -0.24000000953674316 0.10136395692825317 0.15136395394802094 0.18000000715255737 0.10136395692825317 0.15136395394802094 -0.24000000953674316 0.10279422998428345 0.14949999749660492 0.18000000715255737 0.10279422998428345 0.14949999749660492 -0.24000000953674316 0.10369332879781723 0.14732936024665833 0.18000000715255737 0.10369332879781723 0.14732936024665833 -0.24000000953674316 0.10400000214576721 0.14499999582767487 0.18000000715255737 0.10400000214576721 0.14499999582767487 -0.24000000953674316 0.10369332879781723 0.1426706314086914 0.18000000715255737 0.10369332879781723 0.1426706314086914 -0.24000000953674316 0.10279422998428345 0.1404999941587448 0.18000000715255737 0.10279422998428345 0.1404999941587448 -0.24000000953674316 0.10136395692825317 0.1386360377073288 0.18000000715255737 0.10136395692825317 0.1386360377073288 -0.24000000953674316 0.09950000047683716 0.13720576465129852 0.18000000715255737 0.09950000047683716 0.13720576465129852 -0.24000000953674316 0.09732937067747116 0.13630665838718414 0.18000000715255737 0.09732937067747116 0.13630665838718414 -0.24000000953674316 0.0949999988079071 0.13599999248981476 0.18000000715255737 0.0949999988079071 0.13599999248981476 -0.24000000953674316 0.09267062693834305 0.13630665838718414 0.18000000715255737 0.09267062693834305 0.13630665838718414 -0.24000000953674316 0.09049999713897705 0.13720576465129852 0.18000000715255737 0.09049999713897705 0.13720576465129852 -0.24000000953674316 0.08863604068756104 0.1386360377073288 0.18000000715255737 0.08863604068756104 0.1386360377073288 -0.24000000953674316 0.08720576763153076 0.1404999941587448 0.18000000715255737 0.08720576763153076 0.1404999941587448 -0.24000000953674316 0.08630666881799698 0.1426706314086914 0.18000000715255737 0.08630666881799698 0.1426706314086914 -0.24000000953674316 0.085999995470047 0.14499999582767487 0.18000000715255737 0.085999995470047 0.14499999582767487 -0.24000000953674316 0.08630666881799698 0.14732936024665833 0.18000000715255737 0.08630666881799698 0.14732936024665833 -0.24000000953674316 0.08720576763153076 0.14949999749660492 0.18000000715255737 0.08720576763153076 0.14949999749660492 -0.24000000953674316 0.08863604068756104 0.15136395394802094 0.18000000715255737 0.08863604068756104 0.15136395394802094 -0.24000000953674316 0.09049999713897705 0.1527942270040512 0.18000000715255737 0.09049999713897705 0.1527942270040512 -0.24000000953674316 0.09267062693834305 0.1536933332681656 0.18000000715255737 0.09267062693834305 0.1536933332681656</float_array><technique_common><accessor source="#mesh12-array" count="48" stride="3"><param name="X" type="float" /><param name="Y" type="float" /><param name="Z" type="float" /></accessor></technique_common></source><source id="mesh12-normals"><float_array id="mesh12-normals-array" count="276">2.2014497472213593e-16 0.13052628934383392 0.9914448261260986 2.2014497472213593e-16 0.13052628934383392 0.9914448261260986 2.0514247274415557e-16 0.38268333673477173 0.9238795638084412 2.0514247274415557e-16 0.38268333673477173 0.9238795638084412 1.76159824320641e-16 0.6087616086006165 0.7933533191680908 1.76159824320641e-16 0.6087616086006165 0.7933533191680908 1.3517223087525042e-16 0.7933533191680908 0.6087616086006165 1.3517223087525042e-16 0.7933533191680908 0.6087616086006165 8.497277031666511e-17 0.9238795638084412 0.38268333673477173 8.497277031666511e-17 0.9238795638084412 0.38268333673477173 2.898265834968193e-17 0.9914448261260986 0.13052628934383392 2.898265834968193e-17 0.9914448261260986 0.13052628934383392 -2.898265834968193e-17 0.9914448261260986 -0.13052628934383392 -2.898265834968193e-17 0.9914448261260986 -0.13052628934383392 -8.497277031666511e-17 0.9238795638084412 -0.38268333673477173 -8.497277031666511e-17 0.9238795638084412 -0.38268333673477173 -1.3517223087525042e-16 0.7933533191680908 -0.6087616086006165 -1.3517223087525042e-16 0.7933533191680908 -0.6087616086006165 -1.76159824320641e-16 0.6087616086006165 -0.7933533191680908 -1.76159824320641e-16 0.6087616086006165 -0.7933533191680908 -2.0514247274415557e-16 0.38268333673477173 -0.9238795638084412 -2.0514247274415557e-16 0.38268333673477173 -0.9238795638084412 -2.2014497472213593e-16 0.13052628934383392 -0.9914448261260986 -2.2014497472213593e-16 0.13052628934383392 -0.9914448261260986 -2.2014497472213593e-16 -0.13052628934383392 -0.9914448261260986 -2.2014497472213593e-16 -0.13052628934383392 -0.9914448261260986 -2.0514247274415557e-16 -0.38268333673477173 -0.9238795638084412 -2.0514247274415557e-16 -0.38268333673477173 -0.9238795638084412 -1.76159824320641e-16 -0.6087616086006165 -0.7933533191680908 -1.76159824320641e-16 -0.6087616086006165 -0.7933533191680908 -1.3517223087525042e-16 -0.7933533191680908 -0.6087616086006165 -1.3517223087525042e-16 -0.7933533191680908 -0.6087616086006165 -8.497277031666511e-17 -0.9238795638084412 -0.38268333673477173 -8.497277031666511e-17 -0.9238795638084412 -0.38268333673477173 -2.898265834968193e-17 -0.9914448261260986 -0.13052628934383392 -2.898265834968193e-17 -0.9914448261260986 -0.13052628934383392 2.898265834968193e-17 -0.9914448261260986 0.13052628934383392 2.898265834968193e-17 -0.9914448261260986 0.13052628934383392 8.497277031666511e-17 -0.9238795638084412 0.38268333673477173 8.497277031666511e-17 -0.9238795638084412 0.38268333673477173 1.3517223087525042e-16 -0.7933533191680908 0.6087616086006165 1.3517223087525042e-16 -0.7933533191680908 0.6087616086006165 1.76159824320641e-16 -0.6087616086006165 0.7933533191680908 1.76159824320641e-16 -0.6087616086006165 0.7933533191680908 1.0 2.220446049250313e-16 4.930380657631324e-32 1.0 2.220446049250313e-16 4.930380657631324e-32 1.0 2.220446049250313e-16 4.930380657631324e-32 1.0 2.220446049250313e-16 4.930380657631324e-32 1.0 2.220446049250313e-16 4.930380657631324e-32 1.0 2.220446049250313e-16 4.930380657631324e-32 1.0 2.220446049250313e-16 4.930380657631324e-32 1.0 2.220446049250313e-16 4.930380657631324e-32 1.0 2.220446049250313e-16 4.930380657631324e-32 1.0 2.220446049250313e-16 4.930380657631324e-32 1.0 2.220446049250313e-16 4.930380657631324e-32 1.0 2.220446049250313e-16 4.930380657631324e-32 1.0 2.220446049250313e-16 4.930380657631324e-32 1.0 2.220446049250313e-16 4.930380657631324e-32 1.0 2.220446049250313e-16 4.930380657631324e-32 1.0 2.220446049250313e-16 4.930380657631324e-32 1.0 2.220446049250313e-16 4.930380657631324e-32 1.0 2.220446049250313e-16 4.930380657631324e-32 1.0 2.220446049250313e-16 4.930380657631324e-32 1.0 2.220446049250313e-16 4.930380657631324e-32 1.0 2.220446049250313e-16 4.930380657631324e-32 1.0 2.220446049250313e-16 4.930380657631324e-32 2.0514247274415557e-16 -0.38268333673477173 0.9238795638084412 2.0514247274415557e-16 -0.38268333673477173 0.9238795638084412 2.2014497472213593e-16 -0.13052628934383392 0.9914448261260986 2.2014497472213593e-16 -0.13052628934383392 0.9914448261260986 -1.0 -2.220446049250313e-16 -4.930380657631324e-32 -1.0 -2.220446049250313e-16 -4.930380657631324e-32 -1.0 -2.220446049250313e-16 -4.930380657631324e-32 -1.0 -2.220446049250313e-16 -4.930380657631324e-32 -1.0 -2.220446049250313e-16 -4.930380657631324e-32 -1.0 -2.220446049250313e-16 -4.930380657631324e-32 -1.0 -2.220446049250313e-16 -4.930380657631324e-32 -1.0 -2.220446049250313e-16 -4.930380657631324e-32 -1.0 -2.220446049250313e-16 -4.930380657631324e-32 -1.0 -2.220446049250313e-16 -4.930380657631324e-32 -1.0 -2.220446049250313e-16 -4.930380657631324e-32 -1.0 -2.220446049250313e-16 -4.930380657631324e-32 -1.0 -2.220446049250313e-16 -4.930380657631324e-32 -1.0 -2.220446049250313e-16 -4.930380657631324e-32 -1.0 -2.220446049250313e-16 -4.930380657631324e-32 -1.0 -2.220446049250313e-16 -4.930380657631324e-32 -1.0 -2.220446049250313e-16 -4.930380657631324e-32 -1.0 -2.220446049250313e-16 -4.930380657631324e-32 -1.0 -2.220446049250313e-16 -4.930380657631324e-32 -1.0 -2.220446049250313e-16 -4.930380657631324e-32 -1.0 -2.220446049250313e-16 -4.930380657631324e-32 -1.0 -2.220446049250313e-16 -4.930380657631324e-32</float_array><technique_common><accessor source="#mesh12-normals-array" count="92" stride="3"><param name="X" type="float" /><param name="Y" type="float" /><param name="Z" type="float" /></accessor></technique_common></source><vertices id="mesh12-vertices"><input semantic="POSITION" source="#mesh12-positions" /></vertices><triangles count="92" material="graphite"><input semantic="VERTEX" source="#mesh12-vertices" offset="0" /><input semantic="NORMAL" source="#mesh12-normals" offset="1" /><p>0 0 1 0 3 0 0 1 3 1 2 1 2 2 3 2 5 2 2 3 5 3 4 3 4 4 5 4 7 4 4 5 7 5 6 5 6 6 7 6 9 6 6 7 9 7 8 7 8 8 9 8 11 8 8 9 11 9 10 9 10 10 11 10 13 10 10 11 13 11 12 11 12 12 13 12 15 12 12 13 15 13 14 13 14 14 15 14 17 14 14 15 17 15 16 15 16 16 17 16 19 16 16 17 19 17 18 17 18 18 19 18 21 18 18 19 21 19 20 19 20 20 21 20 23 20 20 21 23 21 22 21 22 22 23 22 25 22 22 23 25 23 24 23 24 24 25 24 27 24 24 25 27 25 26 25 26 26 27 26 29 26 26 27 29 27 28 27 28 28 29 28 31 28 28 29 31 29 30 29 30 30 31 30 33 30 30 31 33 31 32 31 32 32 33 32 35 32 32 33 35 33 34 33 34 34 35 34 37 34 34 35 37 35 36 35 36 36 37 36 39 36 36 37 39 37 38 37 38 38 39 38 41 38 38 39 41 39 40 39 40 40 41 40 43 40 40 41 43 41 42 41 42 42 43 42 45 42 42 43 45 43 44 43 5 44 3 44 1 44 1 45 47 45 45 45 45 46 43 46 41 46 41 47 39 47 37 47 37 48 35 48 33 48 33 49 31 49 29 49 29 50 27 50 25 50 25 51 23 51 21 51 21 52 19 52 17 52 17 53 15 53 13 53 13 54 11 54 9 54 9 55 7 55 5 55 5 56 1 56 45 56 45 57 41 57 37 57 37 58 33 58 29 58 29 59 25 59 21 59 21 60 17 60 13 60 13 61 9 61 5 61 5 62 45 62 37 62 37 63 29 63 21 63 21 64 13 64 5 64 37 65 21 65 5 65 44 66 45 66 47 66 44 67 47 67 46 67 46 68 47 68 1 68 46 69 1 69 0 69 46 70 0 70 2 70 2 71 4 71 6 71 6 72 8 72 10 72 10 73 12 73 14 73 14 74 16 74 18 74 18 75 20 75 22 75 22 76 24 76 26 76 26 77 28 77 30 77 30 78 32 78 34 78 34 79 36 79 38 79 38 80 40 80 42 80 42 81 44 81 46 81 46 82 2 82 6 82 6 83 10 83 14 83 14 84 18 84 22 84 22 85 26 85 30 85 30 86 34 86 38 86 38 87 42 87 46 87 46 88 6 88 14 88 14 89 22 89 30 89 30 90 38 90 46 90 14 91 30 91 46 91</p></triangles></mesh></geometry></library_geometries><library_visual_scenes><visual_scene id="Scene"><node id="mesh0-node"><instance_geometry url="#mesh0"><bind_material><technique_common><instance_material symbol="graphite" target="#graphite" /></technique_common></bind_material></instance_geometry></node><node id="mesh1-node"><instance_geometry url="#mesh1"><bind_material><technique_common><instance_material symbol="graphite" target="#graphite" /></technique_common></bind_material></instance_geometry></node><node id="mesh2-node"><instance_geometry url="#mesh2"><bind_material><technique_common><instance_material symbol="graphite" target="#graphite" /></technique_common></bind_material></instance_geometry></node><node id="mesh3-node"><instance_geometry url="#mesh3"><bind_material><technique_common><instance_material symbol="graphite" target="#graphite" /></technique_common></bind_material></instance_geometry></node><node id="mesh4-node"><instance_geometry url="#mesh4"><bind_material><technique_common><instance_material symbol="graphite" target="#graphite" /></technique_common></bind_material></instance_geometry></node><node id="mesh5-node"><instance_geometry url="#mesh5"><bind_material><technique_common><instance_material symbol="graphite" target="#graphite" /></technique_common></bind_material></instance_geometry></node><node id="mesh6-node"><instance_geometry url="#mesh6"><bind_material><technique_common><instance_material symbol="graphite" target="#graphite" /></technique_common></bind_material></instance_geometry></node><node id="mesh7-node"><instance_geometry url="#mesh7"><bind_material><technique_common><instance_material symbol="graphite" target="#graphite" /></technique_common></bind_material></instance_geometry></node><node id="mesh8-node"><instance_geometry url="#mesh8"><bind_material><technique_common><instance_material symbol="graphite" target="#graphite" /></technique_common></bind_material></instance_geometry></node><node id="mesh9-node"><instance_geometry url="#mesh9"><bind_material><technique_common><instance_material symbol="graphite" target="#graphite" /></technique_common></bind_material></instance_geometry></node><node id="mesh10-node"><instance_geometry url="#mesh10"><bind_material><technique_common><instance_material symbol="graphite" target="#graphite" /></technique_common></bind_material></instance_geometry></node><node id="mesh11-node"><instance_geometry url="#mesh11"><bind_material><technique_common><instance_material symbol="graphite" target="#graphite" /></technique_common></bind_material></instance_geometry></node><node id="mesh12-node"><instance_geometry url="#mesh12"><bind_material><technique_common><instance_material symbol="graphite" target="#graphite" /></technique_common></bind_material></instance_geometry></node></visual_scene></library_visual_scenes><scene><instance_visual_scene url="#Scene" /></scene></COLLADA>