<?xml version='1.0' encoding='utf-8'?>
<COLLADA xmlns="http://www.collada.org/2005/11/COLLADASchema" version="1.4.1"><asset><unit name="meter" meter="1" /><up_axis>Z_UP</up_axis></asset><library_effects><effect id="graphite-fx"><profile_COMMON><technique sid="common"><phong><emission><color>0 0 0 1</color></emission><ambient><color>0.065 0.075 0.085 1</color></ambient><diffuse><color>0.065 0.075 0.085 1</color></diffuse><specular><color>0.12 0.12 0.12 1</color></specular><shininess><float>25</float></shininess></phong></technique></profile_COMMON></effect><effect id="titanium-fx"><profile_COMMON><technique sid="common"><phong><emission><color>0 0 0 1</color></emission><ambient><color>0.36 0.4 0.43 1</color></ambient><diffuse><color>0.36 0.4 0.43 1</color></diffuse><specular><color>0.12 0.12 0.12 1</color></specular><shininess><float>25</float></shininess></phong></technique></profile_COMMON></effect><effect id="ivory-fx"><profile_COMMON><technique sid="common"><phong><emission><color>0 0 0 1</color></emission><ambient><color>0.72 0.72 0.65 1</color></ambient><diffuse><color>0.72 0.72 0.65 1</color></diffuse><specular><color>0.12 0.12 0.12 1</color></specular><shininess><float>25</float></shininess></phong></technique></profile_COMMON></effect><effect id="copper-fx"><profile_COMMON><technique sid="common"><phong><emission><color>0 0 0 1</color></emission><ambient><color>0.66 0.29 0.08 1</color></ambient><diffuse><color>0.66 0.29 0.08 1</color></diffuse><specular><color>0.12 0.12 0.12 1</color></specular><shininess><float>25</float></shininess></phong></technique></profile_COMMON></effect><effect id="rubber-fx"><profile_COMMON><technique sid="common"><phong><emission><color>0 0 0 1</color></emission><ambient><color>0.025 0.028 0.032 1</color></ambient><diffuse><color>0.025 0.028 0.032 1</color></diffuse><specular><color>0.12 0.12 0.12 1</color></specular><shininess><float>25</float></shininess></phong></technique></profile_COMMON></effect><effect id="lens-fx"><profile_COMMON><technique sid="common"><phong><emission><color>0 0 0 1</color></emission><ambient><color>0.05 0.26 0.33 1</color></ambient><diffuse><color>0.05 0.26 0.33 1</color></diffuse><specular><color>0.12 0.12 0.12 1</color></specular><shininess><float>25</float></shininess></phong></technique></profile_COMMON></effect></library_effects><library_materials><material id="graphite"><instance_effect url="#graphite-fx" /></material><material id="titanium"><instance_effect url="#titanium-fx" /></material><material id="ivory"><instance_effect url="#ivory-fx" /></material><material id="copper"><instance_effect url="#copper-fx" /></material><material id="rubber"><instance_effect url="#rubber-fx" /></material><material id="lens"><instance_effect url="#lens-fx" /></material></library_materials><library_geometries><geometry id="mesh0"><mesh><source id="mesh0-positions"><float_array id="mesh0-array" count="36">-0.15000000596046448 -0.14500001072883606 -0.03799999877810478 -0.15000000596046448 -0.1600000113248825 -0.03800000250339508 -0.1439378261566162 -0.14499999582767487 -0.04149999842047691 -0.1439378261566162 -0.1600000113248825 -0.04150000214576721 -0.1439378261566162 -0.14499999582767487 -0.048500001430511475 -0.1439378261566162 -0.1600000113248825 -0.04850000515580177 -0.15000000596046448 -0.14499999582767487 -0.052000001072883606 -0.15000000596046448 -0.1599999964237213 -0.052000004798173904 -0.15606218576431274 -0.14499999582767487 -0.048500001430511475 -0.15606218576431274 -0.1600000113248825 -0.04850000515580177 -0.15606218576431274 -0.14499999582767487 -0.04149999842047691 -0.15606218576431274 -0.1600000113248825 -0.04150000214576721</float_array><technique_common><accessor source="#mesh0-array" count="12" stride="3"><param name="X" type="float" /><param name="Y" type="float" /><param name="Z" type="float" /></accessor></technique_common></source><source id="mesh0-normals"><float_array id="mesh0-normals-array" count="60">0.5000001192092896 -1.1635817998012499e-07 0.866025447845459 0.5000001192092896 -1.1635817998012499e-07 0.866025447845459 1.0 0.0 0.0 1.0 0.0 0.0 0.5000001192092896 1.1635817998012499e-07 -0.866025447845459 0.5000001192092896 1.1635817998012499e-07 -0.866025447845459 -0.5000001192092896 1.1635817998012499e-07 -0.866025447845459 -0.5000001192092896 1.1635817998012499e-07 -0.866025447845459 0.0 -1.0 -1.3435884227419592e-07 0.0 -1.0 -1.3435884227419592e-07 0.0 -1.0 -1.3435884227419592e-07 0.0 -1.0 -1.3435884227419592e-07 -1.0 0.0 0.0 -1.0 0.0 0.0 -0.5000001192092896 -1.1635817998012499e-07 0.866025447845459 -0.5000001192092896 -1.1635817998012499e-07 0.866025447845459 0.0 1.0 1.3435884227419592e-07 0.0 1.0 1.3435884227419592e-07 0.0 1.0 1.3435884227419592e-07 0.0 1.0 1.3435884227419592e-07</float_array><technique_common><accessor source="#mesh0-normals-array" count="20" stride="3"><param name="X" type="float" /><param name="Y" type="float" /><param name="Z" type="float" /></accessor></technique_common></source><vertices id="mesh0-vertices"><input semantic="POSITION" source="#mesh0-positions" /></vertices><triangles count="20" material="titanium"><input semantic="VERTEX" source="#mesh0-vertices" offset="0" /><input semantic="NORMAL" source="#mesh0-normals" offset="1" /><p>0 0 1 0 3 0 0 1 3 1 2 1 2 2 3 2 5 2 2 3 5 3 4 3 4 4 5 4 7 4 4 5 7 5 6 5 6 6 7 6 9 6 6 7 9 7 8 7 5 8 3 8 1 8 1 9 11 9 9 9 9 10 7 10 5 10 1 11 9 11 5 11 8 12 9 12 11 12 8 13 11 13 10 13 10 14 11 14 1 14 10 15 1 15 0 15 10 16 0 16 2 16 2 17 4 17 6 17 6 18 8 18 10 18 2 19 6 19 10 19</p></triangles></mesh></geometry><geometry id="mesh1"><mesh><source id="mesh1-positions"><float_array id="mesh1-array" count="36">-0.15000000596046448 -0.14500001072883606 0.06200000271201134 -0.15000000596046448 -0.1600000113248825 0.06199999898672104 -0.1439378261566162 -0.14499999582767487 0.058500003069639206 -0.1439378261566162 -0.1600000113248825 0.05849999934434891 -0.1439378261566162 -0.14499999582767487 0.051500000059604645 -0.1439378261566162 -0.1600000113248825 0.051499996334314346 -0.15000000596046448 -0.14499999582767487 0.04800000041723251 -0.15000000596046448 -0.1599999964237213 0.047999996691942215 -0.15606218576431274 -0.14499999582767487 0.051500000059604645 -0.15606218576431274 -0.1600000113248825 0.051499996334314346 -0.15606218576431274 -0.14499999582767487 0.058500003069639206 -0.15606218576431274 -0.1600000113248825 0.05849999934434891</float_array><technique_common><accessor source="#mesh1-array" count="12" stride="3"><param name="X" type="float" /><param name="Y" type="float" /><param name="Z" type="float" /></accessor></technique_common></source><source id="mesh1-normals"><float_array id="mesh1-normals-array" count="60">0.5000001192092896 -1.1635817998012499e-07 0.866025447845459 0.5000001192092896 -1.1635817998012499e-07 0.866025447845459 1.0 0.0 0.0 1.0 0.0 0.0 0.5000001192092896 1.1635817998012499e-07 -0.866025447845459 0.5000001192092896 1.1635817998012499e-07 -0.866025447845459 -0.5000001192092896 1.1635817998012499e-07 -0.866025447845459 -0.5000001192092896 1.1635817998012499e-07 -0.866025447845459 0.0 -1.0 -1.3435884227419592e-07 0.0 -1.0 -1.3435884227419592e-07 0.0 -1.0 -1.3435884227419592e-07 0.0 -1.0 -1.3435884227419592e-07 -1.0 0.0 0.0 -1.0 0.0 0.0 -0.5000001192092896 -1.1635817998012499e-07 0.866025447845459 -0.5000001192092896 -1.1635817998012499e-07 0.866025447845459 0.0 1.0 1.3435884227419592e-07 0.0 1.0 1.3435884227419592e-07 0.0 1.0 1.3435884227419592e-07 0.0 1.0 1.3435884227419592e-07</float_array><technique_common><accessor source="#mesh1-normals-array" count="20" stride="3"><param name="X" type="float" /><param name="Y" type="float" /><param name="Z" type="float" /></accessor></technique_common></source><vertices id="mesh1-vertices"><input semantic="POSITION" source="#mesh1-positions" /></vertices><triangles count="20" material="titanium"><input semantic="VERTEX" source="#mesh1-vertices" offset="0" /><input semantic="NORMAL" source="#mesh1-normals" offset="1" /><p>0 0 1 0 3 0 0 1 3 1 2 1 2 2 3 2 5 2 2 3 5 3 4 3 4 4 5 4 7 4 4 5 7 5 6 5 6 6 7 6 9 6 6 7 9 7 8 7 5 8 3 8 1 8 1 9 11 9 9 9 9 10 7 10 5 10 1 11 9 11 5 11 8 12 9 12 11 12 8 13 11 13 10 13 10 14 11 14 1 14 10 15 1 15 0 15 10 16 0 16 2 16 2 17 4 17 6 17 6 18 8 18 10 18 2 19 6 19 10 19</p></triangles></mesh></geometry><geometry id="mesh2"><mesh><source id="mesh2-positions"><float_array id="mesh2-array" count="36">0.1899999976158142 -0.14500001072883606 -0.03799999877810478 0.1899999976158142 -0.1600000113248825 -0.03800000250339508 0.19606217741966248 -0.14499999582767487 -0.04149999842047691 0.19606217741966248 -0.1600000113248825 -0.04150000214576721 0.19606217741966248 -0.14499999582767487 -0.048500001430511475 0.19606217741966248 -0.1600000113248825 -0.04850000515580177 0.1899999976158142 -0.14499999582767487 -0.052000001072883606 0.1899999976158142 -0.1599999964237213 -0.052000004798173904 0.18393781781196594 -0.14499999582767487 -0.048500001430511475 0.18393781781196594 -0.1600000113248825 -0.04850000515580177 0.18393781781196594 -0.14499999582767487 -0.04149999842047691 0.18393781781196594 -0.1600000113248825 -0.04150000214576721</float_array><technique_common><accessor source="#mesh2-array" count="12" stride="3"><param name="X" type="float" /><param name="Y" type="float" /><param name="Z" type="float" /></accessor></technique_common></source><source id="mesh2-normals"><float_array id="mesh2-normals-array" count="60">0.5000001192092896 -1.1635817998012499e-07 0.866025447845459 0.5000001192092896 -1.1635817998012499e-07 0.866025447845459 1.0 0.0 0.0 1.0 0.0 0.0 0.5000001192092896 1.1635817998012499e-07 -0.866025447845459 0.5000001192092896 1.1635817998012499e-07 -0.866025447845459 -0.5000001192092896 1.1635817998012499e-07 -0.866025447845459 -0.5000001192092896 1.1635817998012499e-07 -0.866025447845459 0.0 -1.0 -1.3435884227419592e-07 0.0 -1.0 -1.3435884227419592e-07 0.0 -1.0 -1.3435884227419592e-07 0.0 -1.0 -1.3435884227419592e-07 -1.0 0.0 0.0 -1.0 0.0 0.0 -0.5000001192092896 -1.1635817998012499e-07 0.866025447845459 -0.5000001192092896 -1.1635817998012499e-07 0.866025447845459 0.0 1.0 1.3435884227419592e-07 0.0 1.0 1.3435884227419592e-07 0.0 1.0 1.3435884227419592e-07 0.0 1.0 1.3435884227419592e-07</float_array><technique_common><accessor source="#mesh2-normals-array" count="20" stride="3"><param name="X" type="float" /><param name="Y" type="float" /><param name="Z" type="float" /></accessor></technique_common></source><vertices id="mesh2-vertices"><input semantic="POSITION" source="#mesh2-positions" /></vertices><triangles count="20" material="titanium"><input semantic="VERTEX" source="#mesh2-vertices" offset="0" /><input semantic="NORMAL" source="#mesh2-normals" offset="1" /><p>0 0 1 0 3 0 0 1 3 1 2 1 2 2 3 2 5 2 2 3 5 3 4 3 4 4 5 4 7 4 4 5 7 5 6 5 6 6 7 6 9 6 6 7 9 7 8 7 5 8 3 8 1 8 1 9 11 9 9 9 9 10 7 10 5 10 1 11 9 11 5 11 8 12 9 12 11 12 8 13 11 13 10 13 10 14 11 14 1 14 10 15 1 15 0 15 10 16 0 16 2 16 2 17 4 17 6 17 6 18 8 18 10 18 2 19 6 19 10 19</p></triangles></mesh></geometry><geometry id="mesh3"><mesh><source id="mesh3-positions"><float_array id="mesh3-array" count="36">0.1899999976158142 -0.14500001072883606 0.06200000271201134 0.1899999976158142 -0.1600000113248825 0.06199999898672104 0.19606217741966248 -0.14499999582767487 0.058500003069639206 0.19606217741966248 -0.1600000113248825 0.05849999934434891 0.19606217741966248 -0.14499999582767487 0.051500000059604645 0.19606217741966248 -0.1600000113248825 0.051499996334314346 0.1899999976158142 -0.14499999582767487 0.04800000041723251 0.1899999976158142 -0.1599999964237213 0.047999996691942215 0.18393781781196594 -0.14499999582767487 0.051500000059604645 0.18393781781196594 -0.1600000113248825 0.051499996334314346 0.18393781781196594 -0.14499999582767487 0.058500003069639206 0.18393781781196594 -0.1600000113248825 0.05849999934434891</float_array><technique_common><accessor source="#mesh3-array" count="12" stride="3"><param name="X" type="float" /><param name="Y" type="float" /><param name="Z" type="float" /></accessor></technique_common></source><source id="mesh3-normals"><float_array id="mesh3-normals-array" count="60">0.5000001192092896 -1.1635817998012499e-07 0.866025447845459 0.5000001192092896 -1.1635817998012499e-07 0.866025447845459 1.0 0.0 0.0 1.0 0.0 0.0 0.5000001192092896 1.1635817998012499e-07 -0.866025447845459 0.5000001192092896 1.1635817998012499e-07 -0.866025447845459 -0.5000001192092896 1.1635817998012499e-07 -0.866025447845459 -0.5000001192092896 1.1635817998012499e-07 -0.866025447845459 0.0 -1.0 -1.3435884227419592e-07 0.0 -1.0 -1.3435884227419592e-07 0.0 -1.0 -1.3435884227419592e-07 0.0 -1.0 -1.3435884227419592e-07 -1.0 0.0 0.0 -1.0 0.0 0.0 -0.5000001192092896 -1.1635817998012499e-07 0.866025447845459 -0.5000001192092896 -1.1635817998012499e-07 0.866025447845459 0.0 1.0 1.3435884227419592e-07 0.0 1.0 1.3435884227419592e-07 0.0 1.0 1.3435884227419592e-07 0.0 1.0 1.3435884227419592e-07</float_array><technique_common><accessor source="#mesh3-normals-array" count="20" stride="3"><param name="X" type="float" /><param name="Y" type="float" /><param name="Z" type="float" /></accessor></technique_common></source><vertices id="mesh3-vertices"><input semantic="POSITION" source="#mesh3-positions" /></vertices><triangles count="20" material="titanium"><input semantic="VERTEX" source="#mesh3-vertices" offset="0" /><input semantic="NORMAL" source="#mesh3-normals" offset="1" /><p>0 0 1 0 3 0 0 1 3 1 2 1 2 2 3 2 5 2 2 3 5 3 4 3 4 4 5 4 7 4 4 5 7 5 6 5 6 6 7 6 9 6 6 7 9 7 8 7 5 8 3 8 1 8 1 9 11 9 9 9 9 10 7 10 5 10 1 11 9 11 5 11 8 12 9 12 11 12 8 13 11 13 10 13 10 14 11 14 1 14 10 15 1 15 0 15 10 16 0 16 2 16 2 17 4 17 6 17 6 18 8 18 10 18 2 19 6 19 10 19</p></triangles></mesh></geometry><geometry id="mesh4"><mesh><source id="mesh4-positions"><float_array id="mesh4-array" count="168">-0.22200000286102295 -0.1379999965429306 0.09750000387430191 -0.22200000286102295 -0.14000000059604645 0.09950000047683716 -0.2239999920129776 -0.1379999965429306 0.09950000047683716 -0.22200000286102295 -0.1394142061471939 0.09808579087257385 -0.2231546938419342 -0.13915470242500305 0.0983453020453453 -0.22341421246528625 -0.1394142061471939 0.09950000047683716 -0.22341421246528625 -0.1379999965429306 0.09808579087257385 -0.22200000286102295 -0.14000000059604645 0.13050000369548798 -0.22200000286102295 -0.1379999965429306 0.13250000774860382 -0.2239999920129776 -0.1379999965429306 0.13050000369548798 -0.22200000286102295 -0.1394142061471939 0.13191421329975128 -0.2231546938419342 -0.13915470242500305 0.13165470957756042 -0.22341421246528625 -0.1379999965429306 0.13191421329975128 -0.22341421246528625 -0.1394142061471939 0.13050000369548798 -0.22200000286102295 -0.10199999809265137 0.09750000387430191 -0.2239999920129776 -0.10199999809265137 0.09950000047683716 -0.22200000286102295 -0.09999999403953552 0.09950000047683716 -0.22341421246528625 -0.10199999809265137 0.09808579087257385 -0.2231546938419342 -0.10084529966115952 0.0983453020453453 -0.22341421246528625 -0.10058578848838806 0.09950000047683716 -0.22200000286102295 -0.10058578848838806 0.09808579087257385 -0.22200000286102295 -0.10199999809265137 0.13250000774860382 -0.22200000286102295 -0.09999999403953552 0.13050000369548798 -0.2239999920129776 -0.10199999809265137 0.13050000369548798 -0.22200000286102295 -0.10058578848838806 0.13191421329975128 -0.2231546938419342 -0.10084529966115952 0.13165470957756042 -0.22341421246528625 -0.10058578848838806 0.13050000369548798 -0.22341421246528625 -0.10199999809265137 0.13191421329975128 -0.21799999475479126 -0.1379999965429306 0.09750000387430191 -0.2160000056028366 -0.1379999965429306 0.09950000047683716 -0.21799999475479126 -0.14000000059604645 0.09950000047683716 -0.21658578515052795 -0.1379999965429306 0.09808579087257385 -0.21684530377388 -0.13915470242500305 0.0983453020453453 -0.21658578515052795 -0.1394142061471939 0.09950000047683716 -0.21799999475479126 -0.1394142061471939 0.09808579087257385 -0.21799999475479126 -0.1379999965429306 0.13250000774860382 -0.21799999475479126 -0.14000000059604645 0.13050000369548798 -0.2160000056028366 -0.1379999965429306 0.13050000369548798 -0.21799999475479126 -0.1394142061471939 0.13191421329975128 -0.21684530377388 -0.13915470242500305 0.13165470957756042 -0.21658578515052795 -0.1394142061471939 0.13050000369548798 -0.21658578515052795 -0.1379999965429306 0.13191421329975128 -0.21799999475479126 -0.10199999809265137 0.09750000387430191 -0.21799999475479126 -0.09999999403953552 0.09950000047683716 -0.2160000056028366 -0.10199999809265137 0.09950000047683716 -0.21799999475479126 -0.10058578848838806 0.09808579087257385 -0.21684530377388 -0.10084529966115952 0.0983453020453453 -0.21658578515052795 -0.10058578848838806 0.09950000047683716 -0.21658578515052795 -0.10199999809265137 0.09808579087257385 -0.21799999475479126 -0.10199999809265137 0.13250000774860382 -0.2160000056028366 -0.10199999809265137 0.13050000369548798 -0.21799999475479126 -0.09999999403953552 0.13050000369548798 -0.21658578515052795 -0.10199999809265137 0.13191421329975128 -0.21684530377388 -0.10084529966115952 0.13165470957756042 -0.21658578515052795 -0.10058578848838806 0.13050000369548798 -0.21799999475479126 -0.10058578848838806 0.13191421329975128</float_array><technique_common><accessor source="#mesh4-array" count="56" stride="3"><param name="X" type="float" /><param name="Y" type="float" /><param name="Z" type="float" /></accessor></technique_common></source><source id="mesh4-normals"><float_array id="mesh4-normals-array" count="324">-0.2817472815513611 -0.36717987060546875 -0.8864521980285645 -0.3671797513961792 -0.281747430562973 -0.8864522576332092 -0.36718055605888367 -0.8864519000053406 -0.2817472517490387 -0.28174734115600586 -0.8864519596099854 -0.3671804368495941 -0.8864519596099854 -0.2817474603652954 -0.36718007922172546 -0.8864519596099854 -0.3671805262565613 -0.28174713253974915 -0.28174734115600586 -0.8864518404006958 0.36718040704727173 -0.36718058586120605 -0.8864519000053406 0.28174731135368347 -0.3671796917915344 -0.28174734115600586 0.8864521980285645 -0.2817472815513611 -0.36717987060546875 0.8864521980285645 -0.8864519596099854 -0.36718037724494934 0.2817472815513611 -0.8864520788192749 -0.28174731135368347 0.3671802580356598 -0.36717963218688965 0.28174734115600586 -0.8864522576332092 -0.2817472517490387 0.3671797215938568 -0.8864522576332092 -0.8864520788192749 0.36718010902404785 -0.2817472517490387 -0.8864520788192749 0.2817472517490387 -0.3671799600124359 -0.28174734115600586 0.8864519000053406 -0.36718034744262695 -0.3671804666519165 0.8864519596099854 -0.2817472815513611 -0.2817472815513611 0.36717987060546875 0.8864521980285645 -0.3671797513961792 0.281747430562973 0.8864522576332092 -0.36718055605888367 0.8864519000053406 0.2817472517490387 -0.28174734115600586 0.8864519596099854 0.3671804368495941 -0.8864519596099854 0.2817474603652954 0.36718007922172546 -0.8864519596099854 0.3671805262565613 0.28174713253974915 0.36717963218688965 -0.28174734115600586 -0.8864522576332092 0.2817472517490387 -0.3671797215938568 -0.8864522576332092 0.8864520788192749 -0.36718010902404785 -0.2817472517490387 0.8864520788192749 -0.2817472517490387 -0.3671799600124359 0.28174734115600586 -0.8864519000053406 -0.36718034744262695 0.3671804666519165 -0.8864519596099854 -0.2817472815513611 0.2817472815513611 -0.36717987060546875 0.8864521980285645 0.3671797513961792 -0.281747430562973 0.8864522576332092 0.36718055605888367 -0.8864519000053406 0.2817472517490387 0.28174734115600586 -0.8864519596099854 0.3671804368495941 0.8864519596099854 -0.2817474603652954 0.36718007922172546 0.8864519596099854 -0.3671805262565613 0.28174713253974915 0.2817472815513611 0.36717987060546875 -0.8864521980285645 0.3671797513961792 0.281747430562973 -0.8864522576332092 0.36718055605888367 0.8864519000053406 -0.2817472517490387 0.28174734115600586 0.8864519596099854 -0.3671804368495941 0.8864519596099854 0.2817474603652954 -0.36718007922172546 0.8864519596099854 0.3671805262565613 -0.28174713253974915 0.36717963218688965 0.28174734115600586 0.8864522576332092 0.2817472517490387 0.3671797215938568 0.8864522576332092 0.8864520788192749 0.36718010902404785 0.2817472517490387 0.8864520788192749 0.2817472517490387 0.3671799600124359 0.28174734115600586 0.8864519000053406 0.36718034744262695 0.3671804666519165 0.8864519596099854 0.2817472815513611 -0.382682740688324 2.475007310209776e-09 -0.923879861831665 -0.38268259167671204 -2.475006644075961e-09 -0.9238798022270203 -0.9238796234130859 -5.975207884034717e-09 -0.38268306851387024 -0.9238797426223755 0.0 -0.3826829791069031 -0.38268378376960754 -0.9238794445991516 -2.8742099811296384e-09 -0.38268378376960754 -0.9238794445991516 -2.8742099811296384e-09 -0.9238795042037964 -0.38268354535102844 -6.9389498591476695e-09 -0.9238794445991516 -0.382683664560318 0.0 -0.382682740688324 -2.475007310209776e-09 0.923879861831665 -0.382682740688324 -2.475007310209776e-09 0.923879861831665 -0.9238796234130859 -5.975207884034717e-09 0.38268306851387024 -0.9238796234130859 0.0 0.38268324732780457 -0.3826836347579956 0.9238795042037964 2.8742090929512187e-09 -0.38268378376960754 0.9238794445991516 8.62262972134431e-09 -0.9238796234130859 0.38268327713012695 2.0816852241978268e-08 -0.9238794445991516 0.382683664560318 0.0 0.0 0.382682740688324 -0.9238798022270203 0.0 0.382682740688324 -0.9238798022270203 0.0 0.9238796234130859 -0.3826833963394165 0.0 0.9238796234130859 -0.3826833963394165 0.0 0.382682740688324 0.9238798022270203 0.0 0.382682740688324 0.9238798022270203 0.0 0.9238796234130859 0.3826833963394165 0.0 0.9238796234130859 0.3826833963394165 0.9238794445991516 0.382683664560318 0.0 0.9238796234130859 0.38268327713012695 -2.0816852241978268e-08 0.38268372416496277 0.9238794445991516 -8.62262883316589e-09 0.3826836347579956 0.9238795042037964 -2.8742090929512187e-09 0.382682740688324 -2.475007310209776e-09 -0.923879861831665 0.38268259167671204 2.475006644075961e-09 -0.9238798022270203 0.9238796234130859 5.975207884034717e-09 -0.38268306851387024 0.9238797426223755 0.0 -0.3826829791069031 0.382682740688324 2.475007310209776e-09 0.923879861831665 0.38268259167671204 -2.475006644075961e-09 0.9238798022270203 0.9238796234130859 -5.975207884034717e-09 0.38268306851387024 0.9238797426223755 0.0 0.3826829791069031 0.3826836347579956 -0.9238795042037964 2.8742090929512187e-09 0.38268378376960754 -0.9238794445991516 8.62262972134431e-09 0.9238796234130859 -0.38268327713012695 2.0816852241978268e-08 0.9238794445991516 -0.382683664560318 0.0 0.0 -0.382682740688324 -0.9238798022270203 0.0 -0.382682740688324 -0.9238798022270203 0.0 -0.9238796234130859 -0.3826833963394165 0.0 -0.9238796234130859 -0.3826833963394165 0.0 -0.382682740688324 0.9238798022270203 0.0 -0.382682740688324 0.9238798022270203 0.0 -0.9238795638084412 0.3826833665370941 0.0 -0.9238796234130859 0.3826833963394165 0.0 0.0 -1.0 0.0 0.0 -1.0 -1.0 0.0 0.0 -1.0 0.0 0.0 0.0 -1.0 0.0 0.0 -1.0 0.0 0.0 0.0 1.0 0.0 0.0 1.0 0.0 1.0 0.0 0.0 1.0 0.0 1.0 0.0 0.0 1.0 0.0 0.0</float_array><technique_common><accessor source="#mesh4-normals-array" count="108" stride="3"><param name="X" type="float" /><param name="Y" type="float" /><param name="Z" type="float" /></accessor></technique_common></source><vertices id="mesh4-vertices"><input semantic="POSITION" source="#mesh4-positions" /></vertices><triangles count="108" material="titanium"><input semantic="VERTEX" source="#mesh4-vertices" offset="0" /><input semantic="NORMAL" source="#mesh4-normals" offset="1" /><p>0 0 3 0 4 0 0 1 4 1 6 1 1 2 5 2 4 2 1 3 4 3 3 3 2 4 6 4 4 4 2 5 4 5 5 5 7 6 10 6 11 6 7 7 11 7 13 7 8 8 12 8 11 8 8 9 11 9 10 9 9 10 13 10 11 10 9 11 11 11 12 11 14 12 17 12 18 12 14 13 18 13 20 13 15 14 19 14 18 14 15 15 18 15 17 15 16 16 20 16 18 16 16 17 18 17 19 17 21 18 24 18 25 18 21 19 25 19 27 19 22 20 26 20 25 20 22 21 25 21 24 21 23 22 27 22 25 22 23 23 25 23 26 23 28 24 31 24 32 24 28 25 32 25 34 25 29 26 33 26 32 26 29 27 32 27 31 27 30 28 34 28 32 28 30 29 32 29 33 29 35 30 38 30 39 30 35 31 39 31 41 31 36 32 40 32 39 32 36 33 39 33 38 33 37 34 41 34 39 34 37 35 39 35 40 35 42 36 45 36 46 36 42 37 46 37 48 37 43 38 47 38 46 38 43 39 46 39 45 39 44 40 48 40 46 40 44 41 46 41 47 41 49 42 52 42 53 42 49 43 53 43 55 43 50 44 54 44 53 44 50 45 53 45 52 45 51 46 55 46 53 46 51 47 53 47 54 47 14 48 0 48 6 48 14 49 6 49 17 49 17 50 6 50 2 50 17 51 2 51 15 51 1 52 7 52 13 52 1 53 13 53 5 53 5 54 13 54 9 54 5 55 9 55 2 55 8 56 21 56 27 56 8 57 27 57 12 57 12 58 27 58 23 58 12 59 23 59 9 59 22 60 16 60 19 60 22 61 19 61 26 61 26 62 19 62 15 62 26 63 15 63 23 63 42 64 14 64 20 64 42 65 20 65 45 65 45 66 20 66 16 66 45 67 16 67 43 67 21 68 49 68 55 68 21 69 55 69 24 69 24 70 55 70 51 70 24 71 51 71 22 71 50 72 44 72 47 72 50 73 47 73 54 73 54 74 47 74 43 74 54 75 43 75 51 75 28 76 42 76 48 76 28 77 48 77 31 77 31 78 48 78 44 78 31 79 44 79 29 79 49 80 35 80 41 80 49 81 41 81 52 81 52 82 41 82 37 82 52 83 37 83 50 83 36 84 30 84 33 84 36 85 33 85 40 85 40 86 33 86 29 86 40 87 29 87 37 87 0 88 28 88 34 88 0 89 34 89 3 89 3 90 34 90 30 90 3 91 30 91 1 91 35 92 8 92 10 92 35 93 10 93 38 93 38 94 10 94 7 94 38 95 7 95 36 95 14 96 42 96 28 96 14 97 28 97 0 97 2 98 9 98 23 98 2 99 23 99 15 99 30 100 36 100 7 100 30 101 7 101 1 101 49 102 21 102 8 102 49 103 8 103 35 103 16 104 22 104 51 104 16 105 51 105 43 105 44 106 50 106 37 106 44 107 37 107 29 107</p></triangles></mesh></geometry><geometry id="mesh5"><mesh><source id="mesh5-positions"><float_array id="mesh5-array" count="168">-0.20499999821186066 -0.1379999965429306 0.09750000387430191 -0.20499999821186066 -0.14000000059604645 0.09950000047683716 -0.2069999873638153 -0.1379999965429306 0.09950000047683716 -0.20499999821186066 -0.1394142061471939 0.09808579087257385 -0.2061546891927719 -0.13915470242500305 0.0983453020453453 -0.20641420781612396 -0.1394142061471939 0.09950000047683716 -0.20641420781612396 -0.1379999965429306 0.09808579087257385 -0.20499999821186066 -0.14000000059604645 0.13050000369548798 -0.20499999821186066 -0.1379999965429306 0.13250000774860382 -0.2069999873638153 -0.1379999965429306 0.13050000369548798 -0.20499999821186066 -0.1394142061471939 0.13191421329975128 -0.2061546891927719 -0.13915470242500305 0.13165470957756042 -0.20641420781612396 -0.1379999965429306 0.13191421329975128 -0.20641420781612396 -0.1394142061471939 0.13050000369548798 -0.20499999821186066 -0.10199999809265137 0.09750000387430191 -0.2069999873638153 -0.10199999809265137 0.09950000047683716 -0.20499999821186066 -0.09999999403953552 0.09950000047683716 -0.20641420781612396 -0.10199999809265137 0.09808579087257385 -0.2061546891927719 -0.10084529966115952 0.0983453020453453 -0.20641420781612396 -0.10058578848838806 0.09950000047683716 -0.20499999821186066 -0.10058578848838806 0.09808579087257385 -0.20499999821186066 -0.10199999809265137 0.13250000774860382 -0.20499999821186066 -0.09999999403953552 0.13050000369548798 -0.2069999873638153 -0.10199999809265137 0.13050000369548798 -0.20499999821186066 -0.10058578848838806 0.13191421329975128 -0.2061546891927719 -0.10084529966115952 0.13165470957756042 -0.20641420781612396 -0.10058578848838806 0.13050000369548798 -0.20641420781612396 -0.10199999809265137 0.13191421329975128 -0.20099999010562897 -0.1379999965429306 0.09750000387430191 -0.19900000095367432 -0.1379999965429306 0.09950000047683716 -0.20099999010562897 -0.14000000059604645 0.09950000047683716 -0.19958578050136566 -0.1379999965429306 0.09808579087257385 -0.1998452991247177 -0.13915470242500305 0.0983453020453453 -0.19958578050136566 -0.1394142061471939 0.09950000047683716 -0.20099999010562897 -0.1394142061471939 0.09808579087257385 -0.20099999010562897 -0.1379999965429306 0.13250000774860382 -0.20099999010562897 -0.14000000059604645 0.13050000369548798 -0.19900000095367432 -0.1379999965429306 0.13050000369548798 -0.20099999010562897 -0.1394142061471939 0.13191421329975128 -0.1998452991247177 -0.13915470242500305 0.13165470957756042 -0.19958578050136566 -0.1394142061471939 0.13050000369548798 -0.19958578050136566 -0.1379999965429306 0.13191421329975128 -0.20099999010562897 -0.10199999809265137 0.09750000387430191 -0.20099999010562897 -0.09999999403953552 0.09950000047683716 -0.19900000095367432 -0.10199999809265137 0.09950000047683716 -0.20099999010562897 -0.10058578848838806 0.09808579087257385 -0.1998452991247177 -0.10084529966115952 0.0983453020453453 -0.19958578050136566 -0.10058578848838806 0.09950000047683716 -0.19958578050136566 -0.10199999809265137 0.09808579087257385 -0.20099999010562897 -0.10199999809265137 0.13250000774860382 -0.19900000095367432 -0.10199999809265137 0.13050000369548798 -0.20099999010562897 -0.09999999403953552 0.13050000369548798 -0.19958578050136566 -0.10199999809265137 0.13191421329975128 -0.1998452991247177 -0.10084529966115952 0.13165470957756042 -0.19958578050136566 -0.10058578848838806 0.13050000369548798 -0.20099999010562897 -0.10058578848838806 0.13191421329975128</float_array><technique_common><accessor source="#mesh5-array" count="56" stride="3"><param name="X" type="float" /><param name="Y" type="float" /><param name="Z" type="float" /></accessor></technique_common></source><source id="mesh5-normals"><float_array id="mesh5-normals-array" count="324">-0.2817472815513611 -0.36717987060546875 -0.8864521980285645 -0.3671797513961792 -0.281747430562973 -0.8864522576332092 -0.36718055605888367 -0.8864519000053406 -0.2817472517490387 -0.28174734115600586 -0.8864519596099854 -0.3671804368495941 -0.8864519596099854 -0.2817474603652954 -0.36718007922172546 -0.8864519596099854 -0.3671805262565613 -0.28174713253974915 -0.28174734115600586 -0.8864518404006958 0.36718040704727173 -0.36718058586120605 -0.8864519000053406 0.28174731135368347 -0.3671796917915344 -0.28174734115600586 0.8864521980285645 -0.2817472815513611 -0.36717987060546875 0.8864521980285645 -0.8864519596099854 -0.36718037724494934 0.2817472815513611 -0.8864520788192749 -0.28174731135368347 0.3671802580356598 -0.36717963218688965 0.28174734115600586 -0.8864522576332092 -0.2817472517490387 0.3671797215938568 -0.8864522576332092 -0.8864520788192749 0.36718010902404785 -0.2817472517490387 -0.8864520788192749 0.2817472517490387 -0.3671799600124359 -0.28174734115600586 0.8864519000053406 -0.36718034744262695 -0.3671804666519165 0.8864519596099854 -0.2817472815513611 -0.2817472815513611 0.36717987060546875 0.8864521980285645 -0.3671797513961792 0.281747430562973 0.8864522576332092 -0.36718055605888367 0.8864519000053406 0.2817472517490387 -0.28174734115600586 0.8864519596099854 0.3671804368495941 -0.8864519596099854 0.2817474603652954 0.36718007922172546 -0.8864519596099854 0.3671805262565613 0.28174713253974915 0.36717963218688965 -0.28174734115600586 -0.8864522576332092 0.2817472517490387 -0.3671797215938568 -0.8864522576332092 0.8864520788192749 -0.36718010902404785 -0.2817472517490387 0.8864520788192749 -0.2817472517490387 -0.3671799600124359 0.28174734115600586 -0.8864519000053406 -0.36718034744262695 0.3671804666519165 -0.8864519596099854 -0.2817472815513611 0.2817472815513611 -0.36717987060546875 0.8864521980285645 0.3671797513961792 -0.281747430562973 0.8864522576332092 0.36718055605888367 -0.8864519000053406 0.2817472517490387 0.28174734115600586 -0.8864519596099854 0.3671804368495941 0.8864519596099854 -0.2817474603652954 0.36718007922172546 0.8864519596099854 -0.3671805262565613 0.28174713253974915 0.2817472815513611 0.36717987060546875 -0.8864521980285645 0.3671797513961792 0.281747430562973 -0.8864522576332092 0.36718055605888367 0.8864519000053406 -0.2817472517490387 0.28174734115600586 0.8864519596099854 -0.3671804368495941 0.8864519596099854 0.2817474603652954 -0.36718007922172546 0.8864519596099854 0.3671805262565613 -0.28174713253974915 0.36717963218688965 0.28174734115600586 0.8864522576332092 0.2817472517490387 0.3671797215938568 0.8864522576332092 0.8864520788192749 0.36718010902404785 0.2817472517490387 0.8864520788192749 0.2817472517490387 0.3671799600124359 0.28174734115600586 0.8864519000053406 0.36718034744262695 0.3671804666519165 0.8864519596099854 0.2817472815513611 -0.382682740688324 2.475007310209776e-09 -0.923879861831665 -0.38268259167671204 -2.475006644075961e-09 -0.9238798022270203 -0.9238796234130859 -5.975207884034717e-09 -0.38268306851387024 -0.9238797426223755 0.0 -0.3826829791069031 -0.38268378376960754 -0.9238794445991516 -2.8742099811296384e-09 -0.38268378376960754 -0.9238794445991516 -2.8742099811296384e-09 -0.9238795042037964 -0.38268354535102844 -6.9389498591476695e-09 -0.9238794445991516 -0.382683664560318 0.0 -0.382682740688324 -2.475007310209776e-09 0.923879861831665 -0.382682740688324 -2.475007310209776e-09 0.923879861831665 -0.9238796234130859 -5.975207884034717e-09 0.38268306851387024 -0.9238796234130859 0.0 0.38268324732780457 -0.3826836347579956 0.9238795042037964 2.8742090929512187e-09 -0.38268378376960754 0.9238794445991516 8.62262972134431e-09 -0.9238796234130859 0.38268327713012695 2.0816852241978268e-08 -0.9238794445991516 0.382683664560318 0.0 0.0 0.382682740688324 -0.9238798022270203 0.0 0.382682740688324 -0.9238798022270203 0.0 0.9238796234130859 -0.3826833963394165 0.0 0.9238796234130859 -0.3826833963394165 0.0 0.382682740688324 0.9238798022270203 0.0 0.382682740688324 0.9238798022270203 0.0 0.9238796234130859 0.3826833963394165 0.0 0.9238796234130859 0.3826833963394165 0.9238794445991516 0.382683664560318 0.0 0.9238796234130859 0.38268327713012695 -2.0816852241978268e-08 0.38268372416496277 0.9238794445991516 -8.62262883316589e-09 0.3826836347579956 0.9238795042037964 -2.8742090929512187e-09 0.382682740688324 -2.475007310209776e-09 -0.923879861831665 0.38268259167671204 2.475006644075961e-09 -0.9238798022270203 0.9238796234130859 5.975207884034717e-09 -0.38268306851387024 0.9238797426223755 0.0 -0.3826829791069031 0.382682740688324 2.475007310209776e-09 0.923879861831665 0.38268259167671204 -2.475006644075961e-09 0.9238798022270203 0.9238796234130859 -5.975207884034717e-09 0.38268306851387024 0.9238797426223755 0.0 0.3826829791069031 0.3826836347579956 -0.9238795042037964 2.8742090929512187e-09 0.38268378376960754 -0.9238794445991516 8.62262972134431e-09 0.9238796234130859 -0.38268327713012695 2.0816852241978268e-08 0.9238794445991516 -0.382683664560318 0.0 0.0 -0.382682740688324 -0.9238798022270203 0.0 -0.382682740688324 -0.9238798022270203 0.0 -0.9238796234130859 -0.3826833963394165 0.0 -0.9238796234130859 -0.3826833963394165 0.0 -0.382682740688324 0.9238798022270203 0.0 -0.382682740688324 0.9238798022270203 0.0 -0.9238795638084412 0.3826833665370941 0.0 -0.9238796234130859 0.3826833963394165 0.0 0.0 -1.0 0.0 0.0 -1.0 -1.0 0.0 0.0 -1.0 0.0 0.0 0.0 -1.0 0.0 0.0 -1.0 0.0 0.0 0.0 1.0 0.0 0.0 1.0 0.0 1.0 0.0 0.0 1.0 0.0 1.0 0.0 0.0 1.0 0.0 0.0</float_array><technique_common><accessor source="#mesh5-normals-array" count="108" stride="3"><param name="X" type="float" /><param name="Y" type="float" /><param name="Z" type="float" /></accessor></technique_common></source><vertices id="mesh5-vertices"><input semantic="POSITION" source="#mesh5-positions" /></vertices><triangles count="108" material="titanium"><input semantic="VERTEX" source="#mesh5-vertices" offset="0" /><input semantic="NORMAL" source="#mesh5-normals" offset="1" /><p>0 0 3 0 4 0 0 1 4 1 6 1 1 2 5 2 4 2 1 3 4 3 3 3 2 4 6 4 4 4 2 5 4 5 5 5 7 6 10 6 11 6 7 7 11 7 13 7 8 8 12 8 11 8 8 9 11 9 10 9 9 10 13 10 11 10 9 11 11 11 12 11 14 12 17 12 18 12 14 13 18 13 20 13 15 14 19 14 18 14 15 15 18 15 17 15 16 16 20 16 18 16 16 17 18 17 19 17 21 18 24 18 25 18 21 19 25 19 27 19 22 20 26 20 25 20 22 21 25 21 24 21 23 22 27 22 25 22 23 23 25 23 26 23 28 24 31 24 32 24 28 25 32 25 34 25 29 26 33 26 32 26 29 27 32 27 31 27 30 28 34 28 32 28 30 29 32 29 33 29 35 30 38 30 39 30 35 31 39 31 41 31 36 32 40 32 39 32 36 33 39 33 38 33 37 34 41 34 39 34 37 35 39 35 40 35 42 36 45 36 46 36 42 37 46 37 48 37 43 38 47 38 46 38 43 39 46 39 45 39 44 40 48 40 46 40 44 41 46 41 47 41 49 42 52 42 53 42 49 43 53 43 55 43 50 44 54 44 53 44 50 45 53 45 52 45 51 46 55 46 53 46 51 47 53 47 54 47 14 48 0 48 6 48 14 49 6 49 17 49 17 50 6 50 2 50 17 51 2 51 15 51 1 52 7 52 13 52 1 53 13 53 5 53 5 54 13 54 9 54 5 55 9 55 2 55 8 56 21 56 27 56 8 57 27 57 12 57 12 58 27 58 23 58 12 59 23 59 9 59 22 60 16 60 19 60 22 61 19 61 26 61 26 62 19 62 15 62 26 63 15 63 23 63 42 64 14 64 20 64 42 65 20 65 45 65 45 66 20 66 16 66 45 67 16 67 43 67 21 68 49 68 55 68 21 69 55 69 24 69 24 70 55 70 51 70 24 71 51 71 22 71 50 72 44 72 47 72 50 73 47 73 54 73 54 74 47 74 43 74 54 75 43 75 51 75 28 76 42 76 48 76 28 77 48 77 31 77 31 78 48 78 44 78 31 79 44 79 29 79 49 80 35 80 41 80 49 81 41 81 52 81 52 82 41 82 37 82 52 83 37 83 50 83 36 84 30 84 33 84 36 85 33 85 40 85 40 86 33 86 29 86 40 87 29 87 37 87 0 88 28 88 34 88 0 89 34 89 3 89 3 90 34 90 30 90 3 91 30 91 1 91 35 92 8 92 10 92 35 93 10 93 38 93 38 94 10 94 7 94 38 95 7 95 36 95 14 96 42 96 28 96 14 97 28 97 0 97 2 98 9 98 23 98 2 99 23 99 15 99 30 100 36 100 7 100 30 101 7 101 1 101 49 102 21 102 8 102 49 103 8 103 35 103 16 104 22 104 51 104 16 105 51 105 43 105 44 106 50 106 37 106 44 107 37 107 29 107</p></triangles></mesh></geometry><geometry id="mesh6"><mesh><source id="mesh6-positions"><float_array id="mesh6-array" count="168">-0.18800000846385956 -0.1379999965429306 0.09750000387430191 -0.18800000846385956 -0.14000000059604645 0.09950000047683716 -0.1899999976158142 -0.1379999965429306 0.09950000047683716 -0.18800000846385956 -0.1394142061471939 0.09808579087257385 -0.1891546994447708 -0.13915470242500305 0.0983453020453453 -0.18941421806812286 -0.1394142061471939 0.09950000047683716 -0.18941421806812286 -0.1379999965429306 0.09808579087257385 -0.18800000846385956 -0.14000000059604645 0.13050000369548798 -0.18800000846385956 -0.1379999965429306 0.13250000774860382 -0.1899999976158142 -0.1379999965429306 0.13050000369548798 -0.18800000846385956 -0.1394142061471939 0.13191421329975128 -0.1891546994447708 -0.13915470242500305 0.13165470957756042 -0.18941421806812286 -0.1379999965429306 0.13191421329975128 -0.18941421806812286 -0.1394142061471939 0.13050000369548798 -0.18800000846385956 -0.10199999809265137 0.09750000387430191 -0.1899999976158142 -0.10199999809265137 0.09950000047683716 -0.18800000846385956 -0.09999999403953552 0.09950000047683716 -0.18941421806812286 -0.10199999809265137 0.09808579087257385 -0.1891546994447708 -0.10084529966115952 0.0983453020453453 -0.18941421806812286 -0.10058578848838806 0.09950000047683716 -0.18800000846385956 -0.10058578848838806 0.09808579087257385 -0.18800000846385956 -0.10199999809265137 0.13250000774860382 -0.18800000846385956 -0.09999999403953552 0.13050000369548798 -0.1899999976158142 -0.10199999809265137 0.13050000369548798 -0.18800000846385956 -0.10058578848838806 0.13191421329975128 -0.1891546994447708 -0.10084529966115952 0.13165470957756042 -0.18941421806812286 -0.10058578848838806 0.13050000369548798 -0.18941421806812286 -0.10199999809265137 0.13191421329975128 -0.18400000035762787 -0.1379999965429306 0.09750000387430191 -0.18200001120567322 -0.1379999965429306 0.09950000047683716 -0.18400000035762787 -0.14000000059604645 0.09950000047683716 -0.18258579075336456 -0.1379999965429306 0.09808579087257385 -0.1828453093767166 -0.13915470242500305 0.0983453020453453 -0.18258579075336456 -0.1394142061471939 0.09950000047683716 -0.18400000035762787 -0.1394142061471939 0.09808579087257385 -0.18400000035762787 -0.1379999965429306 0.13250000774860382 -0.18400000035762787 -0.14000000059604645 0.13050000369548798 -0.18200001120567322 -0.1379999965429306 0.13050000369548798 -0.18400000035762787 -0.1394142061471939 0.13191421329975128 -0.1828453093767166 -0.13915470242500305 0.13165470957756042 -0.18258579075336456 -0.1394142061471939 0.13050000369548798 -0.18258579075336456 -0.1379999965429306 0.13191421329975128 -0.18400000035762787 -0.10199999809265137 0.09750000387430191 -0.18400000035762787 -0.09999999403953552 0.09950000047683716 -0.18200001120567322 -0.10199999809265137 0.09950000047683716 -0.18400000035762787 -0.10058578848838806 0.09808579087257385 -0.1828453093767166 -0.10084529966115952 0.0983453020453453 -0.18258579075336456 -0.10058578848838806 0.09950000047683716 -0.18258579075336456 -0.10199999809265137 0.09808579087257385 -0.18400000035762787 -0.10199999809265137 0.13250000774860382 -0.18200001120567322 -0.10199999809265137 0.13050000369548798 -0.18400000035762787 -0.09999999403953552 0.13050000369548798 -0.18258579075336456 -0.10199999809265137 0.13191421329975128 -0.1828453093767166 -0.10084529966115952 0.13165470957756042 -0.18258579075336456 -0.10058578848838806 0.13050000369548798 -0.18400000035762787 -0.10058578848838806 0.13191421329975128</float_array><technique_common><accessor source="#mesh6-array" count="56" stride="3"><param name="X" type="float" /><param name="Y" type="float" /><param name="Z" type="float" /></accessor></technique_common></source><source id="mesh6-normals"><float_array id="mesh6-normals-array" count="324">-0.2817472815513611 -0.36717987060546875 -0.8864521980285645 -0.3671797513961792 -0.281747430562973 -0.8864522576332092 -0.36718055605888367 -0.8864519000053406 -0.2817472517490387 -0.28174734115600586 -0.8864519596099854 -0.3671804368495941 -0.8864519596099854 -0.2817474603652954 -0.36718007922172546 -0.8864519596099854 -0.3671805262565613 -0.28174713253974915 -0.28174734115600586 -0.8864518404006958 0.36718040704727173 -0.36718058586120605 -0.8864519000053406 0.28174731135368347 -0.3671796917915344 -0.28174734115600586 0.8864521980285645 -0.2817472815513611 -0.36717987060546875 0.8864521980285645 -0.8864519596099854 -0.36718037724494934 0.2817472815513611 -0.8864520788192749 -0.28174731135368347 0.3671802580356598 -0.36717963218688965 0.28174734115600586 -0.8864522576332092 -0.2817472517490387 0.3671797215938568 -0.8864522576332092 -0.8864520788192749 0.36718010902404785 -0.2817472517490387 -0.8864520788192749 0.2817472517490387 -0.3671799600124359 -0.28174734115600586 0.8864519000053406 -0.36718034744262695 -0.3671804666519165 0.8864519596099854 -0.2817472815513611 -0.2817472815513611 0.36717987060546875 0.8864521980285645 -0.3671797513961792 0.281747430562973 0.8864522576332092 -0.36718055605888367 0.8864519000053406 0.2817472517490387 -0.28174734115600586 0.8864519596099854 0.3671804368495941 -0.8864519596099854 0.2817474603652954 0.36718007922172546 -0.8864519596099854 0.3671805262565613 0.28174713253974915 0.36717963218688965 -0.28174734115600586 -0.8864522576332092 0.2817472517490387 -0.3671797215938568 -0.8864522576332092 0.8864520788192749 -0.36718010902404785 -0.2817472517490387 0.8864520788192749 -0.2817472517490387 -0.3671799600124359 0.28174734115600586 -0.8864519000053406 -0.36718034744262695 0.3671804666519165 -0.8864519596099854 -0.2817472815513611 0.2817472815513611 -0.36717987060546875 0.8864521980285645 0.3671797513961792 -0.281747430562973 0.8864522576332092 0.36718055605888367 -0.8864519000053406 0.2817472517490387 0.28174734115600586 -0.8864519596099854 0.3671804368495941 0.8864519596099854 -0.2817474603652954 0.36718007922172546 0.8864519596099854 -0.3671805262565613 0.28174713253974915 0.2817472815513611 0.36717987060546875 -0.8864521980285645 0.3671797513961792 0.281747430562973 -0.8864522576332092 0.36718055605888367 0.8864519000053406 -0.2817472517490387 0.28174734115600586 0.8864519596099854 -0.3671804368495941 0.8864519596099854 0.2817474603652954 -0.36718007922172546 0.8864519596099854 0.3671805262565613 -0.28174713253974915 0.36717963218688965 0.28174734115600586 0.8864522576332092 0.2817472517490387 0.3671797215938568 0.8864522576332092 0.8864520788192749 0.36718010902404785 0.2817472517490387 0.8864520788192749 0.2817472517490387 0.3671799600124359 0.28174734115600586 0.8864519000053406 0.36718034744262695 0.3671804666519165 0.8864519596099854 0.2817472815513611 -0.382682740688324 2.475007310209776e-09 -0.923879861831665 -0.38268259167671204 -2.475006644075961e-09 -0.9238798022270203 -0.9238796234130859 -5.975207884034717e-09 -0.38268306851387024 -0.9238797426223755 0.0 -0.3826829791069031 -0.38268378376960754 -0.9238794445991516 -2.8742099811296384e-09 -0.38268378376960754 -0.9238794445991516 -2.8742099811296384e-09 -0.9238795042037964 -0.38268354535102844 -6.9389498591476695e-09 -0.9238794445991516 -0.382683664560318 0.0 -0.382682740688324 -2.475007310209776e-09 0.923879861831665 -0.382682740688324 -2.475007310209776e-09 0.923879861831665 -0.9238796234130859 -5.975207884034717e-09 0.38268306851387024 -0.9238796234130859 0.0 0.38268324732780457 -0.3826836347579956 0.9238795042037964 2.8742090929512187e-09 -0.38268378376960754 0.9238794445991516 8.62262972134431e-09 -0.9238796234130859 0.38268327713012695 2.0816852241978268e-08 -0.9238794445991516 0.382683664560318 0.0 0.0 0.382682740688324 -0.9238798022270203 0.0 0.382682740688324 -0.9238798022270203 0.0 0.9238796234130859 -0.3826833963394165 0.0 0.9238796234130859 -0.3826833963394165 0.0 0.382682740688324 0.9238798022270203 0.0 0.382682740688324 0.9238798022270203 0.0 0.9238796234130859 0.3826833963394165 0.0 0.9238796234130859 0.3826833963394165 0.9238794445991516 0.382683664560318 0.0 0.9238796234130859 0.38268327713012695 -2.0816852241978268e-08 0.38268372416496277 0.9238794445991516 -8.62262883316589e-09 0.3826836347579956 0.9238795042037964 -2.8742090929512187e-09 0.382682740688324 -2.475007310209776e-09 -0.923879861831665 0.38268259167671204 2.475006644075961e-09 -0.9238798022270203 0.9238796234130859 5.975207884034717e-09 -0.38268306851387024 0.9238797426223755 0.0 -0.3826829791069031 0.382682740688324 2.475007310209776e-09 0.923879861831665 0.38268259167671204 -2.475006644075961e-09 0.9238798022270203 0.9238796234130859 -5.975207884034717e-09 0.38268306851387024 0.9238797426223755 0.0 0.3826829791069031 0.3826836347579956 -0.9238795042037964 2.8742090929512187e-09 0.38268378376960754 -0.9238794445991516 8.62262972134431e-09 0.9238796234130859 -0.38268327713012695 2.0816852241978268e-08 0.9238794445991516 -0.382683664560318 0.0 0.0 -0.382682740688324 -0.9238798022270203 0.0 -0.382682740688324 -0.9238798022270203 0.0 -0.9238796234130859 -0.3826833963394165 0.0 -0.9238796234130859 -0.3826833963394165 0.0 -0.382682740688324 0.9238798022270203 0.0 -0.382682740688324 0.9238798022270203 0.0 -0.9238795638084412 0.3826833665370941 0.0 -0.9238796234130859 0.3826833963394165 0.0 0.0 -1.0 0.0 0.0 -1.0 -1.0 0.0 0.0 -1.0 0.0 0.0 0.0 -1.0 0.0 0.0 -1.0 0.0 0.0 0.0 1.0 0.0 0.0 1.0 0.0 1.0 0.0 0.0 1.0 0.0 1.0 0.0 0.0 1.0 0.0 0.0</float_array><technique_common><accessor source="#mesh6-normals-array" count="108" stride="3"><param name="X" type="float" /><param name="Y" type="float" /><param name="Z" type="float" /></accessor></technique_common></source><vertices id="mesh6-vertices"><input semantic="POSITION" source="#mesh6-positions" /></vertices><triangles count="108" material="titanium"><input semantic="VERTEX" source="#mesh6-vertices" offset="0" /><input semantic="NORMAL" source="#mesh6-normals" offset="1" /><p>0 0 3 0 4 0 0 1 4 1 6 1 1 2 5 2 4 2 1 3 4 3 3 3 2 4 6 4 4 4 2 5 4 5 5 5 7 6 10 6 11 6 7 7 11 7 13 7 8 8 12 8 11 8 8 9 11 9 10 9 9 10 13 10 11 10 9 11 11 11 12 11 14 12 17 12 18 12 14 13 18 13 20 13 15 14 19 14 18 14 15 15 18 15 17 15 16 16 20 16 18 16 16 17 18 17 19 17 21 18 24 18 25 18 21 19 25 19 27 19 22 20 26 20 25 20 22 21 25 21 24 21 23 22 27 22 25 22 23 23 25 23 26 23 28 24 31 24 32 24 28 25 32 25 34 25 29 26 33 26 32 26 29 27 32 27 31 27 30 28 34 28 32 28 30 29 32 29 33 29 35 30 38 30 39 30 35 31 39 31 41 31 36 32 40 32 39 32 36 33 39 33 38 33 37 34 41 34 39 34 37 35 39 35 40 35 42 36 45 36 46 36 42 37 46 37 48 37 43 38 47 38 46 38 43 39 46 39 45 39 44 40 48 40 46 40 44 41 46 41 47 41 49 42 52 42 53 42 49 43 53 43 55 43 50 44 54 44 53 44 50 45 53 45 52 45 51 46 55 46 53 46 51 47 53 47 54 47 14 48 0 48 6 48 14 49 6 49 17 49 17 50 6 50 2 50 17 51 2 51 15 51 1 52 7 52 13 52 1 53 13 53 5 53 5 54 13 54 9 54 5 55 9 55 2 55 8 56 21 56 27 56 8 57 27 57 12 57 12 58 27 58 23 58 12 59 23 59 9 59 22 60 16 60 19 60 22 61 19 61 26 61 26 62 19 62 15 62 26 63 15 63 23 63 42 64 14 64 20 64 42 65 20 65 45 65 45 66 20 66 16 66 45 67 16 67 43 67 21 68 49 68 55 68 21 69 55 69 24 69 24 70 55 70 51 70 24 71 51 71 22 71 50 72 44 72 47 72 50 73 47 73 54 73 54 74 47 74 43 74 54 75 43 75 51 75 28 76 42 76 48 76 28 77 48 77 31 77 31 78 48 78 44 78 31 79 44 79 29 79 49 80 35 80 41 80 49 81 41 81 52 81 52 82 41 82 37 82 52 83 37 83 50 83 36 84 30 84 33 84 36 85 33 85 40 85 40 86 33 86 29 86 40 87 29 87 37 87 0 88 28 88 34 88 0 89 34 89 3 89 3 90 34 90 30 90 3 91 30 91 1 91 35 92 8 92 10 92 35 93 10 93 38 93 38 94 10 94 7 94 38 95 7 95 36 95 14 96 42 96 28 96 14 97 28 97 0 97 2 98 9 98 23 98 2 99 23 99 15 99 30 100 36 100 7 100 30 101 7 101 1 101 49 102 21 102 8 102 49 103 8 103 35 103 16 104 22 104 51 104 16 105 51 105 43 105 44 106 50 106 37 106 44 107 37 107 29 107</p></triangles></mesh></geometry><geometry id="mesh7"><mesh><source id="mesh7-positions"><float_array id="mesh7-array" count="168">-0.17100000381469727 -0.1379999965429306 0.09750000387430191 -0.17100000381469727 -0.14000000059604645 0.09950000047683716 -0.17299999296665192 -0.1379999965429306 0.09950000047683716 -0.17100000381469727 -0.1394142061471939 0.09808579087257385 -0.17215469479560852 -0.13915470242500305 0.0983453020453453 -0.17241421341896057 -0.1394142061471939 0.09950000047683716 -0.17241421341896057 -0.1379999965429306 0.09808579087257385 -0.17100000381469727 -0.14000000059604645 0.13050000369548798 -0.17100000381469727 -0.1379999965429306 0.13250000774860382 -0.17299999296665192 -0.1379999965429306 0.13050000369548798 -0.17100000381469727 -0.1394142061471939 0.13191421329975128 -0.17215469479560852 -0.13915470242500305 0.13165470957756042 -0.17241421341896057 -0.1379999965429306 0.13191421329975128 -0.17241421341896057 -0.1394142061471939 0.13050000369548798 -0.17100000381469727 -0.10199999809265137 0.09750000387430191 -0.17299999296665192 -0.10199999809265137 0.09950000047683716 -0.17100000381469727 -0.09999999403953552 0.09950000047683716 -0.17241421341896057 -0.10199999809265137 0.09808579087257385 -0.17215469479560852 -0.10084529966115952 0.0983453020453453 -0.17241421341896057 -0.10058578848838806 0.09950000047683716 -0.17100000381469727 -0.10058578848838806 0.09808579087257385 -0.17100000381469727 -0.10199999809265137 0.13250000774860382 -0.17100000381469727 -0.09999999403953552 0.13050000369548798 -0.17299999296665192 -0.10199999809265137 0.13050000369548798 -0.17100000381469727 -0.10058578848838806 0.13191421329975128 -0.17215469479560852 -0.10084529966115952 0.13165470957756042 -0.17241421341896057 -0.10058578848838806 0.13050000369548798 -0.17241421341896057 -0.10199999809265137 0.13191421329975128 -0.16699999570846558 -0.1379999965429306 0.09750000387430191 -0.16500000655651093 -0.1379999965429306 0.09950000047683716 -0.16699999570846558 -0.14000000059604645 0.09950000047683716 -0.16558578610420227 -0.1379999965429306 0.09808579087257385 -0.16584530472755432 -0.13915470242500305 0.0983453020453453 -0.16558578610420227 -0.1394142061471939 0.09950000047683716 -0.16699999570846558 -0.1394142061471939 0.09808579087257385 -0.16699999570846558 -0.1379999965429306 0.13250000774860382 -0.16699999570846558 -0.14000000059604645 0.13050000369548798 -0.16500000655651093 -0.1379999965429306 0.13050000369548798 -0.16699999570846558 -0.1394142061471939 0.13191421329975128 -0.16584530472755432 -0.13915470242500305 0.13165470957756042 -0.16558578610420227 -0.1394142061471939 0.13050000369548798 -0.16558578610420227 -0.1379999965429306 0.13191421329975128 -0.16699999570846558 -0.10199999809265137 0.09750000387430191 -0.16699999570846558 -0.09999999403953552 0.09950000047683716 -0.16500000655651093 -0.10199999809265137 0.09950000047683716 -0.16699999570846558 -0.10058578848838806 0.09808579087257385 -0.16584530472755432 -0.10084529966115952 0.0983453020453453 -0.16558578610420227 -0.10058578848838806 0.09950000047683716 -0.16558578610420227 -0.10199999809265137 0.09808579087257385 -0.16699999570846558 -0.10199999809265137 0.13250000774860382 -0.16500000655651093 -0.10199999809265137 0.13050000369548798 -0.16699999570846558 -0.09999999403953552 0.13050000369548798 -0.16558578610420227 -0.10199999809265137 0.13191421329975128 -0.16584530472755432 -0.10084529966115952 0.13165470957756042 -0.16558578610420227 -0.10058578848838806 0.13050000369548798 -0.16699999570846558 -0.10058578848838806 0.13191421329975128</float_array><technique_common><accessor source="#mesh7-array" count="56" stride="3"><param name="X" type="float" /><param name="Y" type="float" /><param name="Z" type="float" /></accessor></technique_common></source><source id="mesh7-normals"><float_array id="mesh7-normals-array" count="324">-0.2817472815513611 -0.36717987060546875 -0.8864521980285645 -0.3671797513961792 -0.281747430562973 -0.8864522576332092 -0.36718055605888367 -0.8864519000053406 -0.2817472517490387 -0.28174734115600586 -0.8864519596099854 -0.3671804368495941 -0.8864519596099854 -0.2817474603652954 -0.36718007922172546 -0.8864519596099854 -0.3671805262565613 -0.28174713253974915 -0.28174734115600586 -0.8864518404006958 0.36718040704727173 -0.36718058586120605 -0.8864519000053406 0.28174731135368347 -0.3671796917915344 -0.28174734115600586 0.8864521980285645 -0.2817472815513611 -0.36717987060546875 0.8864521980285645 -0.8864519596099854 -0.36718037724494934 0.2817472815513611 -0.8864520788192749 -0.28174731135368347 0.3671802580356598 -0.36717963218688965 0.28174734115600586 -0.8864522576332092 -0.2817472517490387 0.3671797215938568 -0.8864522576332092 -0.8864520788192749 0.36718010902404785 -0.2817472517490387 -0.8864520788192749 0.2817472517490387 -0.3671799600124359 -0.28174734115600586 0.8864519000053406 -0.36718034744262695 -0.3671804666519165 0.8864519596099854 -0.2817472815513611 -0.2817472815513611 0.36717987060546875 0.8864521980285645 -0.3671797513961792 0.281747430562973 0.8864522576332092 -0.36718055605888367 0.8864519000053406 0.2817472517490387 -0.28174734115600586 0.8864519596099854 0.3671804368495941 -0.8864519596099854 0.2817474603652954 0.36718007922172546 -0.8864519596099854 0.3671805262565613 0.28174713253974915 0.36717963218688965 -0.28174734115600586 -0.8864522576332092 0.2817472517490387 -0.3671797215938568 -0.8864522576332092 0.8864520788192749 -0.36718010902404785 -0.2817472517490387 0.8864520788192749 -0.2817472517490387 -0.3671799600124359 0.28174734115600586 -0.8864519000053406 -0.36718034744262695 0.3671804666519165 -0.8864519596099854 -0.2817472815513611 0.2817472815513611 -0.36717987060546875 0.8864521980285645 0.3671797513961792 -0.281747430562973 0.8864522576332092 0.36718055605888367 -0.8864519000053406 0.2817472517490387 0.28174734115600586 -0.8864519596099854 0.3671804368495941 0.8864519596099854 -0.2817474603652954 0.36718007922172546 0.8864519596099854 -0.3671805262565613 0.28174713253974915 0.2817472815513611 0.36717987060546875 -0.8864521980285645 0.3671797513961792 0.281747430562973 -0.8864522576332092 0.36718055605888367 0.8864519000053406 -0.2817472517490387 0.28174734115600586 0.8864519596099854 -0.3671804368495941 0.8864519596099854 0.2817474603652954 -0.36718007922172546 0.8864519596099854 0.3671805262565613 -0.28174713253974915 0.36717963218688965 0.28174734115600586 0.8864522576332092 0.2817472517490387 0.3671797215938568 0.8864522576332092 0.8864520788192749 0.36718010902404785 0.2817472517490387 0.8864520788192749 0.2817472517490387 0.3671799600124359 0.28174734115600586 0.8864519000053406 0.36718034744262695 0.3671804666519165 0.8864519596099854 0.2817472815513611 -0.382682740688324 2.475007310209776e-09 -0.923879861831665 -0.38268259167671204 -2.475006644075961e-09 -0.9238798022270203 -0.9238796234130859 -5.975207884034717e-09 -0.38268306851387024 -0.9238797426223755 0.0 -0.3826829791069031 -0.38268378376960754 -0.9238794445991516 -2.8742099811296384e-09 -0.38268378376960754 -0.9238794445991516 -2.8742099811296384e-09 -0.9238795042037964 -0.38268354535102844 -6.9389498591476695e-09 -0.9238794445991516 -0.382683664560318 0.0 -0.382682740688324 -2.475007310209776e-09 0.923879861831665 -0.382682740688324 -2.475007310209776e-09 0.923879861831665 -0.9238796234130859 -5.975207884034717e-09 0.38268306851387024 -0.9238796234130859 0.0 0.38268324732780457 -0.3826836347579956 0.9238795042037964 2.8742090929512187e-09 -0.38268378376960754 0.9238794445991516 8.62262972134431e-09 -0.9238796234130859 0.38268327713012695 2.0816852241978268e-08 -0.9238794445991516 0.382683664560318 0.0 0.0 0.382682740688324 -0.9238798022270203 0.0 0.382682740688324 -0.9238798022270203 0.0 0.9238796234130859 -0.3826833963394165 0.0 0.9238796234130859 -0.3826833963394165 0.0 0.382682740688324 0.9238798022270203 0.0 0.382682740688324 0.9238798022270203 0.0 0.9238796234130859 0.3826833963394165 0.0 0.9238796234130859 0.3826833963394165 0.9238794445991516 0.382683664560318 0.0 0.9238796234130859 0.38268327713012695 -2.0816852241978268e-08 0.38268372416496277 0.9238794445991516 -8.62262883316589e-09 0.3826836347579956 0.9238795042037964 -2.8742090929512187e-09 0.382682740688324 -2.475007310209776e-09 -0.923879861831665 0.38268259167671204 2.475006644075961e-09 -0.9238798022270203 0.9238796234130859 5.975207884034717e-09 -0.38268306851387024 0.9238797426223755 0.0 -0.3826829791069031 0.382682740688324 2.475007310209776e-09 0.923879861831665 0.38268259167671204 -2.475006644075961e-09 0.9238798022270203 0.9238796234130859 -5.975207884034717e-09 0.38268306851387024 0.9238797426223755 0.0 0.3826829791069031 0.3826836347579956 -0.9238795042037964 2.8742090929512187e-09 0.38268378376960754 -0.9238794445991516 8.62262972134431e-09 0.9238796234130859 -0.38268327713012695 2.0816852241978268e-08 0.9238794445991516 -0.382683664560318 0.0 0.0 -0.382682740688324 -0.9238798022270203 0.0 -0.382682740688324 -0.9238798022270203 0.0 -0.9238796234130859 -0.3826833963394165 0.0 -0.9238796234130859 -0.3826833963394165 0.0 -0.382682740688324 0.9238798022270203 0.0 -0.382682740688324 0.9238798022270203 0.0 -0.9238795638084412 0.3826833665370941 0.0 -0.9238796234130859 0.3826833963394165 0.0 0.0 -1.0 0.0 0.0 -1.0 -1.0 0.0 0.0 -1.0 0.0 0.0 0.0 -1.0 0.0 0.0 -1.0 0.0 0.0 0.0 1.0 0.0 0.0 1.0 0.0 1.0 0.0 0.0 1.0 0.0 1.0 0.0 0.0 1.0 0.0 0.0</float_array><technique_common><accessor source="#mesh7-normals-array" count="108" stride="3"><param name="X" type="float" /><param name="Y" type="float" /><param name="Z" type="float" /></accessor></technique_common></source><vertices id="mesh7-vertices"><input semantic="POSITION" source="#mesh7-positions" /></vertices><triangles count="108" material="titanium"><input semantic="VERTEX" source="#mesh7-vertices" offset="0" /><input semantic="NORMAL" source="#mesh7-normals" offset="1" /><p>0 0 3 0 4 0 0 1 4 1 6 1 1 2 5 2 4 2 1 3 4 3 3 3 2 4 6 4 4 4 2 5 4 5 5 5 7 6 10 6 11 6 7 7 11 7 13 7 8 8 12 8 11 8 8 9 11 9 10 9 9 10 13 10 11 10 9 11 11 11 12 11 14 12 17 12 18 12 14 13 18 13 20 13 15 14 19 14 18 14 15 15 18 15 17 15 16 16 20 16 18 16 16 17 18 17 19 17 21 18 24 18 25 18 21 19 25 19 27 19 22 20 26 20 25 20 22 21 25 21 24 21 23 22 27 22 25 22 23 23 25 23 26 23 28 24 31 24 32 24 28 25 32 25 34 25 29 26 33 26 32 26 29 27 32 27 31 27 30 28 34 28 32 28 30 29 32 29 33 29 35 30 38 30 39 30 35 31 39 31 41 31 36 32 40 32 39 32 36 33 39 33 38 33 37 34 41 34 39 34 37 35 39 35 40 35 42 36 45 36 46 36 42 37 46 37 48 37 43 38 47 38 46 38 43 39 46 39 45 39 44 40 48 40 46 40 44 41 46 41 47 41 49 42 52 42 53 42 49 43 53 43 55 43 50 44 54 44 53 44 50 45 53 45 52 45 51 46 55 46 53 46 51 47 53 47 54 47 14 48 0 48 6 48 14 49 6 49 17 49 17 50 6 50 2 50 17 51 2 51 15 51 1 52 7 52 13 52 1 53 13 53 5 53 5 54 13 54 9 54 5 55 9 55 2 55 8 56 21 56 27 56 8 57 27 57 12 57 12 58 27 58 23 58 12 59 23 59 9 59 22 60 16 60 19 60 22 61 19 61 26 61 26 62 19 62 15 62 26 63 15 63 23 63 42 64 14 64 20 64 42 65 20 65 45 65 45 66 20 66 16 66 45 67 16 67 43 67 21 68 49 68 55 68 21 69 55 69 24 69 24 70 55 70 51 70 24 71 51 71 22 71 50 72 44 72 47 72 50 73 47 73 54 73 54 74 47 74 43 74 54 75 43 75 51 75 28 76 42 76 48 76 28 77 48 77 31 77 31 78 48 78 44 78 31 79 44 79 29 79 49 80 35 80 41 80 49 81 41 81 52 81 52 82 41 82 37 82 52 83 37 83 50 83 36 84 30 84 33 84 36 85 33 85 40 85 40 86 33 86 29 86 40 87 29 87 37 87 0 88 28 88 34 88 0 89 34 89 3 89 3 90 34 90 30 90 3 91 30 91 1 91 35 92 8 92 10 92 35 93 10 93 38 93 38 94 10 94 7 94 38 95 7 95 36 95 14 96 42 96 28 96 14 97 28 97 0 97 2 98 9 98 23 98 2 99 23 99 15 99 30 100 36 100 7 100 30 101 7 101 1 101 49 102 21 102 8 102 49 103 8 103 35 103 16 104 22 104 51 104 16 105 51 105 43 105 44 106 50 106 37 106 44 107 37 107 29 107</p></triangles></mesh></geometry><geometry id="mesh8"><mesh><source id="mesh8-positions"><float_array id="mesh8-array" count="168">-0.15399999916553497 -0.1379999965429306 0.09750000387430191 -0.15399999916553497 -0.14000000059604645 0.09950000047683716 -0.15599998831748962 -0.1379999965429306 0.09950000047683716 -0.15399999916553497 -0.1394142061471939 0.09808579087257385 -0.15515469014644623 -0.13915470242500305 0.0983453020453453 -0.15541420876979828 -0.1394142061471939 0.09950000047683716 -0.15541420876979828 -0.1379999965429306 0.09808579087257385 -0.15399999916553497 -0.14000000059604645 0.13050000369548798 -0.15399999916553497 -0.1379999965429306 0.13250000774860382 -0.15599998831748962 -0.1379999965429306 0.13050000369548798 -0.15399999916553497 -0.1394142061471939 0.13191421329975128 -0.15515469014644623 -0.13915470242500305 0.13165470957756042 -0.15541420876979828 -0.1379999965429306 0.13191421329975128 -0.15541420876979828 -0.1394142061471939 0.13050000369548798 -0.15399999916553497 -0.10199999809265137 0.09750000387430191 -0.15599998831748962 -0.10199999809265137 0.09950000047683716 -0.15399999916553497 -0.09999999403953552 0.09950000047683716 -0.15541420876979828 -0.10199999809265137 0.09808579087257385 -0.15515469014644623 -0.10084529966115952 0.0983453020453453 -0.15541420876979828 -0.10058578848838806 0.09950000047683716 -0.15399999916553497 -0.10058578848838806 0.09808579087257385 -0.15399999916553497 -0.10199999809265137 0.13250000774860382 -0.15399999916553497 -0.09999999403953552 0.13050000369548798 -0.15599998831748962 -0.10199999809265137 0.13050000369548798 -0.15399999916553497 -0.10058578848838806 0.13191421329975128 -0.15515469014644623 -0.10084529966115952 0.13165470957756042 -0.15541420876979828 -0.10058578848838806 0.13050000369548798 -0.15541420876979828 -0.10199999809265137 0.13191421329975128 -0.14999999105930328 -0.1379999965429306 0.09750000387430191 -0.14800000190734863 -0.1379999965429306 0.09950000047683716 -0.14999999105930328 -0.14000000059604645 0.09950000047683716 -0.14858578145503998 -0.1379999965429306 0.09808579087257385 -0.14884530007839203 -0.13915470242500305 0.0983453020453453 -0.14858578145503998 -0.1394142061471939 0.09950000047683716 -0.14999999105930328 -0.1394142061471939 0.09808579087257385 -0.14999999105930328 -0.1379999965429306 0.13250000774860382 -0.14999999105930328 -0.14000000059604645 0.13050000369548798 -0.14800000190734863 -0.1379999965429306 0.13050000369548798 -0.14999999105930328 -0.1394142061471939 0.13191421329975128 -0.14884530007839203 -0.13915470242500305 0.13165470957756042 -0.14858578145503998 -0.1394142061471939 0.13050000369548798 -0.14858578145503998 -0.1379999965429306 0.13191421329975128 -0.14999999105930328 -0.10199999809265137 0.09750000387430191 -0.14999999105930328 -0.09999999403953552 0.09950000047683716 -0.14800000190734863 -0.10199999809265137 0.09950000047683716 -0.14999999105930328 -0.10058578848838806 0.09808579087257385 -0.14884530007839203 -0.10084529966115952 0.0983453020453453 -0.14858578145503998 -0.10058578848838806 0.09950000047683716 -0.14858578145503998 -0.10199999809265137 0.09808579087257385 -0.14999999105930328 -0.10199999809265137 0.13250000774860382 -0.14800000190734863 -0.10199999809265137 0.13050000369548798 -0.14999999105930328 -0.09999999403953552 0.13050000369548798 -0.14858578145503998 -0.10199999809265137 0.13191421329975128 -0.14884530007839203 -0.10084529966115952 0.13165470957756042 -0.14858578145503998 -0.10058578848838806 0.13050000369548798 -0.14999999105930328 -0.10058578848838806 0.13191421329975128</float_array><technique_common><accessor source="#mesh8-array" count="56" stride="3"><param name="X" type="float" /><param name="Y" type="float" /><param name="Z" type="float" /></accessor></technique_common></source><source id="mesh8-normals"><float_array id="mesh8-normals-array" count="324">-0.2817472815513611 -0.36717987060546875 -0.8864521980285645 -0.3671797513961792 -0.281747430562973 -0.8864522576332092 -0.36718055605888367 -0.8864519000053406 -0.2817472517490387 -0.28174734115600586 -0.8864519596099854 -0.3671804368495941 -0.8864519596099854 -0.2817474603652954 -0.36718007922172546 -0.8864519596099854 -0.3671805262565613 -0.28174713253974915 -0.28174734115600586 -0.8864518404006958 0.36718040704727173 -0.36718058586120605 -0.8864519000053406 0.28174731135368347 -0.3671796917915344 -0.28174734115600586 0.8864521980285645 -0.2817472815513611 -0.36717987060546875 0.8864521980285645 -0.8864519596099854 -0.36718037724494934 0.2817472815513611 -0.8864520788192749 -0.28174731135368347 0.3671802580356598 -0.36717963218688965 0.28174734115600586 -0.8864522576332092 -0.2817472517490387 0.3671797215938568 -0.8864522576332092 -0.8864520788192749 0.36718010902404785 -0.2817472517490387 -0.8864520788192749 0.2817472517490387 -0.3671799600124359 -0.28174734115600586 0.8864519000053406 -0.36718034744262695 -0.3671804666519165 0.8864519596099854 -0.2817472815513611 -0.2817472815513611 0.36717987060546875 0.8864521980285645 -0.3671797513961792 0.281747430562973 0.8864522576332092 -0.36718055605888367 0.8864519000053406 0.2817472517490387 -0.28174734115600586 0.8864519596099854 0.3671804368495941 -0.8864519596099854 0.2817474603652954 0.36718007922172546 -0.8864519596099854 0.3671805262565613 0.28174713253974915 0.36717963218688965 -0.28174734115600586 -0.8864522576332092 0.2817472517490387 -0.3671797215938568 -0.8864522576332092 0.8864520788192749 -0.36718010902404785 -0.2817472517490387 0.8864520788192749 -0.2817472517490387 -0.3671799600124359 0.28174734115600586 -0.8864519000053406 -0.36718034744262695 0.3671804666519165 -0.8864519596099854 -0.2817472815513611 0.2817472815513611 -0.36717987060546875 0.8864521980285645 0.3671797513961792 -0.281747430562973 0.8864522576332092 0.36718055605888367 -0.8864519000053406 0.2817472517490387 0.28174734115600586 -0.8864519596099854 0.3671804368495941 0.8864519596099854 -0.2817474603652954 0.36718007922172546 0.8864519596099854 -0.3671805262565613 0.28174713253974915 0.2817472815513611 0.36717987060546875 -0.8864521980285645 0.3671797513961792 0.281747430562973 -0.8864522576332092 0.36718055605888367 0.8864519000053406 -0.2817472517490387 0.28174734115600586 0.8864519596099854 -0.3671804368495941 0.8864519596099854 0.2817474603652954 -0.36718007922172546 0.8864519596099854 0.3671805262565613 -0.28174713253974915 0.36717963218688965 0.28174734115600586 0.8864522576332092 0.2817472517490387 0.3671797215938568 0.8864522576332092 0.8864520788192749 0.36718010902404785 0.2817472517490387 0.8864520788192749 0.2817472517490387 0.3671799600124359 0.28174734115600586 0.8864519000053406 0.36718034744262695 0.3671804666519165 0.8864519596099854 0.2817472815513611 -0.382682740688324 2.475007310209776e-09 -0.923879861831665 -0.38268259167671204 -2.475006644075961e-09 -0.9238798022270203 -0.9238796234130859 -5.975207884034717e-09 -0.38268306851387024 -0.9238797426223755 0.0 -0.3826829791069031 -0.38268378376960754 -0.9238794445991516 -2.8742099811296384e-09 -0.38268378376960754 -0.9238794445991516 -2.8742099811296384e-09 -0.9238795042037964 -0.38268354535102844 -6.9389498591476695e-09 -0.9238794445991516 -0.382683664560318 0.0 -0.382682740688324 -2.475007310209776e-09 0.923879861831665 -0.382682740688324 -2.475007310209776e-09 0.923879861831665 -0.9238796234130859 -5.975207884034717e-09 0.38268306851387024 -0.9238796234130859 0.0 0.38268324732780457 -0.3826836347579956 0.9238795042037964 2.8742090929512187e-09 -0.38268378376960754 0.9238794445991516 8.62262972134431e-09 -0.9238796234130859 0.38268327713012695 2.0816852241978268e-08 -0.9238794445991516 0.382683664560318 0.0 0.0 0.382682740688324 -0.9238798022270203 0.0 0.382682740688324 -0.9238798022270203 0.0 0.9238796234130859 -0.3826833963394165 0.0 0.9238796234130859 -0.3826833963394165 0.0 0.382682740688324 0.9238798022270203 0.0 0.382682740688324 0.9238798022270203 0.0 0.9238796234130859 0.3826833963394165 0.0 0.9238796234130859 0.3826833963394165 0.9238794445991516 0.382683664560318 0.0 0.9238796234130859 0.38268327713012695 -2.0816852241978268e-08 0.38268372416496277 0.9238794445991516 -8.62262883316589e-09 0.3826836347579956 0.9238795042037964 -2.8742090929512187e-09 0.382682740688324 -2.475007310209776e-09 -0.923879861831665 0.38268259167671204 2.475006644075961e-09 -0.9238798022270203 0.9238796234130859 5.975207884034717e-09 -0.38268306851387024 0.9238797426223755 0.0 -0.3826829791069031 0.382682740688324 2.475007310209776e-09 0.923879861831665 0.38268259167671204 -2.475006644075961e-09 0.9238798022270203 0.9238796234130859 -5.975207884034717e-09 0.38268306851387024 0.9238797426223755 0.0 0.3826829791069031 0.3826836347579956 -0.9238795042037964 2.8742090929512187e-09 0.38268378376960754 -0.9238794445991516 8.62262972134431e-09 0.9238796234130859 -0.38268327713012695 2.0816852241978268e-08 0.9238794445991516 -0.382683664560318 0.0 0.0 -0.382682740688324 -0.9238798022270203 0.0 -0.382682740688324 -0.9238798022270203 0.0 -0.9238796234130859 -0.3826833963394165 0.0 -0.9238796234130859 -0.3826833963394165 0.0 -0.382682740688324 0.9238798022270203 0.0 -0.382682740688324 0.9238798022270203 0.0 -0.9238795638084412 0.3826833665370941 0.0 -0.9238796234130859 0.3826833963394165 0.0 0.0 -1.0 0.0 0.0 -1.0 -1.0 0.0 0.0 -1.0 0.0 0.0 0.0 -1.0 0.0 0.0 -1.0 0.0 0.0 0.0 1.0 0.0 0.0 1.0 0.0 1.0 0.0 0.0 1.0 0.0 1.0 0.0 0.0 1.0 0.0 0.0</float_array><technique_common><accessor source="#mesh8-normals-array" count="108" stride="3"><param name="X" type="float" /><param name="Y" type="float" /><param name="Z" type="float" /></accessor></technique_common></source><vertices id="mesh8-vertices"><input semantic="POSITION" source="#mesh8-positions" /></vertices><triangles count="108" material="titanium"><input semantic="VERTEX" source="#mesh8-vertices" offset="0" /><input semantic="NORMAL" source="#mesh8-normals" offset="1" /><p>0 0 3 0 4 0 0 1 4 1 6 1 1 2 5 2 4 2 1 3 4 3 3 3 2 4 6 4 4 4 2 5 4 5 5 5 7 6 10 6 11 6 7 7 11 7 13 7 8 8 12 8 11 8 8 9 11 9 10 9 9 10 13 10 11 10 9 11 11 11 12 11 14 12 17 12 18 12 14 13 18 13 20 13 15 14 19 14 18 14 15 15 18 15 17 15 16 16 20 16 18 16 16 17 18 17 19 17 21 18 24 18 25 18 21 19 25 19 27 19 22 20 26 20 25 20 22 21 25 21 24 21 23 22 27 22 25 22 23 23 25 23 26 23 28 24 31 24 32 24 28 25 32 25 34 25 29 26 33 26 32 26 29 27 32 27 31 27 30 28 34 28 32 28 30 29 32 29 33 29 35 30 38 30 39 30 35 31 39 31 41 31 36 32 40 32 39 32 36 33 39 33 38 33 37 34 41 34 39 34 37 35 39 35 40 35 42 36 45 36 46 36 42 37 46 37 48 37 43 38 47 38 46 38 43 39 46 39 45 39 44 40 48 40 46 40 44 41 46 41 47 41 49 42 52 42 53 42 49 43 53 43 55 43 50 44 54 44 53 44 50 45 53 45 52 45 51 46 55 46 53 46 51 47 53 47 54 47 14 48 0 48 6 48 14 49 6 49 17 49 17 50 6 50 2 50 17 51 2 51 15 51 1 52 7 52 13 52 1 53 13 53 5 53 5 54 13 54 9 54 5 55 9 55 2 55 8 56 21 56 27 56 8 57 27 57 12 57 12 58 27 58 23 58 12 59 23 59 9 59 22 60 16 60 19 60 22 61 19 61 26 61 26 62 19 62 15 62 26 63 15 63 23 63 42 64 14 64 20 64 42 65 20 65 45 65 45 66 20 66 16 66 45 67 16 67 43 67 21 68 49 68 55 68 21 69 55 69 24 69 24 70 55 70 51 70 24 71 51 71 22 71 50 72 44 72 47 72 50 73 47 73 54 73 54 74 47 74 43 74 54 75 43 75 51 75 28 76 42 76 48 76 28 77 48 77 31 77 31 78 48 78 44 78 31 79 44 79 29 79 49 80 35 80 41 80 49 81 41 81 52 81 52 82 41 82 37 82 52 83 37 83 50 83 36 84 30 84 33 84 36 85 33 85 40 85 40 86 33 86 29 86 40 87 29 87 37 87 0 88 28 88 34 88 0 89 34 89 3 89 3 90 34 90 30 90 3 91 30 91 1 91 35 92 8 92 10 92 35 93 10 93 38 93 38 94 10 94 7 94 38 95 7 95 36 95 14 96 42 96 28 96 14 97 28 97 0 97 2 98 9 98 23 98 2 99 23 99 15 99 30 100 36 100 7 100 30 101 7 101 1 101 49 102 21 102 8 102 49 103 8 103 35 103 16 104 22 104 51 104 16 105 51 105 43 105 44 106 50 106 37 106 44 107 37 107 29 107</p></triangles></mesh></geometry><geometry id="mesh9"><mesh><source id="mesh9-positions"><float_array id="mesh9-array" count="168">-0.13700000941753387 -0.1379999965429306 0.09750000387430191 -0.13700000941753387 -0.14000000059604645 0.09950000047683716 -0.13899999856948853 -0.1379999965429306 0.09950000047683716 -0.13700000941753387 -0.1394142061471939 0.09808579087257385 -0.13815470039844513 -0.13915470242500305 0.0983453020453453 -0.13841421902179718 -0.1394142061471939 0.09950000047683716 -0.13841421902179718 -0.1379999965429306 0.09808579087257385 -0.13700000941753387 -0.14000000059604645 0.13050000369548798 -0.13700000941753387 -0.1379999965429306 0.13250000774860382 -0.13899999856948853 -0.1379999965429306 0.13050000369548798 -0.13700000941753387 -0.1394142061471939 0.13191421329975128 -0.13815470039844513 -0.13915470242500305 0.13165470957756042 -0.13841421902179718 -0.1379999965429306 0.13191421329975128 -0.13841421902179718 -0.1394142061471939 0.13050000369548798 -0.13700000941753387 -0.10199999809265137 0.09750000387430191 -0.13899999856948853 -0.10199999809265137 0.09950000047683716 -0.13700000941753387 -0.09999999403953552 0.09950000047683716 -0.13841421902179718 -0.10199999809265137 0.09808579087257385 -0.13815470039844513 -0.10084529966115952 0.0983453020453453 -0.13841421902179718 -0.10058578848838806 0.09950000047683716 -0.13700000941753387 -0.10058578848838806 0.09808579087257385 -0.13700000941753387 -0.10199999809265137 0.13250000774860382 -0.13700000941753387 -0.09999999403953552 0.13050000369548798 -0.13899999856948853 -0.10199999809265137 0.13050000369548798 -0.13700000941753387 -0.10058578848838806 0.13191421329975128 -0.13815470039844513 -0.10084529966115952 0.13165470957756042 -0.13841421902179718 -0.10058578848838806 0.13050000369548798 -0.13841421902179718 -0.10199999809265137 0.13191421329975128 -0.13300000131130219 -0.1379999965429306 0.09750000387430191 -0.13100001215934753 -0.1379999965429306 0.09950000047683716 -0.13300000131130219 -0.14000000059604645 0.09950000047683716 -0.13158579170703888 -0.1379999965429306 0.09808579087257385 -0.13184531033039093 -0.13915470242500305 0.0983453020453453 -0.13158579170703888 -0.1394142061471939 0.09950000047683716 -0.13300000131130219 -0.1394142061471939 0.09808579087257385 -0.13300000131130219 -0.1379999965429306 0.13250000774860382 -0.13300000131130219 -0.14000000059604645 0.13050000369548798 -0.13100001215934753 -0.1379999965429306 0.13050000369548798 -0.13300000131130219 -0.1394142061471939 0.13191421329975128 -0.13184531033039093 -0.13915470242500305 0.13165470957756042 -0.13158579170703888 -0.1394142061471939 0.13050000369548798 -0.13158579170703888 -0.1379999965429306 0.13191421329975128 -0.13300000131130219 -0.10199999809265137 0.09750000387430191 -0.13300000131130219 -0.09999999403953552 0.09950000047683716 -0.13100001215934753 -0.10199999809265137 0.09950000047683716 -0.13300000131130219 -0.10058578848838806 0.09808579087257385 -0.13184531033039093 -0.10084529966115952 0.0983453020453453 -0.13158579170703888 -0.10058578848838806 0.09950000047683716 -0.13158579170703888 -0.10199999809265137 0.09808579087257385 -0.13300000131130219 -0.10199999809265137 0.13250000774860382 -0.13100001215934753 -0.10199999809265137 0.13050000369548798 -0.13300000131130219 -0.09999999403953552 0.13050000369548798 -0.13158579170703888 -0.10199999809265137 0.13191421329975128 -0.13184531033039093 -0.10084529966115952 0.13165470957756042 -0.13158579170703888 -0.10058578848838806 0.13050000369548798 -0.13300000131130219 -0.10058578848838806 0.13191421329975128</float_array><technique_common><accessor source="#mesh9-array" count="56" stride="3"><param name="X" type="float" /><param name="Y" type="float" /><param name="Z" type="float" /></accessor></technique_common></source><source id="mesh9-normals"><float_array id="mesh9-normals-array" count="324">-0.2817472815513611 -0.36717987060546875 -0.8864521980285645 -0.3671797513961792 -0.281747430562973 -0.8864522576332092 -0.36718055605888367 -0.8864519000053406 -0.2817472517490387 -0.28174734115600586 -0.8864519596099854 -0.3671804368495941 -0.8864519596099854 -0.2817474603652954 -0.36718007922172546 -0.8864519596099854 -0.3671805262565613 -0.28174713253974915 -0.28174734115600586 -0.8864518404006958 0.36718040704727173 -0.36718058586120605 -0.8864519000053406 0.28174731135368347 -0.3671796917915344 -0.28174734115600586 0.8864521980285645 -0.2817472815513611 -0.36717987060546875 0.8864521980285645 -0.8864519596099854 -0.36718037724494934 0.2817472815513611 -0.8864520788192749 -0.28174731135368347 0.3671802580356598 -0.36717963218688965 0.28174734115600586 -0.8864522576332092 -0.2817472517490387 0.3671797215938568 -0.8864522576332092 -0.8864520788192749 0.36718010902404785 -0.2817472517490387 -0.8864520788192749 0.2817472517490387 -0.3671799600124359 -0.28174734115600586 0.8864519000053406 -0.36718034744262695 -0.3671804666519165 0.8864519596099854 -0.2817472815513611 -0.2817472815513611 0.36717987060546875 0.8864521980285645 -0.3671797513961792 0.281747430562973 0.8864522576332092 -0.36718055605888367 0.8864519000053406 0.2817472517490387 -0.28174734115600586 0.8864519596099854 0.3671804368495941 -0.8864519596099854 0.2817474603652954 0.36718007922172546 -0.8864519596099854 0.3671805262565613 0.28174713253974915 0.36717963218688965 -0.28174734115600586 -0.8864522576332092 0.2817472517490387 -0.3671797215938568 -0.8864522576332092 0.8864520788192749 -0.36718010902404785 -0.2817472517490387 0.8864520788192749 -0.2817472517490387 -0.3671799600124359 0.28174734115600586 -0.8864519000053406 -0.36718034744262695 0.3671804666519165 -0.8864519596099854 -0.2817472815513611 0.2817472815513611 -0.36717987060546875 0.8864521980285645 0.3671797513961792 -0.281747430562973 0.8864522576332092 0.36718055605888367 -0.8864519000053406 0.2817472517490387 0.28174734115600586 -0.8864519596099854 0.3671804368495941 0.8864519596099854 -0.2817474603652954 0.36718007922172546 0.8864519596099854 -0.3671805262565613 0.28174713253974915 0.2817472815513611 0.36717987060546875 -0.8864521980285645 0.3671797513961792 0.281747430562973 -0.8864522576332092 0.36718055605888367 0.8864519000053406 -0.2817472517490387 0.28174734115600586 0.8864519596099854 -0.3671804368495941 0.8864519596099854 0.2817474603652954 -0.36718007922172546 0.8864519596099854 0.3671805262565613 -0.28174713253974915 0.36717963218688965 0.28174734115600586 0.8864522576332092 0.2817472517490387 0.3671797215938568 0.8864522576332092 0.8864520788192749 0.36718010902404785 0.2817472517490387 0.8864520788192749 0.2817472517490387 0.3671799600124359 0.28174734115600586 0.8864519000053406 0.36718034744262695 0.3671804666519165 0.8864519596099854 0.2817472815513611 -0.382682740688324 2.475007310209776e-09 -0.923879861831665 -0.38268259167671204 -2.475006644075961e-09 -0.9238798022270203 -0.9238796234130859 -5.975207884034717e-09 -0.38268306851387024 -0.9238797426223755 0.0 -0.3826829791069031 -0.38268378376960754 -0.9238794445991516 -2.8742099811296384e-09 -0.38268378376960754 -0.9238794445991516 -2.8742099811296384e-09 -0.9238795042037964 -0.38268354535102844 -6.9389498591476695e-09 -0.9238794445991516 -0.382683664560318 0.0 -0.382682740688324 -2.475007310209776e-09 0.923879861831665 -0.382682740688324 -2.475007310209776e-09 0.923879861831665 -0.9238796234130859 -5.975207884034717e-09 0.38268306851387024 -0.9238796234130859 0.0 0.38268324732780457 -0.3826836347579956 0.9238795042037964 2.8742090929512187e-09 -0.38268378376960754 0.9238794445991516 8.62262972134431e-09 -0.9238796234130859 0.38268327713012695 2.0816852241978268e-08 -0.9238794445991516 0.382683664560318 0.0 0.0 0.382682740688324 -0.9238798022270203 0.0 0.382682740688324 -0.9238798022270203 0.0 0.9238796234130859 -0.3826833963394165 0.0 0.9238796234130859 -0.3826833963394165 0.0 0.382682740688324 0.9238798022270203 0.0 0.382682740688324 0.9238798022270203 0.0 0.9238796234130859 0.3826833963394165 0.0 0.9238796234130859 0.3826833963394165 0.9238794445991516 0.382683664560318 0.0 0.9238796234130859 0.38268327713012695 -2.0816852241978268e-08 0.38268372416496277 0.9238794445991516 -8.62262883316589e-09 0.3826836347579956 0.9238795042037964 -2.8742090929512187e-09 0.382682740688324 -2.475007310209776e-09 -0.923879861831665 0.38268259167671204 2.475006644075961e-09 -0.9238798022270203 0.9238796234130859 5.975207884034717e-09 -0.38268306851387024 0.9238797426223755 0.0 -0.3826829791069031 0.382682740688324 2.475007310209776e-09 0.923879861831665 0.38268259167671204 -2.475006644075961e-09 0.9238798022270203 0.9238796234130859 -5.975207884034717e-09 0.38268306851387024 0.9238797426223755 0.0 0.3826829791069031 0.3826836347579956 -0.9238795042037964 2.8742090929512187e-09 0.38268378376960754 -0.9238794445991516 8.62262972134431e-09 0.9238796234130859 -0.38268327713012695 2.0816852241978268e-08 0.9238794445991516 -0.382683664560318 0.0 0.0 -0.382682740688324 -0.9238798022270203 0.0 -0.382682740688324 -0.9238798022270203 0.0 -0.9238796234130859 -0.3826833963394165 0.0 -0.9238796234130859 -0.3826833963394165 0.0 -0.382682740688324 0.9238798022270203 0.0 -0.382682740688324 0.9238798022270203 0.0 -0.9238795638084412 0.3826833665370941 0.0 -0.9238796234130859 0.3826833963394165 0.0 0.0 -1.0 0.0 0.0 -1.0 -1.0 0.0 0.0 -1.0 0.0 0.0 0.0 -1.0 0.0 0.0 -1.0 0.0 0.0 0.0 1.0 0.0 0.0 1.0 0.0 1.0 0.0 0.0 1.0 0.0 1.0 0.0 0.0 1.0 0.0 0.0</float_array><technique_common><accessor source="#mesh9-normals-array" count="108" stride="3"><param name="X" type="float" /><param name="Y" type="float" /><param name="Z" type="float" /></accessor></technique_common></source><vertices id="mesh9-vertices"><input semantic="POSITION" source="#mesh9-positions" /></vertices><triangles count="108" material="titanium"><input semantic="VERTEX" source="#mesh9-vertices" offset="0" /><input semantic="NORMAL" source="#mesh9-normals" offset="1" /><p>0 0 3 0 4 0 0 1 4 1 6 1 1 2 5 2 4 2 1 3 4 3 3 3 2 4 6 4 4 4 2 5 4 5 5 5 7 6 10 6 11 6 7 7 11 7 13 7 8 8 12 8 11 8 8 9 11 9 10 9 9 10 13 10 11 10 9 11 11 11 12 11 14 12 17 12 18 12 14 13 18 13 20 13 15 14 19 14 18 14 15 15 18 15 17 15 16 16 20 16 18 16 16 17 18 17 19 17 21 18 24 18 25 18 21 19 25 19 27 19 22 20 26 20 25 20 22 21 25 21 24 21 23 22 27 22 25 22 23 23 25 23 26 23 28 24 31 24 32 24 28 25 32 25 34 25 29 26 33 26 32 26 29 27 32 27 31 27 30 28 34 28 32 28 30 29 32 29 33 29 35 30 38 30 39 30 35 31 39 31 41 31 36 32 40 32 39 32 36 33 39 33 38 33 37 34 41 34 39 34 37 35 39 35 40 35 42 36 45 36 46 36 42 37 46 37 48 37 43 38 47 38 46 38 43 39 46 39 45 39 44 40 48 40 46 40 44 41 46 41 47 41 49 42 52 42 53 42 49 43 53 43 55 43 50 44 54 44 53 44 50 45 53 45 52 45 51 46 55 46 53 46 51 47 53 47 54 47 14 48 0 48 6 48 14 49 6 49 17 49 17 50 6 50 2 50 17 51 2 51 15 51 1 52 7 52 13 52 1 53 13 53 5 53 5 54 13 54 9 54 5 55 9 55 2 55 8 56 21 56 27 56 8 57 27 57 12 57 12 58 27 58 23 58 12 59 23 59 9 59 22 60 16 60 19 60 22 61 19 61 26 61 26 62 19 62 15 62 26 63 15 63 23 63 42 64 14 64 20 64 42 65 20 65 45 65 45 66 20 66 16 66 45 67 16 67 43 67 21 68 49 68 55 68 21 69 55 69 24 69 24 70 55 70 51 70 24 71 51 71 22 71 50 72 44 72 47 72 50 73 47 73 54 73 54 74 47 74 43 74 54 75 43 75 51 75 28 76 42 76 48 76 28 77 48 77 31 77 31 78 48 78 44 78 31 79 44 79 29 79 49 80 35 80 41 80 49 81 41 81 52 81 52 82 41 82 37 82 52 83 37 83 50 83 36 84 30 84 33 84 36 85 33 85 40 85 40 86 33 86 29 86 40 87 29 87 37 87 0 88 28 88 34 88 0 89 34 89 3 89 3 90 34 90 30 90 3 91 30 91 1 91 35 92 8 92 10 92 35 93 10 93 38 93 38 94 10 94 7 94 38 95 7 95 36 95 14 96 42 96 28 96 14 97 28 97 0 97 2 98 9 98 23 98 2 99 23 99 15 99 30 100 36 100 7 100 30 101 7 101 1 101 49 102 21 102 8 102 49 103 8 103 35 103 16 104 22 104 51 104 16 105 51 105 43 105 44 106 50 106 37 106 44 107 37 107 29 107</p></triangles></mesh></geometry><geometry id="mesh10"><mesh><source id="mesh10-positions"><float_array id="mesh10-array" count="168">-0.11999999731779099 -0.1379999965429306 0.09750000387430191 -0.11999999731779099 -0.14000000059604645 0.09950000047683716 -0.12200000137090683 -0.1379999965429306 0.09950000047683716 -0.11999999731779099 -0.1394142061471939 0.09808579087257385 -0.12115470319986343 -0.13915470242500305 0.0983453020453453 -0.12141421437263489 -0.1394142061471939 0.09950000047683716 -0.12141421437263489 -0.1379999965429306 0.09808579087257385 -0.11999999731779099 -0.14000000059604645 0.13050000369548798 -0.11999999731779099 -0.1379999965429306 0.13250000774860382 -0.12200000137090683 -0.1379999965429306 0.13050000369548798 -0.11999999731779099 -0.1394142061471939 0.13191421329975128 -0.12115470319986343 -0.13915470242500305 0.13165470957756042 -0.12141421437263489 -0.1379999965429306 0.13191421329975128 -0.12141421437263489 -0.1394142061471939 0.13050000369548798 -0.11999999731779099 -0.10199999809265137 0.09750000387430191 -0.12200000137090683 -0.10199999809265137 0.09950000047683716 -0.11999999731779099 -0.09999999403953552 0.09950000047683716 -0.12141421437263489 -0.10199999809265137 0.09808579087257385 -0.12115470319986343 -0.10084529966115952 0.0983453020453453 -0.12141421437263489 -0.10058578848838806 0.09950000047683716 -0.11999999731779099 -0.10058578848838806 0.09808579087257385 -0.11999999731779099 -0.10199999809265137 0.13250000774860382 -0.11999999731779099 -0.09999999403953552 0.13050000369548798 -0.12200000137090683 -0.10199999809265137 0.13050000369548798 -0.11999999731779099 -0.10058578848838806 0.13191421329975128 -0.12115470319986343 -0.10084529966115952 0.13165470957756042 -0.12141421437263489 -0.10058578848838806 0.13050000369548798 -0.12141421437263489 -0.10199999809265137 0.13191421329975128 -0.11600000411272049 -0.1379999965429306 0.09750000387430191 -0.11400000005960464 -0.1379999965429306 0.09950000047683716 -0.11600000411272049 -0.14000000059604645 0.09950000047683716 -0.11458578705787659 -0.1379999965429306 0.09808579087257385 -0.11484529823064804 -0.13915470242500305 0.0983453020453453 -0.11458578705787659 -0.1394142061471939 0.09950000047683716 -0.11600000411272049 -0.1394142061471939 0.09808579087257385 -0.11600000411272049 -0.1379999965429306 0.13250000774860382 -0.11600000411272049 -0.14000000059604645 0.13050000369548798 -0.11400000005960464 -0.1379999965429306 0.13050000369548798 -0.11600000411272049 -0.1394142061471939 0.13191421329975128 -0.11484529823064804 -0.13915470242500305 0.13165470957756042 -0.11458578705787659 -0.1394142061471939 0.13050000369548798 -0.11458578705787659 -0.1379999965429306 0.13191421329975128 -0.11600000411272049 -0.10199999809265137 0.09750000387430191 -0.11600000411272049 -0.09999999403953552 0.09950000047683716 -0.11400000005960464 -0.10199999809265137 0.09950000047683716 -0.11600000411272049 -0.10058578848838806 0.09808579087257385 -0.11484529823064804 -0.10084529966115952 0.0983453020453453 -0.11458578705787659 -0.10058578848838806 0.09950000047683716 -0.11458578705787659 -0.10199999809265137 0.09808579087257385 -0.11600000411272049 -0.10199999809265137 0.13250000774860382 -0.11400000005960464 -0.10199999809265137 0.13050000369548798 -0.11600000411272049 -0.09999999403953552 0.13050000369548798 -0.11458578705787659 -0.10199999809265137 0.13191421329975128 -0.11484529823064804 -0.10084529966115952 0.13165470957756042 -0.11458578705787659 -0.10058578848838806 0.13050000369548798 -0.11600000411272049 -0.10058578848838806 0.13191421329975128</float_array><technique_common><accessor source="#mesh10-array" count="56" stride="3"><param name="X" type="float" /><param name="Y" type="float" /><param name="Z" type="float" /></accessor></technique_common></source><source id="mesh10-normals"><float_array id="mesh10-normals-array" count="324">-0.2817472815513611 -0.36717987060546875 -0.8864521980285645 -0.3671797513961792 -0.281747430562973 -0.8864522576332092 -0.36718055605888367 -0.8864519000053406 -0.2817472517490387 -0.28174734115600586 -0.8864519596099854 -0.3671804368495941 -0.8864519596099854 -0.2817474603652954 -0.36718007922172546 -0.8864519596099854 -0.3671805262565613 -0.28174713253974915 -0.28174734115600586 -0.8864518404006958 0.36718040704727173 -0.36718058586120605 -0.8864519000053406 0.28174731135368347 -0.3671796917915344 -0.28174734115600586 0.8864521980285645 -0.2817472815513611 -0.36717987060546875 0.8864521980285645 -0.8864519596099854 -0.36718037724494934 0.2817472815513611 -0.8864520788192749 -0.28174731135368347 0.3671802580356598 -0.36717963218688965 0.28174734115600586 -0.8864522576332092 -0.2817472517490387 0.3671797215938568 -0.8864522576332092 -0.8864520788192749 0.36718010902404785 -0.2817472517490387 -0.8864520788192749 0.2817472517490387 -0.3671799600124359 -0.28174734115600586 0.8864519000053406 -0.36718034744262695 -0.3671804666519165 0.8864519596099854 -0.2817472815513611 -0.2817472815513611 0.36717987060546875 0.8864521980285645 -0.3671797513961792 0.281747430562973 0.8864522576332092 -0.36718055605888367 0.8864519000053406 0.2817472517490387 -0.28174734115600586 0.8864519596099854 0.3671804368495941 -0.8864519596099854 0.2817474603652954 0.36718007922172546 -0.8864519596099854 0.3671805262565613 0.28174713253974915 0.36717963218688965 -0.28174734115600586 -0.8864522576332092 0.2817472517490387 -0.3671797215938568 -0.8864522576332092 0.8864520788192749 -0.36718010902404785 -0.2817472517490387 0.8864520788192749 -0.2817472517490387 -0.3671799600124359 0.28174734115600586 -0.8864519000053406 -0.36718034744262695 0.3671804666519165 -0.8864519596099854 -0.2817472815513611 0.2817472815513611 -0.36717987060546875 0.8864521980285645 0.3671797513961792 -0.281747430562973 0.8864522576332092 0.36718055605888367 -0.8864519000053406 0.2817472517490387 0.28174734115600586 -0.8864519596099854 0.3671804368495941 0.8864519596099854 -0.2817474603652954 0.36718007922172546 0.8864519596099854 -0.3671805262565613 0.28174713253974915 0.2817472815513611 0.36717987060546875 -0.8864521980285645 0.3671797513961792 0.281747430562973 -0.8864522576332092 0.36718055605888367 0.8864519000053406 -0.2817472517490387 0.28174734115600586 0.8864519596099854 -0.3671804368495941 0.8864519596099854 0.2817474603652954 -0.36718007922172546 0.8864519596099854 0.3671805262565613 -0.28174713253974915 0.36717963218688965 0.28174734115600586 0.8864522576332092 0.2817472517490387 0.3671797215938568 0.8864522576332092 0.8864520788192749 0.36718010902404785 0.2817472517490387 0.8864520788192749 0.2817472517490387 0.3671799600124359 0.28174734115600586 0.8864519000053406 0.36718034744262695 0.3671804666519165 0.8864519596099854 0.2817472815513611 -0.382682740688324 2.475007310209776e-09 -0.923879861831665 -0.38268259167671204 -2.475006644075961e-09 -0.9238798022270203 -0.9238796234130859 -5.975207884034717e-09 -0.38268306851387024 -0.9238797426223755 0.0 -0.3826829791069031 -0.38268378376960754 -0.9238794445991516 -2.8742099811296384e-09 -0.38268378376960754 -0.9238794445991516 -2.8742099811296384e-09 -0.9238795042037964 -0.38268354535102844 -6.9389498591476695e-09 -0.9238794445991516 -0.382683664560318 0.0 -0.382682740688324 -2.475007310209776e-09 0.923879861831665 -0.382682740688324 -2.475007310209776e-09 0.923879861831665 -0.9238796234130859 -5.975207884034717e-09 0.38268306851387024 -0.9238796234130859 0.0 0.38268324732780457 -0.3826836347579956 0.9238795042037964 2.8742090929512187e-09 -0.38268378376960754 0.9238794445991516 8.62262972134431e-09 -0.9238796234130859 0.38268327713012695 2.0816852241978268e-08 -0.9238794445991516 0.382683664560318 0.0 0.0 0.382682740688324 -0.9238798022270203 0.0 0.382682740688324 -0.9238798022270203 0.0 0.9238796234130859 -0.3826833963394165 0.0 0.9238796234130859 -0.3826833963394165 0.0 0.382682740688324 0.9238798022270203 0.0 0.382682740688324 0.9238798022270203 0.0 0.9238796234130859 0.3826833963394165 0.0 0.9238796234130859 0.3826833963394165 0.9238794445991516 0.382683664560318 0.0 0.9238796234130859 0.38268327713012695 -2.0816852241978268e-08 0.38268372416496277 0.9238794445991516 -8.62262883316589e-09 0.3826836347579956 0.9238795042037964 -2.8742090929512187e-09 0.382682740688324 -2.475007310209776e-09 -0.923879861831665 0.38268259167671204 2.475006644075961e-09 -0.9238798022270203 0.9238796234130859 5.975207884034717e-09 -0.38268306851387024 0.9238797426223755 0.0 -0.3826829791069031 0.382682740688324 2.475007310209776e-09 0.923879861831665 0.38268259167671204 -2.475006644075961e-09 0.9238798022270203 0.9238796234130859 -5.975207884034717e-09 0.38268306851387024 0.9238797426223755 0.0 0.3826829791069031 0.3826836347579956 -0.9238795042037964 2.8742090929512187e-09 0.38268378376960754 -0.9238794445991516 8.62262972134431e-09 0.9238796234130859 -0.38268327713012695 2.0816852241978268e-08 0.9238794445991516 -0.382683664560318 0.0 0.0 -0.382682740688324 -0.9238798022270203 0.0 -0.382682740688324 -0.9238798022270203 0.0 -0.9238796234130859 -0.3826833963394165 0.0 -0.9238796234130859 -0.3826833963394165 0.0 -0.382682740688324 0.9238798022270203 0.0 -0.382682740688324 0.9238798022270203 0.0 -0.9238795638084412 0.3826833665370941 0.0 -0.9238796234130859 0.3826833963394165 0.0 0.0 -1.0 0.0 0.0 -1.0 -1.0 0.0 0.0 -1.0 0.0 0.0 0.0 -1.0 0.0 0.0 -1.0 0.0 0.0 0.0 1.0 0.0 0.0 1.0 0.0 1.0 0.0 0.0 1.0 0.0 1.0 0.0 0.0 1.0 0.0 0.0</float_array><technique_common><accessor source="#mesh10-normals-array" count="108" stride="3"><param name="X" type="float" /><param name="Y" type="float" /><param name="Z" type="float" /></accessor></technique_common></source><vertices id="mesh10-vertices"><input semantic="POSITION" source="#mesh10-positions" /></vertices><triangles count="108" material="titanium"><input semantic="VERTEX" source="#mesh10-vertices" offset="0" /><input semantic="NORMAL" source="#mesh10-normals" offset="1" /><p>0 0 3 0 4 0 0 1 4 1 6 1 1 2 5 2 4 2 1 3 4 3 3 3 2 4 6 4 4 4 2 5 4 5 5 5 7 6 10 6 11 6 7 7 11 7 13 7 8 8 12 8 11 8 8 9 11 9 10 9 9 10 13 10 11 10 9 11 11 11 12 11 14 12 17 12 18 12 14 13 18 13 20 13 15 14 19 14 18 14 15 15 18 15 17 15 16 16 20 16 18 16 16 17 18 17 19 17 21 18 24 18 25 18 21 19 25 19 27 19 22 20 26 20 25 20 22 21 25 21 24 21 23 22 27 22 25 22 23 23 25 23 26 23 28 24 31 24 32 24 28 25 32 25 34 25 29 26 33 26 32 26 29 27 32 27 31 27 30 28 34 28 32 28 30 29 32 29 33 29 35 30 38 30 39 30 35 31 39 31 41 31 36 32 40 32 39 32 36 33 39 33 38 33 37 34 41 34 39 34 37 35 39 35 40 35 42 36 45 36 46 36 42 37 46 37 48 37 43 38 47 38 46 38 43 39 46 39 45 39 44 40 48 40 46 40 44 41 46 41 47 41 49 42 52 42 53 42 49 43 53 43 55 43 50 44 54 44 53 44 50 45 53 45 52 45 51 46 55 46 53 46 51 47 53 47 54 47 14 48 0 48 6 48 14 49 6 49 17 49 17 50 6 50 2 50 17 51 2 51 15 51 1 52 7 52 13 52 1 53 13 53 5 53 5 54 13 54 9 54 5 55 9 55 2 55 8 56 21 56 27 56 8 57 27 57 12 57 12 58 27 58 23 58 12 59 23 59 9 59 22 60 16 60 19 60 22 61 19 61 26 61 26 62 19 62 15 62 26 63 15 63 23 63 42 64 14 64 20 64 42 65 20 65 45 65 45 66 20 66 16 66 45 67 16 67 43 67 21 68 49 68 55 68 21 69 55 69 24 69 24 70 55 70 51 70 24 71 51 71 22 71 50 72 44 72 47 72 50 73 47 73 54 73 54 74 47 74 43 74 54 75 43 75 51 75 28 76 42 76 48 76 28 77 48 77 31 77 31 78 48 78 44 78 31 79 44 79 29 79 49 80 35 80 41 80 49 81 41 81 52 81 52 82 41 82 37 82 52 83 37 83 50 83 36 84 30 84 33 84 36 85 33 85 40 85 40 86 33 86 29 86 40 87 29 87 37 87 0 88 28 88 34 88 0 89 34 89 3 89 3 90 34 90 30 90 3 91 30 91 1 91 35 92 8 92 10 92 35 93 10 93 38 93 38 94 10 94 7 94 38 95 7 95 36 95 14 96 42 96 28 96 14 97 28 97 0 97 2 98 9 98 23 98 2 99 23 99 15 99 30 100 36 100 7 100 30 101 7 101 1 101 49 102 21 102 8 102 49 103 8 103 35 103 16 104 22 104 51 104 16 105 51 105 43 105 44 106 50 106 37 106 44 107 37 107 29 107</p></triangles></mesh></geometry><geometry id="mesh11"><mesh><source id="mesh11-positions"><float_array id="mesh11-array" count="36">-0.15000000596046448 0.14499999582767487 -0.03799999877810478 -0.15000000596046448 0.1599999964237213 -0.03800000250339508 -0.15606218576431274 0.14499999582767487 -0.04150000214576721 -0.15606218576431274 0.1600000113248825 -0.04150000214576721 -0.15606218576431274 0.14499999582767487 -0.048500001430511475 -0.15606218576431274 0.1600000113248825 -0.04850000515580177 -0.15000000596046448 0.14500001072883606 -0.052000001072883606 -0.15000000596046448 0.1600000113248825 -0.052000004798173904 -0.1439378261566162 0.14499999582767487 -0.048500001430511475 -0.1439378261566162 0.1600000113248825 -0.048500001430511475 -0.1439378261566162 0.14499999582767487 -0.04149999842047691 -0.1439378261566162 0.1600000113248825 -0.04150000214576721</float_array><technique_common><accessor source="#mesh11-array" count="12" stride="3"><param name="X" type="float" /><param name="Y" type="float" /><param name="Z" type="float" /></accessor></technique_common></source><source id="mesh11-normals"><float_array id="mesh11-normals-array" count="60">-0.5000001192092896 1.1635815866384291e-07 0.8660253882408142 -0.5000001192092896 1.1635815866384291e-07 0.8660253882408142 -1.0 -2.028762154473486e-14 -1.5099581673894136e-07 -1.0 -2.028762154473486e-14 -1.5099581673894136e-07 -0.49999988079071045 -1.1635817287469763e-07 -0.8660255074501038 -0.49999988079071045 -1.1635817287469763e-07 -0.8660255074501038 0.5000001192092896 -1.1635815866384291e-07 -0.8660253882408142 0.5000001192092896 -1.1635815866384291e-07 -0.8660253882408142 -2.028761815660307e-14 1.0 1.343588280633412e-07 -2.028761815660307e-14 1.0 1.343588280633412e-07 -2.028761815660307e-14 1.0 1.343588280633412e-07 -2.028761815660307e-14 1.0 1.343588280633412e-07 1.0 2.028762154473486e-14 1.5099581673894136e-07 1.0 2.028762154473486e-14 1.5099581673894136e-07 0.49999988079071045 1.1635817287469763e-07 0.8660255074501038 0.49999988079071045 1.1635817287469763e-07 0.8660255074501038 2.028761815660307e-14 -1.0 -1.343588280633412e-07 2.028761815660307e-14 -1.0 -1.343588280633412e-07 2.028761815660307e-14 -1.0 -1.343588280633412e-07 2.028761815660307e-14 -1.0 -1.343588280633412e-07</float_array><technique_common><accessor source="#mesh11-normals-array" count="20" stride="3"><param name="X" type="float" /><param name="Y" type="float" /><param name="Z" type="float" /></accessor></technique_common></source><vertices id="mesh11-vertices"><input semantic="POSITION" source="#mesh11-positions" /></vertices><triangles count="20" material="titanium"><input semantic="VERTEX" source="#mesh11-vertices" offset="0" /><input semantic="NORMAL" source="#mesh11-normals" offset="1" /><p>0 0 1 0 3 0 0 1 3 1 2 1 2 2 3 2 5 2 2 3 5 3 4 3 4 4 5 4 7 4 4 5 7 5 6 5 6 6 7 6 9 6 6 7 9 7 8 7 5 8 3 8 1 8 1 9 11 9 9 9 9 10 7 10 5 10 1 11 9 11 5 11 8 12 9 12 11 12 8 13 11 13 10 13 10 14 11 14 1 14 10 15 1 15 0 15 10 16 0 16 2 16 2 17 4 17 6 17 6 18 8 18 10 18 2 19 6 19 10 19</p></triangles></mesh></geometry><geometry id="mesh12"><mesh><source id="mesh12-positions"><float_array id="mesh12-array" count="36">-0.15000000596046448 0.14499999582767487 0.06200000271201134 -0.15000000596046448 0.1599999964237213 0.06199999898672104 -0.15606218576431274 0.14499999582767487 0.05849999934434891 -0.15606218576431274 0.1600000113248825 0.05849999934434891 -0.15606218576431274 0.14499999582767487 0.051500000059604645 -0.15606218576431274 0.1600000113248825 0.051499996334314346 -0.15000000596046448 0.14500001072883606 0.04800000041723251 -0.15000000596046448 0.1600000113248825 0.047999996691942215 -0.1439378261566162 0.14499999582767487 0.051500000059604645 -0.1439378261566162 0.1600000113248825 0.051500000059604645 -0.1439378261566162 0.14499999582767487 0.058500003069639206 -0.1439378261566162 0.1600000113248825 0.05849999934434891</float_array><technique_common><accessor source="#mesh12-array" count="12" stride="3"><param name="X" type="float" /><param name="Y" type="float" /><param name="Z" type="float" /></accessor></technique_common></source><source id="mesh12-normals"><float_array id="mesh12-normals-array" count="60">-0.5000001192092896 1.1635815866384291e-07 0.8660253882408142 -0.5000001192092896 1.1635815866384291e-07 0.8660253882408142 -1.0 -2.028762154473486e-14 -1.5099581673894136e-07 -1.0 -2.028762154473486e-14 -1.5099581673894136e-07 -0.49999988079071045 -1.1635817287469763e-07 -0.8660255074501038 -0.49999988079071045 -1.1635817287469763e-07 -0.8660255074501038 0.5000001192092896 -1.1635815866384291e-07 -0.8660253882408142 0.5000001192092896 -1.1635815866384291e-07 -0.8660253882408142 -2.028761815660307e-14 1.0 1.343588280633412e-07 -2.028761815660307e-14 1.0 1.343588280633412e-07 -2.028761815660307e-14 1.0 1.343588280633412e-07 -2.028761815660307e-14 1.0 1.343588280633412e-07 1.0 2.028762154473486e-14 1.5099581673894136e-07 1.0 2.028762154473486e-14 1.5099581673894136e-07 0.49999988079071045 1.1635817287469763e-07 0.8660255074501038 0.49999988079071045 1.1635817287469763e-07 0.8660255074501038 2.028761815660307e-14 -1.0 -1.343588280633412e-07 2.028761815660307e-14 -1.0 -1.343588280633412e-07 2.028761815660307e-14 -1.0 -1.343588280633412e-07 2.028761815660307e-14 -1.0 -1.343588280633412e-07</float_array><technique_common><accessor source="#mesh12-normals-array" count="20" stride="3"><param name="X" type="float" /><param name="Y" type="float" /><param name="Z" type="float" /></accessor></technique_common></source><vertices id="mesh12-vertices"><input semantic="POSITION" source="#mesh12-positions" /></vertices><triangles count="20" material="titanium"><input semantic="VERTEX" source="#mesh12-vertices" offset="0" /><input semantic="NORMAL" source="#mesh12-normals" offset="1" /><p>0 0 1 0 3 0 0 1 3 1 2 1 2 2 3 2 5 2 2 3 5 3 4 3 4 4 5 4 7 4 4 5 7 5 6 5 6 6 7 6 9 6 6 7 9 7 8 7 5 8 3 8 1 8 1 9 11 9 9 9 9 10 7 10 5 10 1 11 9 11 5 11 8 12 9 12 11 12 8 13 11 13 10 13 10 14 11 14 1 14 10 15 1 15 0 15 10 16 0 16 2 16 2 17 4 17 6 17 6 18 8 18 10 18 2 19 6 19 10 19</p></triangles></mesh></geometry><geometry id="mesh13"><mesh><source id="mesh13-positions"><float_array id="mesh13-array" count="36">0.1899999976158142 0.14499999582767487 -0.03799999877810478 0.1899999976158142 0.1599999964237213 -0.03800000250339508 0.18393781781196594 0.14499999582767487 -0.04150000214576721 0.18393781781196594 0.1600000113248825 -0.04150000214576721 0.18393781781196594 0.14499999582767487 -0.048500001430511475 0.18393781781196594 0.1600000113248825 -0.04850000515580177 0.1899999976158142 0.14500001072883606 -0.052000001072883606 0.1899999976158142 0.1600000113248825 -0.052000004798173904 0.19606217741966248 0.14499999582767487 -0.048500001430511475 0.19606217741966248 0.1600000113248825 -0.048500001430511475 0.19606217741966248 0.14499999582767487 -0.04149999842047691 0.19606217741966248 0.1600000113248825 -0.04150000214576721</float_array><technique_common><accessor source="#mesh13-array" count="12" stride="3"><param name="X" type="float" /><param name="Y" type="float" /><param name="Z" type="float" /></accessor></technique_common></source><source id="mesh13-normals"><float_array id="mesh13-normals-array" count="60">-0.5000001192092896 1.1635815866384291e-07 0.8660253882408142 -0.5000001192092896 1.1635815866384291e-07 0.8660253882408142 -1.0 -2.028762154473486e-14 -1.5099581673894136e-07 -1.0 -2.028762154473486e-14 -1.5099581673894136e-07 -0.49999988079071045 -1.1635817287469763e-07 -0.8660255074501038 -0.49999988079071045 -1.1635817287469763e-07 -0.8660255074501038 0.5000001192092896 -1.1635815866384291e-07 -0.8660253882408142 0.5000001192092896 -1.1635815866384291e-07 -0.8660253882408142 -2.028761815660307e-14 1.0 1.343588280633412e-07 -2.028761815660307e-14 1.0 1.343588280633412e-07 -2.028761815660307e-14 1.0 1.343588280633412e-07 -2.028761815660307e-14 1.0 1.343588280633412e-07 1.0 2.028762154473486e-14 1.5099581673894136e-07 1.0 2.028762154473486e-14 1.5099581673894136e-07 0.49999988079071045 1.1635817287469763e-07 0.8660255074501038 0.49999988079071045 1.1635817287469763e-07 0.8660255074501038 2.028761815660307e-14 -1.0 -1.343588280633412e-07 2.028761815660307e-14 -1.0 -1.343588280633412e-07 2.028761815660307e-14 -1.0 -1.343588280633412e-07 2.028761815660307e-14 -1.0 -1.343588280633412e-07</float_array><technique_common><accessor source="#mesh13-normals-array" count="20" stride="3"><param name="X" type="float" /><param name="Y" type="float" /><param name="Z" type="float" /></accessor></technique_common></source><vertices id="mesh13-vertices"><input semantic="POSITION" source="#mesh13-positions" /></vertices><triangles count="20" material="titanium"><input semantic="VERTEX" source="#mesh13-vertices" offset="0" /><input semantic="NORMAL" source="#mesh13-normals" offset="1" /><p>0 0 1 0 3 0 0 1 3 1 2 1 2 2 3 2 5 2 2 3 5 3 4 3 4 4 5 4 7 4 4 5 7 5 6 5 6 6 7 6 9 6 6 7 9 7 8 7 5 8 3 8 1 8 1 9 11 9 9 9 9 10 7 10 5 10 1 11 9 11 5 11 8 12 9 12 11 12 8 13 11 13 10 13 10 14 11 14 1 14 10 15 1 15 0 15 10 16 0 16 2 16 2 17 4 17 6 17 6 18 8 18 10 18 2 19 6 19 10 19</p></triangles></mesh></geometry><geometry id="mesh14"><mesh><source id="mesh14-positions"><float_array id="mesh14-array" count="36">0.1899999976158142 0.14499999582767487 0.06200000271201134 0.1899999976158142 0.1599999964237213 0.06199999898672104 0.18393781781196594 0.14499999582767487 0.05849999934434891 0.18393781781196594 0.1600000113248825 0.05849999934434891 0.18393781781196594 0.14499999582767487 0.051500000059604645 0.18393781781196594 0.1600000113248825 0.051499996334314346 0.1899999976158142 0.14500001072883606 0.04800000041723251 0.1899999976158142 0.1600000113248825 0.047999996691942215 0.19606217741966248 0.14499999582767487 0.051500000059604645 0.19606217741966248 0.1600000113248825 0.051500000059604645 0.19606217741966248 0.14499999582767487 0.058500003069639206 0.19606217741966248 0.1600000113248825 0.05849999934434891</float_array><technique_common><accessor source="#mesh14-array" count="12" stride="3"><param name="X" type="float" /><param name="Y" type="float" /><param name="Z" type="float" /></accessor></technique_common></source><source id="mesh14-normals"><float_array id="mesh14-normals-array" count="60">-0.5000001192092896 1.1635815866384291e-07 0.8660253882408142 -0.5000001192092896 1.1635815866384291e-07 0.8660253882408142 -1.0 -2.028762154473486e-14 -1.5099581673894136e-07 -1.0 -2.028762154473486e-14 -1.5099581673894136e-07 -0.49999988079071045 -1.1635817287469763e-07 -0.8660255074501038 -0.49999988079071045 -1.1635817287469763e-07 -0.8660255074501038 0.5000001192092896 -1.1635815866384291e-07 -0.8660253882408142 0.5000001192092896 -1.1635815866384291e-07 -0.8660253882408142 -2.028761815660307e-14 1.0 1.343588280633412e-07 -2.028761815660307e-14 1.0 1.343588280633412e-07 -2.028761815660307e-14 1.0 1.343588280633412e-07 -2.028761815660307e-14 1.0 1.343588280633412e-07 1.0 2.028762154473486e-14 1.5099581673894136e-07 1.0 2.028762154473486e-14 1.5099581673894136e-07 0.49999988079071045 1.1635817287469763e-07 0.8660255074501038 0.49999988079071045 1.1635817287469763e-07 0.8660255074501038 2.028761815660307e-14 -1.0 -1.343588280633412e-07 2.028761815660307e-14 -1.0 -1.343588280633412e-07 2.028761815660307e-14 -1.0 -1.343588280633412e-07 2.028761815660307e-14 -1.0 -1.343588280633412e-07</float_array><technique_common><accessor source="#mesh14-normals-array" count="20" stride="3"><param name="X" type="float" /><param name="Y" type="float" /><param name="Z" type="float" /></accessor></technique_common></source><vertices id="mesh14-vertices"><input semantic="POSITION" source="#mesh14-positions" /></vertices><triangles count="20" material="titanium"><input semantic="VERTEX" source="#mesh14-vertices" offset="0" /><input semantic="NORMAL" source="#mesh14-normals" offset="1" /><p>0 0 1 0 3 0 0 1 3 1 2 1 2 2 3 2 5 2 2 3 5 3 4 3 4 4 5 4 7 4 4 5 7 5 6 5 6 6 7 6 9 6 6 7 9 7 8 7 5 8 3 8 1 8 1 9 11 9 9 9 9 10 7 10 5 10 1 11 9 11 5 11 8 12 9 12 11 12 8 13 11 13 10 13 10 14 11 14 1 14 10 15 1 15 0 15 10 16 0 16 2 16 2 17 4 17 6 17 6 18 8 18 10 18 2 19 6 19 10 19</p></triangles></mesh></geometry><geometry id="mesh15"><mesh><source id="mesh15-positions"><float_array id="mesh15-array" count="168">-0.22200000286102295 0.10199999809265137 0.09750000387430191 -0.22200000286102295 0.09999999403953552 0.09950000047683716 -0.2239999920129776 0.10199999809265137 0.09950000047683716 -0.22200000286102295 0.10058578848838806 0.09808579087257385 -0.2231546938419342 0.10084529966115952 0.0983453020453453 -0.22341421246528625 0.10058578848838806 0.09950000047683716 -0.22341421246528625 0.10199999809265137 0.09808579087257385 -0.22200000286102295 0.09999999403953552 0.13050000369548798 -0.22200000286102295 0.10199999809265137 0.13250000774860382 -0.2239999920129776 0.10199999809265137 0.13050000369548798 -0.22200000286102295 0.10058578848838806 0.13191421329975128 -0.2231546938419342 0.10084529966115952 0.13165470957756042 -0.22341421246528625 0.10199999809265137 0.13191421329975128 -0.22341421246528625 0.10058578848838806 0.13050000369548798 -0.22200000286102295 0.1379999965429306 0.09750000387430191 -0.2239999920129776 0.1379999965429306 0.09950000047683716 -0.22200000286102295 0.14000000059604645 0.09950000047683716 -0.22341421246528625 0.1379999965429306 0.09808579087257385 -0.2231546938419342 0.13915470242500305 0.0983453020453453 -0.22341421246528625 0.1394142061471939 0.09950000047683716 -0.22200000286102295 0.1394142061471939 0.09808579087257385 -0.22200000286102295 0.1379999965429306 0.13250000774860382 -0.22200000286102295 0.14000000059604645 0.13050000369548798 -0.2239999920129776 0.1379999965429306 0.13050000369548798 -0.22200000286102295 0.1394142061471939 0.13191421329975128 -0.2231546938419342 0.13915470242500305 0.13165470957756042 -0.22341421246528625 0.1394142061471939 0.13050000369548798 -0.22341421246528625 0.1379999965429306 0.13191421329975128 -0.21799999475479126 0.10199999809265137 0.09750000387430191 -0.2160000056028366 0.10199999809265137 0.09950000047683716 -0.21799999475479126 0.09999999403953552 0.09950000047683716 -0.21658578515052795 0.10199999809265137 0.09808579087257385 -0.21684530377388 0.10084529966115952 0.0983453020453453 -0.21658578515052795 0.10058578848838806 0.09950000047683716 -0.21799999475479126 0.10058578848838806 0.09808579087257385 -0.21799999475479126 0.10199999809265137 0.13250000774860382 -0.21799999475479126 0.09999999403953552 0.13050000369548798 -0.2160000056028366 0.10199999809265137 0.13050000369548798 -0.21799999475479126 0.10058578848838806 0.13191421329975128 -0.21684530377388 0.10084529966115952 0.13165470957756042 -0.21658578515052795 0.10058578848838806 0.13050000369548798 -0.21658578515052795 0.10199999809265137 0.13191421329975128 -0.21799999475479126 0.1379999965429306 0.09750000387430191 -0.21799999475479126 0.14000000059604645 0.09950000047683716 -0.2160000056028366 0.1379999965429306 0.09950000047683716 -0.21799999475479126 0.1394142061471939 0.09808579087257385 -0.21684530377388 0.13915470242500305 0.0983453020453453 -0.21658578515052795 0.1394142061471939 0.09950000047683716 -0.21658578515052795 0.1379999965429306 0.09808579087257385 -0.21799999475479126 0.1379999965429306 0.13250000774860382 -0.2160000056028366 0.1379999965429306 0.13050000369548798 -0.21799999475479126 0.14000000059604645 0.13050000369548798 -0.21658578515052795 0.1379999965429306 0.13191421329975128 -0.21684530377388 0.13915470242500305 0.13165470957756042 -0.21658578515052795 0.1394142061471939 0.13050000369548798 -0.21799999475479126 0.1394142061471939 0.13191421329975128</float_array><technique_common><accessor source="#mesh15-array" count="56" stride="3"><param name="X" type="float" /><param name="Y" type="float" /><param name="Z" type="float" /></accessor></technique_common></source><source id="mesh15-normals"><float_array id="mesh15-normals-array" count="324">-0.2817472815513611 -0.36717987060546875 -0.8864521980285645 -0.3671797513961792 -0.281747430562973 -0.8864522576332092 -0.36718055605888367 -0.8864519000053406 -0.2817472517490387 -0.28174734115600586 -0.8864519596099854 -0.3671804368495941 -0.8864519596099854 -0.2817474603652954 -0.36718007922172546 -0.8864519596099854 -0.3671805262565613 -0.28174713253974915 -0.28174734115600586 -0.8864518404006958 0.36718040704727173 -0.36718058586120605 -0.8864519000053406 0.28174731135368347 -0.3671796917915344 -0.28174734115600586 0.8864521980285645 -0.2817472815513611 -0.36717987060546875 0.8864521980285645 -0.8864519596099854 -0.36718037724494934 0.2817472815513611 -0.8864520788192749 -0.28174731135368347 0.3671802580356598 -0.36717963218688965 0.28174734115600586 -0.8864522576332092 -0.2817472517490387 0.3671797215938568 -0.8864522576332092 -0.8864520788192749 0.36718010902404785 -0.2817472517490387 -0.8864520788192749 0.2817472517490387 -0.3671799600124359 -0.28174734115600586 0.8864519000053406 -0.36718034744262695 -0.3671804666519165 0.8864519596099854 -0.2817472815513611 -0.2817472815513611 0.36717987060546875 0.8864521980285645 -0.3671797513961792 0.281747430562973 0.8864522576332092 -0.36718055605888367 0.8864519000053406 0.2817472517490387 -0.28174734115600586 0.8864519596099854 0.3671804368495941 -0.8864519596099854 0.2817474603652954 0.36718007922172546 -0.8864519596099854 0.3671805262565613 0.28174713253974915 0.36717963218688965 -0.28174734115600586 -0.8864522576332092 0.2817472517490387 -0.3671797215938568 -0.8864522576332092 0.8864520788192749 -0.36718010902404785 -0.2817472517490387 0.8864520788192749 -0.2817472517490387 -0.3671799600124359 0.28174734115600586 -0.8864519000053406 -0.36718034744262695 0.3671804666519165 -0.8864519596099854 -0.2817472815513611 0.2817472815513611 -0.36717987060546875 0.8864521980285645 0.3671797513961792 -0.281747430562973 0.8864522576332092 0.36718055605888367 -0.8864519000053406 0.2817472517490387 0.28174734115600586 -0.8864519596099854 0.3671804368495941 0.8864519596099854 -0.2817474603652954 0.36718007922172546 0.8864519596099854 -0.3671805262565613 0.28174713253974915 0.2817472815513611 0.36717987060546875 -0.8864521980285645 0.3671797513961792 0.281747430562973 -0.8864522576332092 0.36718055605888367 0.8864519000053406 -0.2817472517490387 0.28174734115600586 0.8864519596099854 -0.3671804368495941 0.8864519596099854 0.2817474603652954 -0.36718007922172546 0.8864519596099854 0.3671805262565613 -0.28174713253974915 0.36717963218688965 0.28174734115600586 0.8864522576332092 0.2817472517490387 0.3671797215938568 0.8864522576332092 0.8864520788192749 0.36718010902404785 0.2817472517490387 0.8864520788192749 0.2817472517490387 0.3671799600124359 0.28174734115600586 0.8864519000053406 0.36718034744262695 0.3671804666519165 0.8864519596099854 0.2817472815513611 -0.382682740688324 2.475007310209776e-09 -0.923879861831665 -0.38268259167671204 -2.475006644075961e-09 -0.9238798022270203 -0.9238796234130859 -5.975207884034717e-09 -0.38268306851387024 -0.9238797426223755 0.0 -0.3826829791069031 -0.38268378376960754 -0.9238794445991516 -2.8742099811296384e-09 -0.38268378376960754 -0.9238794445991516 -2.8742099811296384e-09 -0.9238795042037964 -0.38268354535102844 -6.9389498591476695e-09 -0.9238794445991516 -0.382683664560318 0.0 -0.382682740688324 -2.475007310209776e-09 0.923879861831665 -0.382682740688324 -2.475007310209776e-09 0.923879861831665 -0.9238796234130859 -5.975207884034717e-09 0.38268306851387024 -0.9238796234130859 0.0 0.38268324732780457 -0.3826836347579956 0.9238795042037964 2.8742090929512187e-09 -0.38268378376960754 0.9238794445991516 8.62262972134431e-09 -0.9238796234130859 0.38268327713012695 2.0816852241978268e-08 -0.9238794445991516 0.382683664560318 0.0 0.0 0.382682740688324 -0.9238798022270203 0.0 0.382682740688324 -0.9238798022270203 0.0 0.9238796234130859 -0.3826833963394165 0.0 0.9238796234130859 -0.3826833963394165 0.0 0.382682740688324 0.9238798022270203 0.0 0.382682740688324 0.9238798022270203 0.0 0.9238796234130859 0.3826833963394165 0.0 0.9238796234130859 0.3826833963394165 0.9238794445991516 0.382683664560318 0.0 0.9238796234130859 0.38268327713012695 -2.0816852241978268e-08 0.38268372416496277 0.9238794445991516 -8.62262883316589e-09 0.3826836347579956 0.9238795042037964 -2.8742090929512187e-09 0.382682740688324 -2.475007310209776e-09 -0.923879861831665 0.38268259167671204 2.475006644075961e-09 -0.9238798022270203 0.9238796234130859 5.975207884034717e-09 -0.38268306851387024 0.9238797426223755 0.0 -0.3826829791069031 0.382682740688324 2.475007310209776e-09 0.923879861831665 0.38268259167671204 -2.475006644075961e-09 0.9238798022270203 0.9238796234130859 -5.975207884034717e-09 0.38268306851387024 0.9238797426223755 0.0 0.3826829791069031 0.3826836347579956 -0.9238795042037964 2.8742090929512187e-09 0.38268378376960754 -0.9238794445991516 8.62262972134431e-09 0.9238796234130859 -0.38268327713012695 2.0816852241978268e-08 0.9238794445991516 -0.382683664560318 0.0 0.0 -0.382682740688324 -0.9238798022270203 0.0 -0.382682740688324 -0.9238798022270203 0.0 -0.9238796234130859 -0.3826833963394165 0.0 -0.9238796234130859 -0.3826833963394165 0.0 -0.382682740688324 0.9238798022270203 0.0 -0.382682740688324 0.9238798022270203 0.0 -0.9238795638084412 0.3826833665370941 0.0 -0.9238796234130859 0.3826833963394165 0.0 0.0 -1.0 0.0 0.0 -1.0 -1.0 0.0 0.0 -1.0 0.0 0.0 0.0 -1.0 0.0 0.0 -1.0 0.0 0.0 0.0 1.0 0.0 0.0 1.0 0.0 1.0 0.0 0.0 1.0 0.0 1.0 0.0 0.0 1.0 0.0 0.0</float_array><technique_common><accessor source="#mesh15-normals-array" count="108" stride="3"><param name="X" type="float" /><param name="Y" type="float" /><param name="Z" type="float" /></accessor></technique_common></source><vertices id="mesh15-vertices"><input semantic="POSITION" source="#mesh15-positions" /></vertices><triangles count="108" material="titanium"><input semantic="VERTEX" source="#mesh15-vertices" offset="0" /><input semantic="NORMAL" source="#mesh15-normals" offset="1" /><p>0 0 3 0 4 0 0 1 4 1 6 1 1 2 5 2 4 2 1 3 4 3 3 3 2 4 6 4 4 4 2 5 4 5 5 5 7 6 10 6 11 6 7 7 11 7 13 7 8 8 12 8 11 8 8 9 11 9 10 9 9 10 13 10 11 10 9 11 11 11 12 11 14 12 17 12 18 12 14 13 18 13 20 13 15 14 19 14 18 14 15 15 18 15 17 15 16 16 20 16 18 16 16 17 18 17 19 17 21 18 24 18 25 18 21 19 25 19 27 19 22 20 26 20 25 20 22 21 25 21 24 21 23 22 27 22 25 22 23 23 25 23 26 23 28 24 31 24 32 24 28 25 32 25 34 25 29 26 33 26 32 26 29 27 32 27 31 27 30 28 34 28 32 28 30 29 32 29 33 29 35 30 38 30 39 30 35 31 39 31 41 31 36 32 40 32 39 32 36 33 39 33 38 33 37 34 41 34 39 34 37 35 39 35 40 35 42 36 45 36 46 36 42 37 46 37 48 37 43 38 47 38 46 38 43 39 46 39 45 39 44 40 48 40 46 40 44 41 46 41 47 41 49 42 52 42 53 42 49 43 53 43 55 43 50 44 54 44 53 44 50 45 53 45 52 45 51 46 55 46 53 46 51 47 53 47 54 47 14 48 0 48 6 48 14 49 6 49 17 49 17 50 6 50 2 50 17 51 2 51 15 51 1 52 7 52 13 52 1 53 13 53 5 53 5 54 13 54 9 54 5 55 9 55 2 55 8 56 21 56 27 56 8 57 27 57 12 57 12 58 27 58 23 58 12 59 23 59 9 59 22 60 16 60 19 60 22 61 19 61 26 61 26 62 19 62 15 62 26 63 15 63 23 63 42 64 14 64 20 64 42 65 20 65 45 65 45 66 20 66 16 66 45 67 16 67 43 67 21 68 49 68 55 68 21 69 55 69 24 69 24 70 55 70 51 70 24 71 51 71 22 71 50 72 44 72 47 72 50 73 47 73 54 73 54 74 47 74 43 74 54 75 43 75 51 75 28 76 42 76 48 76 28 77 48 77 31 77 31 78 48 78 44 78 31 79 44 79 29 79 49 80 35 80 41 80 49 81 41 81 52 81 52 82 41 82 37 82 52 83 37 83 50 83 36 84 30 84 33 84 36 85 33 85 40 85 40 86 33 86 29 86 40 87 29 87 37 87 0 88 28 88 34 88 0 89 34 89 3 89 3 90 34 90 30 90 3 91 30 91 1 91 35 92 8 92 10 92 35 93 10 93 38 93 38 94 10 94 7 94 38 95 7 95 36 95 14 96 42 96 28 96 14 97 28 97 0 97 2 98 9 98 23 98 2 99 23 99 15 99 30 100 36 100 7 100 30 101 7 101 1 101 49 102 21 102 8 102 49 103 8 103 35 103 16 104 22 104 51 104 16 105 51 105 43 105 44 106 50 106 37 106 44 107 37 107 29 107</p></triangles></mesh></geometry><geometry id="mesh16"><mesh><source id="mesh16-positions"><float_array id="mesh16-array" count="168">-0.20499999821186066 0.10199999809265137 0.09750000387430191 -0.20499999821186066 0.09999999403953552 0.09950000047683716 -0.2069999873638153 0.10199999809265137 0.09950000047683716 -0.20499999821186066 0.10058578848838806 0.09808579087257385 -0.2061546891927719 0.10084529966115952 0.0983453020453453 -0.20641420781612396 0.10058578848838806 0.09950000047683716 -0.20641420781612396 0.10199999809265137 0.09808579087257385 -0.20499999821186066 0.09999999403953552 0.13050000369548798 -0.20499999821186066 0.10199999809265137 0.13250000774860382 -0.2069999873638153 0.10199999809265137 0.13050000369548798 -0.20499999821186066 0.10058578848838806 0.13191421329975128 -0.2061546891927719 0.10084529966115952 0.13165470957756042 -0.20641420781612396 0.10199999809265137 0.13191421329975128 -0.20641420781612396 0.10058578848838806 0.13050000369548798 -0.20499999821186066 0.1379999965429306 0.09750000387430191 -0.2069999873638153 0.1379999965429306 0.09950000047683716 -0.20499999821186066 0.14000000059604645 0.09950000047683716 -0.20641420781612396 0.1379999965429306 0.09808579087257385 -0.2061546891927719 0.13915470242500305 0.0983453020453453 -0.20641420781612396 0.1394142061471939 0.09950000047683716 -0.20499999821186066 0.1394142061471939 0.09808579087257385 -0.20499999821186066 0.1379999965429306 0.13250000774860382 -0.20499999821186066 0.14000000059604645 0.13050000369548798 -0.2069999873638153 0.1379999965429306 0.13050000369548798 -0.20499999821186066 0.1394142061471939 0.13191421329975128 -0.2061546891927719 0.13915470242500305 0.13165470957756042 -0.20641420781612396 0.1394142061471939 0.13050000369548798 -0.20641420781612396 0.1379999965429306 0.13191421329975128 -0.20099999010562897 0.10199999809265137 0.09750000387430191 -0.19900000095367432 0.10199999809265137 0.09950000047683716 -0.20099999010562897 0.09999999403953552 0.09950000047683716 -0.19958578050136566 0.10199999809265137 0.09808579087257385 -0.1998452991247177 0.10084529966115952 0.0983453020453453 -0.19958578050136566 0.10058578848838806 0.09950000047683716 -0.20099999010562897 0.10058578848838806 0.09808579087257385 -0.20099999010562897 0.10199999809265137 0.13250000774860382 -0.20099999010562897 0.09999999403953552 0.13050000369548798 -0.19900000095367432 0.10199999809265137 0.13050000369548798 -0.20099999010562897 0.10058578848838806 0.13191421329975128 -0.1998452991247177 0.10084529966115952 0.13165470957756042 -0.19958578050136566 0.10058578848838806 0.13050000369548798 -0.19958578050136566 0.10199999809265137 0.13191421329975128 -0.20099999010562897 0.1379999965429306 0.09750000387430191 -0.20099999010562897 0.14000000059604645 0.09950000047683716 -0.19900000095367432 0.1379999965429306 0.09950000047683716 -0.20099999010562897 0.1394142061471939 0.09808579087257385 -0.1998452991247177 0.13915470242500305 0.0983453020453453 -0.19958578050136566 0.1394142061471939 0.09950000047683716 -0.19958578050136566 0.1379999965429306 0.09808579087257385 -0.20099999010562897 0.1379999965429306 0.13250000774860382 -0.19900000095367432 0.1379999965429306 0.13050000369548798 -0.20099999010562897 0.14000000059604645 0.13050000369548798 -0.19958578050136566 0.1379999965429306 0.13191421329975128 -0.1998452991247177 0.13915470242500305 0.13165470957756042 -0.19958578050136566 0.1394142061471939 0.13050000369548798 -0.20099999010562897 0.1394142061471939 0.13191421329975128</float_array><technique_common><accessor source="#mesh16-array" count="56" stride="3"><param name="X" type="float" /><param name="Y" type="float" /><param name="Z" type="float" /></accessor></technique_common></source><source id="mesh16-normals"><float_array id="mesh16-normals-array" count="324">-0.2817472815513611 -0.36717987060546875 -0.8864521980285645 -0.3671797513961792 -0.281747430562973 -0.8864522576332092 -0.36718055605888367 -0.8864519000053406 -0.2817472517490387 -0.28174734115600586 -0.8864519596099854 -0.3671804368495941 -0.8864519596099854 -0.2817474603652954 -0.36718007922172546 -0.8864519596099854 -0.3671805262565613 -0.28174713253974915 -0.28174734115600586 -0.8864518404006958 0.36718040704727173 -0.36718058586120605 -0.8864519000053406 0.28174731135368347 -0.3671796917915344 -0.28174734115600586 0.8864521980285645 -0.2817472815513611 -0.36717987060546875 0.8864521980285645 -0.8864519596099854 -0.36718037724494934 0.2817472815513611 -0.8864520788192749 -0.28174731135368347 0.3671802580356598 -0.36717963218688965 0.28174734115600586 -0.8864522576332092 -0.2817472517490387 0.3671797215938568 -0.8864522576332092 -0.8864520788192749 0.36718010902404785 -0.2817472517490387 -0.8864520788192749 0.2817472517490387 -0.3671799600124359 -0.28174734115600586 0.8864519000053406 -0.36718034744262695 -0.3671804666519165 0.8864519596099854 -0.2817472815513611 -0.2817472815513611 0.36717987060546875 0.8864521980285645 -0.3671797513961792 0.281747430562973 0.8864522576332092 -0.36718055605888367 0.8864519000053406 0.2817472517490387 -0.28174734115600586 0.8864519596099854 0.3671804368495941 -0.8864519596099854 0.2817474603652954 0.36718007922172546 -0.8864519596099854 0.3671805262565613 0.28174713253974915 0.36717963218688965 -0.28174734115600586 -0.8864522576332092 0.2817472517490387 -0.3671797215938568 -0.8864522576332092 0.8864520788192749 -0.36718010902404785 -0.2817472517490387 0.8864520788192749 -0.2817472517490387 -0.3671799600124359 0.28174734115600586 -0.8864519000053406 -0.36718034744262695 0.3671804666519165 -0.8864519596099854 -0.2817472815513611 0.2817472815513611 -0.36717987060546875 0.8864521980285645 0.3671797513961792 -0.281747430562973 0.8864522576332092 0.36718055605888367 -0.8864519000053406 0.2817472517490387 0.28174734115600586 -0.8864519596099854 0.3671804368495941 0.8864519596099854 -0.2817474603652954 0.36718007922172546 0.8864519596099854 -0.3671805262565613 0.28174713253974915 0.2817472815513611 0.36717987060546875 -0.8864521980285645 0.3671797513961792 0.281747430562973 -0.8864522576332092 0.36718055605888367 0.8864519000053406 -0.2817472517490387 0.28174734115600586 0.8864519596099854 -0.3671804368495941 0.8864519596099854 0.2817474603652954 -0.36718007922172546 0.8864519596099854 0.3671805262565613 -0.28174713253974915 0.36717963218688965 0.28174734115600586 0.8864522576332092 0.2817472517490387 0.3671797215938568 0.8864522576332092 0.8864520788192749 0.36718010902404785 0.2817472517490387 0.8864520788192749 0.2817472517490387 0.3671799600124359 0.28174734115600586 0.8864519000053406 0.36718034744262695 0.3671804666519165 0.8864519596099854 0.2817472815513611 -0.382682740688324 2.475007310209776e-09 -0.923879861831665 -0.38268259167671204 -2.475006644075961e-09 -0.9238798022270203 -0.9238796234130859 -5.975207884034717e-09 -0.38268306851387024 -0.9238797426223755 0.0 -0.3826829791069031 -0.38268378376960754 -0.9238794445991516 -2.8742099811296384e-09 -0.38268378376960754 -0.9238794445991516 -2.8742099811296384e-09 -0.9238795042037964 -0.38268354535102844 -6.9389498591476695e-09 -0.9238794445991516 -0.382683664560318 0.0 -0.382682740688324 -2.475007310209776e-09 0.923879861831665 -0.382682740688324 -2.475007310209776e-09 0.923879861831665 -0.9238796234130859 -5.975207884034717e-09 0.38268306851387024 -0.9238796234130859 0.0 0.38268324732780457 -0.3826836347579956 0.9238795042037964 2.8742090929512187e-09 -0.38268378376960754 0.9238794445991516 8.62262972134431e-09 -0.9238796234130859 0.38268327713012695 2.0816852241978268e-08 -0.9238794445991516 0.382683664560318 0.0 0.0 0.382682740688324 -0.9238798022270203 0.0 0.382682740688324 -0.9238798022270203 0.0 0.9238796234130859 -0.3826833963394165 0.0 0.9238796234130859 -0.3826833963394165 0.0 0.382682740688324 0.9238798022270203 0.0 0.382682740688324 0.9238798022270203 0.0 0.9238796234130859 0.3826833963394165 0.0 0.9238796234130859 0.3826833963394165 0.9238794445991516 0.382683664560318 0.0 0.9238796234130859 0.38268327713012695 -2.0816852241978268e-08 0.38268372416496277 0.9238794445991516 -8.62262883316589e-09 0.3826836347579956 0.9238795042037964 -2.8742090929512187e-09 0.382682740688324 -2.475007310209776e-09 -0.923879861831665 0.38268259167671204 2.475006644075961e-09 -0.9238798022270203 0.9238796234130859 5.975207884034717e-09 -0.38268306851387024 0.9238797426223755 0.0 -0.3826829791069031 0.382682740688324 2.475007310209776e-09 0.923879861831665 0.38268259167671204 -2.475006644075961e-09 0.9238798022270203 0.9238796234130859 -5.975207884034717e-09 0.38268306851387024 0.9238797426223755 0.0 0.3826829791069031 0.3826836347579956 -0.9238795042037964 2.8742090929512187e-09 0.38268378376960754 -0.9238794445991516 8.62262972134431e-09 0.9238796234130859 -0.38268327713012695 2.0816852241978268e-08 0.9238794445991516 -0.382683664560318 0.0 0.0 -0.382682740688324 -0.9238798022270203 0.0 -0.382682740688324 -0.9238798022270203 0.0 -0.9238796234130859 -0.3826833963394165 0.0 -0.9238796234130859 -0.3826833963394165 0.0 -0.382682740688324 0.9238798022270203 0.0 -0.382682740688324 0.9238798022270203 0.0 -0.9238795638084412 0.3826833665370941 0.0 -0.9238796234130859 0.3826833963394165 0.0 0.0 -1.0 0.0 0.0 -1.0 -1.0 0.0 0.0 -1.0 0.0 0.0 0.0 -1.0 0.0 0.0 -1.0 0.0 0.0 0.0 1.0 0.0 0.0 1.0 0.0 1.0 0.0 0.0 1.0 0.0 1.0 0.0 0.0 1.0 0.0 0.0</float_array><technique_common><accessor source="#mesh16-normals-array" count="108" stride="3"><param name="X" type="float" /><param name="Y" type="float" /><param name="Z" type="float" /></accessor></technique_common></source><vertices id="mesh16-vertices"><input semantic="POSITION" source="#mesh16-positions" /></vertices><triangles count="108" material="titanium"><input semantic="VERTEX" source="#mesh16-vertices" offset="0" /><input semantic="NORMAL" source="#mesh16-normals" offset="1" /><p>0 0 3 0 4 0 0 1 4 1 6 1 1 2 5 2 4 2 1 3 4 3 3 3 2 4 6 4 4 4 2 5 4 5 5 5 7 6 10 6 11 6 7 7 11 7 13 7 8 8 12 8 11 8 8 9 11 9 10 9 9 10 13 10 11 10 9 11 11 11 12 11 14 12 17 12 18 12 14 13 18 13 20 13 15 14 19 14 18 14 15 15 18 15 17 15 16 16 20 16 18 16 16 17 18 17 19 17 21 18 24 18 25 18 21 19 25 19 27 19 22 20 26 20 25 20 22 21 25 21 24 21 23 22 27 22 25 22 23 23 25 23 26 23 28 24 31 24 32 24 28 25 32 25 34 25 29 26 33 26 32 26 29 27 32 27 31 27 30 28 34 28 32 28 30 29 32 29 33 29 35 30 38 30 39 30 35 31 39 31 41 31 36 32 40 32 39 32 36 33 39 33 38 33 37 34 41 34 39 34 37 35 39 35 40 35 42 36 45 36 46 36 42 37 46 37 48 37 43 38 47 38 46 38 43 39 46 39 45 39 44 40 48 40 46 40 44 41 46 41 47 41 49 42 52 42 53 42 49 43 53 43 55 43 50 44 54 44 53 44 50 45 53 45 52 45 51 46 55 46 53 46 51 47 53 47 54 47 14 48 0 48 6 48 14 49 6 49 17 49 17 50 6 50 2 50 17 51 2 51 15 51 1 52 7 52 13 52 1 53 13 53 5 53 5 54 13 54 9 54 5 55 9 55 2 55 8 56 21 56 27 56 8 57 27 57 12 57 12 58 27 58 23 58 12 59 23 59 9 59 22 60 16 60 19 60 22 61 19 61 26 61 26 62 19 62 15 62 26 63 15 63 23 63 42 64 14 64 20 64 42 65 20 65 45 65 45 66 20 66 16 66 45 67 16 67 43 67 21 68 49 68 55 68 21 69 55 69 24 69 24 70 55 70 51 70 24 71 51 71 22 71 50 72 44 72 47 72 50 73 47 73 54 73 54 74 47 74 43 74 54 75 43 75 51 75 28 76 42 76 48 76 28 77 48 77 31 77 31 78 48 78 44 78 31 79 44 79 29 79 49 80 35 80 41 80 49 81 41 81 52 81 52 82 41 82 37 82 52 83 37 83 50 83 36 84 30 84 33 84 36 85 33 85 40 85 40 86 33 86 29 86 40 87 29 87 37 87 0 88 28 88 34 88 0 89 34 89 3 89 3 90 34 90 30 90 3 91 30 91 1 91 35 92 8 92 10 92 35 93 10 93 38 93 38 94 10 94 7 94 38 95 7 95 36 95 14 96 42 96 28 96 14 97 28 97 0 97 2 98 9 98 23 98 2 99 23 99 15 99 30 100 36 100 7 100 30 101 7 101 1 101 49 102 21 102 8 102 49 103 8 103 35 103 16 104 22 104 51 104 16 105 51 105 43 105 44 106 50 106 37 106 44 107 37 107 29 107</p></triangles></mesh></geometry><geometry id="mesh17"><mesh><source id="mesh17-positions"><float_array id="mesh17-array" count="168">-0.18800000846385956 0.10199999809265137 0.09750000387430191 -0.18800000846385956 0.09999999403953552 0.09950000047683716 -0.1899999976158142 0.10199999809265137 0.09950000047683716 -0.18800000846385956 0.10058578848838806 0.09808579087257385 -0.1891546994447708 0.10084529966115952 0.0983453020453453 -0.18941421806812286 0.10058578848838806 0.09950000047683716 -0.18941421806812286 0.10199999809265137 0.09808579087257385 -0.18800000846385956 0.09999999403953552 0.13050000369548798 -0.18800000846385956 0.10199999809265137 0.13250000774860382 -0.1899999976158142 0.10199999809265137 0.13050000369548798 -0.18800000846385956 0.10058578848838806 0.13191421329975128 -0.1891546994447708 0.10084529966115952 0.13165470957756042 -0.18941421806812286 0.10199999809265137 0.13191421329975128 -0.18941421806812286 0.10058578848838806 0.13050000369548798 -0.18800000846385956 0.1379999965429306 0.09750000387430191 -0.1899999976158142 0.1379999965429306 0.09950000047683716 -0.18800000846385956 0.14000000059604645 0.09950000047683716 -0.18941421806812286 0.1379999965429306 0.09808579087257385 -0.1891546994447708 0.13915470242500305 0.0983453020453453 -0.18941421806812286 0.1394142061471939 0.09950000047683716 -0.18800000846385956 0.1394142061471939 0.09808579087257385 -0.18800000846385956 0.1379999965429306 0.13250000774860382 -0.18800000846385956 0.14000000059604645 0.13050000369548798 -0.1899999976158142 0.1379999965429306 0.13050000369548798 -0.18800000846385956 0.1394142061471939 0.13191421329975128 -0.1891546994447708 0.13915470242500305 0.13165470957756042 -0.18941421806812286 0.1394142061471939 0.13050000369548798 -0.18941421806812286 0.1379999965429306 0.13191421329975128 -0.18400000035762787 0.10199999809265137 0.09750000387430191 -0.18200001120567322 0.10199999809265137 0.09950000047683716 -0.18400000035762787 0.09999999403953552 0.09950000047683716 -0.18258579075336456 0.10199999809265137 0.09808579087257385 -0.1828453093767166 0.10084529966115952 0.0983453020453453 -0.18258579075336456 0.10058578848838806 0.09950000047683716 -0.18400000035762787 0.10058578848838806 0.09808579087257385 -0.18400000035762787 0.10199999809265137 0.13250000774860382 -0.18400000035762787 0.09999999403953552 0.13050000369548798 -0.18200001120567322 0.10199999809265137 0.13050000369548798 -0.18400000035762787 0.10058578848838806 0.13191421329975128 -0.1828453093767166 0.10084529966115952 0.13165470957756042 -0.18258579075336456 0.10058578848838806 0.13050000369548798 -0.18258579075336456 0.10199999809265137 0.13191421329975128 -0.18400000035762787 0.1379999965429306 0.09750000387430191 -0.18400000035762787 0.14000000059604645 0.09950000047683716 -0.18200001120567322 0.1379999965429306 0.09950000047683716 -0.18400000035762787 0.1394142061471939 0.09808579087257385 -0.1828453093767166 0.13915470242500305 0.0983453020453453 -0.18258579075336456 0.1394142061471939 0.09950000047683716 -0.18258579075336456 0.1379999965429306 0.09808579087257385 -0.18400000035762787 0.1379999965429306 0.13250000774860382 -0.18200001120567322 0.1379999965429306 0.13050000369548798 -0.18400000035762787 0.14000000059604645 0.13050000369548798 -0.18258579075336456 0.1379999965429306 0.13191421329975128 -0.1828453093767166 0.13915470242500305 0.13165470957756042 -0.18258579075336456 0.1394142061471939 0.13050000369548798 -0.18400000035762787 0.1394142061471939 0.13191421329975128</float_array><technique_common><accessor source="#mesh17-array" count="56" stride="3"><param name="X" type="float" /><param name="Y" type="float" /><param name="Z" type="float" /></accessor></technique_common></source><source id="mesh17-normals"><float_array id="mesh17-normals-array" count="324">-0.2817472815513611 -0.36717987060546875 -0.8864521980285645 -0.3671797513961792 -0.281747430562973 -0.8864522576332092 -0.36718055605888367 -0.8864519000053406 -0.2817472517490387 -0.28174734115600586 -0.8864519596099854 -0.3671804368495941 -0.8864519596099854 -0.2817474603652954 -0.36718007922172546 -0.8864519596099854 -0.3671805262565613 -0.28174713253974915 -0.28174734115600586 -0.8864518404006958 0.36718040704727173 -0.36718058586120605 -0.8864519000053406 0.28174731135368347 -0.3671796917915344 -0.28174734115600586 0.8864521980285645 -0.2817472815513611 -0.36717987060546875 0.8864521980285645 -0.8864519596099854 -0.36718037724494934 0.2817472815513611 -0.8864520788192749 -0.28174731135368347 0.3671802580356598 -0.36717963218688965 0.28174734115600586 -0.8864522576332092 -0.2817472517490387 0.3671797215938568 -0.8864522576332092 -0.8864520788192749 0.36718010902404785 -0.2817472517490387 -0.8864520788192749 0.2817472517490387 -0.3671799600124359 -0.28174734115600586 0.8864519000053406 -0.36718034744262695 -0.3671804666519165 0.8864519596099854 -0.2817472815513611 -0.2817472815513611 0.36717987060546875 0.8864521980285645 -0.3671797513961792 0.281747430562973 0.8864522576332092 -0.36718055605888367 0.8864519000053406 0.2817472517490387 -0.28174734115600586 0.8864519596099854 0.3671804368495941 -0.8864519596099854 0.2817474603652954 0.36718007922172546 -0.8864519596099854 0.3671805262565613 0.28174713253974915 0.36717963218688965 -0.28174734115600586 -0.8864522576332092 0.2817472517490387 -0.3671797215938568 -0.8864522576332092 0.8864520788192749 -0.36718010902404785 -0.2817472517490387 0.8864520788192749 -0.2817472517490387 -0.3671799600124359 0.28174734115600586 -0.8864519000053406 -0.36718034744262695 0.3671804666519165 -0.8864519596099854 -0.2817472815513611 0.2817472815513611 -0.36717987060546875 0.8864521980285645 0.3671797513961792 -0.281747430562973 0.8864522576332092 0.36718055605888367 -0.8864519000053406 0.2817472517490387 0.28174734115600586 -0.8864519596099854 0.3671804368495941 0.8864519596099854 -0.2817474603652954 0.36718007922172546 0.8864519596099854 -0.3671805262565613 0.28174713253974915 0.2817472815513611 0.36717987060546875 -0.8864521980285645 0.3671797513961792 0.281747430562973 -0.8864522576332092 0.36718055605888367 0.8864519000053406 -0.2817472517490387 0.28174734115600586 0.8864519596099854 -0.3671804368495941 0.8864519596099854 0.2817474603652954 -0.36718007922172546 0.8864519596099854 0.3671805262565613 -0.28174713253974915 0.36717963218688965 0.28174734115600586 0.8864522576332092 0.2817472517490387 0.3671797215938568 0.8864522576332092 0.8864520788192749 0.36718010902404785 0.2817472517490387 0.8864520788192749 0.2817472517490387 0.3671799600124359 0.28174734115600586 0.8864519000053406 0.36718034744262695 0.3671804666519165 0.8864519596099854 0.2817472815513611 -0.382682740688324 2.475007310209776e-09 -0.923879861831665 -0.38268259167671204 -2.475006644075961e-09 -0.9238798022270203 -0.9238796234130859 -5.975207884034717e-09 -0.38268306851387024 -0.9238797426223755 0.0 -0.3826829791069031 -0.38268378376960754 -0.9238794445991516 -2.8742099811296384e-09 -0.38268378376960754 -0.9238794445991516 -2.8742099811296384e-09 -0.9238795042037964 -0.38268354535102844 -6.9389498591476695e-09 -0.9238794445991516 -0.382683664560318 0.0 -0.382682740688324 -2.475007310209776e-09 0.923879861831665 -0.382682740688324 -2.475007310209776e-09 0.923879861831665 -0.9238796234130859 -5.975207884034717e-09 0.38268306851387024 -0.9238796234130859 0.0 0.38268324732780457 -0.3826836347579956 0.9238795042037964 2.8742090929512187e-09 -0.38268378376960754 0.9238794445991516 8.62262972134431e-09 -0.9238796234130859 0.38268327713012695 2.0816852241978268e-08 -0.9238794445991516 0.382683664560318 0.0 0.0 0.382682740688324 -0.9238798022270203 0.0 0.382682740688324 -0.9238798022270203 0.0 0.9238796234130859 -0.3826833963394165 0.0 0.9238796234130859 -0.3826833963394165 0.0 0.382682740688324 0.9238798022270203 0.0 0.382682740688324 0.9238798022270203 0.0 0.9238796234130859 0.3826833963394165 0.0 0.9238796234130859 0.3826833963394165 0.9238794445991516 0.382683664560318 0.0 0.9238796234130859 0.38268327713012695 -2.0816852241978268e-08 0.38268372416496277 0.9238794445991516 -8.62262883316589e-09 0.3826836347579956 0.9238795042037964 -2.8742090929512187e-09 0.382682740688324 -2.475007310209776e-09 -0.923879861831665 0.38268259167671204 2.475006644075961e-09 -0.9238798022270203 0.9238796234130859 5.975207884034717e-09 -0.38268306851387024 0.9238797426223755 0.0 -0.3826829791069031 0.382682740688324 2.475007310209776e-09 0.923879861831665 0.38268259167671204 -2.475006644075961e-09 0.9238798022270203 0.9238796234130859 -5.975207884034717e-09 0.38268306851387024 0.9238797426223755 0.0 0.3826829791069031 0.3826836347579956 -0.9238795042037964 2.8742090929512187e-09 0.38268378376960754 -0.9238794445991516 8.62262972134431e-09 0.9238796234130859 -0.38268327713012695 2.0816852241978268e-08 0.9238794445991516 -0.382683664560318 0.0 0.0 -0.382682740688324 -0.9238798022270203 0.0 -0.382682740688324 -0.9238798022270203 0.0 -0.9238796234130859 -0.3826833963394165 0.0 -0.9238796234130859 -0.3826833963394165 0.0 -0.382682740688324 0.9238798022270203 0.0 -0.382682740688324 0.9238798022270203 0.0 -0.9238795638084412 0.3826833665370941 0.0 -0.9238796234130859 0.3826833963394165 0.0 0.0 -1.0 0.0 0.0 -1.0 -1.0 0.0 0.0 -1.0 0.0 0.0 0.0 -1.0 0.0 0.0 -1.0 0.0 0.0 0.0 1.0 0.0 0.0 1.0 0.0 1.0 0.0 0.0 1.0 0.0 1.0 0.0 0.0 1.0 0.0 0.0</float_array><technique_common><accessor source="#mesh17-normals-array" count="108" stride="3"><param name="X" type="float" /><param name="Y" type="float" /><param name="Z" type="float" /></accessor></technique_common></source><vertices id="mesh17-vertices"><input semantic="POSITION" source="#mesh17-positions" /></vertices><triangles count="108" material="titanium"><input semantic="VERTEX" source="#mesh17-vertices" offset="0" /><input semantic="NORMAL" source="#mesh17-normals" offset="1" /><p>0 0 3 0 4 0 0 1 4 1 6 1 1 2 5 2 4 2 1 3 4 3 3 3 2 4 6 4 4 4 2 5 4 5 5 5 7 6 10 6 11 6 7 7 11 7 13 7 8 8 12 8 11 8 8 9 11 9 10 9 9 10 13 10 11 10 9 11 11 11 12 11 14 12 17 12 18 12 14 13 18 13 20 13 15 14 19 14 18 14 15 15 18 15 17 15 16 16 20 16 18 16 16 17 18 17 19 17 21 18 24 18 25 18 21 19 25 19 27 19 22 20 26 20 25 20 22 21 25 21 24 21 23 22 27 22 25 22 23 23 25 23 26 23 28 24 31 24 32 24 28 25 32 25 34 25 29 26 33 26 32 26 29 27 32 27 31 27 30 28 34 28 32 28 30 29 32 29 33 29 35 30 38 30 39 30 35 31 39 31 41 31 36 32 40 32 39 32 36 33 39 33 38 33 37 34 41 34 39 34 37 35 39 35 40 35 42 36 45 36 46 36 42 37 46 37 48 37 43 38 47 38 46 38 43 39 46 39 45 39 44 40 48 40 46 40 44 41 46 41 47 41 49 42 52 42 53 42 49 43 53 43 55 43 50 44 54 44 53 44 50 45 53 45 52 45 51 46 55 46 53 46 51 47 53 47 54 47 14 48 0 48 6 48 14 49 6 49 17 49 17 50 6 50 2 50 17 51 2 51 15 51 1 52 7 52 13 52 1 53 13 53 5 53 5 54 13 54 9 54 5 55 9 55 2 55 8 56 21 56 27 56 8 57 27 57 12 57 12 58 27 58 23 58 12 59 23 59 9 59 22 60 16 60 19 60 22 61 19 61 26 61 26 62 19 62 15 62 26 63 15 63 23 63 42 64 14 64 20 64 42 65 20 65 45 65 45 66 20 66 16 66 45 67 16 67 43 67 21 68 49 68 55 68 21 69 55 69 24 69 24 70 55 70 51 70 24 71 51 71 22 71 50 72 44 72 47 72 50 73 47 73 54 73 54 74 47 74 43 74 54 75 43 75 51 75 28 76 42 76 48 76 28 77 48 77 31 77 31 78 48 78 44 78 31 79 44 79 29 79 49 80 35 80 41 80 49 81 41 81 52 81 52 82 41 82 37 82 52 83 37 83 50 83 36 84 30 84 33 84 36 85 33 85 40 85 40 86 33 86 29 86 40 87 29 87 37 87 0 88 28 88 34 88 0 89 34 89 3 89 3 90 34 90 30 90 3 91 30 91 1 91 35 92 8 92 10 92 35 93 10 93 38 93 38 94 10 94 7 94 38 95 7 95 36 95 14 96 42 96 28 96 14 97 28 97 0 97 2 98 9 98 23 98 2 99 23 99 15 99 30 100 36 100 7 100 30 101 7 101 1 101 49 102 21 102 8 102 49 103 8 103 35 103 16 104 22 104 51 104 16 105 51 105 43 105 44 106 50 106 37 106 44 107 37 107 29 107</p></triangles></mesh></geometry><geometry id="mesh18"><mesh><source id="mesh18-positions"><float_array id="mesh18-array" count="168">-0.17100000381469727 0.10199999809265137 0.09750000387430191 -0.17100000381469727 0.09999999403953552 0.09950000047683716 -0.17299999296665192 0.10199999809265137 0.09950000047683716 -0.17100000381469727 0.10058578848838806 0.09808579087257385 -0.17215469479560852 0.10084529966115952 0.0983453020453453 -0.17241421341896057 0.10058578848838806 0.09950000047683716 -0.17241421341896057 0.10199999809265137 0.09808579087257385 -0.17100000381469727 0.09999999403953552 0.13050000369548798 -0.17100000381469727 0.10199999809265137 0.13250000774860382 -0.17299999296665192 0.10199999809265137 0.13050000369548798 -0.17100000381469727 0.10058578848838806 0.13191421329975128 -0.17215469479560852 0.10084529966115952 0.13165470957756042 -0.17241421341896057 0.10199999809265137 0.13191421329975128 -0.17241421341896057 0.10058578848838806 0.13050000369548798 -0.17100000381469727 0.1379999965429306 0.09750000387430191 -0.17299999296665192 0.1379999965429306 0.09950000047683716 -0.17100000381469727 0.14000000059604645 0.09950000047683716 -0.17241421341896057 0.1379999965429306 0.09808579087257385 -0.17215469479560852 0.13915470242500305 0.0983453020453453 -0.17241421341896057 0.1394142061471939 0.09950000047683716 -0.17100000381469727 0.1394142061471939 0.09808579087257385 -0.17100000381469727 0.1379999965429306 0.13250000774860382 -0.17100000381469727 0.14000000059604645 0.13050000369548798 -0.17299999296665192 0.1379999965429306 0.13050000369548798 -0.17100000381469727 0.1394142061471939 0.13191421329975128 -0.17215469479560852 0.13915470242500305 0.13165470957756042 -0.17241421341896057 0.1394142061471939 0.13050000369548798 -0.17241421341896057 0.1379999965429306 0.13191421329975128 -0.16699999570846558 0.10199999809265137 0.09750000387430191 -0.16500000655651093 0.10199999809265137 0.09950000047683716 -0.16699999570846558 0.09999999403953552 0.09950000047683716 -0.16558578610420227 0.10199999809265137 0.09808579087257385 -0.16584530472755432 0.10084529966115952 0.0983453020453453 -0.16558578610420227 0.10058578848838806 0.09950000047683716 -0.16699999570846558 0.10058578848838806 0.09808579087257385 -0.16699999570846558 0.10199999809265137 0.13250000774860382 -0.16699999570846558 0.09999999403953552 0.13050000369548798 -0.16500000655651093 0.10199999809265137 0.13050000369548798 -0.16699999570846558 0.10058578848838806 0.13191421329975128 -0.16584530472755432 0.10084529966115952 0.13165470957756042 -0.16558578610420227 0.10058578848838806 0.13050000369548798 -0.16558578610420227 0.10199999809265137 0.13191421329975128 -0.16699999570846558 0.1379999965429306 0.09750000387430191 -0.16699999570846558 0.14000000059604645 0.09950000047683716 -0.16500000655651093 0.1379999965429306 0.09950000047683716 -0.16699999570846558 0.1394142061471939 0.09808579087257385 -0.16584530472755432 0.13915470242500305 0.0983453020453453 -0.16558578610420227 0.1394142061471939 0.09950000047683716 -0.16558578610420227 0.1379999965429306 0.09808579087257385 -0.16699999570846558 0.1379999965429306 0.13250000774860382 -0.16500000655651093 0.1379999965429306 0.13050000369548798 -0.16699999570846558 0.14000000059604645 0.13050000369548798 -0.16558578610420227 0.1379999965429306 0.13191421329975128 -0.16584530472755432 0.13915470242500305 0.13165470957756042 -0.16558578610420227 0.1394142061471939 0.13050000369548798 -0.16699999570846558 0.1394142061471939 0.13191421329975128</float_array><technique_common><accessor source="#mesh18-array" count="56" stride="3"><param name="X" type="float" /><param name="Y" type="float" /><param name="Z" type="float" /></accessor></technique_common></source><source id="mesh18-normals"><float_array id="mesh18-normals-array" count="324">-0.2817472815513611 -0.36717987060546875 -0.8864521980285645 -0.3671797513961792 -0.281747430562973 -0.8864522576332092 -0.36718055605888367 -0.8864519000053406 -0.2817472517490387 -0.28174734115600586 -0.8864519596099854 -0.3671804368495941 -0.8864519596099854 -0.2817474603652954 -0.36718007922172546 -0.8864519596099854 -0.3671805262565613 -0.28174713253974915 -0.28174734115600586 -0.8864518404006958 0.36718040704727173 -0.36718058586120605 -0.8864519000053406 0.28174731135368347 -0.3671796917915344 -0.28174734115600586 0.8864521980285645 -0.2817472815513611 -0.36717987060546875 0.8864521980285645 -0.8864519596099854 -0.36718037724494934 0.2817472815513611 -0.8864520788192749 -0.28174731135368347 0.3671802580356598 -0.36717963218688965 0.28174734115600586 -0.8864522576332092 -0.2817472517490387 0.3671797215938568 -0.8864522576332092 -0.8864520788192749 0.36718010902404785 -0.2817472517490387 -0.8864520788192749 0.2817472517490387 -0.3671799600124359 -0.28174734115600586 0.8864519000053406 -0.36718034744262695 -0.3671804666519165 0.8864519596099854 -0.2817472815513611 -0.2817472815513611 0.36717987060546875 0.8864521980285645 -0.3671797513961792 0.281747430562973 0.8864522576332092 -0.36718055605888367 0.8864519000053406 0.2817472517490387 -0.28174734115600586 0.8864519596099854 0.3671804368495941 -0.8864519596099854 0.2817474603652954 0.36718007922172546 -0.8864519596099854 0.3671805262565613 0.28174713253974915 0.36717963218688965 -0.28174734115600586 -0.8864522576332092 0.2817472517490387 -0.3671797215938568 -0.8864522576332092 0.8864520788192749 -0.36718010902404785 -0.2817472517490387 0.8864520788192749 -0.2817472517490387 -0.3671799600124359 0.28174734115600586 -0.8864519000053406 -0.36718034744262695 0.3671804666519165 -0.8864519596099854 -0.2817472815513611 0.2817472815513611 -0.36717987060546875 0.8864521980285645 0.3671797513961792 -0.281747430562973 0.8864522576332092 0.36718055605888367 -0.8864519000053406 0.2817472517490387 0.28174734115600586 -0.8864519596099854 0.3671804368495941 0.8864519596099854 -0.2817474603652954 0.36718007922172546 0.8864519596099854 -0.3671805262565613 0.28174713253974915 0.2817472815513611 0.36717987060546875 -0.8864521980285645 0.3671797513961792 0.281747430562973 -0.8864522576332092 0.36718055605888367 0.8864519000053406 -0.2817472517490387 0.28174734115600586 0.8864519596099854 -0.3671804368495941 0.8864519596099854 0.2817474603652954 -0.36718007922172546 0.8864519596099854 0.3671805262565613 -0.28174713253974915 0.36717963218688965 0.28174734115600586 0.8864522576332092 0.2817472517490387 0.3671797215938568 0.8864522576332092 0.8864520788192749 0.36718010902404785 0.2817472517490387 0.8864520788192749 0.2817472517490387 0.3671799600124359 0.28174734115600586 0.8864519000053406 0.36718034744262695 0.3671804666519165 0.8864519596099854 0.2817472815513611 -0.382682740688324 2.475007310209776e-09 -0.923879861831665 -0.38268259167671204 -2.475006644075961e-09 -0.9238798022270203 -0.9238796234130859 -5.975207884034717e-09 -0.38268306851387024 -0.9238797426223755 0.0 -0.3826829791069031 -0.38268378376960754 -0.9238794445991516 -2.8742099811296384e-09 -0.38268378376960754 -0.9238794445991516 -2.8742099811296384e-09 -0.9238795042037964 -0.38268354535102844 -6.9389498591476695e-09 -0.9238794445991516 -0.382683664560318 0.0 -0.382682740688324 -2.475007310209776e-09 0.923879861831665 -0.382682740688324 -2.475007310209776e-09 0.923879861831665 -0.9238796234130859 -5.975207884034717e-09 0.38268306851387024 -0.9238796234130859 0.0 0.38268324732780457 -0.3826836347579956 0.9238795042037964 2.8742090929512187e-09 -0.38268378376960754 0.9238794445991516 8.62262972134431e-09 -0.9238796234130859 0.38268327713012695 2.0816852241978268e-08 -0.9238794445991516 0.382683664560318 0.0 0.0 0.382682740688324 -0.9238798022270203 0.0 0.382682740688324 -0.9238798022270203 0.0 0.9238796234130859 -0.3826833963394165 0.0 0.9238796234130859 -0.3826833963394165 0.0 0.382682740688324 0.9238798022270203 0.0 0.382682740688324 0.9238798022270203 0.0 0.9238796234130859 0.3826833963394165 0.0 0.9238796234130859 0.3826833963394165 0.9238794445991516 0.382683664560318 0.0 0.9238796234130859 0.38268327713012695 -2.0816852241978268e-08 0.38268372416496277 0.9238794445991516 -8.62262883316589e-09 0.3826836347579956 0.9238795042037964 -2.8742090929512187e-09 0.382682740688324 -2.475007310209776e-09 -0.923879861831665 0.38268259167671204 2.475006644075961e-09 -0.9238798022270203 0.9238796234130859 5.975207884034717e-09 -0.38268306851387024 0.9238797426223755 0.0 -0.3826829791069031 0.382682740688324 2.475007310209776e-09 0.923879861831665 0.38268259167671204 -2.475006644075961e-09 0.9238798022270203 0.9238796234130859 -5.975207884034717e-09 0.38268306851387024 0.9238797426223755 0.0 0.3826829791069031 0.3826836347579956 -0.9238795042037964 2.8742090929512187e-09 0.38268378376960754 -0.9238794445991516 8.62262972134431e-09 0.9238796234130859 -0.38268327713012695 2.0816852241978268e-08 0.9238794445991516 -0.382683664560318 0.0 0.0 -0.382682740688324 -0.9238798022270203 0.0 -0.382682740688324 -0.9238798022270203 0.0 -0.9238796234130859 -0.3826833963394165 0.0 -0.9238796234130859 -0.3826833963394165 0.0 -0.382682740688324 0.9238798022270203 0.0 -0.382682740688324 0.9238798022270203 0.0 -0.9238795638084412 0.3826833665370941 0.0 -0.9238796234130859 0.3826833963394165 0.0 0.0 -1.0 0.0 0.0 -1.0 -1.0 0.0 0.0 -1.0 0.0 0.0 0.0 -1.0 0.0 0.0 -1.0 0.0 0.0 0.0 1.0 0.0 0.0 1.0 0.0 1.0 0.0 0.0 1.0 0.0 1.0 0.0 0.0 1.0 0.0 0.0</float_array><technique_common><accessor source="#mesh18-normals-array" count="108" stride="3"><param name="X" type="float" /><param name="Y" type="float" /><param name="Z" type="float" /></accessor></technique_common></source><vertices id="mesh18-vertices"><input semantic="POSITION" source="#mesh18-positions" /></vertices><triangles count="108" material="titanium"><input semantic="VERTEX" source="#mesh18-vertices" offset="0" /><input semantic="NORMAL" source="#mesh18-normals" offset="1" /><p>0 0 3 0 4 0 0 1 4 1 6 1 1 2 5 2 4 2 1 3 4 3 3 3 2 4 6 4 4 4 2 5 4 5 5 5 7 6 10 6 11 6 7 7 11 7 13 7 8 8 12 8 11 8 8 9 11 9 10 9 9 10 13 10 11 10 9 11 11 11 12 11 14 12 17 12 18 12 14 13 18 13 20 13 15 14 19 14 18 14 15 15 18 15 17 15 16 16 20 16 18 16 16 17 18 17 19 17 21 18 24 18 25 18 21 19 25 19 27 19 22 20 26 20 25 20 22 21 25 21 24 21 23 22 27 22 25 22 23 23 25 23 26 23 28 24 31 24 32 24 28 25 32 25 34 25 29 26 33 26 32 26 29 27 32 27 31 27 30 28 34 28 32 28 30 29 32 29 33 29 35 30 38 30 39 30 35 31 39 31 41 31 36 32 40 32 39 32 36 33 39 33 38 33 37 34 41 34 39 34 37 35 39 35 40 35 42 36 45 36 46 36 42 37 46 37 48 37 43 38 47 38 46 38 43 39 46 39 45 39 44 40 48 40 46 40 44 41 46 41 47 41 49 42 52 42 53 42 49 43 53 43 55 43 50 44 54 44 53 44 50 45 53 45 52 45 51 46 55 46 53 46 51 47 53 47 54 47 14 48 0 48 6 48 14 49 6 49 17 49 17 50 6 50 2 50 17 51 2 51 15 51 1 52 7 52 13 52 1 53 13 53 5 53 5 54 13 54 9 54 5 55 9 55 2 55 8 56 21 56 27 56 8 57 27 57 12 57 12 58 27 58 23 58 12 59 23 59 9 59 22 60 16 60 19 60 22 61 19 61 26 61 26 62 19 62 15 62 26 63 15 63 23 63 42 64 14 64 20 64 42 65 20 65 45 65 45 66 20 66 16 66 45 67 16 67 43 67 21 68 49 68 55 68 21 69 55 69 24 69 24 70 55 70 51 70 24 71 51 71 22 71 50 72 44 72 47 72 50 73 47 73 54 73 54 74 47 74 43 74 54 75 43 75 51 75 28 76 42 76 48 76 28 77 48 77 31 77 31 78 48 78 44 78 31 79 44 79 29 79 49 80 35 80 41 80 49 81 41 81 52 81 52 82 41 82 37 82 52 83 37 83 50 83 36 84 30 84 33 84 36 85 33 85 40 85 40 86 33 86 29 86 40 87 29 87 37 87 0 88 28 88 34 88 0 89 34 89 3 89 3 90 34 90 30 90 3 91 30 91 1 91 35 92 8 92 10 92 35 93 10 93 38 93 38 94 10 94 7 94 38 95 7 95 36 95 14 96 42 96 28 96 14 97 28 97 0 97 2 98 9 98 23 98 2 99 23 99 15 99 30 100 36 100 7 100 30 101 7 101 1 101 49 102 21 102 8 102 49 103 8 103 35 103 16 104 22 104 51 104 16 105 51 105 43 105 44 106 50 106 37 106 44 107 37 107 29 107</p></triangles></mesh></geometry><geometry id="mesh19"><mesh><source id="mesh19-positions"><float_array id="mesh19-array" count="168">-0.15399999916553497 0.10199999809265137 0.09750000387430191 -0.15399999916553497 0.09999999403953552 0.09950000047683716 -0.15599998831748962 0.10199999809265137 0.09950000047683716 -0.15399999916553497 0.10058578848838806 0.09808579087257385 -0.15515469014644623 0.10084529966115952 0.0983453020453453 -0.15541420876979828 0.10058578848838806 0.09950000047683716 -0.15541420876979828 0.10199999809265137 0.09808579087257385 -0.15399999916553497 0.09999999403953552 0.13050000369548798 -0.15399999916553497 0.10199999809265137 0.13250000774860382 -0.15599998831748962 0.10199999809265137 0.13050000369548798 -0.15399999916553497 0.10058578848838806 0.13191421329975128 -0.15515469014644623 0.10084529966115952 0.13165470957756042 -0.15541420876979828 0.10199999809265137 0.13191421329975128 -0.15541420876979828 0.10058578848838806 0.13050000369548798 -0.15399999916553497 0.1379999965429306 0.09750000387430191 -0.15599998831748962 0.1379999965429306 0.09950000047683716 -0.15399999916553497 0.14000000059604645 0.09950000047683716 -0.15541420876979828 0.1379999965429306 0.09808579087257385 -0.15515469014644623 0.13915470242500305 0.0983453020453453 -0.15541420876979828 0.1394142061471939 0.09950000047683716 -0.15399999916553497 0.1394142061471939 0.09808579087257385 -0.15399999916553497 0.1379999965429306 0.13250000774860382 -0.15399999916553497 0.14000000059604645 0.13050000369548798 -0.15599998831748962 0.1379999965429306 0.13050000369548798 -0.15399999916553497 0.1394142061471939 0.13191421329975128 -0.15515469014644623 0.13915470242500305 0.13165470957756042 -0.15541420876979828 0.1394142061471939 0.13050000369548798 -0.15541420876979828 0.1379999965429306 0.13191421329975128 -0.14999999105930328 0.10199999809265137 0.09750000387430191 -0.14800000190734863 0.10199999809265137 0.09950000047683716 -0.14999999105930328 0.09999999403953552 0.09950000047683716 -0.14858578145503998 0.10199999809265137 0.09808579087257385 -0.14884530007839203 0.10084529966115952 0.0983453020453453 -0.14858578145503998 0.10058578848838806 0.09950000047683716 -0.14999999105930328 0.10058578848838806 0.09808579087257385 -0.14999999105930328 0.10199999809265137 0.13250000774860382 -0.14999999105930328 0.09999999403953552 0.13050000369548798 -0.14800000190734863 0.10199999809265137 0.13050000369548798 -0.14999999105930328 0.10058578848838806 0.13191421329975128 -0.14884530007839203 0.10084529966115952 0.13165470957756042 -0.14858578145503998 0.10058578848838806 0.13050000369548798 -0.14858578145503998 0.10199999809265137 0.13191421329975128 -0.14999999105930328 0.1379999965429306 0.09750000387430191 -0.14999999105930328 0.14000000059604645 0.09950000047683716 -0.14800000190734863 0.1379999965429306 0.09950000047683716 -0.14999999105930328 0.1394142061471939 0.09808579087257385 -0.14884530007839203 0.13915470242500305 0.0983453020453453 -0.14858578145503998 0.1394142061471939 0.09950000047683716 -0.14858578145503998 0.1379999965429306 0.09808579087257385 -0.14999999105930328 0.1379999965429306 0.13250000774860382 -0.14800000190734863 0.1379999965429306 0.13050000369548798 -0.14999999105930328 0.14000000059604645 0.13050000369548798 -0.14858578145503998 0.1379999965429306 0.13191421329975128 -0.14884530007839203 0.13915470242500305 0.13165470957756042 -0.14858578145503998 0.1394142061471939 0.13050000369548798 -0.14999999105930328 0.1394142061471939 0.13191421329975128</float_array><technique_common><accessor source="#mesh19-array" count="56" stride="3"><param name="X" type="float" /><param name="Y" type="float" /><param name="Z" type="float" /></accessor></technique_common></source><source id="mesh19-normals"><float_array id="mesh19-normals-array" count="324">-0.2817472815513611 -0.36717987060546875 -0.8864521980285645 -0.3671797513961792 -0.281747430562973 -0.8864522576332092 -0.36718055605888367 -0.8864519000053406 -0.2817472517490387 -0.28174734115600586 -0.8864519596099854 -0.3671804368495941 -0.8864519596099854 -0.2817474603652954 -0.36718007922172546 -0.8864519596099854 -0.3671805262565613 -0.28174713253974915 -0.28174734115600586 -0.8864518404006958 0.36718040704727173 -0.36718058586120605 -0.8864519000053406 0.28174731135368347 -0.3671796917915344 -0.28174734115600586 0.8864521980285645 -0.2817472815513611 -0.36717987060546875 0.8864521980285645 -0.8864519596099854 -0.36718037724494934 0.2817472815513611 -0.8864520788192749 -0.28174731135368347 0.3671802580356598 -0.36717963218688965 0.28174734115600586 -0.8864522576332092 -0.2817472517490387 0.3671797215938568 -0.8864522576332092 -0.8864520788192749 0.36718010902404785 -0.2817472517490387 -0.8864520788192749 0.2817472517490387 -0.3671799600124359 -0.28174734115600586 0.8864519000053406 -0.36718034744262695 -0.3671804666519165 0.8864519596099854 -0.2817472815513611 -0.2817472815513611 0.36717987060546875 0.8864521980285645 -0.3671797513961792 0.281747430562973 0.8864522576332092 -0.36718055605888367 0.8864519000053406 0.2817472517490387 -0.28174734115600586 0.8864519596099854 0.3671804368495941 -0.8864519596099854 0.2817474603652954 0.36718007922172546 -0.8864519596099854 0.3671805262565613 0.28174713253974915 0.36717963218688965 -0.28174734115600586 -0.8864522576332092 0.2817472517490387 -0.3671797215938568 -0.8864522576332092 0.8864520788192749 -0.36718010902404785 -0.2817472517490387 0.8864520788192749 -0.2817472517490387 -0.3671799600124359 0.28174734115600586 -0.8864519000053406 -0.36718034744262695 0.3671804666519165 -0.8864519596099854 -0.2817472815513611 0.2817472815513611 -0.36717987060546875 0.8864521980285645 0.3671797513961792 -0.281747430562973 0.8864522576332092 0.36718055605888367 -0.8864519000053406 0.2817472517490387 0.28174734115600586 -0.8864519596099854 0.3671804368495941 0.8864519596099854 -0.2817474603652954 0.36718007922172546 0.8864519596099854 -0.3671805262565613 0.28174713253974915 0.2817472815513611 0.36717987060546875 -0.8864521980285645 0.3671797513961792 0.281747430562973 -0.8864522576332092 0.36718055605888367 0.8864519000053406 -0.2817472517490387 0.28174734115600586 0.8864519596099854 -0.3671804368495941 0.8864519596099854 0.2817474603652954 -0.36718007922172546 0.8864519596099854 0.3671805262565613 -0.28174713253974915 0.36717963218688965 0.28174734115600586 0.8864522576332092 0.2817472517490387 0.3671797215938568 0.8864522576332092 0.8864520788192749 0.36718010902404785 0.2817472517490387 0.8864520788192749 0.2817472517490387 0.3671799600124359 0.28174734115600586 0.8864519000053406 0.36718034744262695 0.3671804666519165 0.8864519596099854 0.2817472815513611 -0.382682740688324 2.475007310209776e-09 -0.923879861831665 -0.38268259167671204 -2.475006644075961e-09 -0.9238798022270203 -0.9238796234130859 -5.975207884034717e-09 -0.38268306851387024 -0.9238797426223755 0.0 -0.3826829791069031 -0.38268378376960754 -0.9238794445991516 -2.8742099811296384e-09 -0.38268378376960754 -0.9238794445991516 -2.8742099811296384e-09 -0.9238795042037964 -0.38268354535102844 -6.9389498591476695e-09 -0.9238794445991516 -0.382683664560318 0.0 -0.382682740688324 -2.475007310209776e-09 0.923879861831665 -0.382682740688324 -2.475007310209776e-09 0.923879861831665 -0.9238796234130859 -5.975207884034717e-09 0.38268306851387024 -0.9238796234130859 0.0 0.38268324732780457 -0.3826836347579956 0.9238795042037964 2.8742090929512187e-09 -0.38268378376960754 0.9238794445991516 8.62262972134431e-09 -0.9238796234130859 0.38268327713012695 2.0816852241978268e-08 -0.9238794445991516 0.382683664560318 0.0 0.0 0.382682740688324 -0.9238798022270203 0.0 0.382682740688324 -0.9238798022270203 0.0 0.9238796234130859 -0.3826833963394165 0.0 0.9238796234130859 -0.3826833963394165 0.0 0.382682740688324 0.9238798022270203 0.0 0.382682740688324 0.9238798022270203 0.0 0.9238796234130859 0.3826833963394165 0.0 0.9238796234130859 0.3826833963394165 0.9238794445991516 0.382683664560318 0.0 0.9238796234130859 0.38268327713012695 -2.0816852241978268e-08 0.38268372416496277 0.9238794445991516 -8.62262883316589e-09 0.3826836347579956 0.9238795042037964 -2.8742090929512187e-09 0.382682740688324 -2.475007310209776e-09 -0.923879861831665 0.38268259167671204 2.475006644075961e-09 -0.9238798022270203 0.9238796234130859 5.975207884034717e-09 -0.38268306851387024 0.9238797426223755 0.0 -0.3826829791069031 0.382682740688324 2.475007310209776e-09 0.923879861831665 0.38268259167671204 -2.475006644075961e-09 0.9238798022270203 0.9238796234130859 -5.975207884034717e-09 0.38268306851387024 0.9238797426223755 0.0 0.3826829791069031 0.3826836347579956 -0.9238795042037964 2.8742090929512187e-09 0.38268378376960754 -0.9238794445991516 8.62262972134431e-09 0.9238796234130859 -0.38268327713012695 2.0816852241978268e-08 0.9238794445991516 -0.382683664560318 0.0 0.0 -0.382682740688324 -0.9238798022270203 0.0 -0.382682740688324 -0.9238798022270203 0.0 -0.9238796234130859 -0.3826833963394165 0.0 -0.9238796234130859 -0.3826833963394165 0.0 -0.382682740688324 0.9238798022270203 0.0 -0.382682740688324 0.9238798022270203 0.0 -0.9238795638084412 0.3826833665370941 0.0 -0.9238796234130859 0.3826833963394165 0.0 0.0 -1.0 0.0 0.0 -1.0 -1.0 0.0 0.0 -1.0 0.0 0.0 0.0 -1.0 0.0 0.0 -1.0 0.0 0.0 0.0 1.0 0.0 0.0 1.0 0.0 1.0 0.0 0.0 1.0 0.0 1.0 0.0 0.0 1.0 0.0 0.0</float_array><technique_common><accessor source="#mesh19-normals-array" count="108" stride="3"><param name="X" type="float" /><param name="Y" type="float" /><param name="Z" type="float" /></accessor></technique_common></source><vertices id="mesh19-vertices"><input semantic="POSITION" source="#mesh19-positions" /></vertices><triangles count="108" material="titanium"><input semantic="VERTEX" source="#mesh19-vertices" offset="0" /><input semantic="NORMAL" source="#mesh19-normals" offset="1" /><p>0 0 3 0 4 0 0 1 4 1 6 1 1 2 5 2 4 2 1 3 4 3 3 3 2 4 6 4 4 4 2 5 4 5 5 5 7 6 10 6 11 6 7 7 11 7 13 7 8 8 12 8 11 8 8 9 11 9 10 9 9 10 13 10 11 10 9 11 11 11 12 11 14 12 17 12 18 12 14 13 18 13 20 13 15 14 19 14 18 14 15 15 18 15 17 15 16 16 20 16 18 16 16 17 18 17 19 17 21 18 24 18 25 18 21 19 25 19 27 19 22 20 26 20 25 20 22 21 25 21 24 21 23 22 27 22 25 22 23 23 25 23 26 23 28 24 31 24 32 24 28 25 32 25 34 25 29 26 33 26 32 26 29 27 32 27 31 27 30 28 34 28 32 28 30 29 32 29 33 29 35 30 38 30 39 30 35 31 39 31 41 31 36 32 40 32 39 32 36 33 39 33 38 33 37 34 41 34 39 34 37 35 39 35 40 35 42 36 45 36 46 36 42 37 46 37 48 37 43 38 47 38 46 38 43 39 46 39 45 39 44 40 48 40 46 40 44 41 46 41 47 41 49 42 52 42 53 42 49 43 53 43 55 43 50 44 54 44 53 44 50 45 53 45 52 45 51 46 55 46 53 46 51 47 53 47 54 47 14 48 0 48 6 48 14 49 6 49 17 49 17 50 6 50 2 50 17 51 2 51 15 51 1 52 7 52 13 52 1 53 13 53 5 53 5 54 13 54 9 54 5 55 9 55 2 55 8 56 21 56 27 56 8 57 27 57 12 57 12 58 27 58 23 58 12 59 23 59 9 59 22 60 16 60 19 60 22 61 19 61 26 61 26 62 19 62 15 62 26 63 15 63 23 63 42 64 14 64 20 64 42 65 20 65 45 65 45 66 20 66 16 66 45 67 16 67 43 67 21 68 49 68 55 68 21 69 55 69 24 69 24 70 55 70 51 70 24 71 51 71 22 71 50 72 44 72 47 72 50 73 47 73 54 73 54 74 47 74 43 74 54 75 43 75 51 75 28 76 42 76 48 76 28 77 48 77 31 77 31 78 48 78 44 78 31 79 44 79 29 79 49 80 35 80 41 80 49 81 41 81 52 81 52 82 41 82 37 82 52 83 37 83 50 83 36 84 30 84 33 84 36 85 33 85 40 85 40 86 33 86 29 86 40 87 29 87 37 87 0 88 28 88 34 88 0 89 34 89 3 89 3 90 34 90 30 90 3 91 30 91 1 91 35 92 8 92 10 92 35 93 10 93 38 93 38 94 10 94 7 94 38 95 7 95 36 95 14 96 42 96 28 96 14 97 28 97 0 97 2 98 9 98 23 98 2 99 23 99 15 99 30 100 36 100 7 100 30 101 7 101 1 101 49 102 21 102 8 102 49 103 8 103 35 103 16 104 22 104 51 104 16 105 51 105 43 105 44 106 50 106 37 106 44 107 37 107 29 107</p></triangles></mesh></geometry><geometry id="mesh20"><mesh><source id="mesh20-positions"><float_array id="mesh20-array" count="168">-0.13700000941753387 0.10199999809265137 0.09750000387430191 -0.13700000941753387 0.09999999403953552 0.09950000047683716 -0.13899999856948853 0.10199999809265137 0.09950000047683716 -0.13700000941753387 0.10058578848838806 0.09808579087257385 -0.13815470039844513 0.10084529966115952 0.0983453020453453 -0.13841421902179718 0.10058578848838806 0.09950000047683716 -0.13841421902179718 0.10199999809265137 0.09808579087257385 -0.13700000941753387 0.09999999403953552 0.13050000369548798 -0.13700000941753387 0.10199999809265137 0.13250000774860382 -0.13899999856948853 0.10199999809265137 0.13050000369548798 -0.13700000941753387 0.10058578848838806 0.13191421329975128 -0.13815470039844513 0.10084529966115952 0.13165470957756042 -0.13841421902179718 0.10199999809265137 0.13191421329975128 -0.13841421902179718 0.10058578848838806 0.13050000369548798 -0.13700000941753387 0.1379999965429306 0.09750000387430191 -0.13899999856948853 0.1379999965429306 0.09950000047683716 -0.13700000941753387 0.14000000059604645 0.09950000047683716 -0.13841421902179718 0.1379999965429306 0.09808579087257385 -0.13815470039844513 0.13915470242500305 0.0983453020453453 -0.13841421902179718 0.1394142061471939 0.09950000047683716 -0.13700000941753387 0.1394142061471939 0.09808579087257385 -0.13700000941753387 0.1379999965429306 0.13250000774860382 -0.13700000941753387 0.14000000059604645 0.13050000369548798 -0.13899999856948853 0.1379999965429306 0.13050000369548798 -0.13700000941753387 0.1394142061471939 0.13191421329975128 -0.13815470039844513 0.13915470242500305 0.13165470957756042 -0.13841421902179718 0.1394142061471939 0.13050000369548798 -0.13841421902179718 0.1379999965429306 0.13191421329975128 -0.13300000131130219 0.10199999809265137 0.09750000387430191 -0.13100001215934753 0.10199999809265137 0.09950000047683716 -0.13300000131130219 0.09999999403953552 0.09950000047683716 -0.13158579170703888 0.10199999809265137 0.09808579087257385 -0.13184531033039093 0.10084529966115952 0.0983453020453453 -0.13158579170703888 0.10058578848838806 0.09950000047683716 -0.13300000131130219 0.10058578848838806 0.09808579087257385 -0.13300000131130219 0.10199999809265137 0.13250000774860382 -0.13300000131130219 0.09999999403953552 0.13050000369548798 -0.13100001215934753 0.10199999809265137 0.13050000369548798 -0.13300000131130219 0.10058578848838806 0.13191421329975128 -0.13184531033039093 0.10084529966115952 0.13165470957756042 -0.13158579170703888 0.10058578848838806 0.13050000369548798 -0.13158579170703888 0.10199999809265137 0.13191421329975128 -0.13300000131130219 0.1379999965429306 0.09750000387430191 -0.13300000131130219 0.14000000059604645 0.09950000047683716 -0.13100001215934753 0.1379999965429306 0.09950000047683716 -0.13300000131130219 0.1394142061471939 0.09808579087257385 -0.13184531033039093 0.13915470242500305 0.0983453020453453 -0.13158579170703888 0.1394142061471939 0.09950000047683716 -0.13158579170703888 0.1379999965429306 0.09808579087257385 -0.13300000131130219 0.1379999965429306 0.13250000774860382 -0.13100001215934753 0.1379999965429306 0.13050000369548798 -0.13300000131130219 0.14000000059604645 0.13050000369548798 -0.13158579170703888 0.1379999965429306 0.13191421329975128 -0.13184531033039093 0.13915470242500305 0.13165470957756042 -0.13158579170703888 0.1394142061471939 0.13050000369548798 -0.13300000131130219 0.1394142061471939 0.13191421329975128</float_array><technique_common><accessor source="#mesh20-array" count="56" stride="3"><param name="X" type="float" /><param name="Y" type="float" /><param name="Z" type="float" /></accessor></technique_common></source><source id="mesh20-normals"><float_array id="mesh20-normals-array" count="324">-0.2817472815513611 -0.36717987060546875 -0.8864521980285645 -0.3671797513961792 -0.281747430562973 -0.8864522576332092 -0.36718055605888367 -0.8864519000053406 -0.2817472517490387 -0.28174734115600586 -0.8864519596099854 -0.3671804368495941 -0.8864519596099854 -0.2817474603652954 -0.36718007922172546 -0.8864519596099854 -0.3671805262565613 -0.28174713253974915 -0.28174734115600586 -0.8864518404006958 0.36718040704727173 -0.36718058586120605 -0.8864519000053406 0.28174731135368347 -0.3671796917915344 -0.28174734115600586 0.8864521980285645 -0.2817472815513611 -0.36717987060546875 0.8864521980285645 -0.8864519596099854 -0.36718037724494934 0.2817472815513611 -0.8864520788192749 -0.28174731135368347 0.3671802580356598 -0.36717963218688965 0.28174734115600586 -0.8864522576332092 -0.2817472517490387 0.3671797215938568 -0.8864522576332092 -0.8864520788192749 0.36718010902404785 -0.2817472517490387 -0.8864520788192749 0.2817472517490387 -0.3671799600124359 -0.28174734115600586 0.8864519000053406 -0.36718034744262695 -0.3671804666519165 0.8864519596099854 -0.2817472815513611 -0.2817472815513611 0.36717987060546875 0.8864521980285645 -0.3671797513961792 0.281747430562973 0.8864522576332092 -0.36718055605888367 0.8864519000053406 0.2817472517490387 -0.28174734115600586 0.8864519596099854 0.3671804368495941 -0.8864519596099854 0.2817474603652954 0.36718007922172546 -0.8864519596099854 0.3671805262565613 0.28174713253974915 0.36717963218688965 -0.28174734115600586 -0.8864522576332092 0.2817472517490387 -0.3671797215938568 -0.8864522576332092 0.8864520788192749 -0.36718010902404785 -0.2817472517490387 0.8864520788192749 -0.2817472517490387 -0.3671799600124359 0.28174734115600586 -0.8864519000053406 -0.36718034744262695 0.3671804666519165 -0.8864519596099854 -0.2817472815513611 0.2817472815513611 -0.36717987060546875 0.8864521980285645 0.3671797513961792 -0.281747430562973 0.8864522576332092 0.36718055605888367 -0.8864519000053406 0.2817472517490387 0.28174734115600586 -0.8864519596099854 0.3671804368495941 0.8864519596099854 -0.2817474603652954 0.36718007922172546 0.8864519596099854 -0.3671805262565613 0.28174713253974915 0.2817472815513611 0.36717987060546875 -0.8864521980285645 0.3671797513961792 0.281747430562973 -0.8864522576332092 0.36718055605888367 0.8864519000053406 -0.2817472517490387 0.28174734115600586 0.8864519596099854 -0.3671804368495941 0.8864519596099854 0.2817474603652954 -0.36718007922172546 0.8864519596099854 0.3671805262565613 -0.28174713253974915 0.36717963218688965 0.28174734115600586 0.8864522576332092 0.2817472517490387 0.3671797215938568 0.8864522576332092 0.8864520788192749 0.36718010902404785 0.2817472517490387 0.8864520788192749 0.2817472517490387 0.3671799600124359 0.28174734115600586 0.8864519000053406 0.36718034744262695 0.3671804666519165 0.8864519596099854 0.2817472815513611 -0.382682740688324 2.475007310209776e-09 -0.923879861831665 -0.38268259167671204 -2.475006644075961e-09 -0.9238798022270203 -0.9238796234130859 -5.975207884034717e-09 -0.38268306851387024 -0.9238797426223755 0.0 -0.3826829791069031 -0.38268378376960754 -0.9238794445991516 -2.8742099811296384e-09 -0.38268378376960754 -0.9238794445991516 -2.8742099811296384e-09 -0.9238795042037964 -0.38268354535102844 -6.9389498591476695e-09 -0.9238794445991516 -0.382683664560318 0.0 -0.382682740688324 -2.475007310209776e-09 0.923879861831665 -0.382682740688324 -2.475007310209776e-09 0.923879861831665 -0.9238796234130859 -5.975207884034717e-09 0.38268306851387024 -0.9238796234130859 0.0 0.38268324732780457 -0.3826836347579956 0.9238795042037964 2.8742090929512187e-09 -0.38268378376960754 0.9238794445991516 8.62262972134431e-09 -0.9238796234130859 0.38268327713012695 2.0816852241978268e-08 -0.9238794445991516 0.382683664560318 0.0 0.0 0.382682740688324 -0.9238798022270203 0.0 0.382682740688324 -0.9238798022270203 0.0 0.9238796234130859 -0.3826833963394165 0.0 0.9238796234130859 -0.3826833963394165 0.0 0.382682740688324 0.9238798022270203 0.0 0.382682740688324 0.9238798022270203 0.0 0.9238796234130859 0.3826833963394165 0.0 0.9238796234130859 0.3826833963394165 0.9238794445991516 0.382683664560318 0.0 0.9238796234130859 0.38268327713012695 -2.0816852241978268e-08 0.38268372416496277 0.9238794445991516 -8.62262883316589e-09 0.3826836347579956 0.9238795042037964 -2.8742090929512187e-09 0.382682740688324 -2.475007310209776e-09 -0.923879861831665 0.38268259167671204 2.475006644075961e-09 -0.9238798022270203 0.9238796234130859 5.975207884034717e-09 -0.38268306851387024 0.9238797426223755 0.0 -0.3826829791069031 0.382682740688324 2.475007310209776e-09 0.923879861831665 0.38268259167671204 -2.475006644075961e-09 0.9238798022270203 0.9238796234130859 -5.975207884034717e-09 0.38268306851387024 0.9238797426223755 0.0 0.3826829791069031 0.3826836347579956 -0.9238795042037964 2.8742090929512187e-09 0.38268378376960754 -0.9238794445991516 8.62262972134431e-09 0.9238796234130859 -0.38268327713012695 2.0816852241978268e-08 0.9238794445991516 -0.382683664560318 0.0 0.0 -0.382682740688324 -0.9238798022270203 0.0 -0.382682740688324 -0.9238798022270203 0.0 -0.9238796234130859 -0.3826833963394165 0.0 -0.9238796234130859 -0.3826833963394165 0.0 -0.382682740688324 0.9238798022270203 0.0 -0.382682740688324 0.9238798022270203 0.0 -0.9238795638084412 0.3826833665370941 0.0 -0.9238796234130859 0.3826833963394165 0.0 0.0 -1.0 0.0 0.0 -1.0 -1.0 0.0 0.0 -1.0 0.0 0.0 0.0 -1.0 0.0 0.0 -1.0 0.0 0.0 0.0 1.0 0.0 0.0 1.0 0.0 1.0 0.0 0.0 1.0 0.0 1.0 0.0 0.0 1.0 0.0 0.0</float_array><technique_common><accessor source="#mesh20-normals-array" count="108" stride="3"><param name="X" type="float" /><param name="Y" type="float" /><param name="Z" type="float" /></accessor></technique_common></source><vertices id="mesh20-vertices"><input semantic="POSITION" source="#mesh20-positions" /></vertices><triangles count="108" material="titanium"><input semantic="VERTEX" source="#mesh20-vertices" offset="0" /><input semantic="NORMAL" source="#mesh20-normals" offset="1" /><p>0 0 3 0 4 0 0 1 4 1 6 1 1 2 5 2 4 2 1 3 4 3 3 3 2 4 6 4 4 4 2 5 4 5 5 5 7 6 10 6 11 6 7 7 11 7 13 7 8 8 12 8 11 8 8 9 11 9 10 9 9 10 13 10 11 10 9 11 11 11 12 11 14 12 17 12 18 12 14 13 18 13 20 13 15 14 19 14 18 14 15 15 18 15 17 15 16 16 20 16 18 16 16 17 18 17 19 17 21 18 24 18 25 18 21 19 25 19 27 19 22 20 26 20 25 20 22 21 25 21 24 21 23 22 27 22 25 22 23 23 25 23 26 23 28 24 31 24 32 24 28 25 32 25 34 25 29 26 33 26 32 26 29 27 32 27 31 27 30 28 34 28 32 28 30 29 32 29 33 29 35 30 38 30 39 30 35 31 39 31 41 31 36 32 40 32 39 32 36 33 39 33 38 33 37 34 41 34 39 34 37 35 39 35 40 35 42 36 45 36 46 36 42 37 46 37 48 37 43 38 47 38 46 38 43 39 46 39 45 39 44 40 48 40 46 40 44 41 46 41 47 41 49 42 52 42 53 42 49 43 53 43 55 43 50 44 54 44 53 44 50 45 53 45 52 45 51 46 55 46 53 46 51 47 53 47 54 47 14 48 0 48 6 48 14 49 6 49 17 49 17 50 6 50 2 50 17 51 2 51 15 51 1 52 7 52 13 52 1 53 13 53 5 53 5 54 13 54 9 54 5 55 9 55 2 55 8 56 21 56 27 56 8 57 27 57 12 57 12 58 27 58 23 58 12 59 23 59 9 59 22 60 16 60 19 60 22 61 19 61 26 61 26 62 19 62 15 62 26 63 15 63 23 63 42 64 14 64 20 64 42 65 20 65 45 65 45 66 20 66 16 66 45 67 16 67 43 67 21 68 49 68 55 68 21 69 55 69 24 69 24 70 55 70 51 70 24 71 51 71 22 71 50 72 44 72 47 72 50 73 47 73 54 73 54 74 47 74 43 74 54 75 43 75 51 75 28 76 42 76 48 76 28 77 48 77 31 77 31 78 48 78 44 78 31 79 44 79 29 79 49 80 35 80 41 80 49 81 41 81 52 81 52 82 41 82 37 82 52 83 37 83 50 83 36 84 30 84 33 84 36 85 33 85 40 85 40 86 33 86 29 86 40 87 29 87 37 87 0 88 28 88 34 88 0 89 34 89 3 89 3 90 34 90 30 90 3 91 30 91 1 91 35 92 8 92 10 92 35 93 10 93 38 93 38 94 10 94 7 94 38 95 7 95 36 95 14 96 42 96 28 96 14 97 28 97 0 97 2 98 9 98 23 98 2 99 23 99 15 99 30 100 36 100 7 100 30 101 7 101 1 101 49 102 21 102 8 102 49 103 8 103 35 103 16 104 22 104 51 104 16 105 51 105 43 105 44 106 50 106 37 106 44 107 37 107 29 107</p></triangles></mesh></geometry><geometry id="mesh21"><mesh><source id="mesh21-positions"><float_array id="mesh21-array" count="168">-0.11999999731779099 0.10199999809265137 0.09750000387430191 -0.11999999731779099 0.09999999403953552 0.09950000047683716 -0.12200000137090683 0.10199999809265137 0.09950000047683716 -0.11999999731779099 0.10058578848838806 0.09808579087257385 -0.12115470319986343 0.10084529966115952 0.0983453020453453 -0.12141421437263489 0.10058578848838806 0.09950000047683716 -0.12141421437263489 0.10199999809265137 0.09808579087257385 -0.11999999731779099 0.09999999403953552 0.13050000369548798 -0.11999999731779099 0.10199999809265137 0.13250000774860382 -0.12200000137090683 0.10199999809265137 0.13050000369548798 -0.11999999731779099 0.10058578848838806 0.13191421329975128 -0.12115470319986343 0.10084529966115952 0.13165470957756042 -0.12141421437263489 0.10199999809265137 0.13191421329975128 -0.12141421437263489 0.10058578848838806 0.13050000369548798 -0.11999999731779099 0.1379999965429306 0.09750000387430191 -0.12200000137090683 0.1379999965429306 0.09950000047683716 -0.11999999731779099 0.14000000059604645 0.09950000047683716 -0.12141421437263489 0.1379999965429306 0.09808579087257385 -0.12115470319986343 0.13915470242500305 0.0983453020453453 -0.12141421437263489 0.1394142061471939 0.09950000047683716 -0.11999999731779099 0.1394142061471939 0.09808579087257385 -0.11999999731779099 0.1379999965429306 0.13250000774860382 -0.11999999731779099 0.14000000059604645 0.13050000369548798 -0.12200000137090683 0.1379999965429306 0.13050000369548798 -0.11999999731779099 0.1394142061471939 0.13191421329975128 -0.12115470319986343 0.13915470242500305 0.13165470957756042 -0.12141421437263489 0.1394142061471939 0.13050000369548798 -0.12141421437263489 0.1379999965429306 0.13191421329975128 -0.11600000411272049 0.10199999809265137 0.09750000387430191 -0.11400000005960464 0.10199999809265137 0.09950000047683716 -0.11600000411272049 0.09999999403953552 0.09950000047683716 -0.11458578705787659 0.10199999809265137 0.09808579087257385 -0.11484529823064804 0.10084529966115952 0.0983453020453453 -0.11458578705787659 0.10058578848838806 0.09950000047683716 -0.11600000411272049 0.10058578848838806 0.09808579087257385 -0.11600000411272049 0.10199999809265137 0.13250000774860382 -0.11600000411272049 0.09999999403953552 0.13050000369548798 -0.11400000005960464 0.10199999809265137 0.13050000369548798 -0.11600000411272049 0.10058578848838806 0.13191421329975128 -0.11484529823064804 0.10084529966115952 0.13165470957756042 -0.11458578705787659 0.10058578848838806 0.13050000369548798 -0.11458578705787659 0.10199999809265137 0.13191421329975128 -0.11600000411272049 0.1379999965429306 0.09750000387430191 -0.11600000411272049 0.14000000059604645 0.09950000047683716 -0.11400000005960464 0.1379999965429306 0.09950000047683716 -0.11600000411272049 0.1394142061471939 0.09808579087257385 -0.11484529823064804 0.13915470242500305 0.0983453020453453 -0.11458578705787659 0.1394142061471939 0.09950000047683716 -0.11458578705787659 0.1379999965429306 0.09808579087257385 -0.11600000411272049 0.1379999965429306 0.13250000774860382 -0.11400000005960464 0.1379999965429306 0.13050000369548798 -0.11600000411272049 0.14000000059604645 0.13050000369548798 -0.11458578705787659 0.1379999965429306 0.13191421329975128 -0.11484529823064804 0.13915470242500305 0.13165470957756042 -0.11458578705787659 0.1394142061471939 0.13050000369548798 -0.11600000411272049 0.1394142061471939 0.13191421329975128</float_array><technique_common><accessor source="#mesh21-array" count="56" stride="3"><param name="X" type="float" /><param name="Y" type="float" /><param name="Z" type="float" /></accessor></technique_common></source><source id="mesh21-normals"><float_array id="mesh21-normals-array" count="324">-0.2817472815513611 -0.36717987060546875 -0.8864521980285645 -0.3671797513961792 -0.281747430562973 -0.8864522576332092 -0.36718055605888367 -0.8864519000053406 -0.2817472517490387 -0.28174734115600586 -0.8864519596099854 -0.3671804368495941 -0.8864519596099854 -0.2817474603652954 -0.36718007922172546 -0.8864519596099854 -0.3671805262565613 -0.28174713253974915 -0.28174734115600586 -0.8864518404006958 0.36718040704727173 -0.36718058586120605 -0.8864519000053406 0.28174731135368347 -0.3671796917915344 -0.28174734115600586 0.8864521980285645 -0.2817472815513611 -0.36717987060546875 0.8864521980285645 -0.8864519596099854 -0.36718037724494934 0.2817472815513611 -0.8864520788192749 -0.28174731135368347 0.3671802580356598 -0.36717963218688965 0.28174734115600586 -0.8864522576332092 -0.2817472517490387 0.3671797215938568 -0.8864522576332092 -0.8864520788192749 0.36718010902404785 -0.2817472517490387 -0.8864520788192749 0.2817472517490387 -0.3671799600124359 -0.28174734115600586 0.8864519000053406 -0.36718034744262695 -0.3671804666519165 0.8864519596099854 -0.2817472815513611 -0.2817472815513611 0.36717987060546875 0.8864521980285645 -0.3671797513961792 0.281747430562973 0.8864522576332092 -0.36718055605888367 0.8864519000053406 0.2817472517490387 -0.28174734115600586 0.8864519596099854 0.3671804368495941 -0.8864519596099854 0.2817474603652954 0.36718007922172546 -0.8864519596099854 0.3671805262565613 0.28174713253974915 0.36717963218688965 -0.28174734115600586 -0.8864522576332092 0.2817472517490387 -0.3671797215938568 -0.8864522576332092 0.8864520788192749 -0.36718010902404785 -0.2817472517490387 0.8864520788192749 -0.2817472517490387 -0.3671799600124359 0.28174734115600586 -0.8864519000053406 -0.36718034744262695 0.3671804666519165 -0.8864519596099854 -0.2817472815513611 0.2817472815513611 -0.36717987060546875 0.8864521980285645 0.3671797513961792 -0.281747430562973 0.8864522576332092 0.36718055605888367 -0.8864519000053406 0.2817472517490387 0.28174734115600586 -0.8864519596099854 0.3671804368495941 0.8864519596099854 -0.2817474603652954 0.36718007922172546 0.8864519596099854 -0.3671805262565613 0.28174713253974915 0.2817472815513611 0.36717987060546875 -0.8864521980285645 0.3671797513961792 0.281747430562973 -0.8864522576332092 0.36718055605888367 0.8864519000053406 -0.2817472517490387 0.28174734115600586 0.8864519596099854 -0.3671804368495941 0.8864519596099854 0.2817474603652954 -0.36718007922172546 0.8864519596099854 0.3671805262565613 -0.28174713253974915 0.36717963218688965 0.28174734115600586 0.8864522576332092 0.2817472517490387 0.3671797215938568 0.8864522576332092 0.8864520788192749 0.36718010902404785 0.2817472517490387 0.8864520788192749 0.2817472517490387 0.3671799600124359 0.28174734115600586 0.8864519000053406 0.36718034744262695 0.3671804666519165 0.8864519596099854 0.2817472815513611 -0.382682740688324 2.475007310209776e-09 -0.923879861831665 -0.38268259167671204 -2.475006644075961e-09 -0.9238798022270203 -0.9238796234130859 -5.975207884034717e-09 -0.38268306851387024 -0.9238797426223755 0.0 -0.3826829791069031 -0.38268378376960754 -0.9238794445991516 -2.8742099811296384e-09 -0.38268378376960754 -0.9238794445991516 -2.8742099811296384e-09 -0.9238795042037964 -0.38268354535102844 -6.9389498591476695e-09 -0.9238794445991516 -0.382683664560318 0.0 -0.382682740688324 -2.475007310209776e-09 0.923879861831665 -0.382682740688324 -2.475007310209776e-09 0.923879861831665 -0.9238796234130859 -5.975207884034717e-09 0.38268306851387024 -0.9238796234130859 0.0 0.38268324732780457 -0.3826836347579956 0.9238795042037964 2.8742090929512187e-09 -0.38268378376960754 0.9238794445991516 8.62262972134431e-09 -0.9238796234130859 0.38268327713012695 2.0816852241978268e-08 -0.9238794445991516 0.382683664560318 0.0 0.0 0.382682740688324 -0.9238798022270203 0.0 0.382682740688324 -0.9238798022270203 0.0 0.9238796234130859 -0.3826833963394165 0.0 0.9238796234130859 -0.3826833963394165 0.0 0.382682740688324 0.9238798022270203 0.0 0.382682740688324 0.9238798022270203 0.0 0.9238796234130859 0.3826833963394165 0.0 0.9238796234130859 0.3826833963394165 0.9238794445991516 0.382683664560318 0.0 0.9238796234130859 0.38268327713012695 -2.0816852241978268e-08 0.38268372416496277 0.9238794445991516 -8.62262883316589e-09 0.3826836347579956 0.9238795042037964 -2.8742090929512187e-09 0.382682740688324 -2.475007310209776e-09 -0.923879861831665 0.38268259167671204 2.475006644075961e-09 -0.9238798022270203 0.9238796234130859 5.975207884034717e-09 -0.38268306851387024 0.9238797426223755 0.0 -0.3826829791069031 0.382682740688324 2.475007310209776e-09 0.923879861831665 0.38268259167671204 -2.475006644075961e-09 0.9238798022270203 0.9238796234130859 -5.975207884034717e-09 0.38268306851387024 0.9238797426223755 0.0 0.3826829791069031 0.3826836347579956 -0.9238795042037964 2.8742090929512187e-09 0.38268378376960754 -0.9238794445991516 8.62262972134431e-09 0.9238796234130859 -0.38268327713012695 2.0816852241978268e-08 0.9238794445991516 -0.382683664560318 0.0 0.0 -0.382682740688324 -0.9238798022270203 0.0 -0.382682740688324 -0.9238798022270203 0.0 -0.9238796234130859 -0.3826833963394165 0.0 -0.9238796234130859 -0.3826833963394165 0.0 -0.382682740688324 0.9238798022270203 0.0 -0.382682740688324 0.9238798022270203 0.0 -0.9238795638084412 0.3826833665370941 0.0 -0.9238796234130859 0.3826833963394165 0.0 0.0 -1.0 0.0 0.0 -1.0 -1.0 0.0 0.0 -1.0 0.0 0.0 0.0 -1.0 0.0 0.0 -1.0 0.0 0.0 0.0 1.0 0.0 0.0 1.0 0.0 1.0 0.0 0.0 1.0 0.0 1.0 0.0 0.0 1.0 0.0 0.0</float_array><technique_common><accessor source="#mesh21-normals-array" count="108" stride="3"><param name="X" type="float" /><param name="Y" type="float" /><param name="Z" type="float" /></accessor></technique_common></source><vertices id="mesh21-vertices"><input semantic="POSITION" source="#mesh21-positions" /></vertices><triangles count="108" material="titanium"><input semantic="VERTEX" source="#mesh21-vertices" offset="0" /><input semantic="NORMAL" source="#mesh21-normals" offset="1" /><p>0 0 3 0 4 0 0 1 4 1 6 1 1 2 5 2 4 2 1 3 4 3 3 3 2 4 6 4 4 4 2 5 4 5 5 5 7 6 10 6 11 6 7 7 11 7 13 7 8 8 12 8 11 8 8 9 11 9 10 9 9 10 13 10 11 10 9 11 11 11 12 11 14 12 17 12 18 12 14 13 18 13 20 13 15 14 19 14 18 14 15 15 18 15 17 15 16 16 20 16 18 16 16 17 18 17 19 17 21 18 24 18 25 18 21 19 25 19 27 19 22 20 26 20 25 20 22 21 25 21 24 21 23 22 27 22 25 22 23 23 25 23 26 23 28 24 31 24 32 24 28 25 32 25 34 25 29 26 33 26 32 26 29 27 32 27 31 27 30 28 34 28 32 28 30 29 32 29 33 29 35 30 38 30 39 30 35 31 39 31 41 31 36 32 40 32 39 32 36 33 39 33 38 33 37 34 41 34 39 34 37 35 39 35 40 35 42 36 45 36 46 36 42 37 46 37 48 37 43 38 47 38 46 38 43 39 46 39 45 39 44 40 48 40 46 40 44 41 46 41 47 41 49 42 52 42 53 42 49 43 53 43 55 43 50 44 54 44 53 44 50 45 53 45 52 45 51 46 55 46 53 46 51 47 53 47 54 47 14 48 0 48 6 48 14 49 6 49 17 49 17 50 6 50 2 50 17 51 2 51 15 51 1 52 7 52 13 52 1 53 13 53 5 53 5 54 13 54 9 54 5 55 9 55 2 55 8 56 21 56 27 56 8 57 27 57 12 57 12 58 27 58 23 58 12 59 23 59 9 59 22 60 16 60 19 60 22 61 19 61 26 61 26 62 19 62 15 62 26 63 15 63 23 63 42 64 14 64 20 64 42 65 20 65 45 65 45 66 20 66 16 66 45 67 16 67 43 67 21 68 49 68 55 68 21 69 55 69 24 69 24 70 55 70 51 70 24 71 51 71 22 71 50 72 44 72 47 72 50 73 47 73 54 73 54 74 47 74 43 74 54 75 43 75 51 75 28 76 42 76 48 76 28 77 48 77 31 77 31 78 48 78 44 78 31 79 44 79 29 79 49 80 35 80 41 80 49 81 41 81 52 81 52 82 41 82 37 82 52 83 37 83 50 83 36 84 30 84 33 84 36 85 33 85 40 85 40 86 33 86 29 86 40 87 29 87 37 87 0 88 28 88 34 88 0 89 34 89 3 89 3 90 34 90 30 90 3 91 30 91 1 91 35 92 8 92 10 92 35 93 10 93 38 93 38 94 10 94 7 94 38 95 7 95 36 95 14 96 42 96 28 96 14 97 28 97 0 97 2 98 9 98 23 98 2 99 23 99 15 99 30 100 36 100 7 100 30 101 7 101 1 101 49 102 21 102 8 102 49 103 8 103 35 103 16 104 22 104 51 104 16 105 51 105 43 105 44 106 50 106 37 106 44 107 37 107 29 107</p></triangles></mesh></geometry><geometry id="mesh22"><mesh><source id="mesh22-positions"><float_array id="mesh22-array" count="168">-0.19699999690055847 -0.06700000166893005 0.10499999672174454 -0.19699999690055847 -0.08500000089406967 0.12299999594688416 -0.2150000035762787 -0.06700000166893005 0.12299999594688416 -0.19699999690055847 -0.07972792536020279 0.11027207225561142 -0.20739230513572693 -0.07739230990409851 0.1126076877117157 -0.2097279131412506 -0.07972792536020279 0.12299999594688416 -0.2097279131412506 -0.06700000166893005 0.11027207225561142 -0.19699999690055847 -0.08500000089406967 0.16699999570846558 -0.19699999690055847 -0.06700000166893005 0.1850000023841858 -0.2150000035762787 -0.06700000166893005 0.16699999570846558 -0.19699999690055847 -0.07972792536020279 0.17972791194915771 -0.20739230513572693 -0.07739230990409851 0.17739230394363403 -0.2097279131412506 -0.06700000166893005 0.17972791194915771 -0.2097279131412506 -0.07972792536020279 0.16699999570846558 -0.19699999690055847 0.06700000166893005 0.10499999672174454 -0.2150000035762787 0.06700000166893005 0.12299999594688416 -0.19699999690055847 0.08500000089406967 0.12299999594688416 -0.2097279131412506 0.06700000166893005 0.11027207225561142 -0.20739230513572693 0.07739230990409851 0.1126076877117157 -0.2097279131412506 0.07972792536020279 0.12299999594688416 -0.19699999690055847 0.07972792536020279 0.11027207225561142 -0.19699999690055847 0.06700000166893005 0.1850000023841858 -0.19699999690055847 0.08500000089406967 0.16699999570846558 -0.2150000035762787 0.06700000166893005 0.16699999570846558 -0.19699999690055847 0.07972792536020279 0.17972791194915771 -0.20739230513572693 0.07739230990409851 0.17739230394363403 -0.2097279131412506 0.07972792536020279 0.16699999570846558 -0.2097279131412506 0.06700000166893005 0.17972791194915771 -0.0429999977350235 -0.06700000166893005 0.10499999672174454 -0.02499999850988388 -0.06700000166893005 0.12299999594688416 -0.0429999977350235 -0.08500000089406967 0.12299999594688416 -0.03027208149433136 -0.06700000166893005 0.11027207225561142 -0.03260769695043564 -0.07739230990409851 0.1126076877117157 -0.03027208149433136 -0.07972792536020279 0.12299999594688416 -0.043000005185604095 -0.07972792536020279 0.11027207225561142 -0.0429999977350235 -0.06700000166893005 0.1850000023841858 -0.0429999977350235 -0.08500000089406967 0.16699999570846558 -0.02499999850988388 -0.06700000166893005 0.16699999570846558 -0.0429999977350235 -0.07972792536020279 0.17972791194915771 -0.03260768949985504 -0.07739230990409851 0.17739230394363403 -0.030272074043750763 -0.07972792536020279 0.16699999570846558 -0.030272074043750763 -0.06700000166893005 0.17972791194915771 -0.0429999977350235 0.06700000166893005 0.10499999672174454 -0.0429999977350235 0.08500000089406967 0.12299999594688416 -0.02499999850988388 0.06700000166893005 0.12299999594688416 -0.0429999977350235 0.07972792536020279 0.11027207225561142 -0.03260768949985504 0.07739230990409851 0.1126076877117157 -0.030272074043750763 0.07972792536020279 0.12299999594688416 -0.030272074043750763 0.06700000166893005 0.11027207225561142 -0.0429999977350235 0.06700000166893005 0.1850000023841858 -0.02499999850988388 0.06700000166893005 0.16699999570846558 -0.0429999977350235 0.08500000089406967 0.16699999570846558 -0.03027208149433136 0.06700000166893005 0.17972791194915771 -0.03260769695043564 0.07739230990409851 0.17739230394363403 -0.03027208149433136 0.07972792536020279 0.16699999570846558 -0.043000005185604095 0.07972792536020279 0.17972791194915771</float_array><technique_common><accessor source="#mesh22-array" count="56" stride="3"><param name="X" type="float" /><param name="Y" type="float" /><param name="Z" type="float" /></accessor></technique_common></source><source id="mesh22-normals"><float_array id="mesh22-normals-array" count="324">-0.28174740076065063 -0.3671802282333374 -0.8864519596099854 -0.367180198431015 -0.28174740076065063 -0.8864519596099854 -0.3671802580356598 -0.8864520192146301 -0.2817472219467163 -0.2817472219467163 -0.8864519596099854 -0.3671802580356598 -0.8864520788192749 -0.2817472815513611 -0.3671802878379822 -0.8864520192146301 -0.3671802878379822 -0.2817472517490387 -0.2817472219467163 -0.8864519596099854 0.3671802282333374 -0.3671802580356598 -0.8864520192146301 0.2817472517490387 -0.3671802282333374 -0.28174740076065063 0.8864519596099854 -0.28174740076065063 -0.367180198431015 0.8864519596099854 -0.8864520192146301 -0.3671802580356598 0.2817472219467163 -0.8864519596099854 -0.2817472219467163 0.3671802580356598 -0.36718040704727173 0.2817474603652954 -0.8864519596099854 -0.281747430562973 0.36718034744262695 -0.8864518404006958 -0.8864518404006958 0.3671806752681732 -0.2817472815513611 -0.8864518404006958 0.28174734115600586 -0.3671807050704956 -0.2817472517490387 0.8864519596099854 -0.36718037724494934 -0.3671804368495941 0.8864520192146301 -0.2817472517490387 -0.28174740076065063 0.3671802282333374 0.8864519596099854 -0.367180198431015 0.28174740076065063 0.8864519596099854 -0.3671802580356598 0.8864520192146301 0.2817472219467163 -0.2817472219467163 0.8864519596099854 0.3671802580356598 -0.8864520788192749 0.2817472815513611 0.3671802878379822 -0.8864520192146301 0.3671802878379822 0.2817472517490387 0.36718040704727173 -0.2817474603652954 -0.8864519596099854 0.281747430562973 -0.36718034744262695 -0.8864518404006958 0.8864518404006958 -0.3671806752681732 -0.2817472815513611 0.8864518404006958 -0.28174734115600586 -0.3671807050704956 0.2817472517490387 -0.8864519596099854 -0.36718037724494934 0.3671804368495941 -0.8864520192146301 -0.2817472517490387 0.28174740076065063 -0.3671802282333374 0.8864519596099854 0.367180198431015 -0.28174740076065063 0.8864519596099854 0.3671802580356598 -0.8864520192146301 0.2817472219467163 0.2817472219467163 -0.8864519596099854 0.3671802580356598 0.8864520788192749 -0.2817472815513611 0.3671802878379822 0.8864520192146301 -0.3671802878379822 0.2817472517490387 0.28174740076065063 0.3671802282333374 -0.8864519596099854 0.367180198431015 0.28174740076065063 -0.8864519596099854 0.3671802580356598 0.8864520192146301 -0.2817472219467163 0.2817472219467163 0.8864519596099854 -0.3671802580356598 0.8864520788192749 0.2817472815513611 -0.3671802878379822 0.8864520192146301 0.3671802878379822 -0.2817472517490387 0.36718040704727173 0.2817474603652954 0.8864519596099854 0.281747430562973 0.36718034744262695 0.8864518404006958 0.8864518404006958 0.3671806752681732 0.2817472815513611 0.8864518404006958 0.28174734115600586 0.3671807050704956 0.2817472517490387 0.8864519596099854 0.36718037724494934 0.3671804368495941 0.8864520192146301 0.2817472517490387 -0.3826831877231598 0.0 -0.9238795638084412 -0.3826834559440613 2.1277715589462787e-08 -0.9238796234130859 -0.9238796234130859 5.1368949982588674e-08 -0.38268327713012695 -0.9238794445991516 5.3194324500793755e-09 -0.38268372416496277 -0.38268327713012695 -0.9238796830177307 0.0 -0.38268327713012695 -0.9238796830177307 0.0 -0.9238796830177307 -0.38268327713012695 0.0 -0.9238796830177307 -0.38268327713012695 0.0 -0.3826831877231598 0.0 0.9238795638084412 -0.3826831877231598 0.0 0.9238795638084412 -0.9238796234130859 0.0 0.38268327713012695 -0.9238795638084412 -5.319425344652018e-09 0.3826831877231598 -0.3826834559440613 0.9238795638084412 0.0 -0.38268327713012695 0.9238796830177307 -6.480028247324299e-08 -0.9238795042037964 0.38268372416496277 -1.5644178574802936e-07 -0.9238796830177307 0.38268327713012695 0.0 0.0 0.38268324732780457 -0.9238796234130859 0.0 0.3826832175254822 -0.9238796234130859 0.0 0.9238796234130859 -0.3826832175254822 0.0 0.9238796234130859 -0.38268324732780457 0.0 0.38268324732780457 0.9238796234130859 0.0 0.3826832175254822 0.9238796234130859 0.0 0.9238796234130859 0.3826832175254822 0.0 0.9238796234130859 0.38268324732780457 0.9238796830177307 0.38268327713012695 0.0 0.9238795042037964 0.38268375396728516 1.5644178574802936e-07 0.38268327713012695 0.9238796830177307 6.480028247324299e-08 0.3826834559440613 0.9238795638084412 0.0 0.3826831877231598 0.0 -0.9238795638084412 0.3826834559440613 -2.1277715589462787e-08 -0.9238796234130859 0.9238796234130859 -5.1368949982588674e-08 -0.38268327713012695 0.9238794445991516 -5.3194324500793755e-09 -0.38268372416496277 0.3826831877231598 0.0 0.9238795638084412 0.3826834559440613 2.1277715589462787e-08 0.9238796234130859 0.9238796234130859 5.1368949982588674e-08 0.38268327713012695 0.9238794445991516 5.3194324500793755e-09 0.38268372416496277 0.3826834559440613 -0.9238795638084412 0.0 0.38268327713012695 -0.9238796830177307 -6.480028247324299e-08 0.9238795042037964 -0.38268372416496277 -1.5644178574802936e-07 0.9238796830177307 -0.38268327713012695 0.0 0.0 -0.38268324732780457 -0.9238796234130859 0.0 -0.3826832175254822 -0.9238796234130859 0.0 -0.9238796234130859 -0.3826832175254822 0.0 -0.9238796234130859 -0.38268324732780457 0.0 -0.38268324732780457 0.9238796234130859 0.0 -0.38268324732780457 0.9238796234130859 0.0 -0.9238796234130859 0.38268324732780457 0.0 -0.9238796234130859 0.38268324732780457 0.0 0.0 -1.0 0.0 0.0 -1.0 -1.0 0.0 0.0 -1.0 0.0 0.0 0.0 -1.0 0.0 0.0 -1.0 0.0 0.0 0.0 1.0 0.0 0.0 1.0 0.0 1.0 0.0 0.0 1.0 0.0 1.0 0.0 0.0 1.0 0.0 0.0</float_array><technique_common><accessor source="#mesh22-normals-array" count="108" stride="3"><param name="X" type="float" /><param name="Y" type="float" /><param name="Z" type="float" /></accessor></technique_common></source><vertices id="mesh22-vertices"><input semantic="POSITION" source="#mesh22-positions" /></vertices><triangles count="108" material="titanium"><input semantic="VERTEX" source="#mesh22-vertices" offset="0" /><input semantic="NORMAL" source="#mesh22-normals" offset="1" /><p>0 0 3 0 4 0 0 1 4 1 6 1 1 2 5 2 4 2 1 3 4 3 3 3 2 4 6 4 4 4 2 5 4 5 5 5 7 6 10 6 11 6 7 7 11 7 13 7 8 8 12 8 11 8 8 9 11 9 10 9 9 10 13 10 11 10 9 11 11 11 12 11 14 12 17 12 18 12 14 13 18 13 20 13 15 14 19 14 18 14 15 15 18 15 17 15 16 16 20 16 18 16 16 17 18 17 19 17 21 18 24 18 25 18 21 19 25 19 27 19 22 20 26 20 25 20 22 21 25 21 24 21 23 22 27 22 25 22 23 23 25 23 26 23 28 24 31 24 32 24 28 25 32 25 34 25 29 26 33 26 32 26 29 27 32 27 31 27 30 28 34 28 32 28 30 29 32 29 33 29 35 30 38 30 39 30 35 31 39 31 41 31 36 32 40 32 39 32 36 33 39 33 38 33 37 34 41 34 39 34 37 35 39 35 40 35 42 36 45 36 46 36 42 37 46 37 48 37 43 38 47 38 46 38 43 39 46 39 45 39 44 40 48 40 46 40 44 41 46 41 47 41 49 42 52 42 53 42 49 43 53 43 55 43 50 44 54 44 53 44 50 45 53 45 52 45 51 46 55 46 53 46 51 47 53 47 54 47 14 48 0 48 6 48 14 49 6 49 17 49 17 50 6 50 2 50 17 51 2 51 15 51 1 52 7 52 13 52 1 53 13 53 5 53 5 54 13 54 9 54 5 55 9 55 2 55 8 56 21 56 27 56 8 57 27 57 12 57 12 58 27 58 23 58 12 59 23 59 9 59 22 60 16 60 19 60 22 61 19 61 26 61 26 62 19 62 15 62 26 63 15 63 23 63 42 64 14 64 20 64 42 65 20 65 45 65 45 66 20 66 16 66 45 67 16 67 43 67 21 68 49 68 55 68 21 69 55 69 24 69 24 70 55 70 51 70 24 71 51 71 22 71 50 72 44 72 47 72 50 73 47 73 54 73 54 74 47 74 43 74 54 75 43 75 51 75 28 76 42 76 48 76 28 77 48 77 31 77 31 78 48 78 44 78 31 79 44 79 29 79 49 80 35 80 41 80 49 81 41 81 52 81 52 82 41 82 37 82 52 83 37 83 50 83 36 84 30 84 33 84 36 85 33 85 40 85 40 86 33 86 29 86 40 87 29 87 37 87 0 88 28 88 34 88 0 89 34 89 3 89 3 90 34 90 30 90 3 91 30 91 1 91 35 92 8 92 10 92 35 93 10 93 38 93 38 94 10 94 7 94 38 95 7 95 36 95 14 96 42 96 28 96 14 97 28 97 0 97 2 98 9 98 23 98 2 99 23 99 15 99 30 100 36 100 7 100 30 101 7 101 1 101 49 102 21 102 8 102 49 103 8 103 35 103 16 104 22 104 51 104 16 105 51 105 43 105 44 106 50 106 37 106 44 107 37 107 29 107</p></triangles></mesh></geometry></library_geometries><library_visual_scenes><visual_scene id="Scene"><node id="mesh0-node"><instance_geometry url="#mesh0"><bind_material><technique_common><instance_material symbol="titanium" target="#titanium" /></technique_common></bind_material></instance_geometry></node><node id="mesh1-node"><instance_geometry url="#mesh1"><bind_material><technique_common><instance_material symbol="titanium" target="#titanium" /></technique_common></bind_material></instance_geometry></node><node id="mesh2-node"><instance_geometry url="#mesh2"><bind_material><technique_common><instance_material symbol="titanium" target="#titanium" /></technique_common></bind_material></instance_geometry></node><node id="mesh3-node"><instance_geometry url="#mesh3"><bind_material><technique_common><instance_material symbol="titanium" target="#titanium" /></technique_common></bind_material></instance_geometry></node><node id="mesh4-node"><instance_geometry url="#mesh4"><bind_material><technique_common><instance_material symbol="titanium" target="#titanium" /></technique_common></bind_material></instance_geometry></node><node id="mesh5-node"><instance_geometry url="#mesh5"><bind_material><technique_common><instance_material symbol="titanium" target="#titanium" /></technique_common></bind_material></instance_geometry></node><node id="mesh6-node"><instance_geometry url="#mesh6"><bind_material><technique_common><instance_material symbol="titanium" target="#titanium" /></technique_common></bind_material></instance_geometry></node><node id="mesh7-node"><instance_geometry url="#mesh7"><bind_material><technique_common><instance_material symbol="titanium" target="#titanium" /></technique_common></bind_material></instance_geometry></node><node id="mesh8-node"><instance_geometry url="#mesh8"><bind_material><technique_common><instance_material symbol="titanium" target="#titanium" /></technique_common></bind_material></instance_geometry></node><node id="mesh9-node"><instance_geometry url="#mesh9"><bind_material><technique_common><instance_material symbol="titanium" target="#titanium" /></technique_common></bind_material></instance_geometry></node><node id="mesh10-node"><instance_geometry url="#mesh10"><bind_material><technique_common><instance_material symbol="titanium" target="#titanium" /></technique_common></bind_material></instance_geometry></node><node id="mesh11-node"><instance_geometry url="#mesh11"><bind_material><technique_common><instance_material symbol="titanium" target="#titanium" /></technique_common></bind_material></instance_geometry></node><node id="mesh12-node"><instance_geometry url="#mesh12"><bind_material><technique_common><instance_material symbol="titanium" target="#titanium" /></technique_common></bind_material></instance_geometry></node><node id="mesh13-node"><instance_geometry url="#mesh13"><bind_material><technique_common><instance_material symbol="titanium" target="#titanium" /></technique_common></bind_material></instance_geometry></node><node id="mesh14-node"><instance_geometry url="#mesh14"><bind_material><technique_common><instance_material symbol="titanium" target="#titanium" /></technique_common></bind_material></instance_geometry></node><node id="mesh15-node"><instance_geometry url="#mesh15"><bind_material><technique_common><instance_material symbol="titanium" target="#titanium" /></technique_common></bind_material></instance_geometry></node><node id="mesh16-node"><instance_geometry url="#mesh16"><bind_material><technique_common><instance_material symbol="titanium" target="#titanium" /></technique_common></bind_material></instance_geometry></node><node id="mesh17-node"><instance_geometry url="#mesh17"><bind_material><technique_common><instance_material symbol="titanium" target="#titanium" /></technique_common></bind_material></instance_geometry></node><node id="mesh18-node"><instance_geometry url="#mesh18"><bind_material><technique_common><instance_material symbol="titanium" target="#titanium" /></technique_common></bind_material></instance_geometry></node><node id="mesh19-node"><instance_geometry url="#mesh19"><bind_material><technique_common><instance_material symbol="titanium" target="#titanium" /></technique_common></bind_material></instance_geometry></node><node id="mesh20-node"><instance_geometry url="#mesh20"><bind_material><technique_common><instance_material symbol="titanium" target="#titanium" /></technique_common></bind_material></instance_geometry></node><node id="mesh21-node"><instance_geometry url="#mesh21"><bind_material><technique_common><instance_material symbol="titanium" target="#titanium" /></technique_common></bind_material></instance_geometry></node><node id="mesh22-node"><instance_geometry url="#mesh22"><bind_material><technique_common><instance_material symbol="titanium" target="#titanium" /></technique_common></bind_material></instance_geometry></node></visual_scene></library_visual_scenes><scene><instance_visual_scene url="#Scene" /></scene></COLLADA>