<?xml version='1.0' encoding='utf-8'?>
<COLLADA xmlns="http://www.collada.org/2005/11/COLLADASchema" version="1.4.1"><asset><unit name="meter" meter="1" /><up_axis>Z_UP</up_axis></asset><library_effects><effect id="graphite-fx"><profile_COMMON><technique sid="common"><phong><emission><color>0 0 0 1</color></emission><ambient><color>0.065 0.075 0.085 1</color></ambient><diffuse><color>0.065 0.075 0.085 1</color></diffuse><specular><color>0.12 0.12 0.12 1</color></specular><shininess><float>25</float></shininess></phong></technique></profile_COMMON></effect><effect id="titanium-fx"><profile_COMMON><technique sid="common"><phong><emission><color>0 0 0 1</color></emission><ambient><color>0.36 0.4 0.43 1</color></ambient><diffuse><color>0.36 0.4 0.43 1</color></diffuse><specular><color>0.12 0.12 0.12 1</color></specular><shininess><float>25</float></shininess></phong></technique></profile_COMMON></effect><effect id="ivory-fx"><profile_COMMON><technique sid="common"><phong><emission><color>0 0 0 1</color></emission><ambient><color>0.72 0.72 0.65 1</color></ambient><diffuse><color>0.72 0.72 0.65 1</color></diffuse><specular><color>0.12 0.12 0.12 1</color></specular><shininess><float>25</float></shininess></phong></technique></profile_COMMON></effect><effect id="copper-fx"><profile_COMMON><technique sid="common"><phong><emission><color>0 0 0 1</color></emission><ambient><color>0.66 0.29 0.08 1</color></ambient><diffuse><color>0.66 0.29 0.08 1</color></diffuse><specular><color>0.12 0.12 0.12 1</color></specular><shininess><float>25</float></shininess></phong></technique></profile_COMMON></effect><effect id="rubber-fx"><profile_COMMON><technique sid="common"><phong><emission><color>0 0 0 1</color></emission><ambient><color>0.025 0.028 0.032 1</color></ambient><diffuse><color>0.025 0.028 0.032 1</color></diffuse><specular><color>0.12 0.12 0.12 1</color></specular><shininess><float>25</float></shininess></phong></technique></profile_COMMON></effect><effect id="lens-fx"><profile_COMMON><technique sid="common"><phong><emission><color>0 0 0 1</color></emission><ambient><color>0.05 0.26 0.33 1</color></ambient><diffuse><color>0.05 0.26 0.33 1</color></diffuse><specular><color>0.12 0.12 0.12 1</color></specular><shininess><float>25</float></shininess></phong></technique></profile_COMMON></effect></library_effects><library_materials><material id="graphite"><instance_effect url="#graphite-fx" /></material><material id="titanium"><instance_effect url="#titanium-fx" /></material><material id="ivory"><instance_effect url="#ivory-fx" /></material><material id="copper"><instance_effect url="#copper-fx" /></material><material id="rubber"><instance_effect url="#rubber-fx" /></material><material id="lens"><instance_effect url="#lens-fx" /></material></library_materials><library_geometries><geometry id="mesh0"><mesh><source id="mesh0-positions"><float_array id="mesh0-array" count="168">-0.24000000953674316 -0.08500000089406967 -0.10000000149011612 -0.24000000953674316 -0.125 -0.06000000238418579 -0.2800000011920929 -0.08500000089406967 -0.06000000238418579 -0.23999999463558197 -0.11328428238630295 -0.08828426897525787 -0.2630940079689026 -0.10809402167797089 -0.08309400826692581 -0.26828426122665405 -0.11328428238630295 -0.05999999865889549 -0.26828426122665405 -0.08500000834465027 -0.08828426897525787 -0.24000000953674316 -0.125 0.05999999865889549 -0.24000000953674316 -0.08500000089406967 0.10000000149011612 -0.2800000011920929 -0.08500000089406967 0.06000000238418579 -0.23999999463558197 -0.11328428238630295 0.08828426897525787 -0.2630940079689026 -0.10809402167797089 0.08309400826692581 -0.26828426122665405 -0.08500000834465027 0.08828426897525787 -0.26828426122665405 -0.11328428238630295 0.05999999865889549 -0.24000000953674316 0.08500000089406967 -0.10000000149011612 -0.2800000011920929 0.08500000089406967 -0.06000000238418579 -0.24000000953674316 0.125 -0.05999999865889549 -0.26828426122665405 0.08500000834465027 -0.08828426897525787 -0.2630940079689026 0.10809402167797089 -0.08309400826692581 -0.26828426122665405 0.11328428238630295 -0.05999999865889549 -0.23999999463558197 0.11328428238630295 -0.08828426897525787 -0.24000000953674316 0.08500000089406967 0.10000000149011612 -0.24000000953674316 0.125 0.06000000238418579 -0.2800000011920929 0.08500000089406967 0.06000000238418579 -0.23999999463558197 0.11328428238630295 0.08828426897525787 -0.2630940079689026 0.10809402167797089 0.08309400826692581 -0.26828426122665405 0.11328428238630295 0.05999999865889549 -0.26828426122665405 0.08500000834465027 0.08828426897525787 0.24000000953674316 -0.08500000089406967 -0.10000000149011612 0.2800000011920929 -0.08500000089406967 -0.06000000238418579 0.24000000953674316 -0.125 -0.05999999865889549 0.26828426122665405 -0.08500000834465027 -0.08828426897525787 0.2630940079689026 -0.10809402167797089 -0.08309400826692581 0.26828426122665405 -0.11328428238630295 -0.05999999865889549 0.23999999463558197 -0.11328428238630295 -0.08828426897525787 0.24000000953674316 -0.08500000089406967 0.10000000149011612 0.24000000953674316 -0.125 0.06000000238418579 0.2800000011920929 -0.08500000089406967 0.06000000238418579 0.23999999463558197 -0.11328428238630295 0.08828426897525787 0.2630940079689026 -0.10809402167797089 0.08309400826692581 0.26828426122665405 -0.11328428238630295 0.05999999865889549 0.26828426122665405 -0.08500000834465027 0.08828426897525787 0.24000000953674316 0.08500000089406967 -0.10000000149011612 0.24000000953674316 0.125 -0.06000000238418579 0.2800000011920929 0.08500000089406967 -0.06000000238418579 0.23999999463558197 0.11328428238630295 -0.08828426897525787 0.2630940079689026 0.10809402167797089 -0.08309400826692581 0.26828426122665405 0.11328428238630295 -0.05999999865889549 0.26828426122665405 0.08500000834465027 -0.08828426897525787 0.24000000953674316 0.08500000089406967 0.10000000149011612 0.2800000011920929 0.08500000089406967 0.06000000238418579 0.24000000953674316 0.125 0.05999999865889549 0.26828426122665405 0.08500000834465027 0.08828426897525787 0.2630940079689026 0.10809402167797089 0.08309400826692581 0.26828426122665405 0.11328428238630295 0.05999999865889549 0.23999999463558197 0.11328428238630295 0.08828426897525787</float_array><technique_common><accessor source="#mesh0-array" count="56" stride="3"><param name="X" type="float" /><param name="Y" type="float" /><param name="Z" type="float" /></accessor></technique_common></source><source id="mesh0-normals"><float_array id="mesh0-normals-array" count="324">-0.281747430562973 -0.3671805262565613 -0.8864519000053406 -0.3671806752681732 -0.28174731135368347 -0.886451780796051 -0.36718034744262695 -0.8864520192146301 -0.28174737095832825 -0.28174737095832825 -0.8864520192146301 -0.3671802878379822 -0.886451780796051 -0.28174716234207153 -0.3671807050704956 -0.8864519000053406 -0.36718064546585083 -0.2817472517490387 -0.28174740076065063 -0.8864519596099854 0.3671802580356598 -0.36718031764030457 -0.8864519596099854 0.28174731135368347 -0.3671806752681732 -0.28174734115600586 0.886451780796051 -0.281747430562973 -0.3671805262565613 0.8864519000053406 -0.8864519000053406 -0.36718064546585083 0.2817472219467163 -0.886451780796051 -0.28174716234207153 0.3671806752681732 -0.3671806752681732 0.28174734115600586 -0.886451780796051 -0.281747430562973 0.3671805262565613 -0.8864519000053406 -0.8864519000053406 0.36718064546585083 -0.2817472219467163 -0.886451780796051 0.28174716234207153 -0.3671806752681732 -0.28174740076065063 0.8864519596099854 -0.3671802580356598 -0.36718031764030457 0.8864519596099854 -0.28174731135368347 -0.281747430562973 0.3671805262565613 0.8864519000053406 -0.3671806752681732 0.28174731135368347 0.886451780796051 -0.36718034744262695 0.8864520192146301 0.28174737095832825 -0.28174737095832825 0.8864520192146301 0.3671802878379822 -0.886451780796051 0.28174716234207153 0.3671807050704956 -0.8864519000053406 0.36718064546585083 0.2817472517490387 0.3671806752681732 -0.28174734115600586 -0.886451780796051 0.281747430562973 -0.3671805262565613 -0.8864519000053406 0.8864519000053406 -0.36718064546585083 -0.2817472219467163 0.886451780796051 -0.28174716234207153 -0.3671806752681732 0.28174740076065063 -0.8864519596099854 -0.3671802580356598 0.36718031764030457 -0.8864519596099854 -0.28174731135368347 0.281747430562973 -0.3671805262565613 0.8864519000053406 0.3671806752681732 -0.28174731135368347 0.886451780796051 0.36718034744262695 -0.8864520192146301 0.28174737095832825 0.28174737095832825 -0.8864520192146301 0.3671802878379822 0.886451780796051 -0.28174716234207153 0.3671807050704956 0.8864519000053406 -0.36718064546585083 0.2817472517490387 0.281747430562973 0.3671805262565613 -0.8864519000053406 0.3671806752681732 0.28174731135368347 -0.886451780796051 0.36718034744262695 0.8864520192146301 -0.28174737095832825 0.28174737095832825 0.8864520192146301 -0.3671802878379822 0.886451780796051 0.28174716234207153 -0.3671807050704956 0.8864519000053406 0.36718064546585083 -0.2817472517490387 0.3671806752681732 0.28174734115600586 0.886451780796051 0.281747430562973 0.3671805262565613 0.8864519000053406 0.8864519000053406 0.36718064546585083 0.2817472219467163 0.886451780796051 0.28174716234207153 0.3671806752681732 0.28174740076065063 0.8864519596099854 0.3671802580356598 0.36718031764030457 0.8864519596099854 0.28174731135368347 -0.38268375396728516 0.0 -0.9238793849945068 -0.38268378376960754 0.0 -0.9238794445991516 -0.9238794445991516 0.0 -0.3826838433742523 -0.9238793849945068 0.0 -0.38268378376960754 -0.38268333673477173 -0.9238795638084412 0.0 -0.38268333673477173 -0.9238796234130859 0.0 -0.9238793849945068 -0.3826836347579956 0.0 -0.9238795042037964 -0.3826836347579956 0.0 -0.38268375396728516 0.0 0.9238793849945068 -0.38268378376960754 0.0 0.9238794445991516 -0.9238794445991516 0.0 0.3826838433742523 -0.9238793849945068 0.0 0.38268378376960754 -0.38268333673477173 0.9238795638084412 0.0 -0.38268333673477173 0.9238796234130859 0.0 -0.9238793849945068 0.3826836347579956 0.0 -0.9238795042037964 0.3826836347579956 0.0 0.0 0.3826834559440613 -0.9238795638084412 0.0 0.3826834261417389 -0.9238795042037964 0.0 0.9238796234130859 -0.38268306851387024 -2.970012236147568e-09 0.9238796234130859 -0.3826831579208374 0.0 0.3826834559440613 0.9238795638084412 0.0 0.3826834261417389 0.9238795042037964 0.0 0.9238796234130859 0.38268306851387024 2.970012236147568e-09 0.9238796234130859 0.3826831579208374 0.9238795042037964 0.3826836347579956 0.0 0.9238793849945068 0.3826836347579956 0.0 0.38268333673477173 0.9238796234130859 0.0 0.38268333673477173 0.9238795638084412 0.0 0.38268375396728516 0.0 -0.9238793849945068 0.38268378376960754 0.0 -0.9238794445991516 0.9238794445991516 0.0 -0.3826838433742523 0.9238793849945068 0.0 -0.38268378376960754 0.38268375396728516 0.0 0.9238793849945068 0.38268378376960754 0.0 0.9238794445991516 0.9238794445991516 0.0 0.3826838433742523 0.9238793849945068 0.0 0.38268378376960754 0.38268333673477173 -0.9238795638084412 0.0 0.38268333673477173 -0.9238796234130859 0.0 0.9238793849945068 -0.3826836347579956 0.0 0.9238795042037964 -0.3826836347579956 0.0 0.0 -0.3826834559440613 -0.9238795638084412 0.0 -0.3826834261417389 -0.9238795042037964 0.0 -0.9238796234130859 -0.38268306851387024 2.970012236147568e-09 -0.9238796234130859 -0.3826831579208374 0.0 -0.3826834559440613 0.9238795638084412 0.0 -0.3826834261417389 0.9238795042037964 0.0 -0.9238796234130859 0.38268306851387024 -2.970012236147568e-09 -0.9238796234130859 0.3826831579208374 0.0 0.0 -1.0 0.0 0.0 -1.0 -1.0 0.0 0.0 -1.0 0.0 0.0 0.0 -1.0 0.0 0.0 -1.0 0.0 0.0 0.0 1.0 0.0 0.0 1.0 0.0 1.0 0.0 0.0 1.0 0.0 1.0 0.0 0.0 1.0 0.0 0.0</float_array><technique_common><accessor source="#mesh0-normals-array" count="108" stride="3"><param name="X" type="float" /><param name="Y" type="float" /><param name="Z" type="float" /></accessor></technique_common></source><vertices id="mesh0-vertices"><input semantic="POSITION" source="#mesh0-positions" /></vertices><triangles count="108" material="graphite"><input semantic="VERTEX" source="#mesh0-vertices" offset="0" /><input semantic="NORMAL" source="#mesh0-normals" offset="1" /><p>0 0 3 0 4 0 0 1 4 1 6 1 1 2 5 2 4 2 1 3 4 3 3 3 2 4 6 4 4 4 2 5 4 5 5 5 7 6 10 6 11 6 7 7 11 7 13 7 8 8 12 8 11 8 8 9 11 9 10 9 9 10 13 10 11 10 9 11 11 11 12 11 14 12 17 12 18 12 14 13 18 13 20 13 15 14 19 14 18 14 15 15 18 15 17 15 16 16 20 16 18 16 16 17 18 17 19 17 21 18 24 18 25 18 21 19 25 19 27 19 22 20 26 20 25 20 22 21 25 21 24 21 23 22 27 22 25 22 23 23 25 23 26 23 28 24 31 24 32 24 28 25 32 25 34 25 29 26 33 26 32 26 29 27 32 27 31 27 30 28 34 28 32 28 30 29 32 29 33 29 35 30 38 30 39 30 35 31 39 31 41 31 36 32 40 32 39 32 36 33 39 33 38 33 37 34 41 34 39 34 37 35 39 35 40 35 42 36 45 36 46 36 42 37 46 37 48 37 43 38 47 38 46 38 43 39 46 39 45 39 44 40 48 40 46 40 44 41 46 41 47 41 49 42 52 42 53 42 49 43 53 43 55 43 50 44 54 44 53 44 50 45 53 45 52 45 51 46 55 46 53 46 51 47 53 47 54 47 14 48 0 48 6 48 14 49 6 49 17 49 17 50 6 50 2 50 17 51 2 51 15 51 1 52 7 52 13 52 1 53 13 53 5 53 5 54 13 54 9 54 5 55 9 55 2 55 8 56 21 56 27 56 8 57 27 57 12 57 12 58 27 58 23 58 12 59 23 59 9 59 22 60 16 60 19 60 22 61 19 61 26 61 26 62 19 62 15 62 26 63 15 63 23 63 42 64 14 64 20 64 42 65 20 65 45 65 45 66 20 66 16 66 45 67 16 67 43 67 21 68 49 68 55 68 21 69 55 69 24 69 24 70 55 70 51 70 24 71 51 71 22 71 50 72 44 72 47 72 50 73 47 73 54 73 54 74 47 74 43 74 54 75 43 75 51 75 28 76 42 76 48 76 28 77 48 77 31 77 31 78 48 78 44 78 31 79 44 79 29 79 49 80 35 80 41 80 49 81 41 81 52 81 52 82 41 82 37 82 52 83 37 83 50 83 36 84 30 84 33 84 36 85 33 85 40 85 40 86 33 86 29 86 40 87 29 87 37 87 0 88 28 88 34 88 0 89 34 89 3 89 3 90 34 90 30 90 3 91 30 91 1 91 35 92 8 92 10 92 35 93 10 93 38 93 38 94 10 94 7 94 38 95 7 95 36 95 14 96 42 96 28 96 14 97 28 97 0 97 2 98 9 98 23 98 2 99 23 99 15 99 30 100 36 100 7 100 30 101 7 101 1 101 49 102 21 102 8 102 49 103 8 103 35 103 16 104 22 104 51 104 16 105 51 105 43 105 44 106 50 106 37 106 44 107 37 107 29 107</p></triangles></mesh></geometry><geometry id="mesh1"><mesh><source id="mesh1-positions"><float_array id="mesh1-array" count="168">-0.17749999463558197 -0.1379999965429306 -0.07499999552965164 -0.17749999463558197 -0.15049999952316284 -0.0624999962747097 -0.1899999976158142 -0.1379999965429306 -0.0624999962747097 -0.17749999463558197 -0.14683882892131805 -0.07133883237838745 -0.18471688032150269 -0.14521688222885132 -0.06971687078475952 -0.18633882701396942 -0.14683882892131805 -0.0624999962747097 -0.18633882701396942 -0.1379999965429306 -0.07133883237838745 -0.17749999463558197 -0.15049999952316284 0.07249999791383743 -0.17749999463558197 -0.1379999965429306 0.08500000089406967 -0.1899999976158142 -0.1379999965429306 0.07249999791383743 -0.17749999463558197 -0.14683882892131805 0.08133883774280548 -0.18471688032150269 -0.14521688222885132 0.07971687614917755 -0.18633882701396942 -0.1379999965429306 0.08133883774280548 -0.18633882701396942 -0.14683882892131805 0.07249999791383743 -0.17749999463558197 -0.1379999965429306 -0.07499999552965164 -0.1899999976158142 -0.1379999965429306 -0.0624999962747097 -0.17749999463558197 -0.12549999356269836 -0.0624999962747097 -0.18633882701396942 -0.1379999965429306 -0.07133883237838745 -0.18471688032150269 -0.1307831108570099 -0.06971687078475952 -0.18633882701396942 -0.12916116416454315 -0.0624999962747097 -0.17749999463558197 -0.12916116416454315 -0.07133883237838745 -0.17749999463558197 -0.1379999965429306 0.08500000089406967 -0.17749999463558197 -0.12549999356269836 0.07249999791383743 -0.1899999976158142 -0.1379999965429306 0.07249999791383743 -0.17749999463558197 -0.12916116416454315 0.08133883774280548 -0.18471688032150269 -0.1307831108570099 0.07971687614917755 -0.18633882701396942 -0.12916116416454315 0.07249999791383743 -0.18633882701396942 -0.1379999965429306 0.08133883774280548 0.22750000655651093 -0.1379999965429306 -0.07499999552965164 0.24000000953674316 -0.1379999965429306 -0.0624999962747097 0.22750000655651093 -0.15049999952316284 -0.0624999962747097 0.23633883893489838 -0.1379999965429306 -0.07133883237838745 0.23471689224243164 -0.14521688222885132 -0.06971687078475952 0.23633883893489838 -0.14683882892131805 -0.0624999962747097 0.22750000655651093 -0.14683882892131805 -0.07133883237838745 0.22750000655651093 -0.1379999965429306 0.08500000089406967 0.22750000655651093 -0.15049999952316284 0.07249999791383743 0.24000000953674316 -0.1379999965429306 0.07249999791383743 0.22750000655651093 -0.14683882892131805 0.08133883774280548 0.23471689224243164 -0.14521688222885132 0.07971687614917755 0.23633883893489838 -0.14683882892131805 0.07249999791383743 0.23633883893489838 -0.1379999965429306 0.08133883774280548 0.22750000655651093 -0.1379999965429306 -0.07499999552965164 0.22750000655651093 -0.12549999356269836 -0.0624999962747097 0.24000000953674316 -0.1379999965429306 -0.0624999962747097 0.22750000655651093 -0.12916116416454315 -0.07133883237838745 0.23471689224243164 -0.1307831108570099 -0.06971687078475952 0.23633883893489838 -0.12916116416454315 -0.0624999962747097 0.23633883893489838 -0.1379999965429306 -0.07133883237838745 0.22750000655651093 -0.1379999965429306 0.08500000089406967 0.24000000953674316 -0.1379999965429306 0.07249999791383743 0.22750000655651093 -0.12549999356269836 0.07249999791383743 0.23633883893489838 -0.1379999965429306 0.08133883774280548 0.23471689224243164 -0.1307831108570099 0.07971687614917755 0.23633883893489838 -0.12916116416454315 0.07249999791383743 0.22750000655651093 -0.12916116416454315 0.08133883774280548</float_array><technique_common><accessor source="#mesh1-array" count="56" stride="3"><param name="X" type="float" /><param name="Y" type="float" /><param name="Z" type="float" /></accessor></technique_common></source><source id="mesh1-normals"><float_array id="mesh1-normals-array" count="324">-0.2817477285861969 -0.36718013882637024 -0.8864519000053406 -0.36718031764030457 -0.28174757957458496 -0.8864519596099854 -0.3671804368495941 -0.8864520192146301 -0.2817469835281372 -0.28174740076065063 -0.8864520788192749 -0.3671801686286926 -0.8864520788192749 -0.28174659609794617 -0.3671807646751404 -0.8864519596099854 -0.3671809434890747 -0.28174638748168945 -0.28174740076065063 -0.8864520788192749 0.3671801686286926 -0.36718040704727173 -0.8864520192146301 0.2817469835281372 -0.36718031764030457 -0.2817475497722626 0.8864519596099854 -0.2817476987838745 -0.36718013882637024 0.8864519000053406 -0.8864520788192749 -0.3671809434890747 0.28174641728401184 -0.8864520192146301 -0.28174659609794617 0.367180734872818 -0.36718031764030457 0.2817475497722626 -0.8864519596099854 -0.2817476987838745 0.36718013882637024 -0.8864519000053406 -0.8864520788192749 0.3671809434890747 -0.28174641728401184 -0.8864520192146301 0.28174659609794617 -0.367180734872818 -0.28174740076065063 0.8864520788192749 -0.3671801686286926 -0.36718040704727173 0.8864520192146301 -0.2817469835281372 -0.2817477285861969 0.36718013882637024 0.8864519000053406 -0.36718031764030457 0.28174757957458496 0.8864519596099854 -0.3671804368495941 0.8864520192146301 0.2817469835281372 -0.28174740076065063 0.8864520788192749 0.3671801686286926 -0.8864520788192749 0.28174659609794617 0.3671807646751404 -0.8864519596099854 0.3671809434890747 0.28174638748168945 0.36718031764030457 -0.2817475497722626 -0.8864519596099854 0.2817476987838745 -0.36718013882637024 -0.8864519000053406 0.8864520788192749 -0.3671809434890747 -0.28174641728401184 0.8864520192146301 -0.28174659609794617 -0.367180734872818 0.28174740076065063 -0.8864520788192749 -0.3671801686286926 0.36718040704727173 -0.8864520192146301 -0.2817469835281372 0.2817477285861969 -0.36718013882637024 0.8864519000053406 0.36718031764030457 -0.28174757957458496 0.8864519596099854 0.3671804368495941 -0.8864520192146301 0.2817469835281372 0.28174740076065063 -0.8864520788192749 0.3671801686286926 0.8864520788192749 -0.28174659609794617 0.3671807646751404 0.8864519596099854 -0.3671809434890747 0.28174638748168945 0.2817477285861969 0.36718013882637024 -0.8864519000053406 0.36718031764030457 0.28174757957458496 -0.8864519596099854 0.3671804368495941 0.8864520192146301 -0.2817469835281372 0.28174740076065063 0.8864520788192749 -0.3671801686286926 0.8864520788192749 0.28174659609794617 -0.3671807646751404 0.8864519596099854 0.3671809434890747 -0.28174638748168945 0.36718031764030457 0.2817475497722626 0.8864519596099854 0.2817476987838745 0.36718013882637024 0.8864519000053406 0.8864520788192749 0.3671809434890747 0.28174641728401184 0.8864520192146301 0.28174659609794617 0.367180734872818 0.28174740076065063 0.8864520788192749 0.3671801686286926 0.36718040704727173 0.8864520192146301 0.2817469835281372 -0.38268333673477173 0.0 -0.9238795638084412 -0.38268333673477173 0.0 -0.9238795638084412 -0.9238794445991516 0.0 -0.38268375396728516 -0.9238794445991516 0.0 -0.38268375396728516 -0.3826834261417389 -0.9238795042037964 0.0 -0.3826834261417389 -0.9238795042037964 0.0 -0.9238793849945068 -0.3826839327812195 0.0 -0.9238793849945068 -0.3826839327812195 0.0 -0.38268333673477173 0.0 0.9238795638084412 -0.38268333673477173 0.0 0.9238795638084412 -0.9238794445991516 0.0 0.38268375396728516 -0.9238794445991516 0.0 0.38268375396728516 -0.3826834261417389 0.9238795042037964 0.0 -0.3826834261417389 0.9238795042037964 0.0 -0.9238793849945068 0.3826839327812195 0.0 -0.9238793849945068 0.3826839327812195 0.0 0.0 0.38268324732780457 -0.9238796234130859 0.0 0.38268324732780457 -0.9238796234130859 0.0 0.9238796830177307 -0.3826831579208374 0.0 0.9238796830177307 -0.3826831579208374 0.0 0.38268324732780457 0.9238796234130859 0.0 0.38268324732780457 0.9238796234130859 0.0 0.9238796830177307 0.3826831579208374 0.0 0.9238796830177307 0.3826831579208374 0.9238793849945068 0.3826839327812195 0.0 0.9238793849945068 0.3826839327812195 0.0 0.3826834261417389 0.9238795042037964 0.0 0.3826834261417389 0.9238795042037964 0.0 0.38268333673477173 0.0 -0.9238795638084412 0.38268333673477173 0.0 -0.9238795638084412 0.9238794445991516 0.0 -0.38268375396728516 0.9238794445991516 0.0 -0.38268375396728516 0.38268333673477173 0.0 0.9238795638084412 0.38268333673477173 0.0 0.9238795638084412 0.9238794445991516 0.0 0.38268375396728516 0.9238794445991516 0.0 0.38268375396728516 0.3826834261417389 -0.9238795042037964 0.0 0.3826834261417389 -0.9238795042037964 0.0 0.9238793849945068 -0.3826839327812195 0.0 0.9238793849945068 -0.3826839327812195 0.0 0.0 -0.38268324732780457 -0.9238796234130859 0.0 -0.38268324732780457 -0.9238796234130859 0.0 -0.9238796830177307 -0.3826831579208374 0.0 -0.9238796830177307 -0.3826831579208374 0.0 -0.38268324732780457 0.9238796234130859 0.0 -0.38268324732780457 0.9238796234130859 0.0 -0.9238796830177307 0.3826831579208374 0.0 -0.9238796830177307 0.3826831579208374 0.0 0.0 -1.0 0.0 0.0 -1.0 -1.0 0.0 0.0 -1.0 0.0 0.0 0.0 -1.0 0.0 0.0 -1.0 0.0 0.0 0.0 1.0 0.0 0.0 1.0 0.0 1.0 0.0 0.0 1.0 0.0 1.0 0.0 0.0 1.0 0.0 0.0</float_array><technique_common><accessor source="#mesh1-normals-array" count="108" stride="3"><param name="X" type="float" /><param name="Y" type="float" /><param name="Z" type="float" /></accessor></technique_common></source><vertices id="mesh1-vertices"><input semantic="POSITION" source="#mesh1-positions" /></vertices><triangles count="108" material="ivory"><input semantic="VERTEX" source="#mesh1-vertices" offset="0" /><input semantic="NORMAL" source="#mesh1-normals" offset="1" /><p>0 0 3 0 4 0 0 1 4 1 6 1 1 2 5 2 4 2 1 3 4 3 3 3 2 4 6 4 4 4 2 5 4 5 5 5 7 6 10 6 11 6 7 7 11 7 13 7 8 8 12 8 11 8 8 9 11 9 10 9 9 10 13 10 11 10 9 11 11 11 12 11 14 12 17 12 18 12 14 13 18 13 20 13 15 14 19 14 18 14 15 15 18 15 17 15 16 16 20 16 18 16 16 17 18 17 19 17 21 18 24 18 25 18 21 19 25 19 27 19 22 20 26 20 25 20 22 21 25 21 24 21 23 22 27 22 25 22 23 23 25 23 26 23 28 24 31 24 32 24 28 25 32 25 34 25 29 26 33 26 32 26 29 27 32 27 31 27 30 28 34 28 32 28 30 29 32 29 33 29 35 30 38 30 39 30 35 31 39 31 41 31 36 32 40 32 39 32 36 33 39 33 38 33 37 34 41 34 39 34 37 35 39 35 40 35 42 36 45 36 46 36 42 37 46 37 48 37 43 38 47 38 46 38 43 39 46 39 45 39 44 40 48 40 46 40 44 41 46 41 47 41 49 42 52 42 53 42 49 43 53 43 55 43 50 44 54 44 53 44 50 45 53 45 52 45 51 46 55 46 53 46 51 47 53 47 54 47 14 48 0 48 6 48 14 49 6 49 17 49 17 50 6 50 2 50 17 51 2 51 15 51 1 52 7 52 13 52 1 53 13 53 5 53 5 54 13 54 9 54 5 55 9 55 2 55 8 56 21 56 27 56 8 57 27 57 12 57 12 58 27 58 23 58 12 59 23 59 9 59 22 60 16 60 19 60 22 61 19 61 26 61 26 62 19 62 15 62 26 63 15 63 23 63 42 64 14 64 20 64 42 65 20 65 45 65 45 66 20 66 16 66 45 67 16 67 43 67 21 68 49 68 55 68 21 69 55 69 24 69 24 70 55 70 51 70 24 71 51 71 22 71 50 72 44 72 47 72 50 73 47 73 54 73 54 74 47 74 43 74 54 75 43 75 51 75 28 76 42 76 48 76 28 77 48 77 31 77 31 78 48 78 44 78 31 79 44 79 29 79 49 80 35 80 41 80 49 81 41 81 52 81 52 82 41 82 37 82 52 83 37 83 50 83 36 84 30 84 33 84 36 85 33 85 40 85 40 86 33 86 29 86 40 87 29 87 37 87 0 88 28 88 34 88 0 89 34 89 3 89 3 90 34 90 30 90 3 91 30 91 1 91 35 92 8 92 10 92 35 93 10 93 38 93 38 94 10 94 7 94 38 95 7 95 36 95 14 96 42 96 28 96 14 97 28 97 0 97 2 98 9 98 23 98 2 99 23 99 15 99 30 100 36 100 7 100 30 101 7 101 1 101 49 102 21 102 8 102 49 103 8 103 35 103 16 104 22 104 51 104 16 105 51 105 43 105 44 106 50 106 37 106 44 107 37 107 29 107</p></triangles></mesh></geometry><geometry id="mesh2"><mesh><source id="mesh2-positions"><float_array id="mesh2-array" count="36">-0.15000000596046448 -0.14500001072883606 -0.03799999877810478 -0.15000000596046448 -0.1600000113248825 -0.03800000250339508 -0.1439378261566162 -0.14499999582767487 -0.04149999842047691 -0.1439378261566162 -0.1600000113248825 -0.04150000214576721 -0.1439378261566162 -0.14499999582767487 -0.048500001430511475 -0.1439378261566162 -0.1600000113248825 -0.04850000515580177 -0.15000000596046448 -0.14499999582767487 -0.052000001072883606 -0.15000000596046448 -0.1599999964237213 -0.052000004798173904 -0.15606218576431274 -0.14499999582767487 -0.048500001430511475 -0.15606218576431274 -0.1600000113248825 -0.04850000515580177 -0.15606218576431274 -0.14499999582767487 -0.04149999842047691 -0.15606218576431274 -0.1600000113248825 -0.04150000214576721</float_array><technique_common><accessor source="#mesh2-array" count="12" stride="3"><param name="X" type="float" /><param name="Y" type="float" /><param name="Z" type="float" /></accessor></technique_common></source><source id="mesh2-normals"><float_array id="mesh2-normals-array" count="60">0.5000001192092896 -1.1635817998012499e-07 0.866025447845459 0.5000001192092896 -1.1635817998012499e-07 0.866025447845459 1.0 0.0 0.0 1.0 0.0 0.0 0.5000001192092896 1.1635817998012499e-07 -0.866025447845459 0.5000001192092896 1.1635817998012499e-07 -0.866025447845459 -0.5000001192092896 1.1635817998012499e-07 -0.866025447845459 -0.5000001192092896 1.1635817998012499e-07 -0.866025447845459 0.0 -1.0 -1.3435884227419592e-07 0.0 -1.0 -1.3435884227419592e-07 0.0 -1.0 -1.3435884227419592e-07 0.0 -1.0 -1.3435884227419592e-07 -1.0 0.0 0.0 -1.0 0.0 0.0 -0.5000001192092896 -1.1635817998012499e-07 0.866025447845459 -0.5000001192092896 -1.1635817998012499e-07 0.866025447845459 0.0 1.0 1.3435884227419592e-07 0.0 1.0 1.3435884227419592e-07 0.0 1.0 1.3435884227419592e-07 0.0 1.0 1.3435884227419592e-07</float_array><technique_common><accessor source="#mesh2-normals-array" count="20" stride="3"><param name="X" type="float" /><param name="Y" type="float" /><param name="Z" type="float" /></accessor></technique_common></source><vertices id="mesh2-vertices"><input semantic="POSITION" source="#mesh2-positions" /></vertices><triangles count="20" material="titanium"><input semantic="VERTEX" source="#mesh2-vertices" offset="0" /><input semantic="NORMAL" source="#mesh2-normals" offset="1" /><p>0 0 1 0 3 0 0 1 3 1 2 1 2 2 3 2 5 2 2 3 5 3 4 3 4 4 5 4 7 4 4 5 7 5 6 5 6 6 7 6 9 6 6 7 9 7 8 7 5 8 3 8 1 8 1 9 11 9 9 9 9 10 7 10 5 10 1 11 9 11 5 11 8 12 9 12 11 12 8 13 11 13 10 13 10 14 11 14 1 14 10 15 1 15 0 15 10 16 0 16 2 16 2 17 4 17 6 17 6 18 8 18 10 18 2 19 6 19 10 19</p></triangles></mesh></geometry><geometry id="mesh3"><mesh><source id="mesh3-positions"><float_array id="mesh3-array" count="36">-0.15000000596046448 -0.14500001072883606 0.06200000271201134 -0.15000000596046448 -0.1600000113248825 0.06199999898672104 -0.1439378261566162 -0.14499999582767487 0.058500003069639206 -0.1439378261566162 -0.1600000113248825 0.05849999934434891 -0.1439378261566162 -0.14499999582767487 0.051500000059604645 -0.1439378261566162 -0.1600000113248825 0.051499996334314346 -0.15000000596046448 -0.14499999582767487 0.04800000041723251 -0.15000000596046448 -0.1599999964237213 0.047999996691942215 -0.15606218576431274 -0.14499999582767487 0.051500000059604645 -0.15606218576431274 -0.1600000113248825 0.051499996334314346 -0.15606218576431274 -0.14499999582767487 0.058500003069639206 -0.15606218576431274 -0.1600000113248825 0.05849999934434891</float_array><technique_common><accessor source="#mesh3-array" count="12" stride="3"><param name="X" type="float" /><param name="Y" type="float" /><param name="Z" type="float" /></accessor></technique_common></source><source id="mesh3-normals"><float_array id="mesh3-normals-array" count="60">0.5000001192092896 -1.1635817998012499e-07 0.866025447845459 0.5000001192092896 -1.1635817998012499e-07 0.866025447845459 1.0 0.0 0.0 1.0 0.0 0.0 0.5000001192092896 1.1635817998012499e-07 -0.866025447845459 0.5000001192092896 1.1635817998012499e-07 -0.866025447845459 -0.5000001192092896 1.1635817998012499e-07 -0.866025447845459 -0.5000001192092896 1.1635817998012499e-07 -0.866025447845459 0.0 -1.0 -1.3435884227419592e-07 0.0 -1.0 -1.3435884227419592e-07 0.0 -1.0 -1.3435884227419592e-07 0.0 -1.0 -1.3435884227419592e-07 -1.0 0.0 0.0 -1.0 0.0 0.0 -0.5000001192092896 -1.1635817998012499e-07 0.866025447845459 -0.5000001192092896 -1.1635817998012499e-07 0.866025447845459 0.0 1.0 1.3435884227419592e-07 0.0 1.0 1.3435884227419592e-07 0.0 1.0 1.3435884227419592e-07 0.0 1.0 1.3435884227419592e-07</float_array><technique_common><accessor source="#mesh3-normals-array" count="20" stride="3"><param name="X" type="float" /><param name="Y" type="float" /><param name="Z" type="float" /></accessor></technique_common></source><vertices id="mesh3-vertices"><input semantic="POSITION" source="#mesh3-positions" /></vertices><triangles count="20" material="titanium"><input semantic="VERTEX" source="#mesh3-vertices" offset="0" /><input semantic="NORMAL" source="#mesh3-normals" offset="1" /><p>0 0 1 0 3 0 0 1 3 1 2 1 2 2 3 2 5 2 2 3 5 3 4 3 4 4 5 4 7 4 4 5 7 5 6 5 6 6 7 6 9 6 6 7 9 7 8 7 5 8 3 8 1 8 1 9 11 9 9 9 9 10 7 10 5 10 1 11 9 11 5 11 8 12 9 12 11 12 8 13 11 13 10 13 10 14 11 14 1 14 10 15 1 15 0 15 10 16 0 16 2 16 2 17 4 17 6 17 6 18 8 18 10 18 2 19 6 19 10 19</p></triangles></mesh></geometry><geometry id="mesh4"><mesh><source id="mesh4-positions"><float_array id="mesh4-array" count="36">0.1899999976158142 -0.14500001072883606 -0.03799999877810478 0.1899999976158142 -0.1600000113248825 -0.03800000250339508 0.19606217741966248 -0.14499999582767487 -0.04149999842047691 0.19606217741966248 -0.1600000113248825 -0.04150000214576721 0.19606217741966248 -0.14499999582767487 -0.048500001430511475 0.19606217741966248 -0.1600000113248825 -0.04850000515580177 0.1899999976158142 -0.14499999582767487 -0.052000001072883606 0.1899999976158142 -0.1599999964237213 -0.052000004798173904 0.18393781781196594 -0.14499999582767487 -0.048500001430511475 0.18393781781196594 -0.1600000113248825 -0.04850000515580177 0.18393781781196594 -0.14499999582767487 -0.04149999842047691 0.18393781781196594 -0.1600000113248825 -0.04150000214576721</float_array><technique_common><accessor source="#mesh4-array" count="12" stride="3"><param name="X" type="float" /><param name="Y" type="float" /><param name="Z" type="float" /></accessor></technique_common></source><source id="mesh4-normals"><float_array id="mesh4-normals-array" count="60">0.5000001192092896 -1.1635817998012499e-07 0.866025447845459 0.5000001192092896 -1.1635817998012499e-07 0.866025447845459 1.0 0.0 0.0 1.0 0.0 0.0 0.5000001192092896 1.1635817998012499e-07 -0.866025447845459 0.5000001192092896 1.1635817998012499e-07 -0.866025447845459 -0.5000001192092896 1.1635817998012499e-07 -0.866025447845459 -0.5000001192092896 1.1635817998012499e-07 -0.866025447845459 0.0 -1.0 -1.3435884227419592e-07 0.0 -1.0 -1.3435884227419592e-07 0.0 -1.0 -1.3435884227419592e-07 0.0 -1.0 -1.3435884227419592e-07 -1.0 0.0 0.0 -1.0 0.0 0.0 -0.5000001192092896 -1.1635817998012499e-07 0.866025447845459 -0.5000001192092896 -1.1635817998012499e-07 0.866025447845459 0.0 1.0 1.3435884227419592e-07 0.0 1.0 1.3435884227419592e-07 0.0 1.0 1.3435884227419592e-07 0.0 1.0 1.3435884227419592e-07</float_array><technique_common><accessor source="#mesh4-normals-array" count="20" stride="3"><param name="X" type="float" /><param name="Y" type="float" /><param name="Z" type="float" /></accessor></technique_common></source><vertices id="mesh4-vertices"><input semantic="POSITION" source="#mesh4-positions" /></vertices><triangles count="20" material="titanium"><input semantic="VERTEX" source="#mesh4-vertices" offset="0" /><input semantic="NORMAL" source="#mesh4-normals" offset="1" /><p>0 0 1 0 3 0 0 1 3 1 2 1 2 2 3 2 5 2 2 3 5 3 4 3 4 4 5 4 7 4 4 5 7 5 6 5 6 6 7 6 9 6 6 7 9 7 8 7 5 8 3 8 1 8 1 9 11 9 9 9 9 10 7 10 5 10 1 11 9 11 5 11 8 12 9 12 11 12 8 13 11 13 10 13 10 14 11 14 1 14 10 15 1 15 0 15 10 16 0 16 2 16 2 17 4 17 6 17 6 18 8 18 10 18 2 19 6 19 10 19</p></triangles></mesh></geometry><geometry id="mesh5"><mesh><source id="mesh5-positions"><float_array id="mesh5-array" count="36">0.1899999976158142 -0.14500001072883606 0.06200000271201134 0.1899999976158142 -0.1600000113248825 0.06199999898672104 0.19606217741966248 -0.14499999582767487 0.058500003069639206 0.19606217741966248 -0.1600000113248825 0.05849999934434891 0.19606217741966248 -0.14499999582767487 0.051500000059604645 0.19606217741966248 -0.1600000113248825 0.051499996334314346 0.1899999976158142 -0.14499999582767487 0.04800000041723251 0.1899999976158142 -0.1599999964237213 0.047999996691942215 0.18393781781196594 -0.14499999582767487 0.051500000059604645 0.18393781781196594 -0.1600000113248825 0.051499996334314346 0.18393781781196594 -0.14499999582767487 0.058500003069639206 0.18393781781196594 -0.1600000113248825 0.05849999934434891</float_array><technique_common><accessor source="#mesh5-array" count="12" stride="3"><param name="X" type="float" /><param name="Y" type="float" /><param name="Z" type="float" /></accessor></technique_common></source><source id="mesh5-normals"><float_array id="mesh5-normals-array" count="60">0.5000001192092896 -1.1635817998012499e-07 0.866025447845459 0.5000001192092896 -1.1635817998012499e-07 0.866025447845459 1.0 0.0 0.0 1.0 0.0 0.0 0.5000001192092896 1.1635817998012499e-07 -0.866025447845459 0.5000001192092896 1.1635817998012499e-07 -0.866025447845459 -0.5000001192092896 1.1635817998012499e-07 -0.866025447845459 -0.5000001192092896 1.1635817998012499e-07 -0.866025447845459 0.0 -1.0 -1.3435884227419592e-07 0.0 -1.0 -1.3435884227419592e-07 0.0 -1.0 -1.3435884227419592e-07 0.0 -1.0 -1.3435884227419592e-07 -1.0 0.0 0.0 -1.0 0.0 0.0 -0.5000001192092896 -1.1635817998012499e-07 0.866025447845459 -0.5000001192092896 -1.1635817998012499e-07 0.866025447845459 0.0 1.0 1.3435884227419592e-07 0.0 1.0 1.3435884227419592e-07 0.0 1.0 1.3435884227419592e-07 0.0 1.0 1.3435884227419592e-07</float_array><technique_common><accessor source="#mesh5-normals-array" count="20" stride="3"><param name="X" type="float" /><param name="Y" type="float" /><param name="Z" type="float" /></accessor></technique_common></source><vertices id="mesh5-vertices"><input semantic="POSITION" source="#mesh5-positions" /></vertices><triangles count="20" material="titanium"><input semantic="VERTEX" source="#mesh5-vertices" offset="0" /><input semantic="NORMAL" source="#mesh5-normals" offset="1" /><p>0 0 1 0 3 0 0 1 3 1 2 1 2 2 3 2 5 2 2 3 5 3 4 3 4 4 5 4 7 4 4 5 7 5 6 5 6 6 7 6 9 6 6 7 9 7 8 7 5 8 3 8 1 8 1 9 11 9 9 9 9 10 7 10 5 10 1 11 9 11 5 11 8 12 9 12 11 12 8 13 11 13 10 13 10 14 11 14 1 14 10 15 1 15 0 15 10 16 0 16 2 16 2 17 4 17 6 17 6 18 8 18 10 18 2 19 6 19 10 19</p></triangles></mesh></geometry><geometry id="mesh6"><mesh><source id="mesh6-positions"><float_array id="mesh6-array" count="168">-0.22200000286102295 -0.1379999965429306 0.09750000387430191 -0.22200000286102295 -0.14000000059604645 0.09950000047683716 -0.2239999920129776 -0.1379999965429306 0.09950000047683716 -0.22200000286102295 -0.1394142061471939 0.09808579087257385 -0.2231546938419342 -0.13915470242500305 0.0983453020453453 -0.22341421246528625 -0.1394142061471939 0.09950000047683716 -0.22341421246528625 -0.1379999965429306 0.09808579087257385 -0.22200000286102295 -0.14000000059604645 0.13050000369548798 -0.22200000286102295 -0.1379999965429306 0.13250000774860382 -0.2239999920129776 -0.1379999965429306 0.13050000369548798 -0.22200000286102295 -0.1394142061471939 0.13191421329975128 -0.2231546938419342 -0.13915470242500305 0.13165470957756042 -0.22341421246528625 -0.1379999965429306 0.13191421329975128 -0.22341421246528625 -0.1394142061471939 0.13050000369548798 -0.22200000286102295 -0.10199999809265137 0.09750000387430191 -0.2239999920129776 -0.10199999809265137 0.09950000047683716 -0.22200000286102295 -0.09999999403953552 0.09950000047683716 -0.22341421246528625 -0.10199999809265137 0.09808579087257385 -0.2231546938419342 -0.10084529966115952 0.0983453020453453 -0.22341421246528625 -0.10058578848838806 0.09950000047683716 -0.22200000286102295 -0.10058578848838806 0.09808579087257385 -0.22200000286102295 -0.10199999809265137 0.13250000774860382 -0.22200000286102295 -0.09999999403953552 0.13050000369548798 -0.2239999920129776 -0.10199999809265137 0.13050000369548798 -0.22200000286102295 -0.10058578848838806 0.13191421329975128 -0.2231546938419342 -0.10084529966115952 0.13165470957756042 -0.22341421246528625 -0.10058578848838806 0.13050000369548798 -0.22341421246528625 -0.10199999809265137 0.13191421329975128 -0.21799999475479126 -0.1379999965429306 0.09750000387430191 -0.2160000056028366 -0.1379999965429306 0.09950000047683716 -0.21799999475479126 -0.14000000059604645 0.09950000047683716 -0.21658578515052795 -0.1379999965429306 0.09808579087257385 -0.21684530377388 -0.13915470242500305 0.0983453020453453 -0.21658578515052795 -0.1394142061471939 0.09950000047683716 -0.21799999475479126 -0.1394142061471939 0.09808579087257385 -0.21799999475479126 -0.1379999965429306 0.13250000774860382 -0.21799999475479126 -0.14000000059604645 0.13050000369548798 -0.2160000056028366 -0.1379999965429306 0.13050000369548798 -0.21799999475479126 -0.1394142061471939 0.13191421329975128 -0.21684530377388 -0.13915470242500305 0.13165470957756042 -0.21658578515052795 -0.1394142061471939 0.13050000369548798 -0.21658578515052795 -0.1379999965429306 0.13191421329975128 -0.21799999475479126 -0.10199999809265137 0.09750000387430191 -0.21799999475479126 -0.09999999403953552 0.09950000047683716 -0.2160000056028366 -0.10199999809265137 0.09950000047683716 -0.21799999475479126 -0.10058578848838806 0.09808579087257385 -0.21684530377388 -0.10084529966115952 0.0983453020453453 -0.21658578515052795 -0.10058578848838806 0.09950000047683716 -0.21658578515052795 -0.10199999809265137 0.09808579087257385 -0.21799999475479126 -0.10199999809265137 0.13250000774860382 -0.2160000056028366 -0.10199999809265137 0.13050000369548798 -0.21799999475479126 -0.09999999403953552 0.13050000369548798 -0.21658578515052795 -0.10199999809265137 0.13191421329975128 -0.21684530377388 -0.10084529966115952 0.13165470957756042 -0.21658578515052795 -0.10058578848838806 0.13050000369548798 -0.21799999475479126 -0.10058578848838806 0.13191421329975128</float_array><technique_common><accessor source="#mesh6-array" count="56" stride="3"><param name="X" type="float" /><param name="Y" type="float" /><param name="Z" type="float" /></accessor></technique_common></source><source id="mesh6-normals"><float_array id="mesh6-normals-array" count="324">-0.2817472815513611 -0.36717987060546875 -0.8864521980285645 -0.3671797513961792 -0.281747430562973 -0.8864522576332092 -0.36718055605888367 -0.8864519000053406 -0.2817472517490387 -0.28174734115600586 -0.8864519596099854 -0.3671804368495941 -0.8864519596099854 -0.2817474603652954 -0.36718007922172546 -0.8864519596099854 -0.3671805262565613 -0.28174713253974915 -0.28174734115600586 -0.8864518404006958 0.36718040704727173 -0.36718058586120605 -0.8864519000053406 0.28174731135368347 -0.3671796917915344 -0.28174734115600586 0.8864521980285645 -0.2817472815513611 -0.36717987060546875 0.8864521980285645 -0.8864519596099854 -0.36718037724494934 0.2817472815513611 -0.8864520788192749 -0.28174731135368347 0.3671802580356598 -0.36717963218688965 0.28174734115600586 -0.8864522576332092 -0.2817472517490387 0.3671797215938568 -0.8864522576332092 -0.8864520788192749 0.36718010902404785 -0.2817472517490387 -0.8864520788192749 0.2817472517490387 -0.3671799600124359 -0.28174734115600586 0.8864519000053406 -0.36718034744262695 -0.3671804666519165 0.8864519596099854 -0.2817472815513611 -0.2817472815513611 0.36717987060546875 0.8864521980285645 -0.3671797513961792 0.281747430562973 0.8864522576332092 -0.36718055605888367 0.8864519000053406 0.2817472517490387 -0.28174734115600586 0.8864519596099854 0.3671804368495941 -0.8864519596099854 0.2817474603652954 0.36718007922172546 -0.8864519596099854 0.3671805262565613 0.28174713253974915 0.36717963218688965 -0.28174734115600586 -0.8864522576332092 0.2817472517490387 -0.3671797215938568 -0.8864522576332092 0.8864520788192749 -0.36718010902404785 -0.2817472517490387 0.8864520788192749 -0.2817472517490387 -0.3671799600124359 0.28174734115600586 -0.8864519000053406 -0.36718034744262695 0.3671804666519165 -0.8864519596099854 -0.2817472815513611 0.2817472815513611 -0.36717987060546875 0.8864521980285645 0.3671797513961792 -0.281747430562973 0.8864522576332092 0.36718055605888367 -0.8864519000053406 0.2817472517490387 0.28174734115600586 -0.8864519596099854 0.3671804368495941 0.8864519596099854 -0.2817474603652954 0.36718007922172546 0.8864519596099854 -0.3671805262565613 0.28174713253974915 0.2817472815513611 0.36717987060546875 -0.8864521980285645 0.3671797513961792 0.281747430562973 -0.8864522576332092 0.36718055605888367 0.8864519000053406 -0.2817472517490387 0.28174734115600586 0.8864519596099854 -0.3671804368495941 0.8864519596099854 0.2817474603652954 -0.36718007922172546 0.8864519596099854 0.3671805262565613 -0.28174713253974915 0.36717963218688965 0.28174734115600586 0.8864522576332092 0.2817472517490387 0.3671797215938568 0.8864522576332092 0.8864520788192749 0.36718010902404785 0.2817472517490387 0.8864520788192749 0.2817472517490387 0.3671799600124359 0.28174734115600586 0.8864519000053406 0.36718034744262695 0.3671804666519165 0.8864519596099854 0.2817472815513611 -0.382682740688324 2.475007310209776e-09 -0.923879861831665 -0.38268259167671204 -2.475006644075961e-09 -0.9238798022270203 -0.9238796234130859 -5.975207884034717e-09 -0.38268306851387024 -0.9238797426223755 0.0 -0.3826829791069031 -0.38268378376960754 -0.9238794445991516 -2.8742099811296384e-09 -0.38268378376960754 -0.9238794445991516 -2.8742099811296384e-09 -0.9238795042037964 -0.38268354535102844 -6.9389498591476695e-09 -0.9238794445991516 -0.382683664560318 0.0 -0.382682740688324 -2.475007310209776e-09 0.923879861831665 -0.382682740688324 -2.475007310209776e-09 0.923879861831665 -0.9238796234130859 -5.975207884034717e-09 0.38268306851387024 -0.9238796234130859 0.0 0.38268324732780457 -0.3826836347579956 0.9238795042037964 2.8742090929512187e-09 -0.38268378376960754 0.9238794445991516 8.62262972134431e-09 -0.9238796234130859 0.38268327713012695 2.0816852241978268e-08 -0.9238794445991516 0.382683664560318 0.0 0.0 0.382682740688324 -0.9238798022270203 0.0 0.382682740688324 -0.9238798022270203 0.0 0.9238796234130859 -0.3826833963394165 0.0 0.9238796234130859 -0.3826833963394165 0.0 0.382682740688324 0.9238798022270203 0.0 0.382682740688324 0.9238798022270203 0.0 0.9238796234130859 0.3826833963394165 0.0 0.9238796234130859 0.3826833963394165 0.9238794445991516 0.382683664560318 0.0 0.9238796234130859 0.38268327713012695 -2.0816852241978268e-08 0.38268372416496277 0.9238794445991516 -8.62262883316589e-09 0.3826836347579956 0.9238795042037964 -2.8742090929512187e-09 0.382682740688324 -2.475007310209776e-09 -0.923879861831665 0.38268259167671204 2.475006644075961e-09 -0.9238798022270203 0.9238796234130859 5.975207884034717e-09 -0.38268306851387024 0.9238797426223755 0.0 -0.3826829791069031 0.382682740688324 2.475007310209776e-09 0.923879861831665 0.38268259167671204 -2.475006644075961e-09 0.9238798022270203 0.9238796234130859 -5.975207884034717e-09 0.38268306851387024 0.9238797426223755 0.0 0.3826829791069031 0.3826836347579956 -0.9238795042037964 2.8742090929512187e-09 0.38268378376960754 -0.9238794445991516 8.62262972134431e-09 0.9238796234130859 -0.38268327713012695 2.0816852241978268e-08 0.9238794445991516 -0.382683664560318 0.0 0.0 -0.382682740688324 -0.9238798022270203 0.0 -0.382682740688324 -0.9238798022270203 0.0 -0.9238796234130859 -0.3826833963394165 0.0 -0.9238796234130859 -0.3826833963394165 0.0 -0.382682740688324 0.9238798022270203 0.0 -0.382682740688324 0.9238798022270203 0.0 -0.9238795638084412 0.3826833665370941 0.0 -0.9238796234130859 0.3826833963394165 0.0 0.0 -1.0 0.0 0.0 -1.0 -1.0 0.0 0.0 -1.0 0.0 0.0 0.0 -1.0 0.0 0.0 -1.0 0.0 0.0 0.0 1.0 0.0 0.0 1.0 0.0 1.0 0.0 0.0 1.0 0.0 1.0 0.0 0.0 1.0 0.0 0.0</float_array><technique_common><accessor source="#mesh6-normals-array" count="108" stride="3"><param name="X" type="float" /><param name="Y" type="float" /><param name="Z" type="float" /></accessor></technique_common></source><vertices id="mesh6-vertices"><input semantic="POSITION" source="#mesh6-positions" /></vertices><triangles count="108" material="titanium"><input semantic="VERTEX" source="#mesh6-vertices" offset="0" /><input semantic="NORMAL" source="#mesh6-normals" offset="1" /><p>0 0 3 0 4 0 0 1 4 1 6 1 1 2 5 2 4 2 1 3 4 3 3 3 2 4 6 4 4 4 2 5 4 5 5 5 7 6 10 6 11 6 7 7 11 7 13 7 8 8 12 8 11 8 8 9 11 9 10 9 9 10 13 10 11 10 9 11 11 11 12 11 14 12 17 12 18 12 14 13 18 13 20 13 15 14 19 14 18 14 15 15 18 15 17 15 16 16 20 16 18 16 16 17 18 17 19 17 21 18 24 18 25 18 21 19 25 19 27 19 22 20 26 20 25 20 22 21 25 21 24 21 23 22 27 22 25 22 23 23 25 23 26 23 28 24 31 24 32 24 28 25 32 25 34 25 29 26 33 26 32 26 29 27 32 27 31 27 30 28 34 28 32 28 30 29 32 29 33 29 35 30 38 30 39 30 35 31 39 31 41 31 36 32 40 32 39 32 36 33 39 33 38 33 37 34 41 34 39 34 37 35 39 35 40 35 42 36 45 36 46 36 42 37 46 37 48 37 43 38 47 38 46 38 43 39 46 39 45 39 44 40 48 40 46 40 44 41 46 41 47 41 49 42 52 42 53 42 49 43 53 43 55 43 50 44 54 44 53 44 50 45 53 45 52 45 51 46 55 46 53 46 51 47 53 47 54 47 14 48 0 48 6 48 14 49 6 49 17 49 17 50 6 50 2 50 17 51 2 51 15 51 1 52 7 52 13 52 1 53 13 53 5 53 5 54 13 54 9 54 5 55 9 55 2 55 8 56 21 56 27 56 8 57 27 57 12 57 12 58 27 58 23 58 12 59 23 59 9 59 22 60 16 60 19 60 22 61 19 61 26 61 26 62 19 62 15 62 26 63 15 63 23 63 42 64 14 64 20 64 42 65 20 65 45 65 45 66 20 66 16 66 45 67 16 67 43 67 21 68 49 68 55 68 21 69 55 69 24 69 24 70 55 70 51 70 24 71 51 71 22 71 50 72 44 72 47 72 50 73 47 73 54 73 54 74 47 74 43 74 54 75 43 75 51 75 28 76 42 76 48 76 28 77 48 77 31 77 31 78 48 78 44 78 31 79 44 79 29 79 49 80 35 80 41 80 49 81 41 81 52 81 52 82 41 82 37 82 52 83 37 83 50 83 36 84 30 84 33 84 36 85 33 85 40 85 40 86 33 86 29 86 40 87 29 87 37 87 0 88 28 88 34 88 0 89 34 89 3 89 3 90 34 90 30 90 3 91 30 91 1 91 35 92 8 92 10 92 35 93 10 93 38 93 38 94 10 94 7 94 38 95 7 95 36 95 14 96 42 96 28 96 14 97 28 97 0 97 2 98 9 98 23 98 2 99 23 99 15 99 30 100 36 100 7 100 30 101 7 101 1 101 49 102 21 102 8 102 49 103 8 103 35 103 16 104 22 104 51 104 16 105 51 105 43 105 44 106 50 106 37 106 44 107 37 107 29 107</p></triangles></mesh></geometry><geometry id="mesh7"><mesh><source id="mesh7-positions"><float_array id="mesh7-array" count="168">-0.20499999821186066 -0.1379999965429306 0.09750000387430191 -0.20499999821186066 -0.14000000059604645 0.09950000047683716 -0.2069999873638153 -0.1379999965429306 0.09950000047683716 -0.20499999821186066 -0.1394142061471939 0.09808579087257385 -0.2061546891927719 -0.13915470242500305 0.0983453020453453 -0.20641420781612396 -0.1394142061471939 0.09950000047683716 -0.20641420781612396 -0.1379999965429306 0.09808579087257385 -0.20499999821186066 -0.14000000059604645 0.13050000369548798 -0.20499999821186066 -0.1379999965429306 0.13250000774860382 -0.2069999873638153 -0.1379999965429306 0.13050000369548798 -0.20499999821186066 -0.1394142061471939 0.13191421329975128 -0.2061546891927719 -0.13915470242500305 0.13165470957756042 -0.20641420781612396 -0.1379999965429306 0.13191421329975128 -0.20641420781612396 -0.1394142061471939 0.13050000369548798 -0.20499999821186066 -0.10199999809265137 0.09750000387430191 -0.2069999873638153 -0.10199999809265137 0.09950000047683716 -0.20499999821186066 -0.09999999403953552 0.09950000047683716 -0.20641420781612396 -0.10199999809265137 0.09808579087257385 -0.2061546891927719 -0.10084529966115952 0.0983453020453453 -0.20641420781612396 -0.10058578848838806 0.09950000047683716 -0.20499999821186066 -0.10058578848838806 0.09808579087257385 -0.20499999821186066 -0.10199999809265137 0.13250000774860382 -0.20499999821186066 -0.09999999403953552 0.13050000369548798 -0.2069999873638153 -0.10199999809265137 0.13050000369548798 -0.20499999821186066 -0.10058578848838806 0.13191421329975128 -0.2061546891927719 -0.10084529966115952 0.13165470957756042 -0.20641420781612396 -0.10058578848838806 0.13050000369548798 -0.20641420781612396 -0.10199999809265137 0.13191421329975128 -0.20099999010562897 -0.1379999965429306 0.09750000387430191 -0.19900000095367432 -0.1379999965429306 0.09950000047683716 -0.20099999010562897 -0.14000000059604645 0.09950000047683716 -0.19958578050136566 -0.1379999965429306 0.09808579087257385 -0.1998452991247177 -0.13915470242500305 0.0983453020453453 -0.19958578050136566 -0.1394142061471939 0.09950000047683716 -0.20099999010562897 -0.1394142061471939 0.09808579087257385 -0.20099999010562897 -0.1379999965429306 0.13250000774860382 -0.20099999010562897 -0.14000000059604645 0.13050000369548798 -0.19900000095367432 -0.1379999965429306 0.13050000369548798 -0.20099999010562897 -0.1394142061471939 0.13191421329975128 -0.1998452991247177 -0.13915470242500305 0.13165470957756042 -0.19958578050136566 -0.1394142061471939 0.13050000369548798 -0.19958578050136566 -0.1379999965429306 0.13191421329975128 -0.20099999010562897 -0.10199999809265137 0.09750000387430191 -0.20099999010562897 -0.09999999403953552 0.09950000047683716 -0.19900000095367432 -0.10199999809265137 0.09950000047683716 -0.20099999010562897 -0.10058578848838806 0.09808579087257385 -0.1998452991247177 -0.10084529966115952 0.0983453020453453 -0.19958578050136566 -0.10058578848838806 0.09950000047683716 -0.19958578050136566 -0.10199999809265137 0.09808579087257385 -0.20099999010562897 -0.10199999809265137 0.13250000774860382 -0.19900000095367432 -0.10199999809265137 0.13050000369548798 -0.20099999010562897 -0.09999999403953552 0.13050000369548798 -0.19958578050136566 -0.10199999809265137 0.13191421329975128 -0.1998452991247177 -0.10084529966115952 0.13165470957756042 -0.19958578050136566 -0.10058578848838806 0.13050000369548798 -0.20099999010562897 -0.10058578848838806 0.13191421329975128</float_array><technique_common><accessor source="#mesh7-array" count="56" stride="3"><param name="X" type="float" /><param name="Y" type="float" /><param name="Z" type="float" /></accessor></technique_common></source><source id="mesh7-normals"><float_array id="mesh7-normals-array" count="324">-0.2817472815513611 -0.36717987060546875 -0.8864521980285645 -0.3671797513961792 -0.281747430562973 -0.8864522576332092 -0.36718055605888367 -0.8864519000053406 -0.2817472517490387 -0.28174734115600586 -0.8864519596099854 -0.3671804368495941 -0.8864519596099854 -0.2817474603652954 -0.36718007922172546 -0.8864519596099854 -0.3671805262565613 -0.28174713253974915 -0.28174734115600586 -0.8864518404006958 0.36718040704727173 -0.36718058586120605 -0.8864519000053406 0.28174731135368347 -0.3671796917915344 -0.28174734115600586 0.8864521980285645 -0.2817472815513611 -0.36717987060546875 0.8864521980285645 -0.8864519596099854 -0.36718037724494934 0.2817472815513611 -0.8864520788192749 -0.28174731135368347 0.3671802580356598 -0.36717963218688965 0.28174734115600586 -0.8864522576332092 -0.2817472517490387 0.3671797215938568 -0.8864522576332092 -0.8864520788192749 0.36718010902404785 -0.2817472517490387 -0.8864520788192749 0.2817472517490387 -0.3671799600124359 -0.28174734115600586 0.8864519000053406 -0.36718034744262695 -0.3671804666519165 0.8864519596099854 -0.2817472815513611 -0.2817472815513611 0.36717987060546875 0.8864521980285645 -0.3671797513961792 0.281747430562973 0.8864522576332092 -0.36718055605888367 0.8864519000053406 0.2817472517490387 -0.28174734115600586 0.8864519596099854 0.3671804368495941 -0.8864519596099854 0.2817474603652954 0.36718007922172546 -0.8864519596099854 0.3671805262565613 0.28174713253974915 0.36717963218688965 -0.28174734115600586 -0.8864522576332092 0.2817472517490387 -0.3671797215938568 -0.8864522576332092 0.8864520788192749 -0.36718010902404785 -0.2817472517490387 0.8864520788192749 -0.2817472517490387 -0.3671799600124359 0.28174734115600586 -0.8864519000053406 -0.36718034744262695 0.3671804666519165 -0.8864519596099854 -0.2817472815513611 0.2817472815513611 -0.36717987060546875 0.8864521980285645 0.3671797513961792 -0.281747430562973 0.8864522576332092 0.36718055605888367 -0.8864519000053406 0.2817472517490387 0.28174734115600586 -0.8864519596099854 0.3671804368495941 0.8864519596099854 -0.2817474603652954 0.36718007922172546 0.8864519596099854 -0.3671805262565613 0.28174713253974915 0.2817472815513611 0.36717987060546875 -0.8864521980285645 0.3671797513961792 0.281747430562973 -0.8864522576332092 0.36718055605888367 0.8864519000053406 -0.2817472517490387 0.28174734115600586 0.8864519596099854 -0.3671804368495941 0.8864519596099854 0.2817474603652954 -0.36718007922172546 0.8864519596099854 0.3671805262565613 -0.28174713253974915 0.36717963218688965 0.28174734115600586 0.8864522576332092 0.2817472517490387 0.3671797215938568 0.8864522576332092 0.8864520788192749 0.36718010902404785 0.2817472517490387 0.8864520788192749 0.2817472517490387 0.3671799600124359 0.28174734115600586 0.8864519000053406 0.36718034744262695 0.3671804666519165 0.8864519596099854 0.2817472815513611 -0.382682740688324 2.475007310209776e-09 -0.923879861831665 -0.38268259167671204 -2.475006644075961e-09 -0.9238798022270203 -0.9238796234130859 -5.975207884034717e-09 -0.38268306851387024 -0.9238797426223755 0.0 -0.3826829791069031 -0.38268378376960754 -0.9238794445991516 -2.8742099811296384e-09 -0.38268378376960754 -0.9238794445991516 -2.8742099811296384e-09 -0.9238795042037964 -0.38268354535102844 -6.9389498591476695e-09 -0.9238794445991516 -0.382683664560318 0.0 -0.382682740688324 -2.475007310209776e-09 0.923879861831665 -0.382682740688324 -2.475007310209776e-09 0.923879861831665 -0.9238796234130859 -5.975207884034717e-09 0.38268306851387024 -0.9238796234130859 0.0 0.38268324732780457 -0.3826836347579956 0.9238795042037964 2.8742090929512187e-09 -0.38268378376960754 0.9238794445991516 8.62262972134431e-09 -0.9238796234130859 0.38268327713012695 2.0816852241978268e-08 -0.9238794445991516 0.382683664560318 0.0 0.0 0.382682740688324 -0.9238798022270203 0.0 0.382682740688324 -0.9238798022270203 0.0 0.9238796234130859 -0.3826833963394165 0.0 0.9238796234130859 -0.3826833963394165 0.0 0.382682740688324 0.9238798022270203 0.0 0.382682740688324 0.9238798022270203 0.0 0.9238796234130859 0.3826833963394165 0.0 0.9238796234130859 0.3826833963394165 0.9238794445991516 0.382683664560318 0.0 0.9238796234130859 0.38268327713012695 -2.0816852241978268e-08 0.38268372416496277 0.9238794445991516 -8.62262883316589e-09 0.3826836347579956 0.9238795042037964 -2.8742090929512187e-09 0.382682740688324 -2.475007310209776e-09 -0.923879861831665 0.38268259167671204 2.475006644075961e-09 -0.9238798022270203 0.9238796234130859 5.975207884034717e-09 -0.38268306851387024 0.9238797426223755 0.0 -0.3826829791069031 0.382682740688324 2.475007310209776e-09 0.923879861831665 0.38268259167671204 -2.475006644075961e-09 0.9238798022270203 0.9238796234130859 -5.975207884034717e-09 0.38268306851387024 0.9238797426223755 0.0 0.3826829791069031 0.3826836347579956 -0.9238795042037964 2.8742090929512187e-09 0.38268378376960754 -0.9238794445991516 8.62262972134431e-09 0.9238796234130859 -0.38268327713012695 2.0816852241978268e-08 0.9238794445991516 -0.382683664560318 0.0 0.0 -0.382682740688324 -0.9238798022270203 0.0 -0.382682740688324 -0.9238798022270203 0.0 -0.9238796234130859 -0.3826833963394165 0.0 -0.9238796234130859 -0.3826833963394165 0.0 -0.382682740688324 0.9238798022270203 0.0 -0.382682740688324 0.9238798022270203 0.0 -0.9238795638084412 0.3826833665370941 0.0 -0.9238796234130859 0.3826833963394165 0.0 0.0 -1.0 0.0 0.0 -1.0 -1.0 0.0 0.0 -1.0 0.0 0.0 0.0 -1.0 0.0 0.0 -1.0 0.0 0.0 0.0 1.0 0.0 0.0 1.0 0.0 1.0 0.0 0.0 1.0 0.0 1.0 0.0 0.0 1.0 0.0 0.0</float_array><technique_common><accessor source="#mesh7-normals-array" count="108" stride="3"><param name="X" type="float" /><param name="Y" type="float" /><param name="Z" type="float" /></accessor></technique_common></source><vertices id="mesh7-vertices"><input semantic="POSITION" source="#mesh7-positions" /></vertices><triangles count="108" material="titanium"><input semantic="VERTEX" source="#mesh7-vertices" offset="0" /><input semantic="NORMAL" source="#mesh7-normals" offset="1" /><p>0 0 3 0 4 0 0 1 4 1 6 1 1 2 5 2 4 2 1 3 4 3 3 3 2 4 6 4 4 4 2 5 4 5 5 5 7 6 10 6 11 6 7 7 11 7 13 7 8 8 12 8 11 8 8 9 11 9 10 9 9 10 13 10 11 10 9 11 11 11 12 11 14 12 17 12 18 12 14 13 18 13 20 13 15 14 19 14 18 14 15 15 18 15 17 15 16 16 20 16 18 16 16 17 18 17 19 17 21 18 24 18 25 18 21 19 25 19 27 19 22 20 26 20 25 20 22 21 25 21 24 21 23 22 27 22 25 22 23 23 25 23 26 23 28 24 31 24 32 24 28 25 32 25 34 25 29 26 33 26 32 26 29 27 32 27 31 27 30 28 34 28 32 28 30 29 32 29 33 29 35 30 38 30 39 30 35 31 39 31 41 31 36 32 40 32 39 32 36 33 39 33 38 33 37 34 41 34 39 34 37 35 39 35 40 35 42 36 45 36 46 36 42 37 46 37 48 37 43 38 47 38 46 38 43 39 46 39 45 39 44 40 48 40 46 40 44 41 46 41 47 41 49 42 52 42 53 42 49 43 53 43 55 43 50 44 54 44 53 44 50 45 53 45 52 45 51 46 55 46 53 46 51 47 53 47 54 47 14 48 0 48 6 48 14 49 6 49 17 49 17 50 6 50 2 50 17 51 2 51 15 51 1 52 7 52 13 52 1 53 13 53 5 53 5 54 13 54 9 54 5 55 9 55 2 55 8 56 21 56 27 56 8 57 27 57 12 57 12 58 27 58 23 58 12 59 23 59 9 59 22 60 16 60 19 60 22 61 19 61 26 61 26 62 19 62 15 62 26 63 15 63 23 63 42 64 14 64 20 64 42 65 20 65 45 65 45 66 20 66 16 66 45 67 16 67 43 67 21 68 49 68 55 68 21 69 55 69 24 69 24 70 55 70 51 70 24 71 51 71 22 71 50 72 44 72 47 72 50 73 47 73 54 73 54 74 47 74 43 74 54 75 43 75 51 75 28 76 42 76 48 76 28 77 48 77 31 77 31 78 48 78 44 78 31 79 44 79 29 79 49 80 35 80 41 80 49 81 41 81 52 81 52 82 41 82 37 82 52 83 37 83 50 83 36 84 30 84 33 84 36 85 33 85 40 85 40 86 33 86 29 86 40 87 29 87 37 87 0 88 28 88 34 88 0 89 34 89 3 89 3 90 34 90 30 90 3 91 30 91 1 91 35 92 8 92 10 92 35 93 10 93 38 93 38 94 10 94 7 94 38 95 7 95 36 95 14 96 42 96 28 96 14 97 28 97 0 97 2 98 9 98 23 98 2 99 23 99 15 99 30 100 36 100 7 100 30 101 7 101 1 101 49 102 21 102 8 102 49 103 8 103 35 103 16 104 22 104 51 104 16 105 51 105 43 105 44 106 50 106 37 106 44 107 37 107 29 107</p></triangles></mesh></geometry><geometry id="mesh8"><mesh><source id="mesh8-positions"><float_array id="mesh8-array" count="168">-0.18800000846385956 -0.1379999965429306 0.09750000387430191 -0.18800000846385956 -0.14000000059604645 0.09950000047683716 -0.1899999976158142 -0.1379999965429306 0.09950000047683716 -0.18800000846385956 -0.1394142061471939 0.09808579087257385 -0.1891546994447708 -0.13915470242500305 0.0983453020453453 -0.18941421806812286 -0.1394142061471939 0.09950000047683716 -0.18941421806812286 -0.1379999965429306 0.09808579087257385 -0.18800000846385956 -0.14000000059604645 0.13050000369548798 -0.18800000846385956 -0.1379999965429306 0.13250000774860382 -0.1899999976158142 -0.1379999965429306 0.13050000369548798 -0.18800000846385956 -0.1394142061471939 0.13191421329975128 -0.1891546994447708 -0.13915470242500305 0.13165470957756042 -0.18941421806812286 -0.1379999965429306 0.13191421329975128 -0.18941421806812286 -0.1394142061471939 0.13050000369548798 -0.18800000846385956 -0.10199999809265137 0.09750000387430191 -0.1899999976158142 -0.10199999809265137 0.09950000047683716 -0.18800000846385956 -0.09999999403953552 0.09950000047683716 -0.18941421806812286 -0.10199999809265137 0.09808579087257385 -0.1891546994447708 -0.10084529966115952 0.0983453020453453 -0.18941421806812286 -0.10058578848838806 0.09950000047683716 -0.18800000846385956 -0.10058578848838806 0.09808579087257385 -0.18800000846385956 -0.10199999809265137 0.13250000774860382 -0.18800000846385956 -0.09999999403953552 0.13050000369548798 -0.1899999976158142 -0.10199999809265137 0.13050000369548798 -0.18800000846385956 -0.10058578848838806 0.13191421329975128 -0.1891546994447708 -0.10084529966115952 0.13165470957756042 -0.18941421806812286 -0.10058578848838806 0.13050000369548798 -0.18941421806812286 -0.10199999809265137 0.13191421329975128 -0.18400000035762787 -0.1379999965429306 0.09750000387430191 -0.18200001120567322 -0.1379999965429306 0.09950000047683716 -0.18400000035762787 -0.14000000059604645 0.09950000047683716 -0.18258579075336456 -0.1379999965429306 0.09808579087257385 -0.1828453093767166 -0.13915470242500305 0.0983453020453453 -0.18258579075336456 -0.1394142061471939 0.09950000047683716 -0.18400000035762787 -0.1394142061471939 0.09808579087257385 -0.18400000035762787 -0.1379999965429306 0.13250000774860382 -0.18400000035762787 -0.14000000059604645 0.13050000369548798 -0.18200001120567322 -0.1379999965429306 0.13050000369548798 -0.18400000035762787 -0.1394142061471939 0.13191421329975128 -0.1828453093767166 -0.13915470242500305 0.13165470957756042 -0.18258579075336456 -0.1394142061471939 0.13050000369548798 -0.18258579075336456 -0.1379999965429306 0.13191421329975128 -0.18400000035762787 -0.10199999809265137 0.09750000387430191 -0.18400000035762787 -0.09999999403953552 0.09950000047683716 -0.18200001120567322 -0.10199999809265137 0.09950000047683716 -0.18400000035762787 -0.10058578848838806 0.09808579087257385 -0.1828453093767166 -0.10084529966115952 0.0983453020453453 -0.18258579075336456 -0.10058578848838806 0.09950000047683716 -0.18258579075336456 -0.10199999809265137 0.09808579087257385 -0.18400000035762787 -0.10199999809265137 0.13250000774860382 -0.18200001120567322 -0.10199999809265137 0.13050000369548798 -0.18400000035762787 -0.09999999403953552 0.13050000369548798 -0.18258579075336456 -0.10199999809265137 0.13191421329975128 -0.1828453093767166 -0.10084529966115952 0.13165470957756042 -0.18258579075336456 -0.10058578848838806 0.13050000369548798 -0.18400000035762787 -0.10058578848838806 0.13191421329975128</float_array><technique_common><accessor source="#mesh8-array" count="56" stride="3"><param name="X" type="float" /><param name="Y" type="float" /><param name="Z" type="float" /></accessor></technique_common></source><source id="mesh8-normals"><float_array id="mesh8-normals-array" count="324">-0.2817472815513611 -0.36717987060546875 -0.8864521980285645 -0.3671797513961792 -0.281747430562973 -0.8864522576332092 -0.36718055605888367 -0.8864519000053406 -0.2817472517490387 -0.28174734115600586 -0.8864519596099854 -0.3671804368495941 -0.8864519596099854 -0.2817474603652954 -0.36718007922172546 -0.8864519596099854 -0.3671805262565613 -0.28174713253974915 -0.28174734115600586 -0.8864518404006958 0.36718040704727173 -0.36718058586120605 -0.8864519000053406 0.28174731135368347 -0.3671796917915344 -0.28174734115600586 0.8864521980285645 -0.2817472815513611 -0.36717987060546875 0.8864521980285645 -0.8864519596099854 -0.36718037724494934 0.2817472815513611 -0.8864520788192749 -0.28174731135368347 0.3671802580356598 -0.36717963218688965 0.28174734115600586 -0.8864522576332092 -0.2817472517490387 0.3671797215938568 -0.8864522576332092 -0.8864520788192749 0.36718010902404785 -0.2817472517490387 -0.8864520788192749 0.2817472517490387 -0.3671799600124359 -0.28174734115600586 0.8864519000053406 -0.36718034744262695 -0.3671804666519165 0.8864519596099854 -0.2817472815513611 -0.2817472815513611 0.36717987060546875 0.8864521980285645 -0.3671797513961792 0.281747430562973 0.8864522576332092 -0.36718055605888367 0.8864519000053406 0.2817472517490387 -0.28174734115600586 0.8864519596099854 0.3671804368495941 -0.8864519596099854 0.2817474603652954 0.36718007922172546 -0.8864519596099854 0.3671805262565613 0.28174713253974915 0.36717963218688965 -0.28174734115600586 -0.8864522576332092 0.2817472517490387 -0.3671797215938568 -0.8864522576332092 0.8864520788192749 -0.36718010902404785 -0.2817472517490387 0.8864520788192749 -0.2817472517490387 -0.3671799600124359 0.28174734115600586 -0.8864519000053406 -0.36718034744262695 0.3671804666519165 -0.8864519596099854 -0.2817472815513611 0.2817472815513611 -0.36717987060546875 0.8864521980285645 0.3671797513961792 -0.281747430562973 0.8864522576332092 0.36718055605888367 -0.8864519000053406 0.2817472517490387 0.28174734115600586 -0.8864519596099854 0.3671804368495941 0.8864519596099854 -0.2817474603652954 0.36718007922172546 0.8864519596099854 -0.3671805262565613 0.28174713253974915 0.2817472815513611 0.36717987060546875 -0.8864521980285645 0.3671797513961792 0.281747430562973 -0.8864522576332092 0.36718055605888367 0.8864519000053406 -0.2817472517490387 0.28174734115600586 0.8864519596099854 -0.3671804368495941 0.8864519596099854 0.2817474603652954 -0.36718007922172546 0.8864519596099854 0.3671805262565613 -0.28174713253974915 0.36717963218688965 0.28174734115600586 0.8864522576332092 0.2817472517490387 0.3671797215938568 0.8864522576332092 0.8864520788192749 0.36718010902404785 0.2817472517490387 0.8864520788192749 0.2817472517490387 0.3671799600124359 0.28174734115600586 0.8864519000053406 0.36718034744262695 0.3671804666519165 0.8864519596099854 0.2817472815513611 -0.382682740688324 2.475007310209776e-09 -0.923879861831665 -0.38268259167671204 -2.475006644075961e-09 -0.9238798022270203 -0.9238796234130859 -5.975207884034717e-09 -0.38268306851387024 -0.9238797426223755 0.0 -0.3826829791069031 -0.38268378376960754 -0.9238794445991516 -2.8742099811296384e-09 -0.38268378376960754 -0.9238794445991516 -2.8742099811296384e-09 -0.9238795042037964 -0.38268354535102844 -6.9389498591476695e-09 -0.9238794445991516 -0.382683664560318 0.0 -0.382682740688324 -2.475007310209776e-09 0.923879861831665 -0.382682740688324 -2.475007310209776e-09 0.923879861831665 -0.9238796234130859 -5.975207884034717e-09 0.38268306851387024 -0.9238796234130859 0.0 0.38268324732780457 -0.3826836347579956 0.9238795042037964 2.8742090929512187e-09 -0.38268378376960754 0.9238794445991516 8.62262972134431e-09 -0.9238796234130859 0.38268327713012695 2.0816852241978268e-08 -0.9238794445991516 0.382683664560318 0.0 0.0 0.382682740688324 -0.9238798022270203 0.0 0.382682740688324 -0.9238798022270203 0.0 0.9238796234130859 -0.3826833963394165 0.0 0.9238796234130859 -0.3826833963394165 0.0 0.382682740688324 0.9238798022270203 0.0 0.382682740688324 0.9238798022270203 0.0 0.9238796234130859 0.3826833963394165 0.0 0.9238796234130859 0.3826833963394165 0.9238794445991516 0.382683664560318 0.0 0.9238796234130859 0.38268327713012695 -2.0816852241978268e-08 0.38268372416496277 0.9238794445991516 -8.62262883316589e-09 0.3826836347579956 0.9238795042037964 -2.8742090929512187e-09 0.382682740688324 -2.475007310209776e-09 -0.923879861831665 0.38268259167671204 2.475006644075961e-09 -0.9238798022270203 0.9238796234130859 5.975207884034717e-09 -0.38268306851387024 0.9238797426223755 0.0 -0.3826829791069031 0.382682740688324 2.475007310209776e-09 0.923879861831665 0.38268259167671204 -2.475006644075961e-09 0.9238798022270203 0.9238796234130859 -5.975207884034717e-09 0.38268306851387024 0.9238797426223755 0.0 0.3826829791069031 0.3826836347579956 -0.9238795042037964 2.8742090929512187e-09 0.38268378376960754 -0.9238794445991516 8.62262972134431e-09 0.9238796234130859 -0.38268327713012695 2.0816852241978268e-08 0.9238794445991516 -0.382683664560318 0.0 0.0 -0.382682740688324 -0.9238798022270203 0.0 -0.382682740688324 -0.9238798022270203 0.0 -0.9238796234130859 -0.3826833963394165 0.0 -0.9238796234130859 -0.3826833963394165 0.0 -0.382682740688324 0.9238798022270203 0.0 -0.382682740688324 0.9238798022270203 0.0 -0.9238795638084412 0.3826833665370941 0.0 -0.9238796234130859 0.3826833963394165 0.0 0.0 -1.0 0.0 0.0 -1.0 -1.0 0.0 0.0 -1.0 0.0 0.0 0.0 -1.0 0.0 0.0 -1.0 0.0 0.0 0.0 1.0 0.0 0.0 1.0 0.0 1.0 0.0 0.0 1.0 0.0 1.0 0.0 0.0 1.0 0.0 0.0</float_array><technique_common><accessor source="#mesh8-normals-array" count="108" stride="3"><param name="X" type="float" /><param name="Y" type="float" /><param name="Z" type="float" /></accessor></technique_common></source><vertices id="mesh8-vertices"><input semantic="POSITION" source="#mesh8-positions" /></vertices><triangles count="108" material="titanium"><input semantic="VERTEX" source="#mesh8-vertices" offset="0" /><input semantic="NORMAL" source="#mesh8-normals" offset="1" /><p>0 0 3 0 4 0 0 1 4 1 6 1 1 2 5 2 4 2 1 3 4 3 3 3 2 4 6 4 4 4 2 5 4 5 5 5 7 6 10 6 11 6 7 7 11 7 13 7 8 8 12 8 11 8 8 9 11 9 10 9 9 10 13 10 11 10 9 11 11 11 12 11 14 12 17 12 18 12 14 13 18 13 20 13 15 14 19 14 18 14 15 15 18 15 17 15 16 16 20 16 18 16 16 17 18 17 19 17 21 18 24 18 25 18 21 19 25 19 27 19 22 20 26 20 25 20 22 21 25 21 24 21 23 22 27 22 25 22 23 23 25 23 26 23 28 24 31 24 32 24 28 25 32 25 34 25 29 26 33 26 32 26 29 27 32 27 31 27 30 28 34 28 32 28 30 29 32 29 33 29 35 30 38 30 39 30 35 31 39 31 41 31 36 32 40 32 39 32 36 33 39 33 38 33 37 34 41 34 39 34 37 35 39 35 40 35 42 36 45 36 46 36 42 37 46 37 48 37 43 38 47 38 46 38 43 39 46 39 45 39 44 40 48 40 46 40 44 41 46 41 47 41 49 42 52 42 53 42 49 43 53 43 55 43 50 44 54 44 53 44 50 45 53 45 52 45 51 46 55 46 53 46 51 47 53 47 54 47 14 48 0 48 6 48 14 49 6 49 17 49 17 50 6 50 2 50 17 51 2 51 15 51 1 52 7 52 13 52 1 53 13 53 5 53 5 54 13 54 9 54 5 55 9 55 2 55 8 56 21 56 27 56 8 57 27 57 12 57 12 58 27 58 23 58 12 59 23 59 9 59 22 60 16 60 19 60 22 61 19 61 26 61 26 62 19 62 15 62 26 63 15 63 23 63 42 64 14 64 20 64 42 65 20 65 45 65 45 66 20 66 16 66 45 67 16 67 43 67 21 68 49 68 55 68 21 69 55 69 24 69 24 70 55 70 51 70 24 71 51 71 22 71 50 72 44 72 47 72 50 73 47 73 54 73 54 74 47 74 43 74 54 75 43 75 51 75 28 76 42 76 48 76 28 77 48 77 31 77 31 78 48 78 44 78 31 79 44 79 29 79 49 80 35 80 41 80 49 81 41 81 52 81 52 82 41 82 37 82 52 83 37 83 50 83 36 84 30 84 33 84 36 85 33 85 40 85 40 86 33 86 29 86 40 87 29 87 37 87 0 88 28 88 34 88 0 89 34 89 3 89 3 90 34 90 30 90 3 91 30 91 1 91 35 92 8 92 10 92 35 93 10 93 38 93 38 94 10 94 7 94 38 95 7 95 36 95 14 96 42 96 28 96 14 97 28 97 0 97 2 98 9 98 23 98 2 99 23 99 15 99 30 100 36 100 7 100 30 101 7 101 1 101 49 102 21 102 8 102 49 103 8 103 35 103 16 104 22 104 51 104 16 105 51 105 43 105 44 106 50 106 37 106 44 107 37 107 29 107</p></triangles></mesh></geometry><geometry id="mesh9"><mesh><source id="mesh9-positions"><float_array id="mesh9-array" count="168">-0.17100000381469727 -0.1379999965429306 0.09750000387430191 -0.17100000381469727 -0.14000000059604645 0.09950000047683716 -0.17299999296665192 -0.1379999965429306 0.09950000047683716 -0.17100000381469727 -0.1394142061471939 0.09808579087257385 -0.17215469479560852 -0.13915470242500305 0.0983453020453453 -0.17241421341896057 -0.1394142061471939 0.09950000047683716 -0.17241421341896057 -0.1379999965429306 0.09808579087257385 -0.17100000381469727 -0.14000000059604645 0.13050000369548798 -0.17100000381469727 -0.1379999965429306 0.13250000774860382 -0.17299999296665192 -0.1379999965429306 0.13050000369548798 -0.17100000381469727 -0.1394142061471939 0.13191421329975128 -0.17215469479560852 -0.13915470242500305 0.13165470957756042 -0.17241421341896057 -0.1379999965429306 0.13191421329975128 -0.17241421341896057 -0.1394142061471939 0.13050000369548798 -0.17100000381469727 -0.10199999809265137 0.09750000387430191 -0.17299999296665192 -0.10199999809265137 0.09950000047683716 -0.17100000381469727 -0.09999999403953552 0.09950000047683716 -0.17241421341896057 -0.10199999809265137 0.09808579087257385 -0.17215469479560852 -0.10084529966115952 0.0983453020453453 -0.17241421341896057 -0.10058578848838806 0.09950000047683716 -0.17100000381469727 -0.10058578848838806 0.09808579087257385 -0.17100000381469727 -0.10199999809265137 0.13250000774860382 -0.17100000381469727 -0.09999999403953552 0.13050000369548798 -0.17299999296665192 -0.10199999809265137 0.13050000369548798 -0.17100000381469727 -0.10058578848838806 0.13191421329975128 -0.17215469479560852 -0.10084529966115952 0.13165470957756042 -0.17241421341896057 -0.10058578848838806 0.13050000369548798 -0.17241421341896057 -0.10199999809265137 0.13191421329975128 -0.16699999570846558 -0.1379999965429306 0.09750000387430191 -0.16500000655651093 -0.1379999965429306 0.09950000047683716 -0.16699999570846558 -0.14000000059604645 0.09950000047683716 -0.16558578610420227 -0.1379999965429306 0.09808579087257385 -0.16584530472755432 -0.13915470242500305 0.0983453020453453 -0.16558578610420227 -0.1394142061471939 0.09950000047683716 -0.16699999570846558 -0.1394142061471939 0.09808579087257385 -0.16699999570846558 -0.1379999965429306 0.13250000774860382 -0.16699999570846558 -0.14000000059604645 0.13050000369548798 -0.16500000655651093 -0.1379999965429306 0.13050000369548798 -0.16699999570846558 -0.1394142061471939 0.13191421329975128 -0.16584530472755432 -0.13915470242500305 0.13165470957756042 -0.16558578610420227 -0.1394142061471939 0.13050000369548798 -0.16558578610420227 -0.1379999965429306 0.13191421329975128 -0.16699999570846558 -0.10199999809265137 0.09750000387430191 -0.16699999570846558 -0.09999999403953552 0.09950000047683716 -0.16500000655651093 -0.10199999809265137 0.09950000047683716 -0.16699999570846558 -0.10058578848838806 0.09808579087257385 -0.16584530472755432 -0.10084529966115952 0.0983453020453453 -0.16558578610420227 -0.10058578848838806 0.09950000047683716 -0.16558578610420227 -0.10199999809265137 0.09808579087257385 -0.16699999570846558 -0.10199999809265137 0.13250000774860382 -0.16500000655651093 -0.10199999809265137 0.13050000369548798 -0.16699999570846558 -0.09999999403953552 0.13050000369548798 -0.16558578610420227 -0.10199999809265137 0.13191421329975128 -0.16584530472755432 -0.10084529966115952 0.13165470957756042 -0.16558578610420227 -0.10058578848838806 0.13050000369548798 -0.16699999570846558 -0.10058578848838806 0.13191421329975128</float_array><technique_common><accessor source="#mesh9-array" count="56" stride="3"><param name="X" type="float" /><param name="Y" type="float" /><param name="Z" type="float" /></accessor></technique_common></source><source id="mesh9-normals"><float_array id="mesh9-normals-array" count="324">-0.2817472815513611 -0.36717987060546875 -0.8864521980285645 -0.3671797513961792 -0.281747430562973 -0.8864522576332092 -0.36718055605888367 -0.8864519000053406 -0.2817472517490387 -0.28174734115600586 -0.8864519596099854 -0.3671804368495941 -0.8864519596099854 -0.2817474603652954 -0.36718007922172546 -0.8864519596099854 -0.3671805262565613 -0.28174713253974915 -0.28174734115600586 -0.8864518404006958 0.36718040704727173 -0.36718058586120605 -0.8864519000053406 0.28174731135368347 -0.3671796917915344 -0.28174734115600586 0.8864521980285645 -0.2817472815513611 -0.36717987060546875 0.8864521980285645 -0.8864519596099854 -0.36718037724494934 0.2817472815513611 -0.8864520788192749 -0.28174731135368347 0.3671802580356598 -0.36717963218688965 0.28174734115600586 -0.8864522576332092 -0.2817472517490387 0.3671797215938568 -0.8864522576332092 -0.8864520788192749 0.36718010902404785 -0.2817472517490387 -0.8864520788192749 0.2817472517490387 -0.3671799600124359 -0.28174734115600586 0.8864519000053406 -0.36718034744262695 -0.3671804666519165 0.8864519596099854 -0.2817472815513611 -0.2817472815513611 0.36717987060546875 0.8864521980285645 -0.3671797513961792 0.281747430562973 0.8864522576332092 -0.36718055605888367 0.8864519000053406 0.2817472517490387 -0.28174734115600586 0.8864519596099854 0.3671804368495941 -0.8864519596099854 0.2817474603652954 0.36718007922172546 -0.8864519596099854 0.3671805262565613 0.28174713253974915 0.36717963218688965 -0.28174734115600586 -0.8864522576332092 0.2817472517490387 -0.3671797215938568 -0.8864522576332092 0.8864520788192749 -0.36718010902404785 -0.2817472517490387 0.8864520788192749 -0.2817472517490387 -0.3671799600124359 0.28174734115600586 -0.8864519000053406 -0.36718034744262695 0.3671804666519165 -0.8864519596099854 -0.2817472815513611 0.2817472815513611 -0.36717987060546875 0.8864521980285645 0.3671797513961792 -0.281747430562973 0.8864522576332092 0.36718055605888367 -0.8864519000053406 0.2817472517490387 0.28174734115600586 -0.8864519596099854 0.3671804368495941 0.8864519596099854 -0.2817474603652954 0.36718007922172546 0.8864519596099854 -0.3671805262565613 0.28174713253974915 0.2817472815513611 0.36717987060546875 -0.8864521980285645 0.3671797513961792 0.281747430562973 -0.8864522576332092 0.36718055605888367 0.8864519000053406 -0.2817472517490387 0.28174734115600586 0.8864519596099854 -0.3671804368495941 0.8864519596099854 0.2817474603652954 -0.36718007922172546 0.8864519596099854 0.3671805262565613 -0.28174713253974915 0.36717963218688965 0.28174734115600586 0.8864522576332092 0.2817472517490387 0.3671797215938568 0.8864522576332092 0.8864520788192749 0.36718010902404785 0.2817472517490387 0.8864520788192749 0.2817472517490387 0.3671799600124359 0.28174734115600586 0.8864519000053406 0.36718034744262695 0.3671804666519165 0.8864519596099854 0.2817472815513611 -0.382682740688324 2.475007310209776e-09 -0.923879861831665 -0.38268259167671204 -2.475006644075961e-09 -0.9238798022270203 -0.9238796234130859 -5.975207884034717e-09 -0.38268306851387024 -0.9238797426223755 0.0 -0.3826829791069031 -0.38268378376960754 -0.9238794445991516 -2.8742099811296384e-09 -0.38268378376960754 -0.9238794445991516 -2.8742099811296384e-09 -0.9238795042037964 -0.38268354535102844 -6.9389498591476695e-09 -0.9238794445991516 -0.382683664560318 0.0 -0.382682740688324 -2.475007310209776e-09 0.923879861831665 -0.382682740688324 -2.475007310209776e-09 0.923879861831665 -0.9238796234130859 -5.975207884034717e-09 0.38268306851387024 -0.9238796234130859 0.0 0.38268324732780457 -0.3826836347579956 0.9238795042037964 2.8742090929512187e-09 -0.38268378376960754 0.9238794445991516 8.62262972134431e-09 -0.9238796234130859 0.38268327713012695 2.0816852241978268e-08 -0.9238794445991516 0.382683664560318 0.0 0.0 0.382682740688324 -0.9238798022270203 0.0 0.382682740688324 -0.9238798022270203 0.0 0.9238796234130859 -0.3826833963394165 0.0 0.9238796234130859 -0.3826833963394165 0.0 0.382682740688324 0.9238798022270203 0.0 0.382682740688324 0.9238798022270203 0.0 0.9238796234130859 0.3826833963394165 0.0 0.9238796234130859 0.3826833963394165 0.9238794445991516 0.382683664560318 0.0 0.9238796234130859 0.38268327713012695 -2.0816852241978268e-08 0.38268372416496277 0.9238794445991516 -8.62262883316589e-09 0.3826836347579956 0.9238795042037964 -2.8742090929512187e-09 0.382682740688324 -2.475007310209776e-09 -0.923879861831665 0.38268259167671204 2.475006644075961e-09 -0.9238798022270203 0.9238796234130859 5.975207884034717e-09 -0.38268306851387024 0.9238797426223755 0.0 -0.3826829791069031 0.382682740688324 2.475007310209776e-09 0.923879861831665 0.38268259167671204 -2.475006644075961e-09 0.9238798022270203 0.9238796234130859 -5.975207884034717e-09 0.38268306851387024 0.9238797426223755 0.0 0.3826829791069031 0.3826836347579956 -0.9238795042037964 2.8742090929512187e-09 0.38268378376960754 -0.9238794445991516 8.62262972134431e-09 0.9238796234130859 -0.38268327713012695 2.0816852241978268e-08 0.9238794445991516 -0.382683664560318 0.0 0.0 -0.382682740688324 -0.9238798022270203 0.0 -0.382682740688324 -0.9238798022270203 0.0 -0.9238796234130859 -0.3826833963394165 0.0 -0.9238796234130859 -0.3826833963394165 0.0 -0.382682740688324 0.9238798022270203 0.0 -0.382682740688324 0.9238798022270203 0.0 -0.9238795638084412 0.3826833665370941 0.0 -0.9238796234130859 0.3826833963394165 0.0 0.0 -1.0 0.0 0.0 -1.0 -1.0 0.0 0.0 -1.0 0.0 0.0 0.0 -1.0 0.0 0.0 -1.0 0.0 0.0 0.0 1.0 0.0 0.0 1.0 0.0 1.0 0.0 0.0 1.0 0.0 1.0 0.0 0.0 1.0 0.0 0.0</float_array><technique_common><accessor source="#mesh9-normals-array" count="108" stride="3"><param name="X" type="float" /><param name="Y" type="float" /><param name="Z" type="float" /></accessor></technique_common></source><vertices id="mesh9-vertices"><input semantic="POSITION" source="#mesh9-positions" /></vertices><triangles count="108" material="titanium"><input semantic="VERTEX" source="#mesh9-vertices" offset="0" /><input semantic="NORMAL" source="#mesh9-normals" offset="1" /><p>0 0 3 0 4 0 0 1 4 1 6 1 1 2 5 2 4 2 1 3 4 3 3 3 2 4 6 4 4 4 2 5 4 5 5 5 7 6 10 6 11 6 7 7 11 7 13 7 8 8 12 8 11 8 8 9 11 9 10 9 9 10 13 10 11 10 9 11 11 11 12 11 14 12 17 12 18 12 14 13 18 13 20 13 15 14 19 14 18 14 15 15 18 15 17 15 16 16 20 16 18 16 16 17 18 17 19 17 21 18 24 18 25 18 21 19 25 19 27 19 22 20 26 20 25 20 22 21 25 21 24 21 23 22 27 22 25 22 23 23 25 23 26 23 28 24 31 24 32 24 28 25 32 25 34 25 29 26 33 26 32 26 29 27 32 27 31 27 30 28 34 28 32 28 30 29 32 29 33 29 35 30 38 30 39 30 35 31 39 31 41 31 36 32 40 32 39 32 36 33 39 33 38 33 37 34 41 34 39 34 37 35 39 35 40 35 42 36 45 36 46 36 42 37 46 37 48 37 43 38 47 38 46 38 43 39 46 39 45 39 44 40 48 40 46 40 44 41 46 41 47 41 49 42 52 42 53 42 49 43 53 43 55 43 50 44 54 44 53 44 50 45 53 45 52 45 51 46 55 46 53 46 51 47 53 47 54 47 14 48 0 48 6 48 14 49 6 49 17 49 17 50 6 50 2 50 17 51 2 51 15 51 1 52 7 52 13 52 1 53 13 53 5 53 5 54 13 54 9 54 5 55 9 55 2 55 8 56 21 56 27 56 8 57 27 57 12 57 12 58 27 58 23 58 12 59 23 59 9 59 22 60 16 60 19 60 22 61 19 61 26 61 26 62 19 62 15 62 26 63 15 63 23 63 42 64 14 64 20 64 42 65 20 65 45 65 45 66 20 66 16 66 45 67 16 67 43 67 21 68 49 68 55 68 21 69 55 69 24 69 24 70 55 70 51 70 24 71 51 71 22 71 50 72 44 72 47 72 50 73 47 73 54 73 54 74 47 74 43 74 54 75 43 75 51 75 28 76 42 76 48 76 28 77 48 77 31 77 31 78 48 78 44 78 31 79 44 79 29 79 49 80 35 80 41 80 49 81 41 81 52 81 52 82 41 82 37 82 52 83 37 83 50 83 36 84 30 84 33 84 36 85 33 85 40 85 40 86 33 86 29 86 40 87 29 87 37 87 0 88 28 88 34 88 0 89 34 89 3 89 3 90 34 90 30 90 3 91 30 91 1 91 35 92 8 92 10 92 35 93 10 93 38 93 38 94 10 94 7 94 38 95 7 95 36 95 14 96 42 96 28 96 14 97 28 97 0 97 2 98 9 98 23 98 2 99 23 99 15 99 30 100 36 100 7 100 30 101 7 101 1 101 49 102 21 102 8 102 49 103 8 103 35 103 16 104 22 104 51 104 16 105 51 105 43 105 44 106 50 106 37 106 44 107 37 107 29 107</p></triangles></mesh></geometry><geometry id="mesh10"><mesh><source id="mesh10-positions"><float_array id="mesh10-array" count="168">-0.15399999916553497 -0.1379999965429306 0.09750000387430191 -0.15399999916553497 -0.14000000059604645 0.09950000047683716 -0.15599998831748962 -0.1379999965429306 0.09950000047683716 -0.15399999916553497 -0.1394142061471939 0.09808579087257385 -0.15515469014644623 -0.13915470242500305 0.0983453020453453 -0.15541420876979828 -0.1394142061471939 0.09950000047683716 -0.15541420876979828 -0.1379999965429306 0.09808579087257385 -0.15399999916553497 -0.14000000059604645 0.13050000369548798 -0.15399999916553497 -0.1379999965429306 0.13250000774860382 -0.15599998831748962 -0.1379999965429306 0.13050000369548798 -0.15399999916553497 -0.1394142061471939 0.13191421329975128 -0.15515469014644623 -0.13915470242500305 0.13165470957756042 -0.15541420876979828 -0.1379999965429306 0.13191421329975128 -0.15541420876979828 -0.1394142061471939 0.13050000369548798 -0.15399999916553497 -0.10199999809265137 0.09750000387430191 -0.15599998831748962 -0.10199999809265137 0.09950000047683716 -0.15399999916553497 -0.09999999403953552 0.09950000047683716 -0.15541420876979828 -0.10199999809265137 0.09808579087257385 -0.15515469014644623 -0.10084529966115952 0.0983453020453453 -0.15541420876979828 -0.10058578848838806 0.09950000047683716 -0.15399999916553497 -0.10058578848838806 0.09808579087257385 -0.15399999916553497 -0.10199999809265137 0.13250000774860382 -0.15399999916553497 -0.09999999403953552 0.13050000369548798 -0.15599998831748962 -0.10199999809265137 0.13050000369548798 -0.15399999916553497 -0.10058578848838806 0.13191421329975128 -0.15515469014644623 -0.10084529966115952 0.13165470957756042 -0.15541420876979828 -0.10058578848838806 0.13050000369548798 -0.15541420876979828 -0.10199999809265137 0.13191421329975128 -0.14999999105930328 -0.1379999965429306 0.09750000387430191 -0.14800000190734863 -0.1379999965429306 0.09950000047683716 -0.14999999105930328 -0.14000000059604645 0.09950000047683716 -0.14858578145503998 -0.1379999965429306 0.09808579087257385 -0.14884530007839203 -0.13915470242500305 0.0983453020453453 -0.14858578145503998 -0.1394142061471939 0.09950000047683716 -0.14999999105930328 -0.1394142061471939 0.09808579087257385 -0.14999999105930328 -0.1379999965429306 0.13250000774860382 -0.14999999105930328 -0.14000000059604645 0.13050000369548798 -0.14800000190734863 -0.1379999965429306 0.13050000369548798 -0.14999999105930328 -0.1394142061471939 0.13191421329975128 -0.14884530007839203 -0.13915470242500305 0.13165470957756042 -0.14858578145503998 -0.1394142061471939 0.13050000369548798 -0.14858578145503998 -0.1379999965429306 0.13191421329975128 -0.14999999105930328 -0.10199999809265137 0.09750000387430191 -0.14999999105930328 -0.09999999403953552 0.09950000047683716 -0.14800000190734863 -0.10199999809265137 0.09950000047683716 -0.14999999105930328 -0.10058578848838806 0.09808579087257385 -0.14884530007839203 -0.10084529966115952 0.0983453020453453 -0.14858578145503998 -0.10058578848838806 0.09950000047683716 -0.14858578145503998 -0.10199999809265137 0.09808579087257385 -0.14999999105930328 -0.10199999809265137 0.13250000774860382 -0.14800000190734863 -0.10199999809265137 0.13050000369548798 -0.14999999105930328 -0.09999999403953552 0.13050000369548798 -0.14858578145503998 -0.10199999809265137 0.13191421329975128 -0.14884530007839203 -0.10084529966115952 0.13165470957756042 -0.14858578145503998 -0.10058578848838806 0.13050000369548798 -0.14999999105930328 -0.10058578848838806 0.13191421329975128</float_array><technique_common><accessor source="#mesh10-array" count="56" stride="3"><param name="X" type="float" /><param name="Y" type="float" /><param name="Z" type="float" /></accessor></technique_common></source><source id="mesh10-normals"><float_array id="mesh10-normals-array" count="324">-0.2817472815513611 -0.36717987060546875 -0.8864521980285645 -0.3671797513961792 -0.281747430562973 -0.8864522576332092 -0.36718055605888367 -0.8864519000053406 -0.2817472517490387 -0.28174734115600586 -0.8864519596099854 -0.3671804368495941 -0.8864519596099854 -0.2817474603652954 -0.36718007922172546 -0.8864519596099854 -0.3671805262565613 -0.28174713253974915 -0.28174734115600586 -0.8864518404006958 0.36718040704727173 -0.36718058586120605 -0.8864519000053406 0.28174731135368347 -0.3671796917915344 -0.28174734115600586 0.8864521980285645 -0.2817472815513611 -0.36717987060546875 0.8864521980285645 -0.8864519596099854 -0.36718037724494934 0.2817472815513611 -0.8864520788192749 -0.28174731135368347 0.3671802580356598 -0.36717963218688965 0.28174734115600586 -0.8864522576332092 -0.2817472517490387 0.3671797215938568 -0.8864522576332092 -0.8864520788192749 0.36718010902404785 -0.2817472517490387 -0.8864520788192749 0.2817472517490387 -0.3671799600124359 -0.28174734115600586 0.8864519000053406 -0.36718034744262695 -0.3671804666519165 0.8864519596099854 -0.2817472815513611 -0.2817472815513611 0.36717987060546875 0.8864521980285645 -0.3671797513961792 0.281747430562973 0.8864522576332092 -0.36718055605888367 0.8864519000053406 0.2817472517490387 -0.28174734115600586 0.8864519596099854 0.3671804368495941 -0.8864519596099854 0.2817474603652954 0.36718007922172546 -0.8864519596099854 0.3671805262565613 0.28174713253974915 0.36717963218688965 -0.28174734115600586 -0.8864522576332092 0.2817472517490387 -0.3671797215938568 -0.8864522576332092 0.8864520788192749 -0.36718010902404785 -0.2817472517490387 0.8864520788192749 -0.2817472517490387 -0.3671799600124359 0.28174734115600586 -0.8864519000053406 -0.36718034744262695 0.3671804666519165 -0.8864519596099854 -0.2817472815513611 0.2817472815513611 -0.36717987060546875 0.8864521980285645 0.3671797513961792 -0.281747430562973 0.8864522576332092 0.36718055605888367 -0.8864519000053406 0.2817472517490387 0.28174734115600586 -0.8864519596099854 0.3671804368495941 0.8864519596099854 -0.2817474603652954 0.36718007922172546 0.8864519596099854 -0.3671805262565613 0.28174713253974915 0.2817472815513611 0.36717987060546875 -0.8864521980285645 0.3671797513961792 0.281747430562973 -0.8864522576332092 0.36718055605888367 0.8864519000053406 -0.2817472517490387 0.28174734115600586 0.8864519596099854 -0.3671804368495941 0.8864519596099854 0.2817474603652954 -0.36718007922172546 0.8864519596099854 0.3671805262565613 -0.28174713253974915 0.36717963218688965 0.28174734115600586 0.8864522576332092 0.2817472517490387 0.3671797215938568 0.8864522576332092 0.8864520788192749 0.36718010902404785 0.2817472517490387 0.8864520788192749 0.2817472517490387 0.3671799600124359 0.28174734115600586 0.8864519000053406 0.36718034744262695 0.3671804666519165 0.8864519596099854 0.2817472815513611 -0.382682740688324 2.475007310209776e-09 -0.923879861831665 -0.38268259167671204 -2.475006644075961e-09 -0.9238798022270203 -0.9238796234130859 -5.975207884034717e-09 -0.38268306851387024 -0.9238797426223755 0.0 -0.3826829791069031 -0.38268378376960754 -0.9238794445991516 -2.8742099811296384e-09 -0.38268378376960754 -0.9238794445991516 -2.8742099811296384e-09 -0.9238795042037964 -0.38268354535102844 -6.9389498591476695e-09 -0.9238794445991516 -0.382683664560318 0.0 -0.382682740688324 -2.475007310209776e-09 0.923879861831665 -0.382682740688324 -2.475007310209776e-09 0.923879861831665 -0.9238796234130859 -5.975207884034717e-09 0.38268306851387024 -0.9238796234130859 0.0 0.38268324732780457 -0.3826836347579956 0.9238795042037964 2.8742090929512187e-09 -0.38268378376960754 0.9238794445991516 8.62262972134431e-09 -0.9238796234130859 0.38268327713012695 2.0816852241978268e-08 -0.9238794445991516 0.382683664560318 0.0 0.0 0.382682740688324 -0.9238798022270203 0.0 0.382682740688324 -0.9238798022270203 0.0 0.9238796234130859 -0.3826833963394165 0.0 0.9238796234130859 -0.3826833963394165 0.0 0.382682740688324 0.9238798022270203 0.0 0.382682740688324 0.9238798022270203 0.0 0.9238796234130859 0.3826833963394165 0.0 0.9238796234130859 0.3826833963394165 0.9238794445991516 0.382683664560318 0.0 0.9238796234130859 0.38268327713012695 -2.0816852241978268e-08 0.38268372416496277 0.9238794445991516 -8.62262883316589e-09 0.3826836347579956 0.9238795042037964 -2.8742090929512187e-09 0.382682740688324 -2.475007310209776e-09 -0.923879861831665 0.38268259167671204 2.475006644075961e-09 -0.9238798022270203 0.9238796234130859 5.975207884034717e-09 -0.38268306851387024 0.9238797426223755 0.0 -0.3826829791069031 0.382682740688324 2.475007310209776e-09 0.923879861831665 0.38268259167671204 -2.475006644075961e-09 0.9238798022270203 0.9238796234130859 -5.975207884034717e-09 0.38268306851387024 0.9238797426223755 0.0 0.3826829791069031 0.3826836347579956 -0.9238795042037964 2.8742090929512187e-09 0.38268378376960754 -0.9238794445991516 8.62262972134431e-09 0.9238796234130859 -0.38268327713012695 2.0816852241978268e-08 0.9238794445991516 -0.382683664560318 0.0 0.0 -0.382682740688324 -0.9238798022270203 0.0 -0.382682740688324 -0.9238798022270203 0.0 -0.9238796234130859 -0.3826833963394165 0.0 -0.9238796234130859 -0.3826833963394165 0.0 -0.382682740688324 0.9238798022270203 0.0 -0.382682740688324 0.9238798022270203 0.0 -0.9238795638084412 0.3826833665370941 0.0 -0.9238796234130859 0.3826833963394165 0.0 0.0 -1.0 0.0 0.0 -1.0 -1.0 0.0 0.0 -1.0 0.0 0.0 0.0 -1.0 0.0 0.0 -1.0 0.0 0.0 0.0 1.0 0.0 0.0 1.0 0.0 1.0 0.0 0.0 1.0 0.0 1.0 0.0 0.0 1.0 0.0 0.0</float_array><technique_common><accessor source="#mesh10-normals-array" count="108" stride="3"><param name="X" type="float" /><param name="Y" type="float" /><param name="Z" type="float" /></accessor></technique_common></source><vertices id="mesh10-vertices"><input semantic="POSITION" source="#mesh10-positions" /></vertices><triangles count="108" material="titanium"><input semantic="VERTEX" source="#mesh10-vertices" offset="0" /><input semantic="NORMAL" source="#mesh10-normals" offset="1" /><p>0 0 3 0 4 0 0 1 4 1 6 1 1 2 5 2 4 2 1 3 4 3 3 3 2 4 6 4 4 4 2 5 4 5 5 5 7 6 10 6 11 6 7 7 11 7 13 7 8 8 12 8 11 8 8 9 11 9 10 9 9 10 13 10 11 10 9 11 11 11 12 11 14 12 17 12 18 12 14 13 18 13 20 13 15 14 19 14 18 14 15 15 18 15 17 15 16 16 20 16 18 16 16 17 18 17 19 17 21 18 24 18 25 18 21 19 25 19 27 19 22 20 26 20 25 20 22 21 25 21 24 21 23 22 27 22 25 22 23 23 25 23 26 23 28 24 31 24 32 24 28 25 32 25 34 25 29 26 33 26 32 26 29 27 32 27 31 27 30 28 34 28 32 28 30 29 32 29 33 29 35 30 38 30 39 30 35 31 39 31 41 31 36 32 40 32 39 32 36 33 39 33 38 33 37 34 41 34 39 34 37 35 39 35 40 35 42 36 45 36 46 36 42 37 46 37 48 37 43 38 47 38 46 38 43 39 46 39 45 39 44 40 48 40 46 40 44 41 46 41 47 41 49 42 52 42 53 42 49 43 53 43 55 43 50 44 54 44 53 44 50 45 53 45 52 45 51 46 55 46 53 46 51 47 53 47 54 47 14 48 0 48 6 48 14 49 6 49 17 49 17 50 6 50 2 50 17 51 2 51 15 51 1 52 7 52 13 52 1 53 13 53 5 53 5 54 13 54 9 54 5 55 9 55 2 55 8 56 21 56 27 56 8 57 27 57 12 57 12 58 27 58 23 58 12 59 23 59 9 59 22 60 16 60 19 60 22 61 19 61 26 61 26 62 19 62 15 62 26 63 15 63 23 63 42 64 14 64 20 64 42 65 20 65 45 65 45 66 20 66 16 66 45 67 16 67 43 67 21 68 49 68 55 68 21 69 55 69 24 69 24 70 55 70 51 70 24 71 51 71 22 71 50 72 44 72 47 72 50 73 47 73 54 73 54 74 47 74 43 74 54 75 43 75 51 75 28 76 42 76 48 76 28 77 48 77 31 77 31 78 48 78 44 78 31 79 44 79 29 79 49 80 35 80 41 80 49 81 41 81 52 81 52 82 41 82 37 82 52 83 37 83 50 83 36 84 30 84 33 84 36 85 33 85 40 85 40 86 33 86 29 86 40 87 29 87 37 87 0 88 28 88 34 88 0 89 34 89 3 89 3 90 34 90 30 90 3 91 30 91 1 91 35 92 8 92 10 92 35 93 10 93 38 93 38 94 10 94 7 94 38 95 7 95 36 95 14 96 42 96 28 96 14 97 28 97 0 97 2 98 9 98 23 98 2 99 23 99 15 99 30 100 36 100 7 100 30 101 7 101 1 101 49 102 21 102 8 102 49 103 8 103 35 103 16 104 22 104 51 104 16 105 51 105 43 105 44 106 50 106 37 106 44 107 37 107 29 107</p></triangles></mesh></geometry><geometry id="mesh11"><mesh><source id="mesh11-positions"><float_array id="mesh11-array" count="168">-0.13700000941753387 -0.1379999965429306 0.09750000387430191 -0.13700000941753387 -0.14000000059604645 0.09950000047683716 -0.13899999856948853 -0.1379999965429306 0.09950000047683716 -0.13700000941753387 -0.1394142061471939 0.09808579087257385 -0.13815470039844513 -0.13915470242500305 0.0983453020453453 -0.13841421902179718 -0.1394142061471939 0.09950000047683716 -0.13841421902179718 -0.1379999965429306 0.09808579087257385 -0.13700000941753387 -0.14000000059604645 0.13050000369548798 -0.13700000941753387 -0.1379999965429306 0.13250000774860382 -0.13899999856948853 -0.1379999965429306 0.13050000369548798 -0.13700000941753387 -0.1394142061471939 0.13191421329975128 -0.13815470039844513 -0.13915470242500305 0.13165470957756042 -0.13841421902179718 -0.1379999965429306 0.13191421329975128 -0.13841421902179718 -0.1394142061471939 0.13050000369548798 -0.13700000941753387 -0.10199999809265137 0.09750000387430191 -0.13899999856948853 -0.10199999809265137 0.09950000047683716 -0.13700000941753387 -0.09999999403953552 0.09950000047683716 -0.13841421902179718 -0.10199999809265137 0.09808579087257385 -0.13815470039844513 -0.10084529966115952 0.0983453020453453 -0.13841421902179718 -0.10058578848838806 0.09950000047683716 -0.13700000941753387 -0.10058578848838806 0.09808579087257385 -0.13700000941753387 -0.10199999809265137 0.13250000774860382 -0.13700000941753387 -0.09999999403953552 0.13050000369548798 -0.13899999856948853 -0.10199999809265137 0.13050000369548798 -0.13700000941753387 -0.10058578848838806 0.13191421329975128 -0.13815470039844513 -0.10084529966115952 0.13165470957756042 -0.13841421902179718 -0.10058578848838806 0.13050000369548798 -0.13841421902179718 -0.10199999809265137 0.13191421329975128 -0.13300000131130219 -0.1379999965429306 0.09750000387430191 -0.13100001215934753 -0.1379999965429306 0.09950000047683716 -0.13300000131130219 -0.14000000059604645 0.09950000047683716 -0.13158579170703888 -0.1379999965429306 0.09808579087257385 -0.13184531033039093 -0.13915470242500305 0.0983453020453453 -0.13158579170703888 -0.1394142061471939 0.09950000047683716 -0.13300000131130219 -0.1394142061471939 0.09808579087257385 -0.13300000131130219 -0.1379999965429306 0.13250000774860382 -0.13300000131130219 -0.14000000059604645 0.13050000369548798 -0.13100001215934753 -0.1379999965429306 0.13050000369548798 -0.13300000131130219 -0.1394142061471939 0.13191421329975128 -0.13184531033039093 -0.13915470242500305 0.13165470957756042 -0.13158579170703888 -0.1394142061471939 0.13050000369548798 -0.13158579170703888 -0.1379999965429306 0.13191421329975128 -0.13300000131130219 -0.10199999809265137 0.09750000387430191 -0.13300000131130219 -0.09999999403953552 0.09950000047683716 -0.13100001215934753 -0.10199999809265137 0.09950000047683716 -0.13300000131130219 -0.10058578848838806 0.09808579087257385 -0.13184531033039093 -0.10084529966115952 0.0983453020453453 -0.13158579170703888 -0.10058578848838806 0.09950000047683716 -0.13158579170703888 -0.10199999809265137 0.09808579087257385 -0.13300000131130219 -0.10199999809265137 0.13250000774860382 -0.13100001215934753 -0.10199999809265137 0.13050000369548798 -0.13300000131130219 -0.09999999403953552 0.13050000369548798 -0.13158579170703888 -0.10199999809265137 0.13191421329975128 -0.13184531033039093 -0.10084529966115952 0.13165470957756042 -0.13158579170703888 -0.10058578848838806 0.13050000369548798 -0.13300000131130219 -0.10058578848838806 0.13191421329975128</float_array><technique_common><accessor source="#mesh11-array" count="56" stride="3"><param name="X" type="float" /><param name="Y" type="float" /><param name="Z" type="float" /></accessor></technique_common></source><source id="mesh11-normals"><float_array id="mesh11-normals-array" count="324">-0.2817472815513611 -0.36717987060546875 -0.8864521980285645 -0.3671797513961792 -0.281747430562973 -0.8864522576332092 -0.36718055605888367 -0.8864519000053406 -0.2817472517490387 -0.28174734115600586 -0.8864519596099854 -0.3671804368495941 -0.8864519596099854 -0.2817474603652954 -0.36718007922172546 -0.8864519596099854 -0.3671805262565613 -0.28174713253974915 -0.28174734115600586 -0.8864518404006958 0.36718040704727173 -0.36718058586120605 -0.8864519000053406 0.28174731135368347 -0.3671796917915344 -0.28174734115600586 0.8864521980285645 -0.2817472815513611 -0.36717987060546875 0.8864521980285645 -0.8864519596099854 -0.36718037724494934 0.2817472815513611 -0.8864520788192749 -0.28174731135368347 0.3671802580356598 -0.36717963218688965 0.28174734115600586 -0.8864522576332092 -0.2817472517490387 0.3671797215938568 -0.8864522576332092 -0.8864520788192749 0.36718010902404785 -0.2817472517490387 -0.8864520788192749 0.2817472517490387 -0.3671799600124359 -0.28174734115600586 0.8864519000053406 -0.36718034744262695 -0.3671804666519165 0.8864519596099854 -0.2817472815513611 -0.2817472815513611 0.36717987060546875 0.8864521980285645 -0.3671797513961792 0.281747430562973 0.8864522576332092 -0.36718055605888367 0.8864519000053406 0.2817472517490387 -0.28174734115600586 0.8864519596099854 0.3671804368495941 -0.8864519596099854 0.2817474603652954 0.36718007922172546 -0.8864519596099854 0.3671805262565613 0.28174713253974915 0.36717963218688965 -0.28174734115600586 -0.8864522576332092 0.2817472517490387 -0.3671797215938568 -0.8864522576332092 0.8864520788192749 -0.36718010902404785 -0.2817472517490387 0.8864520788192749 -0.2817472517490387 -0.3671799600124359 0.28174734115600586 -0.8864519000053406 -0.36718034744262695 0.3671804666519165 -0.8864519596099854 -0.2817472815513611 0.2817472815513611 -0.36717987060546875 0.8864521980285645 0.3671797513961792 -0.281747430562973 0.8864522576332092 0.36718055605888367 -0.8864519000053406 0.2817472517490387 0.28174734115600586 -0.8864519596099854 0.3671804368495941 0.8864519596099854 -0.2817474603652954 0.36718007922172546 0.8864519596099854 -0.3671805262565613 0.28174713253974915 0.2817472815513611 0.36717987060546875 -0.8864521980285645 0.3671797513961792 0.281747430562973 -0.8864522576332092 0.36718055605888367 0.8864519000053406 -0.2817472517490387 0.28174734115600586 0.8864519596099854 -0.3671804368495941 0.8864519596099854 0.2817474603652954 -0.36718007922172546 0.8864519596099854 0.3671805262565613 -0.28174713253974915 0.36717963218688965 0.28174734115600586 0.8864522576332092 0.2817472517490387 0.3671797215938568 0.8864522576332092 0.8864520788192749 0.36718010902404785 0.2817472517490387 0.8864520788192749 0.2817472517490387 0.3671799600124359 0.28174734115600586 0.8864519000053406 0.36718034744262695 0.3671804666519165 0.8864519596099854 0.2817472815513611 -0.382682740688324 2.475007310209776e-09 -0.923879861831665 -0.38268259167671204 -2.475006644075961e-09 -0.9238798022270203 -0.9238796234130859 -5.975207884034717e-09 -0.38268306851387024 -0.9238797426223755 0.0 -0.3826829791069031 -0.38268378376960754 -0.9238794445991516 -2.8742099811296384e-09 -0.38268378376960754 -0.9238794445991516 -2.8742099811296384e-09 -0.9238795042037964 -0.38268354535102844 -6.9389498591476695e-09 -0.9238794445991516 -0.382683664560318 0.0 -0.382682740688324 -2.475007310209776e-09 0.923879861831665 -0.382682740688324 -2.475007310209776e-09 0.923879861831665 -0.9238796234130859 -5.975207884034717e-09 0.38268306851387024 -0.9238796234130859 0.0 0.38268324732780457 -0.3826836347579956 0.9238795042037964 2.8742090929512187e-09 -0.38268378376960754 0.9238794445991516 8.62262972134431e-09 -0.9238796234130859 0.38268327713012695 2.0816852241978268e-08 -0.9238794445991516 0.382683664560318 0.0 0.0 0.382682740688324 -0.9238798022270203 0.0 0.382682740688324 -0.9238798022270203 0.0 0.9238796234130859 -0.3826833963394165 0.0 0.9238796234130859 -0.3826833963394165 0.0 0.382682740688324 0.9238798022270203 0.0 0.382682740688324 0.9238798022270203 0.0 0.9238796234130859 0.3826833963394165 0.0 0.9238796234130859 0.3826833963394165 0.9238794445991516 0.382683664560318 0.0 0.9238796234130859 0.38268327713012695 -2.0816852241978268e-08 0.38268372416496277 0.9238794445991516 -8.62262883316589e-09 0.3826836347579956 0.9238795042037964 -2.8742090929512187e-09 0.382682740688324 -2.475007310209776e-09 -0.923879861831665 0.38268259167671204 2.475006644075961e-09 -0.9238798022270203 0.9238796234130859 5.975207884034717e-09 -0.38268306851387024 0.9238797426223755 0.0 -0.3826829791069031 0.382682740688324 2.475007310209776e-09 0.923879861831665 0.38268259167671204 -2.475006644075961e-09 0.9238798022270203 0.9238796234130859 -5.975207884034717e-09 0.38268306851387024 0.9238797426223755 0.0 0.3826829791069031 0.3826836347579956 -0.9238795042037964 2.8742090929512187e-09 0.38268378376960754 -0.9238794445991516 8.62262972134431e-09 0.9238796234130859 -0.38268327713012695 2.0816852241978268e-08 0.9238794445991516 -0.382683664560318 0.0 0.0 -0.382682740688324 -0.9238798022270203 0.0 -0.382682740688324 -0.9238798022270203 0.0 -0.9238796234130859 -0.3826833963394165 0.0 -0.9238796234130859 -0.3826833963394165 0.0 -0.382682740688324 0.9238798022270203 0.0 -0.382682740688324 0.9238798022270203 0.0 -0.9238795638084412 0.3826833665370941 0.0 -0.9238796234130859 0.3826833963394165 0.0 0.0 -1.0 0.0 0.0 -1.0 -1.0 0.0 0.0 -1.0 0.0 0.0 0.0 -1.0 0.0 0.0 -1.0 0.0 0.0 0.0 1.0 0.0 0.0 1.0 0.0 1.0 0.0 0.0 1.0 0.0 1.0 0.0 0.0 1.0 0.0 0.0</float_array><technique_common><accessor source="#mesh11-normals-array" count="108" stride="3"><param name="X" type="float" /><param name="Y" type="float" /><param name="Z" type="float" /></accessor></technique_common></source><vertices id="mesh11-vertices"><input semantic="POSITION" source="#mesh11-positions" /></vertices><triangles count="108" material="titanium"><input semantic="VERTEX" source="#mesh11-vertices" offset="0" /><input semantic="NORMAL" source="#mesh11-normals" offset="1" /><p>0 0 3 0 4 0 0 1 4 1 6 1 1 2 5 2 4 2 1 3 4 3 3 3 2 4 6 4 4 4 2 5 4 5 5 5 7 6 10 6 11 6 7 7 11 7 13 7 8 8 12 8 11 8 8 9 11 9 10 9 9 10 13 10 11 10 9 11 11 11 12 11 14 12 17 12 18 12 14 13 18 13 20 13 15 14 19 14 18 14 15 15 18 15 17 15 16 16 20 16 18 16 16 17 18 17 19 17 21 18 24 18 25 18 21 19 25 19 27 19 22 20 26 20 25 20 22 21 25 21 24 21 23 22 27 22 25 22 23 23 25 23 26 23 28 24 31 24 32 24 28 25 32 25 34 25 29 26 33 26 32 26 29 27 32 27 31 27 30 28 34 28 32 28 30 29 32 29 33 29 35 30 38 30 39 30 35 31 39 31 41 31 36 32 40 32 39 32 36 33 39 33 38 33 37 34 41 34 39 34 37 35 39 35 40 35 42 36 45 36 46 36 42 37 46 37 48 37 43 38 47 38 46 38 43 39 46 39 45 39 44 40 48 40 46 40 44 41 46 41 47 41 49 42 52 42 53 42 49 43 53 43 55 43 50 44 54 44 53 44 50 45 53 45 52 45 51 46 55 46 53 46 51 47 53 47 54 47 14 48 0 48 6 48 14 49 6 49 17 49 17 50 6 50 2 50 17 51 2 51 15 51 1 52 7 52 13 52 1 53 13 53 5 53 5 54 13 54 9 54 5 55 9 55 2 55 8 56 21 56 27 56 8 57 27 57 12 57 12 58 27 58 23 58 12 59 23 59 9 59 22 60 16 60 19 60 22 61 19 61 26 61 26 62 19 62 15 62 26 63 15 63 23 63 42 64 14 64 20 64 42 65 20 65 45 65 45 66 20 66 16 66 45 67 16 67 43 67 21 68 49 68 55 68 21 69 55 69 24 69 24 70 55 70 51 70 24 71 51 71 22 71 50 72 44 72 47 72 50 73 47 73 54 73 54 74 47 74 43 74 54 75 43 75 51 75 28 76 42 76 48 76 28 77 48 77 31 77 31 78 48 78 44 78 31 79 44 79 29 79 49 80 35 80 41 80 49 81 41 81 52 81 52 82 41 82 37 82 52 83 37 83 50 83 36 84 30 84 33 84 36 85 33 85 40 85 40 86 33 86 29 86 40 87 29 87 37 87 0 88 28 88 34 88 0 89 34 89 3 89 3 90 34 90 30 90 3 91 30 91 1 91 35 92 8 92 10 92 35 93 10 93 38 93 38 94 10 94 7 94 38 95 7 95 36 95 14 96 42 96 28 96 14 97 28 97 0 97 2 98 9 98 23 98 2 99 23 99 15 99 30 100 36 100 7 100 30 101 7 101 1 101 49 102 21 102 8 102 49 103 8 103 35 103 16 104 22 104 51 104 16 105 51 105 43 105 44 106 50 106 37 106 44 107 37 107 29 107</p></triangles></mesh></geometry><geometry id="mesh12"><mesh><source id="mesh12-positions"><float_array id="mesh12-array" count="168">-0.11999999731779099 -0.1379999965429306 0.09750000387430191 -0.11999999731779099 -0.14000000059604645 0.09950000047683716 -0.12200000137090683 -0.1379999965429306 0.09950000047683716 -0.11999999731779099 -0.1394142061471939 0.09808579087257385 -0.12115470319986343 -0.13915470242500305 0.0983453020453453 -0.12141421437263489 -0.1394142061471939 0.09950000047683716 -0.12141421437263489 -0.1379999965429306 0.09808579087257385 -0.11999999731779099 -0.14000000059604645 0.13050000369548798 -0.11999999731779099 -0.1379999965429306 0.13250000774860382 -0.12200000137090683 -0.1379999965429306 0.13050000369548798 -0.11999999731779099 -0.1394142061471939 0.13191421329975128 -0.12115470319986343 -0.13915470242500305 0.13165470957756042 -0.12141421437263489 -0.1379999965429306 0.13191421329975128 -0.12141421437263489 -0.1394142061471939 0.13050000369548798 -0.11999999731779099 -0.10199999809265137 0.09750000387430191 -0.12200000137090683 -0.10199999809265137 0.09950000047683716 -0.11999999731779099 -0.09999999403953552 0.09950000047683716 -0.12141421437263489 -0.10199999809265137 0.09808579087257385 -0.12115470319986343 -0.10084529966115952 0.0983453020453453 -0.12141421437263489 -0.10058578848838806 0.09950000047683716 -0.11999999731779099 -0.10058578848838806 0.09808579087257385 -0.11999999731779099 -0.10199999809265137 0.13250000774860382 -0.11999999731779099 -0.09999999403953552 0.13050000369548798 -0.12200000137090683 -0.10199999809265137 0.13050000369548798 -0.11999999731779099 -0.10058578848838806 0.13191421329975128 -0.12115470319986343 -0.10084529966115952 0.13165470957756042 -0.12141421437263489 -0.10058578848838806 0.13050000369548798 -0.12141421437263489 -0.10199999809265137 0.13191421329975128 -0.11600000411272049 -0.1379999965429306 0.09750000387430191 -0.11400000005960464 -0.1379999965429306 0.09950000047683716 -0.11600000411272049 -0.14000000059604645 0.09950000047683716 -0.11458578705787659 -0.1379999965429306 0.09808579087257385 -0.11484529823064804 -0.13915470242500305 0.0983453020453453 -0.11458578705787659 -0.1394142061471939 0.09950000047683716 -0.11600000411272049 -0.1394142061471939 0.09808579087257385 -0.11600000411272049 -0.1379999965429306 0.13250000774860382 -0.11600000411272049 -0.14000000059604645 0.13050000369548798 -0.11400000005960464 -0.1379999965429306 0.13050000369548798 -0.11600000411272049 -0.1394142061471939 0.13191421329975128 -0.11484529823064804 -0.13915470242500305 0.13165470957756042 -0.11458578705787659 -0.1394142061471939 0.13050000369548798 -0.11458578705787659 -0.1379999965429306 0.13191421329975128 -0.11600000411272049 -0.10199999809265137 0.09750000387430191 -0.11600000411272049 -0.09999999403953552 0.09950000047683716 -0.11400000005960464 -0.10199999809265137 0.09950000047683716 -0.11600000411272049 -0.10058578848838806 0.09808579087257385 -0.11484529823064804 -0.10084529966115952 0.0983453020453453 -0.11458578705787659 -0.10058578848838806 0.09950000047683716 -0.11458578705787659 -0.10199999809265137 0.09808579087257385 -0.11600000411272049 -0.10199999809265137 0.13250000774860382 -0.11400000005960464 -0.10199999809265137 0.13050000369548798 -0.11600000411272049 -0.09999999403953552 0.13050000369548798 -0.11458578705787659 -0.10199999809265137 0.13191421329975128 -0.11484529823064804 -0.10084529966115952 0.13165470957756042 -0.11458578705787659 -0.10058578848838806 0.13050000369548798 -0.11600000411272049 -0.10058578848838806 0.13191421329975128</float_array><technique_common><accessor source="#mesh12-array" count="56" stride="3"><param name="X" type="float" /><param name="Y" type="float" /><param name="Z" type="float" /></accessor></technique_common></source><source id="mesh12-normals"><float_array id="mesh12-normals-array" count="324">-0.2817472815513611 -0.36717987060546875 -0.8864521980285645 -0.3671797513961792 -0.281747430562973 -0.8864522576332092 -0.36718055605888367 -0.8864519000053406 -0.2817472517490387 -0.28174734115600586 -0.8864519596099854 -0.3671804368495941 -0.8864519596099854 -0.2817474603652954 -0.36718007922172546 -0.8864519596099854 -0.3671805262565613 -0.28174713253974915 -0.28174734115600586 -0.8864518404006958 0.36718040704727173 -0.36718058586120605 -0.8864519000053406 0.28174731135368347 -0.3671796917915344 -0.28174734115600586 0.8864521980285645 -0.2817472815513611 -0.36717987060546875 0.8864521980285645 -0.8864519596099854 -0.36718037724494934 0.2817472815513611 -0.8864520788192749 -0.28174731135368347 0.3671802580356598 -0.36717963218688965 0.28174734115600586 -0.8864522576332092 -0.2817472517490387 0.3671797215938568 -0.8864522576332092 -0.8864520788192749 0.36718010902404785 -0.2817472517490387 -0.8864520788192749 0.2817472517490387 -0.3671799600124359 -0.28174734115600586 0.8864519000053406 -0.36718034744262695 -0.3671804666519165 0.8864519596099854 -0.2817472815513611 -0.2817472815513611 0.36717987060546875 0.8864521980285645 -0.3671797513961792 0.281747430562973 0.8864522576332092 -0.36718055605888367 0.8864519000053406 0.2817472517490387 -0.28174734115600586 0.8864519596099854 0.3671804368495941 -0.8864519596099854 0.2817474603652954 0.36718007922172546 -0.8864519596099854 0.3671805262565613 0.28174713253974915 0.36717963218688965 -0.28174734115600586 -0.8864522576332092 0.2817472517490387 -0.3671797215938568 -0.8864522576332092 0.8864520788192749 -0.36718010902404785 -0.2817472517490387 0.8864520788192749 -0.2817472517490387 -0.3671799600124359 0.28174734115600586 -0.8864519000053406 -0.36718034744262695 0.3671804666519165 -0.8864519596099854 -0.2817472815513611 0.2817472815513611 -0.36717987060546875 0.8864521980285645 0.3671797513961792 -0.281747430562973 0.8864522576332092 0.36718055605888367 -0.8864519000053406 0.2817472517490387 0.28174734115600586 -0.8864519596099854 0.3671804368495941 0.8864519596099854 -0.2817474603652954 0.36718007922172546 0.8864519596099854 -0.3671805262565613 0.28174713253974915 0.2817472815513611 0.36717987060546875 -0.8864521980285645 0.3671797513961792 0.281747430562973 -0.8864522576332092 0.36718055605888367 0.8864519000053406 -0.2817472517490387 0.28174734115600586 0.8864519596099854 -0.3671804368495941 0.8864519596099854 0.2817474603652954 -0.36718007922172546 0.8864519596099854 0.3671805262565613 -0.28174713253974915 0.36717963218688965 0.28174734115600586 0.8864522576332092 0.2817472517490387 0.3671797215938568 0.8864522576332092 0.8864520788192749 0.36718010902404785 0.2817472517490387 0.8864520788192749 0.2817472517490387 0.3671799600124359 0.28174734115600586 0.8864519000053406 0.36718034744262695 0.3671804666519165 0.8864519596099854 0.2817472815513611 -0.382682740688324 2.475007310209776e-09 -0.923879861831665 -0.38268259167671204 -2.475006644075961e-09 -0.9238798022270203 -0.9238796234130859 -5.975207884034717e-09 -0.38268306851387024 -0.9238797426223755 0.0 -0.3826829791069031 -0.38268378376960754 -0.9238794445991516 -2.8742099811296384e-09 -0.38268378376960754 -0.9238794445991516 -2.8742099811296384e-09 -0.9238795042037964 -0.38268354535102844 -6.9389498591476695e-09 -0.9238794445991516 -0.382683664560318 0.0 -0.382682740688324 -2.475007310209776e-09 0.923879861831665 -0.382682740688324 -2.475007310209776e-09 0.923879861831665 -0.9238796234130859 -5.975207884034717e-09 0.38268306851387024 -0.9238796234130859 0.0 0.38268324732780457 -0.3826836347579956 0.9238795042037964 2.8742090929512187e-09 -0.38268378376960754 0.9238794445991516 8.62262972134431e-09 -0.9238796234130859 0.38268327713012695 2.0816852241978268e-08 -0.9238794445991516 0.382683664560318 0.0 0.0 0.382682740688324 -0.9238798022270203 0.0 0.382682740688324 -0.9238798022270203 0.0 0.9238796234130859 -0.3826833963394165 0.0 0.9238796234130859 -0.3826833963394165 0.0 0.382682740688324 0.9238798022270203 0.0 0.382682740688324 0.9238798022270203 0.0 0.9238796234130859 0.3826833963394165 0.0 0.9238796234130859 0.3826833963394165 0.9238794445991516 0.382683664560318 0.0 0.9238796234130859 0.38268327713012695 -2.0816852241978268e-08 0.38268372416496277 0.9238794445991516 -8.62262883316589e-09 0.3826836347579956 0.9238795042037964 -2.8742090929512187e-09 0.382682740688324 -2.475007310209776e-09 -0.923879861831665 0.38268259167671204 2.475006644075961e-09 -0.9238798022270203 0.9238796234130859 5.975207884034717e-09 -0.38268306851387024 0.9238797426223755 0.0 -0.3826829791069031 0.382682740688324 2.475007310209776e-09 0.923879861831665 0.38268259167671204 -2.475006644075961e-09 0.9238798022270203 0.9238796234130859 -5.975207884034717e-09 0.38268306851387024 0.9238797426223755 0.0 0.3826829791069031 0.3826836347579956 -0.9238795042037964 2.8742090929512187e-09 0.38268378376960754 -0.9238794445991516 8.62262972134431e-09 0.9238796234130859 -0.38268327713012695 2.0816852241978268e-08 0.9238794445991516 -0.382683664560318 0.0 0.0 -0.382682740688324 -0.9238798022270203 0.0 -0.382682740688324 -0.9238798022270203 0.0 -0.9238796234130859 -0.3826833963394165 0.0 -0.9238796234130859 -0.3826833963394165 0.0 -0.382682740688324 0.9238798022270203 0.0 -0.382682740688324 0.9238798022270203 0.0 -0.9238795638084412 0.3826833665370941 0.0 -0.9238796234130859 0.3826833963394165 0.0 0.0 -1.0 0.0 0.0 -1.0 -1.0 0.0 0.0 -1.0 0.0 0.0 0.0 -1.0 0.0 0.0 -1.0 0.0 0.0 0.0 1.0 0.0 0.0 1.0 0.0 1.0 0.0 0.0 1.0 0.0 1.0 0.0 0.0 1.0 0.0 0.0</float_array><technique_common><accessor source="#mesh12-normals-array" count="108" stride="3"><param name="X" type="float" /><param name="Y" type="float" /><param name="Z" type="float" /></accessor></technique_common></source><vertices id="mesh12-vertices"><input semantic="POSITION" source="#mesh12-positions" /></vertices><triangles count="108" material="titanium"><input semantic="VERTEX" source="#mesh12-vertices" offset="0" /><input semantic="NORMAL" source="#mesh12-normals" offset="1" /><p>0 0 3 0 4 0 0 1 4 1 6 1 1 2 5 2 4 2 1 3 4 3 3 3 2 4 6 4 4 4 2 5 4 5 5 5 7 6 10 6 11 6 7 7 11 7 13 7 8 8 12 8 11 8 8 9 11 9 10 9 9 10 13 10 11 10 9 11 11 11 12 11 14 12 17 12 18 12 14 13 18 13 20 13 15 14 19 14 18 14 15 15 18 15 17 15 16 16 20 16 18 16 16 17 18 17 19 17 21 18 24 18 25 18 21 19 25 19 27 19 22 20 26 20 25 20 22 21 25 21 24 21 23 22 27 22 25 22 23 23 25 23 26 23 28 24 31 24 32 24 28 25 32 25 34 25 29 26 33 26 32 26 29 27 32 27 31 27 30 28 34 28 32 28 30 29 32 29 33 29 35 30 38 30 39 30 35 31 39 31 41 31 36 32 40 32 39 32 36 33 39 33 38 33 37 34 41 34 39 34 37 35 39 35 40 35 42 36 45 36 46 36 42 37 46 37 48 37 43 38 47 38 46 38 43 39 46 39 45 39 44 40 48 40 46 40 44 41 46 41 47 41 49 42 52 42 53 42 49 43 53 43 55 43 50 44 54 44 53 44 50 45 53 45 52 45 51 46 55 46 53 46 51 47 53 47 54 47 14 48 0 48 6 48 14 49 6 49 17 49 17 50 6 50 2 50 17 51 2 51 15 51 1 52 7 52 13 52 1 53 13 53 5 53 5 54 13 54 9 54 5 55 9 55 2 55 8 56 21 56 27 56 8 57 27 57 12 57 12 58 27 58 23 58 12 59 23 59 9 59 22 60 16 60 19 60 22 61 19 61 26 61 26 62 19 62 15 62 26 63 15 63 23 63 42 64 14 64 20 64 42 65 20 65 45 65 45 66 20 66 16 66 45 67 16 67 43 67 21 68 49 68 55 68 21 69 55 69 24 69 24 70 55 70 51 70 24 71 51 71 22 71 50 72 44 72 47 72 50 73 47 73 54 73 54 74 47 74 43 74 54 75 43 75 51 75 28 76 42 76 48 76 28 77 48 77 31 77 31 78 48 78 44 78 31 79 44 79 29 79 49 80 35 80 41 80 49 81 41 81 52 81 52 82 41 82 37 82 52 83 37 83 50 83 36 84 30 84 33 84 36 85 33 85 40 85 40 86 33 86 29 86 40 87 29 87 37 87 0 88 28 88 34 88 0 89 34 89 3 89 3 90 34 90 30 90 3 91 30 91 1 91 35 92 8 92 10 92 35 93 10 93 38 93 38 94 10 94 7 94 38 95 7 95 36 95 14 96 42 96 28 96 14 97 28 97 0 97 2 98 9 98 23 98 2 99 23 99 15 99 30 100 36 100 7 100 30 101 7 101 1 101 49 102 21 102 8 102 49 103 8 103 35 103 16 104 22 104 51 104 16 105 51 105 43 105 44 106 50 106 37 106 44 107 37 107 29 107</p></triangles></mesh></geometry><geometry id="mesh13"><mesh><source id="mesh13-positions"><float_array id="mesh13-array" count="144">-0.21924152970314026 -0.1600000113248825 -0.022036049515008926 0.20075848698616028 -0.15999998152256012 -0.062036026269197464 -0.21926738321781158 -0.1579294502735138 -0.022307414561510086 0.20073263347148895 -0.1579294353723526 -0.062307391315698624 -0.2193431556224823 -0.15600000321865082 -0.023103017359972 0.20065686106681824 -0.15599998831748962 -0.06310299783945084 -0.21946369111537933 -0.1543431580066681 -0.024368640035390854 0.2005363255739212 -0.1543431282043457 -0.06436861306428909 -0.21962076425552368 -0.1530718058347702 -0.02601803094148636 0.20037925243377686 -0.15307177603244781 -0.0660180076956749 -0.21980370581150055 -0.15227259695529938 -0.027938786894083023 0.2001963108778 -0.15227258205413818 -0.06793876737356186 -0.2200000137090683 -0.15200001001358032 -0.03000001236796379 0.20000000298023224 -0.15199998021125793 -0.06999999284744263 -0.22019630670547485 -0.15227259695529938 -0.03206123784184456 0.19980370998382568 -0.15227258205413818 -0.0720612183213234 -0.22037924826145172 -0.1530718058347702 -0.03398199379444122 0.19962076842784882 -0.15307177603244781 -0.07398197054862976 -0.22053632140159607 -0.1543431580066681 -0.03563138470053673 0.19946369528770447 -0.1543431282043457 -0.07563136518001556 -0.2206568568944931 -0.15600000321865082 -0.03689700737595558 0.19934315979480743 -0.15599998831748962 -0.07689698785543442 -0.22073262929916382 -0.1579294502735138 -0.037692610174417496 0.19926738739013672 -0.1579294353723526 -0.07769259065389633 -0.22075848281383514 -0.1600000113248825 -0.037963975220918655 0.1992415338754654 -0.15999998152256012 -0.07796395570039749 -0.22073262929916382 -0.16207055747509003 -0.037692610174417496 0.19926738739013672 -0.16207054257392883 -0.07769259065389633 -0.2206568568944931 -0.164000004529953 -0.03689700737595558 0.19934315979480743 -0.1639999896287918 -0.07689698040485382 -0.22053632140159607 -0.16565686464309692 -0.03563138470053673 0.19946369528770447 -0.16565683484077454 -0.07563136518001556 -0.22037924826145172 -0.1669282168149948 -0.03398199379444122 0.19962076842784882 -0.16692818701267242 -0.07398197054862976 -0.22019630670547485 -0.16772741079330444 -0.03206123784184456 0.19980370998382568 -0.16772739589214325 -0.0720612108707428 -0.2199999988079071 -0.1680000126361847 -0.03000001236796379 0.20000001788139343 -0.1679999828338623 -0.06999998539686203 -0.21980370581150055 -0.16772741079330444 -0.027938786894083023 0.2001963108778 -0.16772739589214325 -0.06793875992298126 -0.21962076425552368 -0.1669282168149948 -0.02601803094148636 0.20037925243377686 -0.16692818701267242 -0.0660180076956749 -0.21946369111537933 -0.16565686464309692 -0.024368640035390854 0.2005363255739212 -0.16565683484077454 -0.06436861306428909 -0.2193431556224823 -0.164000004529953 -0.023103017359972 0.20065686106681824 -0.1639999896287918 -0.06310299038887024 -0.21926738321781158 -0.16207055747509003 -0.022307414561510086 0.20073263347148895 -0.16207054257392883 -0.062307391315698624</float_array><technique_common><accessor source="#mesh13-array" count="48" stride="3"><param name="X" type="float" /><param name="Y" type="float" /><param name="Z" type="float" /></accessor></technique_common></source><source id="mesh13-normals"><float_array id="mesh13-normals-array" count="276">0.09399791806936264 0.13052628934383392 0.9869788885116577 0.09399791806936264 0.13052628934383392 0.9869788885116577 0.08759210258722305 0.3826834559440613 0.9197178483009338 0.08759210258722305 0.3826834559440613 0.9197178483009338 0.07521700114011765 0.6087616682052612 0.7897794246673584 0.07521700114011765 0.6087616682052612 0.7897794246673584 0.057716045528650284 0.793353259563446 0.6060193181037903 0.057716045528650284 0.793353259563446 0.6060193181037903 0.036281779408454895 0.9238795638084412 0.3809594511985779 0.036281779408454895 0.9238795638084412 0.3809594511985779 0.012374998070299625 0.9914448857307434 0.12993814051151276 0.012374998070299625 0.9914448857307434 0.12993814051151276 -0.01237513218075037 0.9914448857307434 -0.12993837893009186 -0.01237513218075037 0.9914448857307434 -0.12993837893009186 -0.036281902343034744 0.9238794445991516 -0.3809596598148346 -0.036281902343034744 0.9238794445991516 -0.3809596598148346 -0.05771614983677864 0.7933531403541565 -0.6060195565223694 -0.05771614983677864 0.7933531403541565 -0.6060195565223694 -0.07521709054708481 0.6087615489959717 -0.789779543876648 -0.07521709054708481 0.6087615489959717 -0.789779543876648 -0.08759214729070663 0.38268333673477173 -0.9197179675102234 -0.08759214729070663 0.38268333673477173 -0.9197179675102234 -0.09399793297052383 0.13052617013454437 -0.9869788885116577 -0.09399793297052383 0.13052617013454437 -0.9869788885116577 -0.09399791806936264 -0.13052628934383392 -0.9869788885116577 -0.09399791806936264 -0.13052628934383392 -0.9869788885116577 -0.08759210258722305 -0.3826834559440613 -0.9197178483009338 -0.08759210258722305 -0.3826834559440613 -0.9197178483009338 -0.07521700114011765 -0.6087616682052612 -0.7897794246673584 -0.07521700114011765 -0.6087616682052612 -0.7897794246673584 -0.057716045528650284 -0.793353259563446 -0.6060193181037903 -0.057716045528650284 -0.793353259563446 -0.6060193181037903 -0.036281779408454895 -0.9238795638084412 -0.3809594511985779 -0.036281779408454895 -0.9238795638084412 -0.3809594511985779 -0.012374998070299625 -0.9914448857307434 -0.12993814051151276 -0.012374998070299625 -0.9914448857307434 -0.12993814051151276 0.01237513218075037 -0.9914448857307434 0.12993837893009186 0.01237513218075037 -0.9914448857307434 0.12993837893009186 0.036281902343034744 -0.9238794445991516 0.3809596598148346 0.036281902343034744 -0.9238794445991516 0.3809596598148346 0.05771614983677864 -0.7933531403541565 0.6060195565223694 0.05771614983677864 -0.7933531403541565 0.6060195565223694 0.07521709054708481 -0.6087615489959717 0.789779543876648 0.07521709054708481 -0.6087615489959717 0.789779543876648 0.9954954385757446 -1.4419727634162882e-09 -0.09480908513069153 0.9954954385757446 -1.4419727634162882e-09 -0.09480908513069153 0.9954954385757446 -1.4419727634162882e-09 -0.09480908513069153 0.9954954385757446 -1.4419727634162882e-09 -0.09480908513069153 0.9954954385757446 -1.4419727634162882e-09 -0.09480908513069153 0.9954954385757446 -1.4419727634162882e-09 -0.09480908513069153 0.9954954385757446 -1.4419727634162882e-09 -0.09480908513069153 0.9954954385757446 -1.4419727634162882e-09 -0.09480908513069153 0.9954954385757446 -1.4419727634162882e-09 -0.09480908513069153 0.9954954385757446 -1.4419727634162882e-09 -0.09480908513069153 0.9954954385757446 -1.4419727634162882e-09 -0.09480908513069153 0.9954954385757446 -1.4419727634162882e-09 -0.09480908513069153 0.9954954385757446 -1.4419727634162882e-09 -0.09480908513069153 0.9954954385757446 -1.4419727634162882e-09 -0.09480908513069153 0.9954954385757446 -1.4419727634162882e-09 -0.09480908513069153 0.9954954385757446 -1.4419727634162882e-09 -0.09480908513069153 0.9954954385757446 -1.4419727634162882e-09 -0.09480908513069153 0.9954954385757446 -1.4419727634162882e-09 -0.09480908513069153 0.9954954385757446 -1.4419727634162882e-09 -0.09480908513069153 0.9954954385757446 -1.4419727634162882e-09 -0.09480908513069153 0.9954954385757446 -1.4419727634162882e-09 -0.09480908513069153 0.9954954385757446 -1.4419727634162882e-09 -0.09480908513069153 0.08759214729070663 -0.38268333673477173 0.9197179675102234 0.08759214729070663 -0.38268333673477173 0.9197179675102234 0.09399793297052383 -0.13052617013454437 0.9869788885116577 0.09399793297052383 -0.13052617013454437 0.9869788885116577 -0.9954954385757446 1.4419727634162882e-09 0.09480908513069153 -0.9954954385757446 1.4419727634162882e-09 0.09480908513069153 -0.9954954385757446 1.4419727634162882e-09 0.09480908513069153 -0.9954954385757446 1.4419727634162882e-09 0.09480908513069153 -0.9954954385757446 1.4419727634162882e-09 0.09480908513069153 -0.9954954385757446 1.4419727634162882e-09 0.09480908513069153 -0.9954954385757446 1.4419727634162882e-09 0.09480908513069153 -0.9954954385757446 1.4419727634162882e-09 0.09480908513069153 -0.9954954385757446 1.4419727634162882e-09 0.09480908513069153 -0.9954954385757446 1.4419727634162882e-09 0.09480908513069153 -0.9954954385757446 1.4419727634162882e-09 0.09480908513069153 -0.9954954385757446 1.4419727634162882e-09 0.09480908513069153 -0.9954954385757446 1.4419727634162882e-09 0.09480908513069153 -0.9954954385757446 1.4419727634162882e-09 0.09480908513069153 -0.9954954385757446 1.4419727634162882e-09 0.09480908513069153 -0.9954954385757446 1.4419727634162882e-09 0.09480908513069153 -0.9954954385757446 1.4419727634162882e-09 0.09480908513069153 -0.9954954385757446 1.4419727634162882e-09 0.09480908513069153 -0.9954954385757446 1.4419727634162882e-09 0.09480908513069153 -0.9954954385757446 1.4419727634162882e-09 0.09480908513069153 -0.9954954385757446 1.4419727634162882e-09 0.09480908513069153 -0.9954954385757446 1.4419727634162882e-09 0.09480908513069153</float_array><technique_common><accessor source="#mesh13-normals-array" count="92" stride="3"><param name="X" type="float" /><param name="Y" type="float" /><param name="Z" type="float" /></accessor></technique_common></source><vertices id="mesh13-vertices"><input semantic="POSITION" source="#mesh13-positions" /></vertices><triangles count="92" material="copper"><input semantic="VERTEX" source="#mesh13-vertices" offset="0" /><input semantic="NORMAL" source="#mesh13-normals" offset="1" /><p>0 0 1 0 3 0 0 1 3 1 2 1 2 2 3 2 5 2 2 3 5 3 4 3 4 4 5 4 7 4 4 5 7 5 6 5 6 6 7 6 9 6 6 7 9 7 8 7 8 8 9 8 11 8 8 9 11 9 10 9 10 10 11 10 13 10 10 11 13 11 12 11 12 12 13 12 15 12 12 13 15 13 14 13 14 14 15 14 17 14 14 15 17 15 16 15 16 16 17 16 19 16 16 17 19 17 18 17 18 18 19 18 21 18 18 19 21 19 20 19 20 20 21 20 23 20 20 21 23 21 22 21 22 22 23 22 25 22 22 23 25 23 24 23 24 24 25 24 27 24 24 25 27 25 26 25 26 26 27 26 29 26 26 27 29 27 28 27 28 28 29 28 31 28 28 29 31 29 30 29 30 30 31 30 33 30 30 31 33 31 32 31 32 32 33 32 35 32 32 33 35 33 34 33 34 34 35 34 37 34 34 35 37 35 36 35 36 36 37 36 39 36 36 37 39 37 38 37 38 38 39 38 41 38 38 39 41 39 40 39 40 40 41 40 43 40 40 41 43 41 42 41 42 42 43 42 45 42 42 43 45 43 44 43 5 44 3 44 1 44 1 45 47 45 45 45 45 46 43 46 41 46 41 47 39 47 37 47 37 48 35 48 33 48 33 49 31 49 29 49 29 50 27 50 25 50 25 51 23 51 21 51 21 52 19 52 17 52 17 53 15 53 13 53 13 54 11 54 9 54 9 55 7 55 5 55 5 56 1 56 45 56 45 57 41 57 37 57 37 58 33 58 29 58 29 59 25 59 21 59 21 60 17 60 13 60 13 61 9 61 5 61 5 62 45 62 37 62 37 63 29 63 21 63 21 64 13 64 5 64 37 65 21 65 5 65 44 66 45 66 47 66 44 67 47 67 46 67 46 68 47 68 1 68 46 69 1 69 0 69 46 70 0 70 2 70 2 71 4 71 6 71 6 72 8 72 10 72 10 73 12 73 14 73 14 74 16 74 18 74 18 75 20 75 22 75 22 76 24 76 26 76 26 77 28 77 30 77 30 78 32 78 34 78 34 79 36 79 38 79 38 80 40 80 42 80 42 81 44 81 46 81 46 82 2 82 6 82 6 83 10 83 14 83 14 84 18 84 22 84 22 85 26 85 30 85 30 86 34 86 38 86 38 87 42 87 46 87 46 88 6 88 14 88 14 89 22 89 30 89 30 90 38 90 46 90 14 91 30 91 46 91</p></triangles></mesh></geometry><geometry id="mesh14"><mesh><source id="mesh14-positions"><float_array id="mesh14-array" count="168">-0.17749999463558197 0.1379999965429306 -0.07499999552965164 -0.17749999463558197 0.12549999356269836 -0.0624999962747097 -0.1899999976158142 0.1379999965429306 -0.0624999962747097 -0.17749999463558197 0.12916116416454315 -0.07133883237838745 -0.18471688032150269 0.1307831108570099 -0.06971687078475952 -0.18633882701396942 0.12916116416454315 -0.0624999962747097 -0.18633882701396942 0.1379999965429306 -0.07133883237838745 -0.17749999463558197 0.12549999356269836 0.07249999791383743 -0.17749999463558197 0.1379999965429306 0.08500000089406967 -0.1899999976158142 0.1379999965429306 0.07249999791383743 -0.17749999463558197 0.12916116416454315 0.08133883774280548 -0.18471688032150269 0.1307831108570099 0.07971687614917755 -0.18633882701396942 0.1379999965429306 0.08133883774280548 -0.18633882701396942 0.12916116416454315 0.07249999791383743 -0.17749999463558197 0.1379999965429306 -0.07499999552965164 -0.1899999976158142 0.1379999965429306 -0.0624999962747097 -0.17749999463558197 0.15049999952316284 -0.0624999962747097 -0.18633882701396942 0.1379999965429306 -0.07133883237838745 -0.18471688032150269 0.14521688222885132 -0.06971687078475952 -0.18633882701396942 0.14683882892131805 -0.0624999962747097 -0.17749999463558197 0.14683882892131805 -0.07133883237838745 -0.17749999463558197 0.1379999965429306 0.08500000089406967 -0.17749999463558197 0.15049999952316284 0.07249999791383743 -0.1899999976158142 0.1379999965429306 0.07249999791383743 -0.17749999463558197 0.14683882892131805 0.08133883774280548 -0.18471688032150269 0.14521688222885132 0.07971687614917755 -0.18633882701396942 0.14683882892131805 0.07249999791383743 -0.18633882701396942 0.1379999965429306 0.08133883774280548 0.22750000655651093 0.1379999965429306 -0.07499999552965164 0.24000000953674316 0.1379999965429306 -0.0624999962747097 0.22750000655651093 0.12549999356269836 -0.0624999962747097 0.23633883893489838 0.1379999965429306 -0.07133883237838745 0.23471689224243164 0.1307831108570099 -0.06971687078475952 0.23633883893489838 0.12916116416454315 -0.0624999962747097 0.22750000655651093 0.12916116416454315 -0.07133883237838745 0.22750000655651093 0.1379999965429306 0.08500000089406967 0.22750000655651093 0.12549999356269836 0.07249999791383743 0.24000000953674316 0.1379999965429306 0.07249999791383743 0.22750000655651093 0.12916116416454315 0.08133883774280548 0.23471689224243164 0.1307831108570099 0.07971687614917755 0.23633883893489838 0.12916116416454315 0.07249999791383743 0.23633883893489838 0.1379999965429306 0.08133883774280548 0.22750000655651093 0.1379999965429306 -0.07499999552965164 0.22750000655651093 0.15049999952316284 -0.0624999962747097 0.24000000953674316 0.1379999965429306 -0.0624999962747097 0.22750000655651093 0.14683882892131805 -0.07133883237838745 0.23471689224243164 0.14521688222885132 -0.06971687078475952 0.23633883893489838 0.14683882892131805 -0.0624999962747097 0.23633883893489838 0.1379999965429306 -0.07133883237838745 0.22750000655651093 0.1379999965429306 0.08500000089406967 0.24000000953674316 0.1379999965429306 0.07249999791383743 0.22750000655651093 0.15049999952316284 0.07249999791383743 0.23633883893489838 0.1379999965429306 0.08133883774280548 0.23471689224243164 0.14521688222885132 0.07971687614917755 0.23633883893489838 0.14683882892131805 0.07249999791383743 0.22750000655651093 0.14683882892131805 0.08133883774280548</float_array><technique_common><accessor source="#mesh14-array" count="56" stride="3"><param name="X" type="float" /><param name="Y" type="float" /><param name="Z" type="float" /></accessor></technique_common></source><source id="mesh14-normals"><float_array id="mesh14-normals-array" count="324">-0.2817477285861969 -0.36718013882637024 -0.8864519000053406 -0.36718031764030457 -0.28174757957458496 -0.8864519596099854 -0.3671804368495941 -0.8864520192146301 -0.2817469835281372 -0.28174740076065063 -0.8864520788192749 -0.3671801686286926 -0.8864520788192749 -0.28174659609794617 -0.3671807646751404 -0.8864519596099854 -0.3671809434890747 -0.28174638748168945 -0.28174740076065063 -0.8864520788192749 0.3671801686286926 -0.36718040704727173 -0.8864520192146301 0.2817469835281372 -0.36718031764030457 -0.2817475497722626 0.8864519596099854 -0.2817476987838745 -0.36718013882637024 0.8864519000053406 -0.8864520788192749 -0.3671809434890747 0.28174641728401184 -0.8864520192146301 -0.28174659609794617 0.367180734872818 -0.36718031764030457 0.2817475497722626 -0.8864519596099854 -0.2817476987838745 0.36718013882637024 -0.8864519000053406 -0.8864520788192749 0.3671809434890747 -0.28174641728401184 -0.8864520192146301 0.28174659609794617 -0.367180734872818 -0.28174740076065063 0.8864520788192749 -0.3671801686286926 -0.36718040704727173 0.8864520192146301 -0.2817469835281372 -0.2817477285861969 0.36718013882637024 0.8864519000053406 -0.36718031764030457 0.28174757957458496 0.8864519596099854 -0.3671804368495941 0.8864520192146301 0.2817469835281372 -0.28174740076065063 0.8864520788192749 0.3671801686286926 -0.8864520788192749 0.28174659609794617 0.3671807646751404 -0.8864519596099854 0.3671809434890747 0.28174638748168945 0.36718031764030457 -0.2817475497722626 -0.8864519596099854 0.2817476987838745 -0.36718013882637024 -0.8864519000053406 0.8864520788192749 -0.3671809434890747 -0.28174641728401184 0.8864520192146301 -0.28174659609794617 -0.367180734872818 0.28174740076065063 -0.8864520788192749 -0.3671801686286926 0.36718040704727173 -0.8864520192146301 -0.2817469835281372 0.2817477285861969 -0.36718013882637024 0.8864519000053406 0.36718031764030457 -0.28174757957458496 0.8864519596099854 0.3671804368495941 -0.8864520192146301 0.2817469835281372 0.28174740076065063 -0.8864520788192749 0.3671801686286926 0.8864520788192749 -0.28174659609794617 0.3671807646751404 0.8864519596099854 -0.3671809434890747 0.28174638748168945 0.2817477285861969 0.36718013882637024 -0.8864519000053406 0.36718031764030457 0.28174757957458496 -0.8864519596099854 0.3671804368495941 0.8864520192146301 -0.2817469835281372 0.28174740076065063 0.8864520788192749 -0.3671801686286926 0.8864520788192749 0.28174659609794617 -0.3671807646751404 0.8864519596099854 0.3671809434890747 -0.28174638748168945 0.36718031764030457 0.2817475497722626 0.8864519596099854 0.2817476987838745 0.36718013882637024 0.8864519000053406 0.8864520788192749 0.3671809434890747 0.28174641728401184 0.8864520192146301 0.28174659609794617 0.367180734872818 0.28174740076065063 0.8864520788192749 0.3671801686286926 0.36718040704727173 0.8864520192146301 0.2817469835281372 -0.38268333673477173 0.0 -0.9238795638084412 -0.38268333673477173 0.0 -0.9238795638084412 -0.9238794445991516 0.0 -0.38268375396728516 -0.9238794445991516 0.0 -0.38268375396728516 -0.3826834261417389 -0.9238795042037964 0.0 -0.3826834261417389 -0.9238795042037964 0.0 -0.9238793849945068 -0.3826839327812195 0.0 -0.9238793849945068 -0.3826839327812195 0.0 -0.38268333673477173 0.0 0.9238795638084412 -0.38268333673477173 0.0 0.9238795638084412 -0.9238794445991516 0.0 0.38268375396728516 -0.9238794445991516 0.0 0.38268375396728516 -0.3826834261417389 0.9238795042037964 0.0 -0.3826834261417389 0.9238795042037964 0.0 -0.9238793849945068 0.3826839327812195 0.0 -0.9238793849945068 0.3826839327812195 0.0 0.0 0.38268324732780457 -0.9238796234130859 0.0 0.38268324732780457 -0.9238796234130859 0.0 0.9238796830177307 -0.3826831579208374 0.0 0.9238796830177307 -0.3826831579208374 0.0 0.38268324732780457 0.9238796234130859 0.0 0.38268324732780457 0.9238796234130859 0.0 0.9238796830177307 0.3826831579208374 0.0 0.9238796830177307 0.3826831579208374 0.9238793849945068 0.3826839327812195 0.0 0.9238793849945068 0.3826839327812195 0.0 0.3826834261417389 0.9238795042037964 0.0 0.3826834261417389 0.9238795042037964 0.0 0.38268333673477173 0.0 -0.9238795638084412 0.38268333673477173 0.0 -0.9238795638084412 0.9238794445991516 0.0 -0.38268375396728516 0.9238794445991516 0.0 -0.38268375396728516 0.38268333673477173 0.0 0.9238795638084412 0.38268333673477173 0.0 0.9238795638084412 0.9238794445991516 0.0 0.38268375396728516 0.9238794445991516 0.0 0.38268375396728516 0.3826834261417389 -0.9238795042037964 0.0 0.3826834261417389 -0.9238795042037964 0.0 0.9238793849945068 -0.3826839327812195 0.0 0.9238793849945068 -0.3826839327812195 0.0 0.0 -0.38268324732780457 -0.9238796234130859 0.0 -0.38268324732780457 -0.9238796234130859 0.0 -0.9238796830177307 -0.3826831579208374 0.0 -0.9238796830177307 -0.3826831579208374 0.0 -0.38268324732780457 0.9238796234130859 0.0 -0.38268324732780457 0.9238796234130859 0.0 -0.9238796830177307 0.3826831579208374 0.0 -0.9238796830177307 0.3826831579208374 0.0 0.0 -1.0 0.0 0.0 -1.0 -1.0 0.0 0.0 -1.0 0.0 0.0 0.0 -1.0 0.0 0.0 -1.0 0.0 0.0 0.0 1.0 0.0 0.0 1.0 0.0 1.0 0.0 0.0 1.0 0.0 1.0 0.0 0.0 1.0 0.0 0.0</float_array><technique_common><accessor source="#mesh14-normals-array" count="108" stride="3"><param name="X" type="float" /><param name="Y" type="float" /><param name="Z" type="float" /></accessor></technique_common></source><vertices id="mesh14-vertices"><input semantic="POSITION" source="#mesh14-positions" /></vertices><triangles count="108" material="ivory"><input semantic="VERTEX" source="#mesh14-vertices" offset="0" /><input semantic="NORMAL" source="#mesh14-normals" offset="1" /><p>0 0 3 0 4 0 0 1 4 1 6 1 1 2 5 2 4 2 1 3 4 3 3 3 2 4 6 4 4 4 2 5 4 5 5 5 7 6 10 6 11 6 7 7 11 7 13 7 8 8 12 8 11 8 8 9 11 9 10 9 9 10 13 10 11 10 9 11 11 11 12 11 14 12 17 12 18 12 14 13 18 13 20 13 15 14 19 14 18 14 15 15 18 15 17 15 16 16 20 16 18 16 16 17 18 17 19 17 21 18 24 18 25 18 21 19 25 19 27 19 22 20 26 20 25 20 22 21 25 21 24 21 23 22 27 22 25 22 23 23 25 23 26 23 28 24 31 24 32 24 28 25 32 25 34 25 29 26 33 26 32 26 29 27 32 27 31 27 30 28 34 28 32 28 30 29 32 29 33 29 35 30 38 30 39 30 35 31 39 31 41 31 36 32 40 32 39 32 36 33 39 33 38 33 37 34 41 34 39 34 37 35 39 35 40 35 42 36 45 36 46 36 42 37 46 37 48 37 43 38 47 38 46 38 43 39 46 39 45 39 44 40 48 40 46 40 44 41 46 41 47 41 49 42 52 42 53 42 49 43 53 43 55 43 50 44 54 44 53 44 50 45 53 45 52 45 51 46 55 46 53 46 51 47 53 47 54 47 14 48 0 48 6 48 14 49 6 49 17 49 17 50 6 50 2 50 17 51 2 51 15 51 1 52 7 52 13 52 1 53 13 53 5 53 5 54 13 54 9 54 5 55 9 55 2 55 8 56 21 56 27 56 8 57 27 57 12 57 12 58 27 58 23 58 12 59 23 59 9 59 22 60 16 60 19 60 22 61 19 61 26 61 26 62 19 62 15 62 26 63 15 63 23 63 42 64 14 64 20 64 42 65 20 65 45 65 45 66 20 66 16 66 45 67 16 67 43 67 21 68 49 68 55 68 21 69 55 69 24 69 24 70 55 70 51 70 24 71 51 71 22 71 50 72 44 72 47 72 50 73 47 73 54 73 54 74 47 74 43 74 54 75 43 75 51 75 28 76 42 76 48 76 28 77 48 77 31 77 31 78 48 78 44 78 31 79 44 79 29 79 49 80 35 80 41 80 49 81 41 81 52 81 52 82 41 82 37 82 52 83 37 83 50 83 36 84 30 84 33 84 36 85 33 85 40 85 40 86 33 86 29 86 40 87 29 87 37 87 0 88 28 88 34 88 0 89 34 89 3 89 3 90 34 90 30 90 3 91 30 91 1 91 35 92 8 92 10 92 35 93 10 93 38 93 38 94 10 94 7 94 38 95 7 95 36 95 14 96 42 96 28 96 14 97 28 97 0 97 2 98 9 98 23 98 2 99 23 99 15 99 30 100 36 100 7 100 30 101 7 101 1 101 49 102 21 102 8 102 49 103 8 103 35 103 16 104 22 104 51 104 16 105 51 105 43 105 44 106 50 106 37 106 44 107 37 107 29 107</p></triangles></mesh></geometry><geometry id="mesh15"><mesh><source id="mesh15-positions"><float_array id="mesh15-array" count="36">-0.15000000596046448 0.14499999582767487 -0.03799999877810478 -0.15000000596046448 0.1599999964237213 -0.03800000250339508 -0.15606218576431274 0.14499999582767487 -0.04150000214576721 -0.15606218576431274 0.1600000113248825 -0.04150000214576721 -0.15606218576431274 0.14499999582767487 -0.048500001430511475 -0.15606218576431274 0.1600000113248825 -0.04850000515580177 -0.15000000596046448 0.14500001072883606 -0.052000001072883606 -0.15000000596046448 0.1600000113248825 -0.052000004798173904 -0.1439378261566162 0.14499999582767487 -0.048500001430511475 -0.1439378261566162 0.1600000113248825 -0.048500001430511475 -0.1439378261566162 0.14499999582767487 -0.04149999842047691 -0.1439378261566162 0.1600000113248825 -0.04150000214576721</float_array><technique_common><accessor source="#mesh15-array" count="12" stride="3"><param name="X" type="float" /><param name="Y" type="float" /><param name="Z" type="float" /></accessor></technique_common></source><source id="mesh15-normals"><float_array id="mesh15-normals-array" count="60">-0.5000001192092896 1.1635815866384291e-07 0.8660253882408142 -0.5000001192092896 1.1635815866384291e-07 0.8660253882408142 -1.0 -2.028762154473486e-14 -1.5099581673894136e-07 -1.0 -2.028762154473486e-14 -1.5099581673894136e-07 -0.49999988079071045 -1.1635817287469763e-07 -0.8660255074501038 -0.49999988079071045 -1.1635817287469763e-07 -0.8660255074501038 0.5000001192092896 -1.1635815866384291e-07 -0.8660253882408142 0.5000001192092896 -1.1635815866384291e-07 -0.8660253882408142 -2.028761815660307e-14 1.0 1.343588280633412e-07 -2.028761815660307e-14 1.0 1.343588280633412e-07 -2.028761815660307e-14 1.0 1.343588280633412e-07 -2.028761815660307e-14 1.0 1.343588280633412e-07 1.0 2.028762154473486e-14 1.5099581673894136e-07 1.0 2.028762154473486e-14 1.5099581673894136e-07 0.49999988079071045 1.1635817287469763e-07 0.8660255074501038 0.49999988079071045 1.1635817287469763e-07 0.8660255074501038 2.028761815660307e-14 -1.0 -1.343588280633412e-07 2.028761815660307e-14 -1.0 -1.343588280633412e-07 2.028761815660307e-14 -1.0 -1.343588280633412e-07 2.028761815660307e-14 -1.0 -1.343588280633412e-07</float_array><technique_common><accessor source="#mesh15-normals-array" count="20" stride="3"><param name="X" type="float" /><param name="Y" type="float" /><param name="Z" type="float" /></accessor></technique_common></source><vertices id="mesh15-vertices"><input semantic="POSITION" source="#mesh15-positions" /></vertices><triangles count="20" material="titanium"><input semantic="VERTEX" source="#mesh15-vertices" offset="0" /><input semantic="NORMAL" source="#mesh15-normals" offset="1" /><p>0 0 1 0 3 0 0 1 3 1 2 1 2 2 3 2 5 2 2 3 5 3 4 3 4 4 5 4 7 4 4 5 7 5 6 5 6 6 7 6 9 6 6 7 9 7 8 7 5 8 3 8 1 8 1 9 11 9 9 9 9 10 7 10 5 10 1 11 9 11 5 11 8 12 9 12 11 12 8 13 11 13 10 13 10 14 11 14 1 14 10 15 1 15 0 15 10 16 0 16 2 16 2 17 4 17 6 17 6 18 8 18 10 18 2 19 6 19 10 19</p></triangles></mesh></geometry><geometry id="mesh16"><mesh><source id="mesh16-positions"><float_array id="mesh16-array" count="36">-0.15000000596046448 0.14499999582767487 0.06200000271201134 -0.15000000596046448 0.1599999964237213 0.06199999898672104 -0.15606218576431274 0.14499999582767487 0.05849999934434891 -0.15606218576431274 0.1600000113248825 0.05849999934434891 -0.15606218576431274 0.14499999582767487 0.051500000059604645 -0.15606218576431274 0.1600000113248825 0.051499996334314346 -0.15000000596046448 0.14500001072883606 0.04800000041723251 -0.15000000596046448 0.1600000113248825 0.047999996691942215 -0.1439378261566162 0.14499999582767487 0.051500000059604645 -0.1439378261566162 0.1600000113248825 0.051500000059604645 -0.1439378261566162 0.14499999582767487 0.058500003069639206 -0.1439378261566162 0.1600000113248825 0.05849999934434891</float_array><technique_common><accessor source="#mesh16-array" count="12" stride="3"><param name="X" type="float" /><param name="Y" type="float" /><param name="Z" type="float" /></accessor></technique_common></source><source id="mesh16-normals"><float_array id="mesh16-normals-array" count="60">-0.5000001192092896 1.1635815866384291e-07 0.8660253882408142 -0.5000001192092896 1.1635815866384291e-07 0.8660253882408142 -1.0 -2.028762154473486e-14 -1.5099581673894136e-07 -1.0 -2.028762154473486e-14 -1.5099581673894136e-07 -0.49999988079071045 -1.1635817287469763e-07 -0.8660255074501038 -0.49999988079071045 -1.1635817287469763e-07 -0.8660255074501038 0.5000001192092896 -1.1635815866384291e-07 -0.8660253882408142 0.5000001192092896 -1.1635815866384291e-07 -0.8660253882408142 -2.028761815660307e-14 1.0 1.343588280633412e-07 -2.028761815660307e-14 1.0 1.343588280633412e-07 -2.028761815660307e-14 1.0 1.343588280633412e-07 -2.028761815660307e-14 1.0 1.343588280633412e-07 1.0 2.028762154473486e-14 1.5099581673894136e-07 1.0 2.028762154473486e-14 1.5099581673894136e-07 0.49999988079071045 1.1635817287469763e-07 0.8660255074501038 0.49999988079071045 1.1635817287469763e-07 0.8660255074501038 2.028761815660307e-14 -1.0 -1.343588280633412e-07 2.028761815660307e-14 -1.0 -1.343588280633412e-07 2.028761815660307e-14 -1.0 -1.343588280633412e-07 2.028761815660307e-14 -1.0 -1.343588280633412e-07</float_array><technique_common><accessor source="#mesh16-normals-array" count="20" stride="3"><param name="X" type="float" /><param name="Y" type="float" /><param name="Z" type="float" /></accessor></technique_common></source><vertices id="mesh16-vertices"><input semantic="POSITION" source="#mesh16-positions" /></vertices><triangles count="20" material="titanium"><input semantic="VERTEX" source="#mesh16-vertices" offset="0" /><input semantic="NORMAL" source="#mesh16-normals" offset="1" /><p>0 0 1 0 3 0 0 1 3 1 2 1 2 2 3 2 5 2 2 3 5 3 4 3 4 4 5 4 7 4 4 5 7 5 6 5 6 6 7 6 9 6 6 7 9 7 8 7 5 8 3 8 1 8 1 9 11 9 9 9 9 10 7 10 5 10 1 11 9 11 5 11 8 12 9 12 11 12 8 13 11 13 10 13 10 14 11 14 1 14 10 15 1 15 0 15 10 16 0 16 2 16 2 17 4 17 6 17 6 18 8 18 10 18 2 19 6 19 10 19</p></triangles></mesh></geometry><geometry id="mesh17"><mesh><source id="mesh17-positions"><float_array id="mesh17-array" count="36">0.1899999976158142 0.14499999582767487 -0.03799999877810478 0.1899999976158142 0.1599999964237213 -0.03800000250339508 0.18393781781196594 0.14499999582767487 -0.04150000214576721 0.18393781781196594 0.1600000113248825 -0.04150000214576721 0.18393781781196594 0.14499999582767487 -0.048500001430511475 0.18393781781196594 0.1600000113248825 -0.04850000515580177 0.1899999976158142 0.14500001072883606 -0.052000001072883606 0.1899999976158142 0.1600000113248825 -0.052000004798173904 0.19606217741966248 0.14499999582767487 -0.048500001430511475 0.19606217741966248 0.1600000113248825 -0.048500001430511475 0.19606217741966248 0.14499999582767487 -0.04149999842047691 0.19606217741966248 0.1600000113248825 -0.04150000214576721</float_array><technique_common><accessor source="#mesh17-array" count="12" stride="3"><param name="X" type="float" /><param name="Y" type="float" /><param name="Z" type="float" /></accessor></technique_common></source><source id="mesh17-normals"><float_array id="mesh17-normals-array" count="60">-0.5000001192092896 1.1635815866384291e-07 0.8660253882408142 -0.5000001192092896 1.1635815866384291e-07 0.8660253882408142 -1.0 -2.028762154473486e-14 -1.5099581673894136e-07 -1.0 -2.028762154473486e-14 -1.5099581673894136e-07 -0.49999988079071045 -1.1635817287469763e-07 -0.8660255074501038 -0.49999988079071045 -1.1635817287469763e-07 -0.8660255074501038 0.5000001192092896 -1.1635815866384291e-07 -0.8660253882408142 0.5000001192092896 -1.1635815866384291e-07 -0.8660253882408142 -2.028761815660307e-14 1.0 1.343588280633412e-07 -2.028761815660307e-14 1.0 1.343588280633412e-07 -2.028761815660307e-14 1.0 1.343588280633412e-07 -2.028761815660307e-14 1.0 1.343588280633412e-07 1.0 2.028762154473486e-14 1.5099581673894136e-07 1.0 2.028762154473486e-14 1.5099581673894136e-07 0.49999988079071045 1.1635817287469763e-07 0.8660255074501038 0.49999988079071045 1.1635817287469763e-07 0.8660255074501038 2.028761815660307e-14 -1.0 -1.343588280633412e-07 2.028761815660307e-14 -1.0 -1.343588280633412e-07 2.028761815660307e-14 -1.0 -1.343588280633412e-07 2.028761815660307e-14 -1.0 -1.343588280633412e-07</float_array><technique_common><accessor source="#mesh17-normals-array" count="20" stride="3"><param name="X" type="float" /><param name="Y" type="float" /><param name="Z" type="float" /></accessor></technique_common></source><vertices id="mesh17-vertices"><input semantic="POSITION" source="#mesh17-positions" /></vertices><triangles count="20" material="titanium"><input semantic="VERTEX" source="#mesh17-vertices" offset="0" /><input semantic="NORMAL" source="#mesh17-normals" offset="1" /><p>0 0 1 0 3 0 0 1 3 1 2 1 2 2 3 2 5 2 2 3 5 3 4 3 4 4 5 4 7 4 4 5 7 5 6 5 6 6 7 6 9 6 6 7 9 7 8 7 5 8 3 8 1 8 1 9 11 9 9 9 9 10 7 10 5 10 1 11 9 11 5 11 8 12 9 12 11 12 8 13 11 13 10 13 10 14 11 14 1 14 10 15 1 15 0 15 10 16 0 16 2 16 2 17 4 17 6 17 6 18 8 18 10 18 2 19 6 19 10 19</p></triangles></mesh></geometry><geometry id="mesh18"><mesh><source id="mesh18-positions"><float_array id="mesh18-array" count="36">0.1899999976158142 0.14499999582767487 0.06200000271201134 0.1899999976158142 0.1599999964237213 0.06199999898672104 0.18393781781196594 0.14499999582767487 0.05849999934434891 0.18393781781196594 0.1600000113248825 0.05849999934434891 0.18393781781196594 0.14499999582767487 0.051500000059604645 0.18393781781196594 0.1600000113248825 0.051499996334314346 0.1899999976158142 0.14500001072883606 0.04800000041723251 0.1899999976158142 0.1600000113248825 0.047999996691942215 0.19606217741966248 0.14499999582767487 0.051500000059604645 0.19606217741966248 0.1600000113248825 0.051500000059604645 0.19606217741966248 0.14499999582767487 0.058500003069639206 0.19606217741966248 0.1600000113248825 0.05849999934434891</float_array><technique_common><accessor source="#mesh18-array" count="12" stride="3"><param name="X" type="float" /><param name="Y" type="float" /><param name="Z" type="float" /></accessor></technique_common></source><source id="mesh18-normals"><float_array id="mesh18-normals-array" count="60">-0.5000001192092896 1.1635815866384291e-07 0.8660253882408142 -0.5000001192092896 1.1635815866384291e-07 0.8660253882408142 -1.0 -2.028762154473486e-14 -1.5099581673894136e-07 -1.0 -2.028762154473486e-14 -1.5099581673894136e-07 -0.49999988079071045 -1.1635817287469763e-07 -0.8660255074501038 -0.49999988079071045 -1.1635817287469763e-07 -0.8660255074501038 0.5000001192092896 -1.1635815866384291e-07 -0.8660253882408142 0.5000001192092896 -1.1635815866384291e-07 -0.8660253882408142 -2.028761815660307e-14 1.0 1.343588280633412e-07 -2.028761815660307e-14 1.0 1.343588280633412e-07 -2.028761815660307e-14 1.0 1.343588280633412e-07 -2.028761815660307e-14 1.0 1.343588280633412e-07 1.0 2.028762154473486e-14 1.5099581673894136e-07 1.0 2.028762154473486e-14 1.5099581673894136e-07 0.49999988079071045 1.1635817287469763e-07 0.8660255074501038 0.49999988079071045 1.1635817287469763e-07 0.8660255074501038 2.028761815660307e-14 -1.0 -1.343588280633412e-07 2.028761815660307e-14 -1.0 -1.343588280633412e-07 2.028761815660307e-14 -1.0 -1.343588280633412e-07 2.028761815660307e-14 -1.0 -1.343588280633412e-07</float_array><technique_common><accessor source="#mesh18-normals-array" count="20" stride="3"><param name="X" type="float" /><param name="Y" type="float" /><param name="Z" type="float" /></accessor></technique_common></source><vertices id="mesh18-vertices"><input semantic="POSITION" source="#mesh18-positions" /></vertices><triangles count="20" material="titanium"><input semantic="VERTEX" source="#mesh18-vertices" offset="0" /><input semantic="NORMAL" source="#mesh18-normals" offset="1" /><p>0 0 1 0 3 0 0 1 3 1 2 1 2 2 3 2 5 2 2 3 5 3 4 3 4 4 5 4 7 4 4 5 7 5 6 5 6 6 7 6 9 6 6 7 9 7 8 7 5 8 3 8 1 8 1 9 11 9 9 9 9 10 7 10 5 10 1 11 9 11 5 11 8 12 9 12 11 12 8 13 11 13 10 13 10 14 11 14 1 14 10 15 1 15 0 15 10 16 0 16 2 16 2 17 4 17 6 17 6 18 8 18 10 18 2 19 6 19 10 19</p></triangles></mesh></geometry><geometry id="mesh19"><mesh><source id="mesh19-positions"><float_array id="mesh19-array" count="168">-0.22200000286102295 0.10199999809265137 0.09750000387430191 -0.22200000286102295 0.09999999403953552 0.09950000047683716 -0.2239999920129776 0.10199999809265137 0.09950000047683716 -0.22200000286102295 0.10058578848838806 0.09808579087257385 -0.2231546938419342 0.10084529966115952 0.0983453020453453 -0.22341421246528625 0.10058578848838806 0.09950000047683716 -0.22341421246528625 0.10199999809265137 0.09808579087257385 -0.22200000286102295 0.09999999403953552 0.13050000369548798 -0.22200000286102295 0.10199999809265137 0.13250000774860382 -0.2239999920129776 0.10199999809265137 0.13050000369548798 -0.22200000286102295 0.10058578848838806 0.13191421329975128 -0.2231546938419342 0.10084529966115952 0.13165470957756042 -0.22341421246528625 0.10199999809265137 0.13191421329975128 -0.22341421246528625 0.10058578848838806 0.13050000369548798 -0.22200000286102295 0.1379999965429306 0.09750000387430191 -0.2239999920129776 0.1379999965429306 0.09950000047683716 -0.22200000286102295 0.14000000059604645 0.09950000047683716 -0.22341421246528625 0.1379999965429306 0.09808579087257385 -0.2231546938419342 0.13915470242500305 0.0983453020453453 -0.22341421246528625 0.1394142061471939 0.09950000047683716 -0.22200000286102295 0.1394142061471939 0.09808579087257385 -0.22200000286102295 0.1379999965429306 0.13250000774860382 -0.22200000286102295 0.14000000059604645 0.13050000369548798 -0.2239999920129776 0.1379999965429306 0.13050000369548798 -0.22200000286102295 0.1394142061471939 0.13191421329975128 -0.2231546938419342 0.13915470242500305 0.13165470957756042 -0.22341421246528625 0.1394142061471939 0.13050000369548798 -0.22341421246528625 0.1379999965429306 0.13191421329975128 -0.21799999475479126 0.10199999809265137 0.09750000387430191 -0.2160000056028366 0.10199999809265137 0.09950000047683716 -0.21799999475479126 0.09999999403953552 0.09950000047683716 -0.21658578515052795 0.10199999809265137 0.09808579087257385 -0.21684530377388 0.10084529966115952 0.0983453020453453 -0.21658578515052795 0.10058578848838806 0.09950000047683716 -0.21799999475479126 0.10058578848838806 0.09808579087257385 -0.21799999475479126 0.10199999809265137 0.13250000774860382 -0.21799999475479126 0.09999999403953552 0.13050000369548798 -0.2160000056028366 0.10199999809265137 0.13050000369548798 -0.21799999475479126 0.10058578848838806 0.13191421329975128 -0.21684530377388 0.10084529966115952 0.13165470957756042 -0.21658578515052795 0.10058578848838806 0.13050000369548798 -0.21658578515052795 0.10199999809265137 0.13191421329975128 -0.21799999475479126 0.1379999965429306 0.09750000387430191 -0.21799999475479126 0.14000000059604645 0.09950000047683716 -0.2160000056028366 0.1379999965429306 0.09950000047683716 -0.21799999475479126 0.1394142061471939 0.09808579087257385 -0.21684530377388 0.13915470242500305 0.0983453020453453 -0.21658578515052795 0.1394142061471939 0.09950000047683716 -0.21658578515052795 0.1379999965429306 0.09808579087257385 -0.21799999475479126 0.1379999965429306 0.13250000774860382 -0.2160000056028366 0.1379999965429306 0.13050000369548798 -0.21799999475479126 0.14000000059604645 0.13050000369548798 -0.21658578515052795 0.1379999965429306 0.13191421329975128 -0.21684530377388 0.13915470242500305 0.13165470957756042 -0.21658578515052795 0.1394142061471939 0.13050000369548798 -0.21799999475479126 0.1394142061471939 0.13191421329975128</float_array><technique_common><accessor source="#mesh19-array" count="56" stride="3"><param name="X" type="float" /><param name="Y" type="float" /><param name="Z" type="float" /></accessor></technique_common></source><source id="mesh19-normals"><float_array id="mesh19-normals-array" count="324">-0.2817472815513611 -0.36717987060546875 -0.8864521980285645 -0.3671797513961792 -0.281747430562973 -0.8864522576332092 -0.36718055605888367 -0.8864519000053406 -0.2817472517490387 -0.28174734115600586 -0.8864519596099854 -0.3671804368495941 -0.8864519596099854 -0.2817474603652954 -0.36718007922172546 -0.8864519596099854 -0.3671805262565613 -0.28174713253974915 -0.28174734115600586 -0.8864518404006958 0.36718040704727173 -0.36718058586120605 -0.8864519000053406 0.28174731135368347 -0.3671796917915344 -0.28174734115600586 0.8864521980285645 -0.2817472815513611 -0.36717987060546875 0.8864521980285645 -0.8864519596099854 -0.36718037724494934 0.2817472815513611 -0.8864520788192749 -0.28174731135368347 0.3671802580356598 -0.36717963218688965 0.28174734115600586 -0.8864522576332092 -0.2817472517490387 0.3671797215938568 -0.8864522576332092 -0.8864520788192749 0.36718010902404785 -0.2817472517490387 -0.8864520788192749 0.2817472517490387 -0.3671799600124359 -0.28174734115600586 0.8864519000053406 -0.36718034744262695 -0.3671804666519165 0.8864519596099854 -0.2817472815513611 -0.2817472815513611 0.36717987060546875 0.8864521980285645 -0.3671797513961792 0.281747430562973 0.8864522576332092 -0.36718055605888367 0.8864519000053406 0.2817472517490387 -0.28174734115600586 0.8864519596099854 0.3671804368495941 -0.8864519596099854 0.2817474603652954 0.36718007922172546 -0.8864519596099854 0.3671805262565613 0.28174713253974915 0.36717963218688965 -0.28174734115600586 -0.8864522576332092 0.2817472517490387 -0.3671797215938568 -0.8864522576332092 0.8864520788192749 -0.36718010902404785 -0.2817472517490387 0.8864520788192749 -0.2817472517490387 -0.3671799600124359 0.28174734115600586 -0.8864519000053406 -0.36718034744262695 0.3671804666519165 -0.8864519596099854 -0.2817472815513611 0.2817472815513611 -0.36717987060546875 0.8864521980285645 0.3671797513961792 -0.281747430562973 0.8864522576332092 0.36718055605888367 -0.8864519000053406 0.2817472517490387 0.28174734115600586 -0.8864519596099854 0.3671804368495941 0.8864519596099854 -0.2817474603652954 0.36718007922172546 0.8864519596099854 -0.3671805262565613 0.28174713253974915 0.2817472815513611 0.36717987060546875 -0.8864521980285645 0.3671797513961792 0.281747430562973 -0.8864522576332092 0.36718055605888367 0.8864519000053406 -0.2817472517490387 0.28174734115600586 0.8864519596099854 -0.3671804368495941 0.8864519596099854 0.2817474603652954 -0.36718007922172546 0.8864519596099854 0.3671805262565613 -0.28174713253974915 0.36717963218688965 0.28174734115600586 0.8864522576332092 0.2817472517490387 0.3671797215938568 0.8864522576332092 0.8864520788192749 0.36718010902404785 0.2817472517490387 0.8864520788192749 0.2817472517490387 0.3671799600124359 0.28174734115600586 0.8864519000053406 0.36718034744262695 0.3671804666519165 0.8864519596099854 0.2817472815513611 -0.382682740688324 2.475007310209776e-09 -0.923879861831665 -0.38268259167671204 -2.475006644075961e-09 -0.9238798022270203 -0.9238796234130859 -5.975207884034717e-09 -0.38268306851387024 -0.9238797426223755 0.0 -0.3826829791069031 -0.38268378376960754 -0.9238794445991516 -2.8742099811296384e-09 -0.38268378376960754 -0.9238794445991516 -2.8742099811296384e-09 -0.9238795042037964 -0.38268354535102844 -6.9389498591476695e-09 -0.9238794445991516 -0.382683664560318 0.0 -0.382682740688324 -2.475007310209776e-09 0.923879861831665 -0.382682740688324 -2.475007310209776e-09 0.923879861831665 -0.9238796234130859 -5.975207884034717e-09 0.38268306851387024 -0.9238796234130859 0.0 0.38268324732780457 -0.3826836347579956 0.9238795042037964 2.8742090929512187e-09 -0.38268378376960754 0.9238794445991516 8.62262972134431e-09 -0.9238796234130859 0.38268327713012695 2.0816852241978268e-08 -0.9238794445991516 0.382683664560318 0.0 0.0 0.382682740688324 -0.9238798022270203 0.0 0.382682740688324 -0.9238798022270203 0.0 0.9238796234130859 -0.3826833963394165 0.0 0.9238796234130859 -0.3826833963394165 0.0 0.382682740688324 0.9238798022270203 0.0 0.382682740688324 0.9238798022270203 0.0 0.9238796234130859 0.3826833963394165 0.0 0.9238796234130859 0.3826833963394165 0.9238794445991516 0.382683664560318 0.0 0.9238796234130859 0.38268327713012695 -2.0816852241978268e-08 0.38268372416496277 0.9238794445991516 -8.62262883316589e-09 0.3826836347579956 0.9238795042037964 -2.8742090929512187e-09 0.382682740688324 -2.475007310209776e-09 -0.923879861831665 0.38268259167671204 2.475006644075961e-09 -0.9238798022270203 0.9238796234130859 5.975207884034717e-09 -0.38268306851387024 0.9238797426223755 0.0 -0.3826829791069031 0.382682740688324 2.475007310209776e-09 0.923879861831665 0.38268259167671204 -2.475006644075961e-09 0.9238798022270203 0.9238796234130859 -5.975207884034717e-09 0.38268306851387024 0.9238797426223755 0.0 0.3826829791069031 0.3826836347579956 -0.9238795042037964 2.8742090929512187e-09 0.38268378376960754 -0.9238794445991516 8.62262972134431e-09 0.9238796234130859 -0.38268327713012695 2.0816852241978268e-08 0.9238794445991516 -0.382683664560318 0.0 0.0 -0.382682740688324 -0.9238798022270203 0.0 -0.382682740688324 -0.9238798022270203 0.0 -0.9238796234130859 -0.3826833963394165 0.0 -0.9238796234130859 -0.3826833963394165 0.0 -0.382682740688324 0.9238798022270203 0.0 -0.382682740688324 0.9238798022270203 0.0 -0.9238795638084412 0.3826833665370941 0.0 -0.9238796234130859 0.3826833963394165 0.0 0.0 -1.0 0.0 0.0 -1.0 -1.0 0.0 0.0 -1.0 0.0 0.0 0.0 -1.0 0.0 0.0 -1.0 0.0 0.0 0.0 1.0 0.0 0.0 1.0 0.0 1.0 0.0 0.0 1.0 0.0 1.0 0.0 0.0 1.0 0.0 0.0</float_array><technique_common><accessor source="#mesh19-normals-array" count="108" stride="3"><param name="X" type="float" /><param name="Y" type="float" /><param name="Z" type="float" /></accessor></technique_common></source><vertices id="mesh19-vertices"><input semantic="POSITION" source="#mesh19-positions" /></vertices><triangles count="108" material="titanium"><input semantic="VERTEX" source="#mesh19-vertices" offset="0" /><input semantic="NORMAL" source="#mesh19-normals" offset="1" /><p>0 0 3 0 4 0 0 1 4 1 6 1 1 2 5 2 4 2 1 3 4 3 3 3 2 4 6 4 4 4 2 5 4 5 5 5 7 6 10 6 11 6 7 7 11 7 13 7 8 8 12 8 11 8 8 9 11 9 10 9 9 10 13 10 11 10 9 11 11 11 12 11 14 12 17 12 18 12 14 13 18 13 20 13 15 14 19 14 18 14 15 15 18 15 17 15 16 16 20 16 18 16 16 17 18 17 19 17 21 18 24 18 25 18 21 19 25 19 27 19 22 20 26 20 25 20 22 21 25 21 24 21 23 22 27 22 25 22 23 23 25 23 26 23 28 24 31 24 32 24 28 25 32 25 34 25 29 26 33 26 32 26 29 27 32 27 31 27 30 28 34 28 32 28 30 29 32 29 33 29 35 30 38 30 39 30 35 31 39 31 41 31 36 32 40 32 39 32 36 33 39 33 38 33 37 34 41 34 39 34 37 35 39 35 40 35 42 36 45 36 46 36 42 37 46 37 48 37 43 38 47 38 46 38 43 39 46 39 45 39 44 40 48 40 46 40 44 41 46 41 47 41 49 42 52 42 53 42 49 43 53 43 55 43 50 44 54 44 53 44 50 45 53 45 52 45 51 46 55 46 53 46 51 47 53 47 54 47 14 48 0 48 6 48 14 49 6 49 17 49 17 50 6 50 2 50 17 51 2 51 15 51 1 52 7 52 13 52 1 53 13 53 5 53 5 54 13 54 9 54 5 55 9 55 2 55 8 56 21 56 27 56 8 57 27 57 12 57 12 58 27 58 23 58 12 59 23 59 9 59 22 60 16 60 19 60 22 61 19 61 26 61 26 62 19 62 15 62 26 63 15 63 23 63 42 64 14 64 20 64 42 65 20 65 45 65 45 66 20 66 16 66 45 67 16 67 43 67 21 68 49 68 55 68 21 69 55 69 24 69 24 70 55 70 51 70 24 71 51 71 22 71 50 72 44 72 47 72 50 73 47 73 54 73 54 74 47 74 43 74 54 75 43 75 51 75 28 76 42 76 48 76 28 77 48 77 31 77 31 78 48 78 44 78 31 79 44 79 29 79 49 80 35 80 41 80 49 81 41 81 52 81 52 82 41 82 37 82 52 83 37 83 50 83 36 84 30 84 33 84 36 85 33 85 40 85 40 86 33 86 29 86 40 87 29 87 37 87 0 88 28 88 34 88 0 89 34 89 3 89 3 90 34 90 30 90 3 91 30 91 1 91 35 92 8 92 10 92 35 93 10 93 38 93 38 94 10 94 7 94 38 95 7 95 36 95 14 96 42 96 28 96 14 97 28 97 0 97 2 98 9 98 23 98 2 99 23 99 15 99 30 100 36 100 7 100 30 101 7 101 1 101 49 102 21 102 8 102 49 103 8 103 35 103 16 104 22 104 51 104 16 105 51 105 43 105 44 106 50 106 37 106 44 107 37 107 29 107</p></triangles></mesh></geometry><geometry id="mesh20"><mesh><source id="mesh20-positions"><float_array id="mesh20-array" count="168">-0.20499999821186066 0.10199999809265137 0.09750000387430191 -0.20499999821186066 0.09999999403953552 0.09950000047683716 -0.2069999873638153 0.10199999809265137 0.09950000047683716 -0.20499999821186066 0.10058578848838806 0.09808579087257385 -0.2061546891927719 0.10084529966115952 0.0983453020453453 -0.20641420781612396 0.10058578848838806 0.09950000047683716 -0.20641420781612396 0.10199999809265137 0.09808579087257385 -0.20499999821186066 0.09999999403953552 0.13050000369548798 -0.20499999821186066 0.10199999809265137 0.13250000774860382 -0.2069999873638153 0.10199999809265137 0.13050000369548798 -0.20499999821186066 0.10058578848838806 0.13191421329975128 -0.2061546891927719 0.10084529966115952 0.13165470957756042 -0.20641420781612396 0.10199999809265137 0.13191421329975128 -0.20641420781612396 0.10058578848838806 0.13050000369548798 -0.20499999821186066 0.1379999965429306 0.09750000387430191 -0.2069999873638153 0.1379999965429306 0.09950000047683716 -0.20499999821186066 0.14000000059604645 0.09950000047683716 -0.20641420781612396 0.1379999965429306 0.09808579087257385 -0.2061546891927719 0.13915470242500305 0.0983453020453453 -0.20641420781612396 0.1394142061471939 0.09950000047683716 -0.20499999821186066 0.1394142061471939 0.09808579087257385 -0.20499999821186066 0.1379999965429306 0.13250000774860382 -0.20499999821186066 0.14000000059604645 0.13050000369548798 -0.2069999873638153 0.1379999965429306 0.13050000369548798 -0.20499999821186066 0.1394142061471939 0.13191421329975128 -0.2061546891927719 0.13915470242500305 0.13165470957756042 -0.20641420781612396 0.1394142061471939 0.13050000369548798 -0.20641420781612396 0.1379999965429306 0.13191421329975128 -0.20099999010562897 0.10199999809265137 0.09750000387430191 -0.19900000095367432 0.10199999809265137 0.09950000047683716 -0.20099999010562897 0.09999999403953552 0.09950000047683716 -0.19958578050136566 0.10199999809265137 0.09808579087257385 -0.1998452991247177 0.10084529966115952 0.0983453020453453 -0.19958578050136566 0.10058578848838806 0.09950000047683716 -0.20099999010562897 0.10058578848838806 0.09808579087257385 -0.20099999010562897 0.10199999809265137 0.13250000774860382 -0.20099999010562897 0.09999999403953552 0.13050000369548798 -0.19900000095367432 0.10199999809265137 0.13050000369548798 -0.20099999010562897 0.10058578848838806 0.13191421329975128 -0.1998452991247177 0.10084529966115952 0.13165470957756042 -0.19958578050136566 0.10058578848838806 0.13050000369548798 -0.19958578050136566 0.10199999809265137 0.13191421329975128 -0.20099999010562897 0.1379999965429306 0.09750000387430191 -0.20099999010562897 0.14000000059604645 0.09950000047683716 -0.19900000095367432 0.1379999965429306 0.09950000047683716 -0.20099999010562897 0.1394142061471939 0.09808579087257385 -0.1998452991247177 0.13915470242500305 0.0983453020453453 -0.19958578050136566 0.1394142061471939 0.09950000047683716 -0.19958578050136566 0.1379999965429306 0.09808579087257385 -0.20099999010562897 0.1379999965429306 0.13250000774860382 -0.19900000095367432 0.1379999965429306 0.13050000369548798 -0.20099999010562897 0.14000000059604645 0.13050000369548798 -0.19958578050136566 0.1379999965429306 0.13191421329975128 -0.1998452991247177 0.13915470242500305 0.13165470957756042 -0.19958578050136566 0.1394142061471939 0.13050000369548798 -0.20099999010562897 0.1394142061471939 0.13191421329975128</float_array><technique_common><accessor source="#mesh20-array" count="56" stride="3"><param name="X" type="float" /><param name="Y" type="float" /><param name="Z" type="float" /></accessor></technique_common></source><source id="mesh20-normals"><float_array id="mesh20-normals-array" count="324">-0.2817472815513611 -0.36717987060546875 -0.8864521980285645 -0.3671797513961792 -0.281747430562973 -0.8864522576332092 -0.36718055605888367 -0.8864519000053406 -0.2817472517490387 -0.28174734115600586 -0.8864519596099854 -0.3671804368495941 -0.8864519596099854 -0.2817474603652954 -0.36718007922172546 -0.8864519596099854 -0.3671805262565613 -0.28174713253974915 -0.28174734115600586 -0.8864518404006958 0.36718040704727173 -0.36718058586120605 -0.8864519000053406 0.28174731135368347 -0.3671796917915344 -0.28174734115600586 0.8864521980285645 -0.2817472815513611 -0.36717987060546875 0.8864521980285645 -0.8864519596099854 -0.36718037724494934 0.2817472815513611 -0.8864520788192749 -0.28174731135368347 0.3671802580356598 -0.36717963218688965 0.28174734115600586 -0.8864522576332092 -0.2817472517490387 0.3671797215938568 -0.8864522576332092 -0.8864520788192749 0.36718010902404785 -0.2817472517490387 -0.8864520788192749 0.2817472517490387 -0.3671799600124359 -0.28174734115600586 0.8864519000053406 -0.36718034744262695 -0.3671804666519165 0.8864519596099854 -0.2817472815513611 -0.2817472815513611 0.36717987060546875 0.8864521980285645 -0.3671797513961792 0.281747430562973 0.8864522576332092 -0.36718055605888367 0.8864519000053406 0.2817472517490387 -0.28174734115600586 0.8864519596099854 0.3671804368495941 -0.8864519596099854 0.2817474603652954 0.36718007922172546 -0.8864519596099854 0.3671805262565613 0.28174713253974915 0.36717963218688965 -0.28174734115600586 -0.8864522576332092 0.2817472517490387 -0.3671797215938568 -0.8864522576332092 0.8864520788192749 -0.36718010902404785 -0.2817472517490387 0.8864520788192749 -0.2817472517490387 -0.3671799600124359 0.28174734115600586 -0.8864519000053406 -0.36718034744262695 0.3671804666519165 -0.8864519596099854 -0.2817472815513611 0.2817472815513611 -0.36717987060546875 0.8864521980285645 0.3671797513961792 -0.281747430562973 0.8864522576332092 0.36718055605888367 -0.8864519000053406 0.2817472517490387 0.28174734115600586 -0.8864519596099854 0.3671804368495941 0.8864519596099854 -0.2817474603652954 0.36718007922172546 0.8864519596099854 -0.3671805262565613 0.28174713253974915 0.2817472815513611 0.36717987060546875 -0.8864521980285645 0.3671797513961792 0.281747430562973 -0.8864522576332092 0.36718055605888367 0.8864519000053406 -0.2817472517490387 0.28174734115600586 0.8864519596099854 -0.3671804368495941 0.8864519596099854 0.2817474603652954 -0.36718007922172546 0.8864519596099854 0.3671805262565613 -0.28174713253974915 0.36717963218688965 0.28174734115600586 0.8864522576332092 0.2817472517490387 0.3671797215938568 0.8864522576332092 0.8864520788192749 0.36718010902404785 0.2817472517490387 0.8864520788192749 0.2817472517490387 0.3671799600124359 0.28174734115600586 0.8864519000053406 0.36718034744262695 0.3671804666519165 0.8864519596099854 0.2817472815513611 -0.382682740688324 2.475007310209776e-09 -0.923879861831665 -0.38268259167671204 -2.475006644075961e-09 -0.9238798022270203 -0.9238796234130859 -5.975207884034717e-09 -0.38268306851387024 -0.9238797426223755 0.0 -0.3826829791069031 -0.38268378376960754 -0.9238794445991516 -2.8742099811296384e-09 -0.38268378376960754 -0.9238794445991516 -2.8742099811296384e-09 -0.9238795042037964 -0.38268354535102844 -6.9389498591476695e-09 -0.9238794445991516 -0.382683664560318 0.0 -0.382682740688324 -2.475007310209776e-09 0.923879861831665 -0.382682740688324 -2.475007310209776e-09 0.923879861831665 -0.9238796234130859 -5.975207884034717e-09 0.38268306851387024 -0.9238796234130859 0.0 0.38268324732780457 -0.3826836347579956 0.9238795042037964 2.8742090929512187e-09 -0.38268378376960754 0.9238794445991516 8.62262972134431e-09 -0.9238796234130859 0.38268327713012695 2.0816852241978268e-08 -0.9238794445991516 0.382683664560318 0.0 0.0 0.382682740688324 -0.9238798022270203 0.0 0.382682740688324 -0.9238798022270203 0.0 0.9238796234130859 -0.3826833963394165 0.0 0.9238796234130859 -0.3826833963394165 0.0 0.382682740688324 0.9238798022270203 0.0 0.382682740688324 0.9238798022270203 0.0 0.9238796234130859 0.3826833963394165 0.0 0.9238796234130859 0.3826833963394165 0.9238794445991516 0.382683664560318 0.0 0.9238796234130859 0.38268327713012695 -2.0816852241978268e-08 0.38268372416496277 0.9238794445991516 -8.62262883316589e-09 0.3826836347579956 0.9238795042037964 -2.8742090929512187e-09 0.382682740688324 -2.475007310209776e-09 -0.923879861831665 0.38268259167671204 2.475006644075961e-09 -0.9238798022270203 0.9238796234130859 5.975207884034717e-09 -0.38268306851387024 0.9238797426223755 0.0 -0.3826829791069031 0.382682740688324 2.475007310209776e-09 0.923879861831665 0.38268259167671204 -2.475006644075961e-09 0.9238798022270203 0.9238796234130859 -5.975207884034717e-09 0.38268306851387024 0.9238797426223755 0.0 0.3826829791069031 0.3826836347579956 -0.9238795042037964 2.8742090929512187e-09 0.38268378376960754 -0.9238794445991516 8.62262972134431e-09 0.9238796234130859 -0.38268327713012695 2.0816852241978268e-08 0.9238794445991516 -0.382683664560318 0.0 0.0 -0.382682740688324 -0.9238798022270203 0.0 -0.382682740688324 -0.9238798022270203 0.0 -0.9238796234130859 -0.3826833963394165 0.0 -0.9238796234130859 -0.3826833963394165 0.0 -0.382682740688324 0.9238798022270203 0.0 -0.382682740688324 0.9238798022270203 0.0 -0.9238795638084412 0.3826833665370941 0.0 -0.9238796234130859 0.3826833963394165 0.0 0.0 -1.0 0.0 0.0 -1.0 -1.0 0.0 0.0 -1.0 0.0 0.0 0.0 -1.0 0.0 0.0 -1.0 0.0 0.0 0.0 1.0 0.0 0.0 1.0 0.0 1.0 0.0 0.0 1.0 0.0 1.0 0.0 0.0 1.0 0.0 0.0</float_array><technique_common><accessor source="#mesh20-normals-array" count="108" stride="3"><param name="X" type="float" /><param name="Y" type="float" /><param name="Z" type="float" /></accessor></technique_common></source><vertices id="mesh20-vertices"><input semantic="POSITION" source="#mesh20-positions" /></vertices><triangles count="108" material="titanium"><input semantic="VERTEX" source="#mesh20-vertices" offset="0" /><input semantic="NORMAL" source="#mesh20-normals" offset="1" /><p>0 0 3 0 4 0 0 1 4 1 6 1 1 2 5 2 4 2 1 3 4 3 3 3 2 4 6 4 4 4 2 5 4 5 5 5 7 6 10 6 11 6 7 7 11 7 13 7 8 8 12 8 11 8 8 9 11 9 10 9 9 10 13 10 11 10 9 11 11 11 12 11 14 12 17 12 18 12 14 13 18 13 20 13 15 14 19 14 18 14 15 15 18 15 17 15 16 16 20 16 18 16 16 17 18 17 19 17 21 18 24 18 25 18 21 19 25 19 27 19 22 20 26 20 25 20 22 21 25 21 24 21 23 22 27 22 25 22 23 23 25 23 26 23 28 24 31 24 32 24 28 25 32 25 34 25 29 26 33 26 32 26 29 27 32 27 31 27 30 28 34 28 32 28 30 29 32 29 33 29 35 30 38 30 39 30 35 31 39 31 41 31 36 32 40 32 39 32 36 33 39 33 38 33 37 34 41 34 39 34 37 35 39 35 40 35 42 36 45 36 46 36 42 37 46 37 48 37 43 38 47 38 46 38 43 39 46 39 45 39 44 40 48 40 46 40 44 41 46 41 47 41 49 42 52 42 53 42 49 43 53 43 55 43 50 44 54 44 53 44 50 45 53 45 52 45 51 46 55 46 53 46 51 47 53 47 54 47 14 48 0 48 6 48 14 49 6 49 17 49 17 50 6 50 2 50 17 51 2 51 15 51 1 52 7 52 13 52 1 53 13 53 5 53 5 54 13 54 9 54 5 55 9 55 2 55 8 56 21 56 27 56 8 57 27 57 12 57 12 58 27 58 23 58 12 59 23 59 9 59 22 60 16 60 19 60 22 61 19 61 26 61 26 62 19 62 15 62 26 63 15 63 23 63 42 64 14 64 20 64 42 65 20 65 45 65 45 66 20 66 16 66 45 67 16 67 43 67 21 68 49 68 55 68 21 69 55 69 24 69 24 70 55 70 51 70 24 71 51 71 22 71 50 72 44 72 47 72 50 73 47 73 54 73 54 74 47 74 43 74 54 75 43 75 51 75 28 76 42 76 48 76 28 77 48 77 31 77 31 78 48 78 44 78 31 79 44 79 29 79 49 80 35 80 41 80 49 81 41 81 52 81 52 82 41 82 37 82 52 83 37 83 50 83 36 84 30 84 33 84 36 85 33 85 40 85 40 86 33 86 29 86 40 87 29 87 37 87 0 88 28 88 34 88 0 89 34 89 3 89 3 90 34 90 30 90 3 91 30 91 1 91 35 92 8 92 10 92 35 93 10 93 38 93 38 94 10 94 7 94 38 95 7 95 36 95 14 96 42 96 28 96 14 97 28 97 0 97 2 98 9 98 23 98 2 99 23 99 15 99 30 100 36 100 7 100 30 101 7 101 1 101 49 102 21 102 8 102 49 103 8 103 35 103 16 104 22 104 51 104 16 105 51 105 43 105 44 106 50 106 37 106 44 107 37 107 29 107</p></triangles></mesh></geometry><geometry id="mesh21"><mesh><source id="mesh21-positions"><float_array id="mesh21-array" count="168">-0.18800000846385956 0.10199999809265137 0.09750000387430191 -0.18800000846385956 0.09999999403953552 0.09950000047683716 -0.1899999976158142 0.10199999809265137 0.09950000047683716 -0.18800000846385956 0.10058578848838806 0.09808579087257385 -0.1891546994447708 0.10084529966115952 0.0983453020453453 -0.18941421806812286 0.10058578848838806 0.09950000047683716 -0.18941421806812286 0.10199999809265137 0.09808579087257385 -0.18800000846385956 0.09999999403953552 0.13050000369548798 -0.18800000846385956 0.10199999809265137 0.13250000774860382 -0.1899999976158142 0.10199999809265137 0.13050000369548798 -0.18800000846385956 0.10058578848838806 0.13191421329975128 -0.1891546994447708 0.10084529966115952 0.13165470957756042 -0.18941421806812286 0.10199999809265137 0.13191421329975128 -0.18941421806812286 0.10058578848838806 0.13050000369548798 -0.18800000846385956 0.1379999965429306 0.09750000387430191 -0.1899999976158142 0.1379999965429306 0.09950000047683716 -0.18800000846385956 0.14000000059604645 0.09950000047683716 -0.18941421806812286 0.1379999965429306 0.09808579087257385 -0.1891546994447708 0.13915470242500305 0.0983453020453453 -0.18941421806812286 0.1394142061471939 0.09950000047683716 -0.18800000846385956 0.1394142061471939 0.09808579087257385 -0.18800000846385956 0.1379999965429306 0.13250000774860382 -0.18800000846385956 0.14000000059604645 0.13050000369548798 -0.1899999976158142 0.1379999965429306 0.13050000369548798 -0.18800000846385956 0.1394142061471939 0.13191421329975128 -0.1891546994447708 0.13915470242500305 0.13165470957756042 -0.18941421806812286 0.1394142061471939 0.13050000369548798 -0.18941421806812286 0.1379999965429306 0.13191421329975128 -0.18400000035762787 0.10199999809265137 0.09750000387430191 -0.18200001120567322 0.10199999809265137 0.09950000047683716 -0.18400000035762787 0.09999999403953552 0.09950000047683716 -0.18258579075336456 0.10199999809265137 0.09808579087257385 -0.1828453093767166 0.10084529966115952 0.0983453020453453 -0.18258579075336456 0.10058578848838806 0.09950000047683716 -0.18400000035762787 0.10058578848838806 0.09808579087257385 -0.18400000035762787 0.10199999809265137 0.13250000774860382 -0.18400000035762787 0.09999999403953552 0.13050000369548798 -0.18200001120567322 0.10199999809265137 0.13050000369548798 -0.18400000035762787 0.10058578848838806 0.13191421329975128 -0.1828453093767166 0.10084529966115952 0.13165470957756042 -0.18258579075336456 0.10058578848838806 0.13050000369548798 -0.18258579075336456 0.10199999809265137 0.13191421329975128 -0.18400000035762787 0.1379999965429306 0.09750000387430191 -0.18400000035762787 0.14000000059604645 0.09950000047683716 -0.18200001120567322 0.1379999965429306 0.09950000047683716 -0.18400000035762787 0.1394142061471939 0.09808579087257385 -0.1828453093767166 0.13915470242500305 0.0983453020453453 -0.18258579075336456 0.1394142061471939 0.09950000047683716 -0.18258579075336456 0.1379999965429306 0.09808579087257385 -0.18400000035762787 0.1379999965429306 0.13250000774860382 -0.18200001120567322 0.1379999965429306 0.13050000369548798 -0.18400000035762787 0.14000000059604645 0.13050000369548798 -0.18258579075336456 0.1379999965429306 0.13191421329975128 -0.1828453093767166 0.13915470242500305 0.13165470957756042 -0.18258579075336456 0.1394142061471939 0.13050000369548798 -0.18400000035762787 0.1394142061471939 0.13191421329975128</float_array><technique_common><accessor source="#mesh21-array" count="56" stride="3"><param name="X" type="float" /><param name="Y" type="float" /><param name="Z" type="float" /></accessor></technique_common></source><source id="mesh21-normals"><float_array id="mesh21-normals-array" count="324">-0.2817472815513611 -0.36717987060546875 -0.8864521980285645 -0.3671797513961792 -0.281747430562973 -0.8864522576332092 -0.36718055605888367 -0.8864519000053406 -0.2817472517490387 -0.28174734115600586 -0.8864519596099854 -0.3671804368495941 -0.8864519596099854 -0.2817474603652954 -0.36718007922172546 -0.8864519596099854 -0.3671805262565613 -0.28174713253974915 -0.28174734115600586 -0.8864518404006958 0.36718040704727173 -0.36718058586120605 -0.8864519000053406 0.28174731135368347 -0.3671796917915344 -0.28174734115600586 0.8864521980285645 -0.2817472815513611 -0.36717987060546875 0.8864521980285645 -0.8864519596099854 -0.36718037724494934 0.2817472815513611 -0.8864520788192749 -0.28174731135368347 0.3671802580356598 -0.36717963218688965 0.28174734115600586 -0.8864522576332092 -0.2817472517490387 0.3671797215938568 -0.8864522576332092 -0.8864520788192749 0.36718010902404785 -0.2817472517490387 -0.8864520788192749 0.2817472517490387 -0.3671799600124359 -0.28174734115600586 0.8864519000053406 -0.36718034744262695 -0.3671804666519165 0.8864519596099854 -0.2817472815513611 -0.2817472815513611 0.36717987060546875 0.8864521980285645 -0.3671797513961792 0.281747430562973 0.8864522576332092 -0.36718055605888367 0.8864519000053406 0.2817472517490387 -0.28174734115600586 0.8864519596099854 0.3671804368495941 -0.8864519596099854 0.2817474603652954 0.36718007922172546 -0.8864519596099854 0.3671805262565613 0.28174713253974915 0.36717963218688965 -0.28174734115600586 -0.8864522576332092 0.2817472517490387 -0.3671797215938568 -0.8864522576332092 0.8864520788192749 -0.36718010902404785 -0.2817472517490387 0.8864520788192749 -0.2817472517490387 -0.3671799600124359 0.28174734115600586 -0.8864519000053406 -0.36718034744262695 0.3671804666519165 -0.8864519596099854 -0.2817472815513611 0.2817472815513611 -0.36717987060546875 0.8864521980285645 0.3671797513961792 -0.281747430562973 0.8864522576332092 0.36718055605888367 -0.8864519000053406 0.2817472517490387 0.28174734115600586 -0.8864519596099854 0.3671804368495941 0.8864519596099854 -0.2817474603652954 0.36718007922172546 0.8864519596099854 -0.3671805262565613 0.28174713253974915 0.2817472815513611 0.36717987060546875 -0.8864521980285645 0.3671797513961792 0.281747430562973 -0.8864522576332092 0.36718055605888367 0.8864519000053406 -0.2817472517490387 0.28174734115600586 0.8864519596099854 -0.3671804368495941 0.8864519596099854 0.2817474603652954 -0.36718007922172546 0.8864519596099854 0.3671805262565613 -0.28174713253974915 0.36717963218688965 0.28174734115600586 0.8864522576332092 0.2817472517490387 0.3671797215938568 0.8864522576332092 0.8864520788192749 0.36718010902404785 0.2817472517490387 0.8864520788192749 0.2817472517490387 0.3671799600124359 0.28174734115600586 0.8864519000053406 0.36718034744262695 0.3671804666519165 0.8864519596099854 0.2817472815513611 -0.382682740688324 2.475007310209776e-09 -0.923879861831665 -0.38268259167671204 -2.475006644075961e-09 -0.9238798022270203 -0.9238796234130859 -5.975207884034717e-09 -0.38268306851387024 -0.9238797426223755 0.0 -0.3826829791069031 -0.38268378376960754 -0.9238794445991516 -2.8742099811296384e-09 -0.38268378376960754 -0.9238794445991516 -2.8742099811296384e-09 -0.9238795042037964 -0.38268354535102844 -6.9389498591476695e-09 -0.9238794445991516 -0.382683664560318 0.0 -0.382682740688324 -2.475007310209776e-09 0.923879861831665 -0.382682740688324 -2.475007310209776e-09 0.923879861831665 -0.9238796234130859 -5.975207884034717e-09 0.38268306851387024 -0.9238796234130859 0.0 0.38268324732780457 -0.3826836347579956 0.9238795042037964 2.8742090929512187e-09 -0.38268378376960754 0.9238794445991516 8.62262972134431e-09 -0.9238796234130859 0.38268327713012695 2.0816852241978268e-08 -0.9238794445991516 0.382683664560318 0.0 0.0 0.382682740688324 -0.9238798022270203 0.0 0.382682740688324 -0.9238798022270203 0.0 0.9238796234130859 -0.3826833963394165 0.0 0.9238796234130859 -0.3826833963394165 0.0 0.382682740688324 0.9238798022270203 0.0 0.382682740688324 0.9238798022270203 0.0 0.9238796234130859 0.3826833963394165 0.0 0.9238796234130859 0.3826833963394165 0.9238794445991516 0.382683664560318 0.0 0.9238796234130859 0.38268327713012695 -2.0816852241978268e-08 0.38268372416496277 0.9238794445991516 -8.62262883316589e-09 0.3826836347579956 0.9238795042037964 -2.8742090929512187e-09 0.382682740688324 -2.475007310209776e-09 -0.923879861831665 0.38268259167671204 2.475006644075961e-09 -0.9238798022270203 0.9238796234130859 5.975207884034717e-09 -0.38268306851387024 0.9238797426223755 0.0 -0.3826829791069031 0.382682740688324 2.475007310209776e-09 0.923879861831665 0.38268259167671204 -2.475006644075961e-09 0.9238798022270203 0.9238796234130859 -5.975207884034717e-09 0.38268306851387024 0.9238797426223755 0.0 0.3826829791069031 0.3826836347579956 -0.9238795042037964 2.8742090929512187e-09 0.38268378376960754 -0.9238794445991516 8.62262972134431e-09 0.9238796234130859 -0.38268327713012695 2.0816852241978268e-08 0.9238794445991516 -0.382683664560318 0.0 0.0 -0.382682740688324 -0.9238798022270203 0.0 -0.382682740688324 -0.9238798022270203 0.0 -0.9238796234130859 -0.3826833963394165 0.0 -0.9238796234130859 -0.3826833963394165 0.0 -0.382682740688324 0.9238798022270203 0.0 -0.382682740688324 0.9238798022270203 0.0 -0.9238795638084412 0.3826833665370941 0.0 -0.9238796234130859 0.3826833963394165 0.0 0.0 -1.0 0.0 0.0 -1.0 -1.0 0.0 0.0 -1.0 0.0 0.0 0.0 -1.0 0.0 0.0 -1.0 0.0 0.0 0.0 1.0 0.0 0.0 1.0 0.0 1.0 0.0 0.0 1.0 0.0 1.0 0.0 0.0 1.0 0.0 0.0</float_array><technique_common><accessor source="#mesh21-normals-array" count="108" stride="3"><param name="X" type="float" /><param name="Y" type="float" /><param name="Z" type="float" /></accessor></technique_common></source><vertices id="mesh21-vertices"><input semantic="POSITION" source="#mesh21-positions" /></vertices><triangles count="108" material="titanium"><input semantic="VERTEX" source="#mesh21-vertices" offset="0" /><input semantic="NORMAL" source="#mesh21-normals" offset="1" /><p>0 0 3 0 4 0 0 1 4 1 6 1 1 2 5 2 4 2 1 3 4 3 3 3 2 4 6 4 4 4 2 5 4 5 5 5 7 6 10 6 11 6 7 7 11 7 13 7 8 8 12 8 11 8 8 9 11 9 10 9 9 10 13 10 11 10 9 11 11 11 12 11 14 12 17 12 18 12 14 13 18 13 20 13 15 14 19 14 18 14 15 15 18 15 17 15 16 16 20 16 18 16 16 17 18 17 19 17 21 18 24 18 25 18 21 19 25 19 27 19 22 20 26 20 25 20 22 21 25 21 24 21 23 22 27 22 25 22 23 23 25 23 26 23 28 24 31 24 32 24 28 25 32 25 34 25 29 26 33 26 32 26 29 27 32 27 31 27 30 28 34 28 32 28 30 29 32 29 33 29 35 30 38 30 39 30 35 31 39 31 41 31 36 32 40 32 39 32 36 33 39 33 38 33 37 34 41 34 39 34 37 35 39 35 40 35 42 36 45 36 46 36 42 37 46 37 48 37 43 38 47 38 46 38 43 39 46 39 45 39 44 40 48 40 46 40 44 41 46 41 47 41 49 42 52 42 53 42 49 43 53 43 55 43 50 44 54 44 53 44 50 45 53 45 52 45 51 46 55 46 53 46 51 47 53 47 54 47 14 48 0 48 6 48 14 49 6 49 17 49 17 50 6 50 2 50 17 51 2 51 15 51 1 52 7 52 13 52 1 53 13 53 5 53 5 54 13 54 9 54 5 55 9 55 2 55 8 56 21 56 27 56 8 57 27 57 12 57 12 58 27 58 23 58 12 59 23 59 9 59 22 60 16 60 19 60 22 61 19 61 26 61 26 62 19 62 15 62 26 63 15 63 23 63 42 64 14 64 20 64 42 65 20 65 45 65 45 66 20 66 16 66 45 67 16 67 43 67 21 68 49 68 55 68 21 69 55 69 24 69 24 70 55 70 51 70 24 71 51 71 22 71 50 72 44 72 47 72 50 73 47 73 54 73 54 74 47 74 43 74 54 75 43 75 51 75 28 76 42 76 48 76 28 77 48 77 31 77 31 78 48 78 44 78 31 79 44 79 29 79 49 80 35 80 41 80 49 81 41 81 52 81 52 82 41 82 37 82 52 83 37 83 50 83 36 84 30 84 33 84 36 85 33 85 40 85 40 86 33 86 29 86 40 87 29 87 37 87 0 88 28 88 34 88 0 89 34 89 3 89 3 90 34 90 30 90 3 91 30 91 1 91 35 92 8 92 10 92 35 93 10 93 38 93 38 94 10 94 7 94 38 95 7 95 36 95 14 96 42 96 28 96 14 97 28 97 0 97 2 98 9 98 23 98 2 99 23 99 15 99 30 100 36 100 7 100 30 101 7 101 1 101 49 102 21 102 8 102 49 103 8 103 35 103 16 104 22 104 51 104 16 105 51 105 43 105 44 106 50 106 37 106 44 107 37 107 29 107</p></triangles></mesh></geometry><geometry id="mesh22"><mesh><source id="mesh22-positions"><float_array id="mesh22-array" count="168">-0.17100000381469727 0.10199999809265137 0.09750000387430191 -0.17100000381469727 0.09999999403953552 0.09950000047683716 -0.17299999296665192 0.10199999809265137 0.09950000047683716 -0.17100000381469727 0.10058578848838806 0.09808579087257385 -0.17215469479560852 0.10084529966115952 0.0983453020453453 -0.17241421341896057 0.10058578848838806 0.09950000047683716 -0.17241421341896057 0.10199999809265137 0.09808579087257385 -0.17100000381469727 0.09999999403953552 0.13050000369548798 -0.17100000381469727 0.10199999809265137 0.13250000774860382 -0.17299999296665192 0.10199999809265137 0.13050000369548798 -0.17100000381469727 0.10058578848838806 0.13191421329975128 -0.17215469479560852 0.10084529966115952 0.13165470957756042 -0.17241421341896057 0.10199999809265137 0.13191421329975128 -0.17241421341896057 0.10058578848838806 0.13050000369548798 -0.17100000381469727 0.1379999965429306 0.09750000387430191 -0.17299999296665192 0.1379999965429306 0.09950000047683716 -0.17100000381469727 0.14000000059604645 0.09950000047683716 -0.17241421341896057 0.1379999965429306 0.09808579087257385 -0.17215469479560852 0.13915470242500305 0.0983453020453453 -0.17241421341896057 0.1394142061471939 0.09950000047683716 -0.17100000381469727 0.1394142061471939 0.09808579087257385 -0.17100000381469727 0.1379999965429306 0.13250000774860382 -0.17100000381469727 0.14000000059604645 0.13050000369548798 -0.17299999296665192 0.1379999965429306 0.13050000369548798 -0.17100000381469727 0.1394142061471939 0.13191421329975128 -0.17215469479560852 0.13915470242500305 0.13165470957756042 -0.17241421341896057 0.1394142061471939 0.13050000369548798 -0.17241421341896057 0.1379999965429306 0.13191421329975128 -0.16699999570846558 0.10199999809265137 0.09750000387430191 -0.16500000655651093 0.10199999809265137 0.09950000047683716 -0.16699999570846558 0.09999999403953552 0.09950000047683716 -0.16558578610420227 0.10199999809265137 0.09808579087257385 -0.16584530472755432 0.10084529966115952 0.0983453020453453 -0.16558578610420227 0.10058578848838806 0.09950000047683716 -0.16699999570846558 0.10058578848838806 0.09808579087257385 -0.16699999570846558 0.10199999809265137 0.13250000774860382 -0.16699999570846558 0.09999999403953552 0.13050000369548798 -0.16500000655651093 0.10199999809265137 0.13050000369548798 -0.16699999570846558 0.10058578848838806 0.13191421329975128 -0.16584530472755432 0.10084529966115952 0.13165470957756042 -0.16558578610420227 0.10058578848838806 0.13050000369548798 -0.16558578610420227 0.10199999809265137 0.13191421329975128 -0.16699999570846558 0.1379999965429306 0.09750000387430191 -0.16699999570846558 0.14000000059604645 0.09950000047683716 -0.16500000655651093 0.1379999965429306 0.09950000047683716 -0.16699999570846558 0.1394142061471939 0.09808579087257385 -0.16584530472755432 0.13915470242500305 0.0983453020453453 -0.16558578610420227 0.1394142061471939 0.09950000047683716 -0.16558578610420227 0.1379999965429306 0.09808579087257385 -0.16699999570846558 0.1379999965429306 0.13250000774860382 -0.16500000655651093 0.1379999965429306 0.13050000369548798 -0.16699999570846558 0.14000000059604645 0.13050000369548798 -0.16558578610420227 0.1379999965429306 0.13191421329975128 -0.16584530472755432 0.13915470242500305 0.13165470957756042 -0.16558578610420227 0.1394142061471939 0.13050000369548798 -0.16699999570846558 0.1394142061471939 0.13191421329975128</float_array><technique_common><accessor source="#mesh22-array" count="56" stride="3"><param name="X" type="float" /><param name="Y" type="float" /><param name="Z" type="float" /></accessor></technique_common></source><source id="mesh22-normals"><float_array id="mesh22-normals-array" count="324">-0.2817472815513611 -0.36717987060546875 -0.8864521980285645 -0.3671797513961792 -0.281747430562973 -0.8864522576332092 -0.36718055605888367 -0.8864519000053406 -0.2817472517490387 -0.28174734115600586 -0.8864519596099854 -0.3671804368495941 -0.8864519596099854 -0.2817474603652954 -0.36718007922172546 -0.8864519596099854 -0.3671805262565613 -0.28174713253974915 -0.28174734115600586 -0.8864518404006958 0.36718040704727173 -0.36718058586120605 -0.8864519000053406 0.28174731135368347 -0.3671796917915344 -0.28174734115600586 0.8864521980285645 -0.2817472815513611 -0.36717987060546875 0.8864521980285645 -0.8864519596099854 -0.36718037724494934 0.2817472815513611 -0.8864520788192749 -0.28174731135368347 0.3671802580356598 -0.36717963218688965 0.28174734115600586 -0.8864522576332092 -0.2817472517490387 0.3671797215938568 -0.8864522576332092 -0.8864520788192749 0.36718010902404785 -0.2817472517490387 -0.8864520788192749 0.2817472517490387 -0.3671799600124359 -0.28174734115600586 0.8864519000053406 -0.36718034744262695 -0.3671804666519165 0.8864519596099854 -0.2817472815513611 -0.2817472815513611 0.36717987060546875 0.8864521980285645 -0.3671797513961792 0.281747430562973 0.8864522576332092 -0.36718055605888367 0.8864519000053406 0.2817472517490387 -0.28174734115600586 0.8864519596099854 0.3671804368495941 -0.8864519596099854 0.2817474603652954 0.36718007922172546 -0.8864519596099854 0.3671805262565613 0.28174713253974915 0.36717963218688965 -0.28174734115600586 -0.8864522576332092 0.2817472517490387 -0.3671797215938568 -0.8864522576332092 0.8864520788192749 -0.36718010902404785 -0.2817472517490387 0.8864520788192749 -0.2817472517490387 -0.3671799600124359 0.28174734115600586 -0.8864519000053406 -0.36718034744262695 0.3671804666519165 -0.8864519596099854 -0.2817472815513611 0.2817472815513611 -0.36717987060546875 0.8864521980285645 0.3671797513961792 -0.281747430562973 0.8864522576332092 0.36718055605888367 -0.8864519000053406 0.2817472517490387 0.28174734115600586 -0.8864519596099854 0.3671804368495941 0.8864519596099854 -0.2817474603652954 0.36718007922172546 0.8864519596099854 -0.3671805262565613 0.28174713253974915 0.2817472815513611 0.36717987060546875 -0.8864521980285645 0.3671797513961792 0.281747430562973 -0.8864522576332092 0.36718055605888367 0.8864519000053406 -0.2817472517490387 0.28174734115600586 0.8864519596099854 -0.3671804368495941 0.8864519596099854 0.2817474603652954 -0.36718007922172546 0.8864519596099854 0.3671805262565613 -0.28174713253974915 0.36717963218688965 0.28174734115600586 0.8864522576332092 0.2817472517490387 0.3671797215938568 0.8864522576332092 0.8864520788192749 0.36718010902404785 0.2817472517490387 0.8864520788192749 0.2817472517490387 0.3671799600124359 0.28174734115600586 0.8864519000053406 0.36718034744262695 0.3671804666519165 0.8864519596099854 0.2817472815513611 -0.382682740688324 2.475007310209776e-09 -0.923879861831665 -0.38268259167671204 -2.475006644075961e-09 -0.9238798022270203 -0.9238796234130859 -5.975207884034717e-09 -0.38268306851387024 -0.9238797426223755 0.0 -0.3826829791069031 -0.38268378376960754 -0.9238794445991516 -2.8742099811296384e-09 -0.38268378376960754 -0.9238794445991516 -2.8742099811296384e-09 -0.9238795042037964 -0.38268354535102844 -6.9389498591476695e-09 -0.9238794445991516 -0.382683664560318 0.0 -0.382682740688324 -2.475007310209776e-09 0.923879861831665 -0.382682740688324 -2.475007310209776e-09 0.923879861831665 -0.9238796234130859 -5.975207884034717e-09 0.38268306851387024 -0.9238796234130859 0.0 0.38268324732780457 -0.3826836347579956 0.9238795042037964 2.8742090929512187e-09 -0.38268378376960754 0.9238794445991516 8.62262972134431e-09 -0.9238796234130859 0.38268327713012695 2.0816852241978268e-08 -0.9238794445991516 0.382683664560318 0.0 0.0 0.382682740688324 -0.9238798022270203 0.0 0.382682740688324 -0.9238798022270203 0.0 0.9238796234130859 -0.3826833963394165 0.0 0.9238796234130859 -0.3826833963394165 0.0 0.382682740688324 0.9238798022270203 0.0 0.382682740688324 0.9238798022270203 0.0 0.9238796234130859 0.3826833963394165 0.0 0.9238796234130859 0.3826833963394165 0.9238794445991516 0.382683664560318 0.0 0.9238796234130859 0.38268327713012695 -2.0816852241978268e-08 0.38268372416496277 0.9238794445991516 -8.62262883316589e-09 0.3826836347579956 0.9238795042037964 -2.8742090929512187e-09 0.382682740688324 -2.475007310209776e-09 -0.923879861831665 0.38268259167671204 2.475006644075961e-09 -0.9238798022270203 0.9238796234130859 5.975207884034717e-09 -0.38268306851387024 0.9238797426223755 0.0 -0.3826829791069031 0.382682740688324 2.475007310209776e-09 0.923879861831665 0.38268259167671204 -2.475006644075961e-09 0.9238798022270203 0.9238796234130859 -5.975207884034717e-09 0.38268306851387024 0.9238797426223755 0.0 0.3826829791069031 0.3826836347579956 -0.9238795042037964 2.8742090929512187e-09 0.38268378376960754 -0.9238794445991516 8.62262972134431e-09 0.9238796234130859 -0.38268327713012695 2.0816852241978268e-08 0.9238794445991516 -0.382683664560318 0.0 0.0 -0.382682740688324 -0.9238798022270203 0.0 -0.382682740688324 -0.9238798022270203 0.0 -0.9238796234130859 -0.3826833963394165 0.0 -0.9238796234130859 -0.3826833963394165 0.0 -0.382682740688324 0.9238798022270203 0.0 -0.382682740688324 0.9238798022270203 0.0 -0.9238795638084412 0.3826833665370941 0.0 -0.9238796234130859 0.3826833963394165 0.0 0.0 -1.0 0.0 0.0 -1.0 -1.0 0.0 0.0 -1.0 0.0 0.0 0.0 -1.0 0.0 0.0 -1.0 0.0 0.0 0.0 1.0 0.0 0.0 1.0 0.0 1.0 0.0 0.0 1.0 0.0 1.0 0.0 0.0 1.0 0.0 0.0</float_array><technique_common><accessor source="#mesh22-normals-array" count="108" stride="3"><param name="X" type="float" /><param name="Y" type="float" /><param name="Z" type="float" /></accessor></technique_common></source><vertices id="mesh22-vertices"><input semantic="POSITION" source="#mesh22-positions" /></vertices><triangles count="108" material="titanium"><input semantic="VERTEX" source="#mesh22-vertices" offset="0" /><input semantic="NORMAL" source="#mesh22-normals" offset="1" /><p>0 0 3 0 4 0 0 1 4 1 6 1 1 2 5 2 4 2 1 3 4 3 3 3 2 4 6 4 4 4 2 5 4 5 5 5 7 6 10 6 11 6 7 7 11 7 13 7 8 8 12 8 11 8 8 9 11 9 10 9 9 10 13 10 11 10 9 11 11 11 12 11 14 12 17 12 18 12 14 13 18 13 20 13 15 14 19 14 18 14 15 15 18 15 17 15 16 16 20 16 18 16 16 17 18 17 19 17 21 18 24 18 25 18 21 19 25 19 27 19 22 20 26 20 25 20 22 21 25 21 24 21 23 22 27 22 25 22 23 23 25 23 26 23 28 24 31 24 32 24 28 25 32 25 34 25 29 26 33 26 32 26 29 27 32 27 31 27 30 28 34 28 32 28 30 29 32 29 33 29 35 30 38 30 39 30 35 31 39 31 41 31 36 32 40 32 39 32 36 33 39 33 38 33 37 34 41 34 39 34 37 35 39 35 40 35 42 36 45 36 46 36 42 37 46 37 48 37 43 38 47 38 46 38 43 39 46 39 45 39 44 40 48 40 46 40 44 41 46 41 47 41 49 42 52 42 53 42 49 43 53 43 55 43 50 44 54 44 53 44 50 45 53 45 52 45 51 46 55 46 53 46 51 47 53 47 54 47 14 48 0 48 6 48 14 49 6 49 17 49 17 50 6 50 2 50 17 51 2 51 15 51 1 52 7 52 13 52 1 53 13 53 5 53 5 54 13 54 9 54 5 55 9 55 2 55 8 56 21 56 27 56 8 57 27 57 12 57 12 58 27 58 23 58 12 59 23 59 9 59 22 60 16 60 19 60 22 61 19 61 26 61 26 62 19 62 15 62 26 63 15 63 23 63 42 64 14 64 20 64 42 65 20 65 45 65 45 66 20 66 16 66 45 67 16 67 43 67 21 68 49 68 55 68 21 69 55 69 24 69 24 70 55 70 51 70 24 71 51 71 22 71 50 72 44 72 47 72 50 73 47 73 54 73 54 74 47 74 43 74 54 75 43 75 51 75 28 76 42 76 48 76 28 77 48 77 31 77 31 78 48 78 44 78 31 79 44 79 29 79 49 80 35 80 41 80 49 81 41 81 52 81 52 82 41 82 37 82 52 83 37 83 50 83 36 84 30 84 33 84 36 85 33 85 40 85 40 86 33 86 29 86 40 87 29 87 37 87 0 88 28 88 34 88 0 89 34 89 3 89 3 90 34 90 30 90 3 91 30 91 1 91 35 92 8 92 10 92 35 93 10 93 38 93 38 94 10 94 7 94 38 95 7 95 36 95 14 96 42 96 28 96 14 97 28 97 0 97 2 98 9 98 23 98 2 99 23 99 15 99 30 100 36 100 7 100 30 101 7 101 1 101 49 102 21 102 8 102 49 103 8 103 35 103 16 104 22 104 51 104 16 105 51 105 43 105 44 106 50 106 37 106 44 107 37 107 29 107</p></triangles></mesh></geometry><geometry id="mesh23"><mesh><source id="mesh23-positions"><float_array id="mesh23-array" count="168">-0.15399999916553497 0.10199999809265137 0.09750000387430191 -0.15399999916553497 0.09999999403953552 0.09950000047683716 -0.15599998831748962 0.10199999809265137 0.09950000047683716 -0.15399999916553497 0.10058578848838806 0.09808579087257385 -0.15515469014644623 0.10084529966115952 0.0983453020453453 -0.15541420876979828 0.10058578848838806 0.09950000047683716 -0.15541420876979828 0.10199999809265137 0.09808579087257385 -0.15399999916553497 0.09999999403953552 0.13050000369548798 -0.15399999916553497 0.10199999809265137 0.13250000774860382 -0.15599998831748962 0.10199999809265137 0.13050000369548798 -0.15399999916553497 0.10058578848838806 0.13191421329975128 -0.15515469014644623 0.10084529966115952 0.13165470957756042 -0.15541420876979828 0.10199999809265137 0.13191421329975128 -0.15541420876979828 0.10058578848838806 0.13050000369548798 -0.15399999916553497 0.1379999965429306 0.09750000387430191 -0.15599998831748962 0.1379999965429306 0.09950000047683716 -0.15399999916553497 0.14000000059604645 0.09950000047683716 -0.15541420876979828 0.1379999965429306 0.09808579087257385 -0.15515469014644623 0.13915470242500305 0.0983453020453453 -0.15541420876979828 0.1394142061471939 0.09950000047683716 -0.15399999916553497 0.1394142061471939 0.09808579087257385 -0.15399999916553497 0.1379999965429306 0.13250000774860382 -0.15399999916553497 0.14000000059604645 0.13050000369548798 -0.15599998831748962 0.1379999965429306 0.13050000369548798 -0.15399999916553497 0.1394142061471939 0.13191421329975128 -0.15515469014644623 0.13915470242500305 0.13165470957756042 -0.15541420876979828 0.1394142061471939 0.13050000369548798 -0.15541420876979828 0.1379999965429306 0.13191421329975128 -0.14999999105930328 0.10199999809265137 0.09750000387430191 -0.14800000190734863 0.10199999809265137 0.09950000047683716 -0.14999999105930328 0.09999999403953552 0.09950000047683716 -0.14858578145503998 0.10199999809265137 0.09808579087257385 -0.14884530007839203 0.10084529966115952 0.0983453020453453 -0.14858578145503998 0.10058578848838806 0.09950000047683716 -0.14999999105930328 0.10058578848838806 0.09808579087257385 -0.14999999105930328 0.10199999809265137 0.13250000774860382 -0.14999999105930328 0.09999999403953552 0.13050000369548798 -0.14800000190734863 0.10199999809265137 0.13050000369548798 -0.14999999105930328 0.10058578848838806 0.13191421329975128 -0.14884530007839203 0.10084529966115952 0.13165470957756042 -0.14858578145503998 0.10058578848838806 0.13050000369548798 -0.14858578145503998 0.10199999809265137 0.13191421329975128 -0.14999999105930328 0.1379999965429306 0.09750000387430191 -0.14999999105930328 0.14000000059604645 0.09950000047683716 -0.14800000190734863 0.1379999965429306 0.09950000047683716 -0.14999999105930328 0.1394142061471939 0.09808579087257385 -0.14884530007839203 0.13915470242500305 0.0983453020453453 -0.14858578145503998 0.1394142061471939 0.09950000047683716 -0.14858578145503998 0.1379999965429306 0.09808579087257385 -0.14999999105930328 0.1379999965429306 0.13250000774860382 -0.14800000190734863 0.1379999965429306 0.13050000369548798 -0.14999999105930328 0.14000000059604645 0.13050000369548798 -0.14858578145503998 0.1379999965429306 0.13191421329975128 -0.14884530007839203 0.13915470242500305 0.13165470957756042 -0.14858578145503998 0.1394142061471939 0.13050000369548798 -0.14999999105930328 0.1394142061471939 0.13191421329975128</float_array><technique_common><accessor source="#mesh23-array" count="56" stride="3"><param name="X" type="float" /><param name="Y" type="float" /><param name="Z" type="float" /></accessor></technique_common></source><source id="mesh23-normals"><float_array id="mesh23-normals-array" count="324">-0.2817472815513611 -0.36717987060546875 -0.8864521980285645 -0.3671797513961792 -0.281747430562973 -0.8864522576332092 -0.36718055605888367 -0.8864519000053406 -0.2817472517490387 -0.28174734115600586 -0.8864519596099854 -0.3671804368495941 -0.8864519596099854 -0.2817474603652954 -0.36718007922172546 -0.8864519596099854 -0.3671805262565613 -0.28174713253974915 -0.28174734115600586 -0.8864518404006958 0.36718040704727173 -0.36718058586120605 -0.8864519000053406 0.28174731135368347 -0.3671796917915344 -0.28174734115600586 0.8864521980285645 -0.2817472815513611 -0.36717987060546875 0.8864521980285645 -0.8864519596099854 -0.36718037724494934 0.2817472815513611 -0.8864520788192749 -0.28174731135368347 0.3671802580356598 -0.36717963218688965 0.28174734115600586 -0.8864522576332092 -0.2817472517490387 0.3671797215938568 -0.8864522576332092 -0.8864520788192749 0.36718010902404785 -0.2817472517490387 -0.8864520788192749 0.2817472517490387 -0.3671799600124359 -0.28174734115600586 0.8864519000053406 -0.36718034744262695 -0.3671804666519165 0.8864519596099854 -0.2817472815513611 -0.2817472815513611 0.36717987060546875 0.8864521980285645 -0.3671797513961792 0.281747430562973 0.8864522576332092 -0.36718055605888367 0.8864519000053406 0.2817472517490387 -0.28174734115600586 0.8864519596099854 0.3671804368495941 -0.8864519596099854 0.2817474603652954 0.36718007922172546 -0.8864519596099854 0.3671805262565613 0.28174713253974915 0.36717963218688965 -0.28174734115600586 -0.8864522576332092 0.2817472517490387 -0.3671797215938568 -0.8864522576332092 0.8864520788192749 -0.36718010902404785 -0.2817472517490387 0.8864520788192749 -0.2817472517490387 -0.3671799600124359 0.28174734115600586 -0.8864519000053406 -0.36718034744262695 0.3671804666519165 -0.8864519596099854 -0.2817472815513611 0.2817472815513611 -0.36717987060546875 0.8864521980285645 0.3671797513961792 -0.281747430562973 0.8864522576332092 0.36718055605888367 -0.8864519000053406 0.2817472517490387 0.28174734115600586 -0.8864519596099854 0.3671804368495941 0.8864519596099854 -0.2817474603652954 0.36718007922172546 0.8864519596099854 -0.3671805262565613 0.28174713253974915 0.2817472815513611 0.36717987060546875 -0.8864521980285645 0.3671797513961792 0.281747430562973 -0.8864522576332092 0.36718055605888367 0.8864519000053406 -0.2817472517490387 0.28174734115600586 0.8864519596099854 -0.3671804368495941 0.8864519596099854 0.2817474603652954 -0.36718007922172546 0.8864519596099854 0.3671805262565613 -0.28174713253974915 0.36717963218688965 0.28174734115600586 0.8864522576332092 0.2817472517490387 0.3671797215938568 0.8864522576332092 0.8864520788192749 0.36718010902404785 0.2817472517490387 0.8864520788192749 0.2817472517490387 0.3671799600124359 0.28174734115600586 0.8864519000053406 0.36718034744262695 0.3671804666519165 0.8864519596099854 0.2817472815513611 -0.382682740688324 2.475007310209776e-09 -0.923879861831665 -0.38268259167671204 -2.475006644075961e-09 -0.9238798022270203 -0.9238796234130859 -5.975207884034717e-09 -0.38268306851387024 -0.9238797426223755 0.0 -0.3826829791069031 -0.38268378376960754 -0.9238794445991516 -2.8742099811296384e-09 -0.38268378376960754 -0.9238794445991516 -2.8742099811296384e-09 -0.9238795042037964 -0.38268354535102844 -6.9389498591476695e-09 -0.9238794445991516 -0.382683664560318 0.0 -0.382682740688324 -2.475007310209776e-09 0.923879861831665 -0.382682740688324 -2.475007310209776e-09 0.923879861831665 -0.9238796234130859 -5.975207884034717e-09 0.38268306851387024 -0.9238796234130859 0.0 0.38268324732780457 -0.3826836347579956 0.9238795042037964 2.8742090929512187e-09 -0.38268378376960754 0.9238794445991516 8.62262972134431e-09 -0.9238796234130859 0.38268327713012695 2.0816852241978268e-08 -0.9238794445991516 0.382683664560318 0.0 0.0 0.382682740688324 -0.9238798022270203 0.0 0.382682740688324 -0.9238798022270203 0.0 0.9238796234130859 -0.3826833963394165 0.0 0.9238796234130859 -0.3826833963394165 0.0 0.382682740688324 0.9238798022270203 0.0 0.382682740688324 0.9238798022270203 0.0 0.9238796234130859 0.3826833963394165 0.0 0.9238796234130859 0.3826833963394165 0.9238794445991516 0.382683664560318 0.0 0.9238796234130859 0.38268327713012695 -2.0816852241978268e-08 0.38268372416496277 0.9238794445991516 -8.62262883316589e-09 0.3826836347579956 0.9238795042037964 -2.8742090929512187e-09 0.382682740688324 -2.475007310209776e-09 -0.923879861831665 0.38268259167671204 2.475006644075961e-09 -0.9238798022270203 0.9238796234130859 5.975207884034717e-09 -0.38268306851387024 0.9238797426223755 0.0 -0.3826829791069031 0.382682740688324 2.475007310209776e-09 0.923879861831665 0.38268259167671204 -2.475006644075961e-09 0.9238798022270203 0.9238796234130859 -5.975207884034717e-09 0.38268306851387024 0.9238797426223755 0.0 0.3826829791069031 0.3826836347579956 -0.9238795042037964 2.8742090929512187e-09 0.38268378376960754 -0.9238794445991516 8.62262972134431e-09 0.9238796234130859 -0.38268327713012695 2.0816852241978268e-08 0.9238794445991516 -0.382683664560318 0.0 0.0 -0.382682740688324 -0.9238798022270203 0.0 -0.382682740688324 -0.9238798022270203 0.0 -0.9238796234130859 -0.3826833963394165 0.0 -0.9238796234130859 -0.3826833963394165 0.0 -0.382682740688324 0.9238798022270203 0.0 -0.382682740688324 0.9238798022270203 0.0 -0.9238795638084412 0.3826833665370941 0.0 -0.9238796234130859 0.3826833963394165 0.0 0.0 -1.0 0.0 0.0 -1.0 -1.0 0.0 0.0 -1.0 0.0 0.0 0.0 -1.0 0.0 0.0 -1.0 0.0 0.0 0.0 1.0 0.0 0.0 1.0 0.0 1.0 0.0 0.0 1.0 0.0 1.0 0.0 0.0 1.0 0.0 0.0</float_array><technique_common><accessor source="#mesh23-normals-array" count="108" stride="3"><param name="X" type="float" /><param name="Y" type="float" /><param name="Z" type="float" /></accessor></technique_common></source><vertices id="mesh23-vertices"><input semantic="POSITION" source="#mesh23-positions" /></vertices><triangles count="108" material="titanium"><input semantic="VERTEX" source="#mesh23-vertices" offset="0" /><input semantic="NORMAL" source="#mesh23-normals" offset="1" /><p>0 0 3 0 4 0 0 1 4 1 6 1 1 2 5 2 4 2 1 3 4 3 3 3 2 4 6 4 4 4 2 5 4 5 5 5 7 6 10 6 11 6 7 7 11 7 13 7 8 8 12 8 11 8 8 9 11 9 10 9 9 10 13 10 11 10 9 11 11 11 12 11 14 12 17 12 18 12 14 13 18 13 20 13 15 14 19 14 18 14 15 15 18 15 17 15 16 16 20 16 18 16 16 17 18 17 19 17 21 18 24 18 25 18 21 19 25 19 27 19 22 20 26 20 25 20 22 21 25 21 24 21 23 22 27 22 25 22 23 23 25 23 26 23 28 24 31 24 32 24 28 25 32 25 34 25 29 26 33 26 32 26 29 27 32 27 31 27 30 28 34 28 32 28 30 29 32 29 33 29 35 30 38 30 39 30 35 31 39 31 41 31 36 32 40 32 39 32 36 33 39 33 38 33 37 34 41 34 39 34 37 35 39 35 40 35 42 36 45 36 46 36 42 37 46 37 48 37 43 38 47 38 46 38 43 39 46 39 45 39 44 40 48 40 46 40 44 41 46 41 47 41 49 42 52 42 53 42 49 43 53 43 55 43 50 44 54 44 53 44 50 45 53 45 52 45 51 46 55 46 53 46 51 47 53 47 54 47 14 48 0 48 6 48 14 49 6 49 17 49 17 50 6 50 2 50 17 51 2 51 15 51 1 52 7 52 13 52 1 53 13 53 5 53 5 54 13 54 9 54 5 55 9 55 2 55 8 56 21 56 27 56 8 57 27 57 12 57 12 58 27 58 23 58 12 59 23 59 9 59 22 60 16 60 19 60 22 61 19 61 26 61 26 62 19 62 15 62 26 63 15 63 23 63 42 64 14 64 20 64 42 65 20 65 45 65 45 66 20 66 16 66 45 67 16 67 43 67 21 68 49 68 55 68 21 69 55 69 24 69 24 70 55 70 51 70 24 71 51 71 22 71 50 72 44 72 47 72 50 73 47 73 54 73 54 74 47 74 43 74 54 75 43 75 51 75 28 76 42 76 48 76 28 77 48 77 31 77 31 78 48 78 44 78 31 79 44 79 29 79 49 80 35 80 41 80 49 81 41 81 52 81 52 82 41 82 37 82 52 83 37 83 50 83 36 84 30 84 33 84 36 85 33 85 40 85 40 86 33 86 29 86 40 87 29 87 37 87 0 88 28 88 34 88 0 89 34 89 3 89 3 90 34 90 30 90 3 91 30 91 1 91 35 92 8 92 10 92 35 93 10 93 38 93 38 94 10 94 7 94 38 95 7 95 36 95 14 96 42 96 28 96 14 97 28 97 0 97 2 98 9 98 23 98 2 99 23 99 15 99 30 100 36 100 7 100 30 101 7 101 1 101 49 102 21 102 8 102 49 103 8 103 35 103 16 104 22 104 51 104 16 105 51 105 43 105 44 106 50 106 37 106 44 107 37 107 29 107</p></triangles></mesh></geometry><geometry id="mesh24"><mesh><source id="mesh24-positions"><float_array id="mesh24-array" count="168">-0.13700000941753387 0.10199999809265137 0.09750000387430191 -0.13700000941753387 0.09999999403953552 0.09950000047683716 -0.13899999856948853 0.10199999809265137 0.09950000047683716 -0.13700000941753387 0.10058578848838806 0.09808579087257385 -0.13815470039844513 0.10084529966115952 0.0983453020453453 -0.13841421902179718 0.10058578848838806 0.09950000047683716 -0.13841421902179718 0.10199999809265137 0.09808579087257385 -0.13700000941753387 0.09999999403953552 0.13050000369548798 -0.13700000941753387 0.10199999809265137 0.13250000774860382 -0.13899999856948853 0.10199999809265137 0.13050000369548798 -0.13700000941753387 0.10058578848838806 0.13191421329975128 -0.13815470039844513 0.10084529966115952 0.13165470957756042 -0.13841421902179718 0.10199999809265137 0.13191421329975128 -0.13841421902179718 0.10058578848838806 0.13050000369548798 -0.13700000941753387 0.1379999965429306 0.09750000387430191 -0.13899999856948853 0.1379999965429306 0.09950000047683716 -0.13700000941753387 0.14000000059604645 0.09950000047683716 -0.13841421902179718 0.1379999965429306 0.09808579087257385 -0.13815470039844513 0.13915470242500305 0.0983453020453453 -0.13841421902179718 0.1394142061471939 0.09950000047683716 -0.13700000941753387 0.1394142061471939 0.09808579087257385 -0.13700000941753387 0.1379999965429306 0.13250000774860382 -0.13700000941753387 0.14000000059604645 0.13050000369548798 -0.13899999856948853 0.1379999965429306 0.13050000369548798 -0.13700000941753387 0.1394142061471939 0.13191421329975128 -0.13815470039844513 0.13915470242500305 0.13165470957756042 -0.13841421902179718 0.1394142061471939 0.13050000369548798 -0.13841421902179718 0.1379999965429306 0.13191421329975128 -0.13300000131130219 0.10199999809265137 0.09750000387430191 -0.13100001215934753 0.10199999809265137 0.09950000047683716 -0.13300000131130219 0.09999999403953552 0.09950000047683716 -0.13158579170703888 0.10199999809265137 0.09808579087257385 -0.13184531033039093 0.10084529966115952 0.0983453020453453 -0.13158579170703888 0.10058578848838806 0.09950000047683716 -0.13300000131130219 0.10058578848838806 0.09808579087257385 -0.13300000131130219 0.10199999809265137 0.13250000774860382 -0.13300000131130219 0.09999999403953552 0.13050000369548798 -0.13100001215934753 0.10199999809265137 0.13050000369548798 -0.13300000131130219 0.10058578848838806 0.13191421329975128 -0.13184531033039093 0.10084529966115952 0.13165470957756042 -0.13158579170703888 0.10058578848838806 0.13050000369548798 -0.13158579170703888 0.10199999809265137 0.13191421329975128 -0.13300000131130219 0.1379999965429306 0.09750000387430191 -0.13300000131130219 0.14000000059604645 0.09950000047683716 -0.13100001215934753 0.1379999965429306 0.09950000047683716 -0.13300000131130219 0.1394142061471939 0.09808579087257385 -0.13184531033039093 0.13915470242500305 0.0983453020453453 -0.13158579170703888 0.1394142061471939 0.09950000047683716 -0.13158579170703888 0.1379999965429306 0.09808579087257385 -0.13300000131130219 0.1379999965429306 0.13250000774860382 -0.13100001215934753 0.1379999965429306 0.13050000369548798 -0.13300000131130219 0.14000000059604645 0.13050000369548798 -0.13158579170703888 0.1379999965429306 0.13191421329975128 -0.13184531033039093 0.13915470242500305 0.13165470957756042 -0.13158579170703888 0.1394142061471939 0.13050000369548798 -0.13300000131130219 0.1394142061471939 0.13191421329975128</float_array><technique_common><accessor source="#mesh24-array" count="56" stride="3"><param name="X" type="float" /><param name="Y" type="float" /><param name="Z" type="float" /></accessor></technique_common></source><source id="mesh24-normals"><float_array id="mesh24-normals-array" count="324">-0.2817472815513611 -0.36717987060546875 -0.8864521980285645 -0.3671797513961792 -0.281747430562973 -0.8864522576332092 -0.36718055605888367 -0.8864519000053406 -0.2817472517490387 -0.28174734115600586 -0.8864519596099854 -0.3671804368495941 -0.8864519596099854 -0.2817474603652954 -0.36718007922172546 -0.8864519596099854 -0.3671805262565613 -0.28174713253974915 -0.28174734115600586 -0.8864518404006958 0.36718040704727173 -0.36718058586120605 -0.8864519000053406 0.28174731135368347 -0.3671796917915344 -0.28174734115600586 0.8864521980285645 -0.2817472815513611 -0.36717987060546875 0.8864521980285645 -0.8864519596099854 -0.36718037724494934 0.2817472815513611 -0.8864520788192749 -0.28174731135368347 0.3671802580356598 -0.36717963218688965 0.28174734115600586 -0.8864522576332092 -0.2817472517490387 0.3671797215938568 -0.8864522576332092 -0.8864520788192749 0.36718010902404785 -0.2817472517490387 -0.8864520788192749 0.2817472517490387 -0.3671799600124359 -0.28174734115600586 0.8864519000053406 -0.36718034744262695 -0.3671804666519165 0.8864519596099854 -0.2817472815513611 -0.2817472815513611 0.36717987060546875 0.8864521980285645 -0.3671797513961792 0.281747430562973 0.8864522576332092 -0.36718055605888367 0.8864519000053406 0.2817472517490387 -0.28174734115600586 0.8864519596099854 0.3671804368495941 -0.8864519596099854 0.2817474603652954 0.36718007922172546 -0.8864519596099854 0.3671805262565613 0.28174713253974915 0.36717963218688965 -0.28174734115600586 -0.8864522576332092 0.2817472517490387 -0.3671797215938568 -0.8864522576332092 0.8864520788192749 -0.36718010902404785 -0.2817472517490387 0.8864520788192749 -0.2817472517490387 -0.3671799600124359 0.28174734115600586 -0.8864519000053406 -0.36718034744262695 0.3671804666519165 -0.8864519596099854 -0.2817472815513611 0.2817472815513611 -0.36717987060546875 0.8864521980285645 0.3671797513961792 -0.281747430562973 0.8864522576332092 0.36718055605888367 -0.8864519000053406 0.2817472517490387 0.28174734115600586 -0.8864519596099854 0.3671804368495941 0.8864519596099854 -0.2817474603652954 0.36718007922172546 0.8864519596099854 -0.3671805262565613 0.28174713253974915 0.2817472815513611 0.36717987060546875 -0.8864521980285645 0.3671797513961792 0.281747430562973 -0.8864522576332092 0.36718055605888367 0.8864519000053406 -0.2817472517490387 0.28174734115600586 0.8864519596099854 -0.3671804368495941 0.8864519596099854 0.2817474603652954 -0.36718007922172546 0.8864519596099854 0.3671805262565613 -0.28174713253974915 0.36717963218688965 0.28174734115600586 0.8864522576332092 0.2817472517490387 0.3671797215938568 0.8864522576332092 0.8864520788192749 0.36718010902404785 0.2817472517490387 0.8864520788192749 0.2817472517490387 0.3671799600124359 0.28174734115600586 0.8864519000053406 0.36718034744262695 0.3671804666519165 0.8864519596099854 0.2817472815513611 -0.382682740688324 2.475007310209776e-09 -0.923879861831665 -0.38268259167671204 -2.475006644075961e-09 -0.9238798022270203 -0.9238796234130859 -5.975207884034717e-09 -0.38268306851387024 -0.9238797426223755 0.0 -0.3826829791069031 -0.38268378376960754 -0.9238794445991516 -2.8742099811296384e-09 -0.38268378376960754 -0.9238794445991516 -2.8742099811296384e-09 -0.9238795042037964 -0.38268354535102844 -6.9389498591476695e-09 -0.9238794445991516 -0.382683664560318 0.0 -0.382682740688324 -2.475007310209776e-09 0.923879861831665 -0.382682740688324 -2.475007310209776e-09 0.923879861831665 -0.9238796234130859 -5.975207884034717e-09 0.38268306851387024 -0.9238796234130859 0.0 0.38268324732780457 -0.3826836347579956 0.9238795042037964 2.8742090929512187e-09 -0.38268378376960754 0.9238794445991516 8.62262972134431e-09 -0.9238796234130859 0.38268327713012695 2.0816852241978268e-08 -0.9238794445991516 0.382683664560318 0.0 0.0 0.382682740688324 -0.9238798022270203 0.0 0.382682740688324 -0.9238798022270203 0.0 0.9238796234130859 -0.3826833963394165 0.0 0.9238796234130859 -0.3826833963394165 0.0 0.382682740688324 0.9238798022270203 0.0 0.382682740688324 0.9238798022270203 0.0 0.9238796234130859 0.3826833963394165 0.0 0.9238796234130859 0.3826833963394165 0.9238794445991516 0.382683664560318 0.0 0.9238796234130859 0.38268327713012695 -2.0816852241978268e-08 0.38268372416496277 0.9238794445991516 -8.62262883316589e-09 0.3826836347579956 0.9238795042037964 -2.8742090929512187e-09 0.382682740688324 -2.475007310209776e-09 -0.923879861831665 0.38268259167671204 2.475006644075961e-09 -0.9238798022270203 0.9238796234130859 5.975207884034717e-09 -0.38268306851387024 0.9238797426223755 0.0 -0.3826829791069031 0.382682740688324 2.475007310209776e-09 0.923879861831665 0.38268259167671204 -2.475006644075961e-09 0.9238798022270203 0.9238796234130859 -5.975207884034717e-09 0.38268306851387024 0.9238797426223755 0.0 0.3826829791069031 0.3826836347579956 -0.9238795042037964 2.8742090929512187e-09 0.38268378376960754 -0.9238794445991516 8.62262972134431e-09 0.9238796234130859 -0.38268327713012695 2.0816852241978268e-08 0.9238794445991516 -0.382683664560318 0.0 0.0 -0.382682740688324 -0.9238798022270203 0.0 -0.382682740688324 -0.9238798022270203 0.0 -0.9238796234130859 -0.3826833963394165 0.0 -0.9238796234130859 -0.3826833963394165 0.0 -0.382682740688324 0.9238798022270203 0.0 -0.382682740688324 0.9238798022270203 0.0 -0.9238795638084412 0.3826833665370941 0.0 -0.9238796234130859 0.3826833963394165 0.0 0.0 -1.0 0.0 0.0 -1.0 -1.0 0.0 0.0 -1.0 0.0 0.0 0.0 -1.0 0.0 0.0 -1.0 0.0 0.0 0.0 1.0 0.0 0.0 1.0 0.0 1.0 0.0 0.0 1.0 0.0 1.0 0.0 0.0 1.0 0.0 0.0</float_array><technique_common><accessor source="#mesh24-normals-array" count="108" stride="3"><param name="X" type="float" /><param name="Y" type="float" /><param name="Z" type="float" /></accessor></technique_common></source><vertices id="mesh24-vertices"><input semantic="POSITION" source="#mesh24-positions" /></vertices><triangles count="108" material="titanium"><input semantic="VERTEX" source="#mesh24-vertices" offset="0" /><input semantic="NORMAL" source="#mesh24-normals" offset="1" /><p>0 0 3 0 4 0 0 1 4 1 6 1 1 2 5 2 4 2 1 3 4 3 3 3 2 4 6 4 4 4 2 5 4 5 5 5 7 6 10 6 11 6 7 7 11 7 13 7 8 8 12 8 11 8 8 9 11 9 10 9 9 10 13 10 11 10 9 11 11 11 12 11 14 12 17 12 18 12 14 13 18 13 20 13 15 14 19 14 18 14 15 15 18 15 17 15 16 16 20 16 18 16 16 17 18 17 19 17 21 18 24 18 25 18 21 19 25 19 27 19 22 20 26 20 25 20 22 21 25 21 24 21 23 22 27 22 25 22 23 23 25 23 26 23 28 24 31 24 32 24 28 25 32 25 34 25 29 26 33 26 32 26 29 27 32 27 31 27 30 28 34 28 32 28 30 29 32 29 33 29 35 30 38 30 39 30 35 31 39 31 41 31 36 32 40 32 39 32 36 33 39 33 38 33 37 34 41 34 39 34 37 35 39 35 40 35 42 36 45 36 46 36 42 37 46 37 48 37 43 38 47 38 46 38 43 39 46 39 45 39 44 40 48 40 46 40 44 41 46 41 47 41 49 42 52 42 53 42 49 43 53 43 55 43 50 44 54 44 53 44 50 45 53 45 52 45 51 46 55 46 53 46 51 47 53 47 54 47 14 48 0 48 6 48 14 49 6 49 17 49 17 50 6 50 2 50 17 51 2 51 15 51 1 52 7 52 13 52 1 53 13 53 5 53 5 54 13 54 9 54 5 55 9 55 2 55 8 56 21 56 27 56 8 57 27 57 12 57 12 58 27 58 23 58 12 59 23 59 9 59 22 60 16 60 19 60 22 61 19 61 26 61 26 62 19 62 15 62 26 63 15 63 23 63 42 64 14 64 20 64 42 65 20 65 45 65 45 66 20 66 16 66 45 67 16 67 43 67 21 68 49 68 55 68 21 69 55 69 24 69 24 70 55 70 51 70 24 71 51 71 22 71 50 72 44 72 47 72 50 73 47 73 54 73 54 74 47 74 43 74 54 75 43 75 51 75 28 76 42 76 48 76 28 77 48 77 31 77 31 78 48 78 44 78 31 79 44 79 29 79 49 80 35 80 41 80 49 81 41 81 52 81 52 82 41 82 37 82 52 83 37 83 50 83 36 84 30 84 33 84 36 85 33 85 40 85 40 86 33 86 29 86 40 87 29 87 37 87 0 88 28 88 34 88 0 89 34 89 3 89 3 90 34 90 30 90 3 91 30 91 1 91 35 92 8 92 10 92 35 93 10 93 38 93 38 94 10 94 7 94 38 95 7 95 36 95 14 96 42 96 28 96 14 97 28 97 0 97 2 98 9 98 23 98 2 99 23 99 15 99 30 100 36 100 7 100 30 101 7 101 1 101 49 102 21 102 8 102 49 103 8 103 35 103 16 104 22 104 51 104 16 105 51 105 43 105 44 106 50 106 37 106 44 107 37 107 29 107</p></triangles></mesh></geometry><geometry id="mesh25"><mesh><source id="mesh25-positions"><float_array id="mesh25-array" count="168">-0.11999999731779099 0.10199999809265137 0.09750000387430191 -0.11999999731779099 0.09999999403953552 0.09950000047683716 -0.12200000137090683 0.10199999809265137 0.09950000047683716 -0.11999999731779099 0.10058578848838806 0.09808579087257385 -0.12115470319986343 0.10084529966115952 0.0983453020453453 -0.12141421437263489 0.10058578848838806 0.09950000047683716 -0.12141421437263489 0.10199999809265137 0.09808579087257385 -0.11999999731779099 0.09999999403953552 0.13050000369548798 -0.11999999731779099 0.10199999809265137 0.13250000774860382 -0.12200000137090683 0.10199999809265137 0.13050000369548798 -0.11999999731779099 0.10058578848838806 0.13191421329975128 -0.12115470319986343 0.10084529966115952 0.13165470957756042 -0.12141421437263489 0.10199999809265137 0.13191421329975128 -0.12141421437263489 0.10058578848838806 0.13050000369548798 -0.11999999731779099 0.1379999965429306 0.09750000387430191 -0.12200000137090683 0.1379999965429306 0.09950000047683716 -0.11999999731779099 0.14000000059604645 0.09950000047683716 -0.12141421437263489 0.1379999965429306 0.09808579087257385 -0.12115470319986343 0.13915470242500305 0.0983453020453453 -0.12141421437263489 0.1394142061471939 0.09950000047683716 -0.11999999731779099 0.1394142061471939 0.09808579087257385 -0.11999999731779099 0.1379999965429306 0.13250000774860382 -0.11999999731779099 0.14000000059604645 0.13050000369548798 -0.12200000137090683 0.1379999965429306 0.13050000369548798 -0.11999999731779099 0.1394142061471939 0.13191421329975128 -0.12115470319986343 0.13915470242500305 0.13165470957756042 -0.12141421437263489 0.1394142061471939 0.13050000369548798 -0.12141421437263489 0.1379999965429306 0.13191421329975128 -0.11600000411272049 0.10199999809265137 0.09750000387430191 -0.11400000005960464 0.10199999809265137 0.09950000047683716 -0.11600000411272049 0.09999999403953552 0.09950000047683716 -0.11458578705787659 0.10199999809265137 0.09808579087257385 -0.11484529823064804 0.10084529966115952 0.0983453020453453 -0.11458578705787659 0.10058578848838806 0.09950000047683716 -0.11600000411272049 0.10058578848838806 0.09808579087257385 -0.11600000411272049 0.10199999809265137 0.13250000774860382 -0.11600000411272049 0.09999999403953552 0.13050000369548798 -0.11400000005960464 0.10199999809265137 0.13050000369548798 -0.11600000411272049 0.10058578848838806 0.13191421329975128 -0.11484529823064804 0.10084529966115952 0.13165470957756042 -0.11458578705787659 0.10058578848838806 0.13050000369548798 -0.11458578705787659 0.10199999809265137 0.13191421329975128 -0.11600000411272049 0.1379999965429306 0.09750000387430191 -0.11600000411272049 0.14000000059604645 0.09950000047683716 -0.11400000005960464 0.1379999965429306 0.09950000047683716 -0.11600000411272049 0.1394142061471939 0.09808579087257385 -0.11484529823064804 0.13915470242500305 0.0983453020453453 -0.11458578705787659 0.1394142061471939 0.09950000047683716 -0.11458578705787659 0.1379999965429306 0.09808579087257385 -0.11600000411272049 0.1379999965429306 0.13250000774860382 -0.11400000005960464 0.1379999965429306 0.13050000369548798 -0.11600000411272049 0.14000000059604645 0.13050000369548798 -0.11458578705787659 0.1379999965429306 0.13191421329975128 -0.11484529823064804 0.13915470242500305 0.13165470957756042 -0.11458578705787659 0.1394142061471939 0.13050000369548798 -0.11600000411272049 0.1394142061471939 0.13191421329975128</float_array><technique_common><accessor source="#mesh25-array" count="56" stride="3"><param name="X" type="float" /><param name="Y" type="float" /><param name="Z" type="float" /></accessor></technique_common></source><source id="mesh25-normals"><float_array id="mesh25-normals-array" count="324">-0.2817472815513611 -0.36717987060546875 -0.8864521980285645 -0.3671797513961792 -0.281747430562973 -0.8864522576332092 -0.36718055605888367 -0.8864519000053406 -0.2817472517490387 -0.28174734115600586 -0.8864519596099854 -0.3671804368495941 -0.8864519596099854 -0.2817474603652954 -0.36718007922172546 -0.8864519596099854 -0.3671805262565613 -0.28174713253974915 -0.28174734115600586 -0.8864518404006958 0.36718040704727173 -0.36718058586120605 -0.8864519000053406 0.28174731135368347 -0.3671796917915344 -0.28174734115600586 0.8864521980285645 -0.2817472815513611 -0.36717987060546875 0.8864521980285645 -0.8864519596099854 -0.36718037724494934 0.2817472815513611 -0.8864520788192749 -0.28174731135368347 0.3671802580356598 -0.36717963218688965 0.28174734115600586 -0.8864522576332092 -0.2817472517490387 0.3671797215938568 -0.8864522576332092 -0.8864520788192749 0.36718010902404785 -0.2817472517490387 -0.8864520788192749 0.2817472517490387 -0.3671799600124359 -0.28174734115600586 0.8864519000053406 -0.36718034744262695 -0.3671804666519165 0.8864519596099854 -0.2817472815513611 -0.2817472815513611 0.36717987060546875 0.8864521980285645 -0.3671797513961792 0.281747430562973 0.8864522576332092 -0.36718055605888367 0.8864519000053406 0.2817472517490387 -0.28174734115600586 0.8864519596099854 0.3671804368495941 -0.8864519596099854 0.2817474603652954 0.36718007922172546 -0.8864519596099854 0.3671805262565613 0.28174713253974915 0.36717963218688965 -0.28174734115600586 -0.8864522576332092 0.2817472517490387 -0.3671797215938568 -0.8864522576332092 0.8864520788192749 -0.36718010902404785 -0.2817472517490387 0.8864520788192749 -0.2817472517490387 -0.3671799600124359 0.28174734115600586 -0.8864519000053406 -0.36718034744262695 0.3671804666519165 -0.8864519596099854 -0.2817472815513611 0.2817472815513611 -0.36717987060546875 0.8864521980285645 0.3671797513961792 -0.281747430562973 0.8864522576332092 0.36718055605888367 -0.8864519000053406 0.2817472517490387 0.28174734115600586 -0.8864519596099854 0.3671804368495941 0.8864519596099854 -0.2817474603652954 0.36718007922172546 0.8864519596099854 -0.3671805262565613 0.28174713253974915 0.2817472815513611 0.36717987060546875 -0.8864521980285645 0.3671797513961792 0.281747430562973 -0.8864522576332092 0.36718055605888367 0.8864519000053406 -0.2817472517490387 0.28174734115600586 0.8864519596099854 -0.3671804368495941 0.8864519596099854 0.2817474603652954 -0.36718007922172546 0.8864519596099854 0.3671805262565613 -0.28174713253974915 0.36717963218688965 0.28174734115600586 0.8864522576332092 0.2817472517490387 0.3671797215938568 0.8864522576332092 0.8864520788192749 0.36718010902404785 0.2817472517490387 0.8864520788192749 0.2817472517490387 0.3671799600124359 0.28174734115600586 0.8864519000053406 0.36718034744262695 0.3671804666519165 0.8864519596099854 0.2817472815513611 -0.382682740688324 2.475007310209776e-09 -0.923879861831665 -0.38268259167671204 -2.475006644075961e-09 -0.9238798022270203 -0.9238796234130859 -5.975207884034717e-09 -0.38268306851387024 -0.9238797426223755 0.0 -0.3826829791069031 -0.38268378376960754 -0.9238794445991516 -2.8742099811296384e-09 -0.38268378376960754 -0.9238794445991516 -2.8742099811296384e-09 -0.9238795042037964 -0.38268354535102844 -6.9389498591476695e-09 -0.9238794445991516 -0.382683664560318 0.0 -0.382682740688324 -2.475007310209776e-09 0.923879861831665 -0.382682740688324 -2.475007310209776e-09 0.923879861831665 -0.9238796234130859 -5.975207884034717e-09 0.38268306851387024 -0.9238796234130859 0.0 0.38268324732780457 -0.3826836347579956 0.9238795042037964 2.8742090929512187e-09 -0.38268378376960754 0.9238794445991516 8.62262972134431e-09 -0.9238796234130859 0.38268327713012695 2.0816852241978268e-08 -0.9238794445991516 0.382683664560318 0.0 0.0 0.382682740688324 -0.9238798022270203 0.0 0.382682740688324 -0.9238798022270203 0.0 0.9238796234130859 -0.3826833963394165 0.0 0.9238796234130859 -0.3826833963394165 0.0 0.382682740688324 0.9238798022270203 0.0 0.382682740688324 0.9238798022270203 0.0 0.9238796234130859 0.3826833963394165 0.0 0.9238796234130859 0.3826833963394165 0.9238794445991516 0.382683664560318 0.0 0.9238796234130859 0.38268327713012695 -2.0816852241978268e-08 0.38268372416496277 0.9238794445991516 -8.62262883316589e-09 0.3826836347579956 0.9238795042037964 -2.8742090929512187e-09 0.382682740688324 -2.475007310209776e-09 -0.923879861831665 0.38268259167671204 2.475006644075961e-09 -0.9238798022270203 0.9238796234130859 5.975207884034717e-09 -0.38268306851387024 0.9238797426223755 0.0 -0.3826829791069031 0.382682740688324 2.475007310209776e-09 0.923879861831665 0.38268259167671204 -2.475006644075961e-09 0.9238798022270203 0.9238796234130859 -5.975207884034717e-09 0.38268306851387024 0.9238797426223755 0.0 0.3826829791069031 0.3826836347579956 -0.9238795042037964 2.8742090929512187e-09 0.38268378376960754 -0.9238794445991516 8.62262972134431e-09 0.9238796234130859 -0.38268327713012695 2.0816852241978268e-08 0.9238794445991516 -0.382683664560318 0.0 0.0 -0.382682740688324 -0.9238798022270203 0.0 -0.382682740688324 -0.9238798022270203 0.0 -0.9238796234130859 -0.3826833963394165 0.0 -0.9238796234130859 -0.3826833963394165 0.0 -0.382682740688324 0.9238798022270203 0.0 -0.382682740688324 0.9238798022270203 0.0 -0.9238795638084412 0.3826833665370941 0.0 -0.9238796234130859 0.3826833963394165 0.0 0.0 -1.0 0.0 0.0 -1.0 -1.0 0.0 0.0 -1.0 0.0 0.0 0.0 -1.0 0.0 0.0 -1.0 0.0 0.0 0.0 1.0 0.0 0.0 1.0 0.0 1.0 0.0 0.0 1.0 0.0 1.0 0.0 0.0 1.0 0.0 0.0</float_array><technique_common><accessor source="#mesh25-normals-array" count="108" stride="3"><param name="X" type="float" /><param name="Y" type="float" /><param name="Z" type="float" /></accessor></technique_common></source><vertices id="mesh25-vertices"><input semantic="POSITION" source="#mesh25-positions" /></vertices><triangles count="108" material="titanium"><input semantic="VERTEX" source="#mesh25-vertices" offset="0" /><input semantic="NORMAL" source="#mesh25-normals" offset="1" /><p>0 0 3 0 4 0 0 1 4 1 6 1 1 2 5 2 4 2 1 3 4 3 3 3 2 4 6 4 4 4 2 5 4 5 5 5 7 6 10 6 11 6 7 7 11 7 13 7 8 8 12 8 11 8 8 9 11 9 10 9 9 10 13 10 11 10 9 11 11 11 12 11 14 12 17 12 18 12 14 13 18 13 20 13 15 14 19 14 18 14 15 15 18 15 17 15 16 16 20 16 18 16 16 17 18 17 19 17 21 18 24 18 25 18 21 19 25 19 27 19 22 20 26 20 25 20 22 21 25 21 24 21 23 22 27 22 25 22 23 23 25 23 26 23 28 24 31 24 32 24 28 25 32 25 34 25 29 26 33 26 32 26 29 27 32 27 31 27 30 28 34 28 32 28 30 29 32 29 33 29 35 30 38 30 39 30 35 31 39 31 41 31 36 32 40 32 39 32 36 33 39 33 38 33 37 34 41 34 39 34 37 35 39 35 40 35 42 36 45 36 46 36 42 37 46 37 48 37 43 38 47 38 46 38 43 39 46 39 45 39 44 40 48 40 46 40 44 41 46 41 47 41 49 42 52 42 53 42 49 43 53 43 55 43 50 44 54 44 53 44 50 45 53 45 52 45 51 46 55 46 53 46 51 47 53 47 54 47 14 48 0 48 6 48 14 49 6 49 17 49 17 50 6 50 2 50 17 51 2 51 15 51 1 52 7 52 13 52 1 53 13 53 5 53 5 54 13 54 9 54 5 55 9 55 2 55 8 56 21 56 27 56 8 57 27 57 12 57 12 58 27 58 23 58 12 59 23 59 9 59 22 60 16 60 19 60 22 61 19 61 26 61 26 62 19 62 15 62 26 63 15 63 23 63 42 64 14 64 20 64 42 65 20 65 45 65 45 66 20 66 16 66 45 67 16 67 43 67 21 68 49 68 55 68 21 69 55 69 24 69 24 70 55 70 51 70 24 71 51 71 22 71 50 72 44 72 47 72 50 73 47 73 54 73 54 74 47 74 43 74 54 75 43 75 51 75 28 76 42 76 48 76 28 77 48 77 31 77 31 78 48 78 44 78 31 79 44 79 29 79 49 80 35 80 41 80 49 81 41 81 52 81 52 82 41 82 37 82 52 83 37 83 50 83 36 84 30 84 33 84 36 85 33 85 40 85 40 86 33 86 29 86 40 87 29 87 37 87 0 88 28 88 34 88 0 89 34 89 3 89 3 90 34 90 30 90 3 91 30 91 1 91 35 92 8 92 10 92 35 93 10 93 38 93 38 94 10 94 7 94 38 95 7 95 36 95 14 96 42 96 28 96 14 97 28 97 0 97 2 98 9 98 23 98 2 99 23 99 15 99 30 100 36 100 7 100 30 101 7 101 1 101 49 102 21 102 8 102 49 103 8 103 35 103 16 104 22 104 51 104 16 105 51 105 43 105 44 106 50 106 37 106 44 107 37 107 29 107</p></triangles></mesh></geometry><geometry id="mesh26"><mesh><source id="mesh26-positions"><float_array id="mesh26-array" count="144">-0.21924152970314026 0.15999998152256012 -0.022036049515008926 0.20075848698616028 0.1600000113248825 -0.062036026269197464 -0.21926738321781158 0.16207054257392883 -0.022307414561510086 0.20073263347148895 0.16207055747509003 -0.062307391315698624 -0.2193431556224823 0.1639999896287918 -0.023103017359972 0.20065686106681824 0.164000004529953 -0.06310299783945084 -0.21946369111537933 0.16565683484077454 -0.024368640035390854 0.2005363255739212 0.16565686464309692 -0.06436861306428909 -0.21962076425552368 0.16692818701267242 -0.02601803094148636 0.20037925243377686 0.1669282168149948 -0.0660180076956749 -0.21980370581150055 0.16772739589214325 -0.027938786894083023 0.2001963108778 0.16772741079330444 -0.06793876737356186 -0.2200000137090683 0.1679999828338623 -0.03000001236796379 0.20000000298023224 0.1680000126361847 -0.06999999284744263 -0.22019630670547485 0.16772739589214325 -0.03206123784184456 0.19980370998382568 0.16772741079330444 -0.0720612183213234 -0.22037924826145172 0.16692818701267242 -0.03398199379444122 0.19962076842784882 0.1669282168149948 -0.07398197054862976 -0.22053632140159607 0.16565683484077454 -0.03563138470053673 0.19946369528770447 0.16565686464309692 -0.07563136518001556 -0.2206568568944931 0.1639999896287918 -0.03689700737595558 0.19934315979480743 0.164000004529953 -0.07689698785543442 -0.22073262929916382 0.16207054257392883 -0.037692610174417496 0.19926738739013672 0.16207055747509003 -0.07769259065389633 -0.22075848281383514 0.15999998152256012 -0.037963975220918655 0.1992415338754654 0.1600000113248825 -0.07796395570039749 -0.22073262929916382 0.1579294353723526 -0.037692610174417496 0.19926738739013672 0.1579294502735138 -0.07769259065389633 -0.2206568568944931 0.15599998831748962 -0.03689700737595558 0.19934315979480743 0.15600000321865082 -0.07689698040485382 -0.22053632140159607 0.1543431282043457 -0.03563138470053673 0.19946369528770447 0.1543431580066681 -0.07563136518001556 -0.22037924826145172 0.15307177603244781 -0.03398199379444122 0.19962076842784882 0.1530718058347702 -0.07398197054862976 -0.22019630670547485 0.15227258205413818 -0.03206123784184456 0.19980370998382568 0.15227259695529938 -0.0720612108707428 -0.2199999988079071 0.15199998021125793 -0.03000001236796379 0.20000001788139343 0.15200001001358032 -0.06999998539686203 -0.21980370581150055 0.15227258205413818 -0.027938786894083023 0.2001963108778 0.15227259695529938 -0.06793875992298126 -0.21962076425552368 0.15307177603244781 -0.02601803094148636 0.20037925243377686 0.1530718058347702 -0.0660180076956749 -0.21946369111537933 0.1543431282043457 -0.024368640035390854 0.2005363255739212 0.1543431580066681 -0.06436861306428909 -0.2193431556224823 0.15599998831748962 -0.023103017359972 0.20065686106681824 0.15600000321865082 -0.06310299038887024 -0.21926738321781158 0.1579294353723526 -0.022307414561510086 0.20073263347148895 0.1579294502735138 -0.062307391315698624</float_array><technique_common><accessor source="#mesh26-array" count="48" stride="3"><param name="X" type="float" /><param name="Y" type="float" /><param name="Z" type="float" /></accessor></technique_common></source><source id="mesh26-normals"><float_array id="mesh26-normals-array" count="276">0.09399791806936264 0.13052628934383392 0.9869788885116577 0.09399791806936264 0.13052628934383392 0.9869788885116577 0.08759210258722305 0.3826834559440613 0.9197178483009338 0.08759210258722305 0.3826834559440613 0.9197178483009338 0.07521700114011765 0.6087616682052612 0.7897794246673584 0.07521700114011765 0.6087616682052612 0.7897794246673584 0.057716045528650284 0.793353259563446 0.6060193181037903 0.057716045528650284 0.793353259563446 0.6060193181037903 0.036281779408454895 0.9238795638084412 0.3809594511985779 0.036281779408454895 0.9238795638084412 0.3809594511985779 0.012374998070299625 0.9914448857307434 0.12993814051151276 0.012374998070299625 0.9914448857307434 0.12993814051151276 -0.01237513218075037 0.9914448857307434 -0.12993837893009186 -0.01237513218075037 0.9914448857307434 -0.12993837893009186 -0.036281902343034744 0.9238794445991516 -0.3809596598148346 -0.036281902343034744 0.9238794445991516 -0.3809596598148346 -0.05771614983677864 0.7933531403541565 -0.6060195565223694 -0.05771614983677864 0.7933531403541565 -0.6060195565223694 -0.07521709054708481 0.6087615489959717 -0.789779543876648 -0.07521709054708481 0.6087615489959717 -0.789779543876648 -0.08759214729070663 0.38268333673477173 -0.9197179675102234 -0.08759214729070663 0.38268333673477173 -0.9197179675102234 -0.09399793297052383 0.13052617013454437 -0.9869788885116577 -0.09399793297052383 0.13052617013454437 -0.9869788885116577 -0.09399791806936264 -0.13052628934383392 -0.9869788885116577 -0.09399791806936264 -0.13052628934383392 -0.9869788885116577 -0.08759210258722305 -0.3826834559440613 -0.9197178483009338 -0.08759210258722305 -0.3826834559440613 -0.9197178483009338 -0.07521700114011765 -0.6087616682052612 -0.7897794246673584 -0.07521700114011765 -0.6087616682052612 -0.7897794246673584 -0.057716045528650284 -0.793353259563446 -0.6060193181037903 -0.057716045528650284 -0.793353259563446 -0.6060193181037903 -0.036281779408454895 -0.9238795638084412 -0.3809594511985779 -0.036281779408454895 -0.9238795638084412 -0.3809594511985779 -0.012374998070299625 -0.9914448857307434 -0.12993814051151276 -0.012374998070299625 -0.9914448857307434 -0.12993814051151276 0.01237513218075037 -0.9914448857307434 0.12993837893009186 0.01237513218075037 -0.9914448857307434 0.12993837893009186 0.036281902343034744 -0.9238794445991516 0.3809596598148346 0.036281902343034744 -0.9238794445991516 0.3809596598148346 0.05771614983677864 -0.7933531403541565 0.6060195565223694 0.05771614983677864 -0.7933531403541565 0.6060195565223694 0.07521709054708481 -0.6087615489959717 0.789779543876648 0.07521709054708481 -0.6087615489959717 0.789779543876648 0.9954954385757446 -1.4419727634162882e-09 -0.09480908513069153 0.9954954385757446 -1.4419727634162882e-09 -0.09480908513069153 0.9954954385757446 -1.4419727634162882e-09 -0.09480908513069153 0.9954954385757446 -1.4419727634162882e-09 -0.09480908513069153 0.9954954385757446 -1.4419727634162882e-09 -0.09480908513069153 0.9954954385757446 -1.4419727634162882e-09 -0.09480908513069153 0.9954954385757446 -1.4419727634162882e-09 -0.09480908513069153 0.9954954385757446 -1.4419727634162882e-09 -0.09480908513069153 0.9954954385757446 -1.4419727634162882e-09 -0.09480908513069153 0.9954954385757446 -1.4419727634162882e-09 -0.09480908513069153 0.9954954385757446 -1.4419727634162882e-09 -0.09480908513069153 0.9954954385757446 -1.4419727634162882e-09 -0.09480908513069153 0.9954954385757446 -1.4419727634162882e-09 -0.09480908513069153 0.9954954385757446 -1.4419727634162882e-09 -0.09480908513069153 0.9954954385757446 -1.4419727634162882e-09 -0.09480908513069153 0.9954954385757446 -1.4419727634162882e-09 -0.09480908513069153 0.9954954385757446 -1.4419727634162882e-09 -0.09480908513069153 0.9954954385757446 -1.4419727634162882e-09 -0.09480908513069153 0.9954954385757446 -1.4419727634162882e-09 -0.09480908513069153 0.9954954385757446 -1.4419727634162882e-09 -0.09480908513069153 0.9954954385757446 -1.4419727634162882e-09 -0.09480908513069153 0.9954954385757446 -1.4419727634162882e-09 -0.09480908513069153 0.08759214729070663 -0.38268333673477173 0.9197179675102234 0.08759214729070663 -0.38268333673477173 0.9197179675102234 0.09399793297052383 -0.13052617013454437 0.9869788885116577 0.09399793297052383 -0.13052617013454437 0.9869788885116577 -0.9954954385757446 1.4419727634162882e-09 0.09480908513069153 -0.9954954385757446 1.4419727634162882e-09 0.09480908513069153 -0.9954954385757446 1.4419727634162882e-09 0.09480908513069153 -0.9954954385757446 1.4419727634162882e-09 0.09480908513069153 -0.9954954385757446 1.4419727634162882e-09 0.09480908513069153 -0.9954954385757446 1.4419727634162882e-09 0.09480908513069153 -0.9954954385757446 1.4419727634162882e-09 0.09480908513069153 -0.9954954385757446 1.4419727634162882e-09 0.09480908513069153 -0.9954954385757446 1.4419727634162882e-09 0.09480908513069153 -0.9954954385757446 1.4419727634162882e-09 0.09480908513069153 -0.9954954385757446 1.4419727634162882e-09 0.09480908513069153 -0.9954954385757446 1.4419727634162882e-09 0.09480908513069153 -0.9954954385757446 1.4419727634162882e-09 0.09480908513069153 -0.9954954385757446 1.4419727634162882e-09 0.09480908513069153 -0.9954954385757446 1.4419727634162882e-09 0.09480908513069153 -0.9954954385757446 1.4419727634162882e-09 0.09480908513069153 -0.9954954385757446 1.4419727634162882e-09 0.09480908513069153 -0.9954954385757446 1.4419727634162882e-09 0.09480908513069153 -0.9954954385757446 1.4419727634162882e-09 0.09480908513069153 -0.9954954385757446 1.4419727634162882e-09 0.09480908513069153 -0.9954954385757446 1.4419727634162882e-09 0.09480908513069153 -0.9954954385757446 1.4419727634162882e-09 0.09480908513069153</float_array><technique_common><accessor source="#mesh26-normals-array" count="92" stride="3"><param name="X" type="float" /><param name="Y" type="float" /><param name="Z" type="float" /></accessor></technique_common></source><vertices id="mesh26-vertices"><input semantic="POSITION" source="#mesh26-positions" /></vertices><triangles count="92" material="copper"><input semantic="VERTEX" source="#mesh26-vertices" offset="0" /><input semantic="NORMAL" source="#mesh26-normals" offset="1" /><p>0 0 1 0 3 0 0 1 3 1 2 1 2 2 3 2 5 2 2 3 5 3 4 3 4 4 5 4 7 4 4 5 7 5 6 5 6 6 7 6 9 6 6 7 9 7 8 7 8 8 9 8 11 8 8 9 11 9 10 9 10 10 11 10 13 10 10 11 13 11 12 11 12 12 13 12 15 12 12 13 15 13 14 13 14 14 15 14 17 14 14 15 17 15 16 15 16 16 17 16 19 16 16 17 19 17 18 17 18 18 19 18 21 18 18 19 21 19 20 19 20 20 21 20 23 20 20 21 23 21 22 21 22 22 23 22 25 22 22 23 25 23 24 23 24 24 25 24 27 24 24 25 27 25 26 25 26 26 27 26 29 26 26 27 29 27 28 27 28 28 29 28 31 28 28 29 31 29 30 29 30 30 31 30 33 30 30 31 33 31 32 31 32 32 33 32 35 32 32 33 35 33 34 33 34 34 35 34 37 34 34 35 37 35 36 35 36 36 37 36 39 36 36 37 39 37 38 37 38 38 39 38 41 38 38 39 41 39 40 39 40 40 41 40 43 40 40 41 43 41 42 41 42 42 43 42 45 42 42 43 45 43 44 43 5 44 3 44 1 44 1 45 47 45 45 45 45 46 43 46 41 46 41 47 39 47 37 47 37 48 35 48 33 48 33 49 31 49 29 49 29 50 27 50 25 50 25 51 23 51 21 51 21 52 19 52 17 52 17 53 15 53 13 53 13 54 11 54 9 54 9 55 7 55 5 55 5 56 1 56 45 56 45 57 41 57 37 57 37 58 33 58 29 58 29 59 25 59 21 59 21 60 17 60 13 60 13 61 9 61 5 61 5 62 45 62 37 62 37 63 29 63 21 63 21 64 13 64 5 64 37 65 21 65 5 65 44 66 45 66 47 66 44 67 47 67 46 67 46 68 47 68 1 68 46 69 1 69 0 69 46 70 0 70 2 70 2 71 4 71 6 71 6 72 8 72 10 72 10 73 12 73 14 73 14 74 16 74 18 74 18 75 20 75 22 75 22 76 24 76 26 76 26 77 28 77 30 77 30 78 32 78 34 78 34 79 36 79 38 79 38 80 40 80 42 80 42 81 44 81 46 81 46 82 2 82 6 82 6 83 10 83 14 83 14 84 18 84 22 84 22 85 26 85 30 85 30 86 34 86 38 86 38 87 42 87 46 87 46 88 6 88 14 88 14 89 22 89 30 89 30 90 38 90 46 90 14 91 30 91 46 91</p></triangles></mesh></geometry><geometry id="mesh27"><mesh><source id="mesh27-positions"><float_array id="mesh27-array" count="168">0.25999999046325684 -0.07500000298023224 -0.034999996423721313 0.25999999046325684 -0.10999999940395355 1.862645149230957e-09 0.22499999403953552 -0.07500000298023224 1.862645149230957e-09 0.25999999046325684 -0.09974873065948486 -0.02474874071776867 0.23979273438453674 -0.09520725905895233 -0.02020726539194584 0.2352512627840042 -0.09974873065948486 -1.862645149230957e-09 0.2352512627840042 -0.07499999552965164 -0.02474874071776867 0.25999999046325684 -0.10999999940395355 0.059999994933605194 0.25999999046325684 -0.07500000298023224 0.0949999988079071 0.22499999403953552 -0.07500000298023224 0.059999994933605194 0.25999999046325684 -0.09974873065948486 0.08474873751401901 0.23979273438453674 -0.09520725905895233 0.08020726591348648 0.2352512627840042 -0.07499999552965164 0.08474873751401901 0.2352512627840042 -0.09974873065948486 0.06000000238418579 0.25999999046325684 0.07500000298023224 -0.034999996423721313 0.22499999403953552 0.07500000298023224 1.862645149230957e-09 0.25999999046325684 0.10999999940395355 1.862645149230957e-09 0.2352512627840042 0.07499999552965164 -0.02474874071776867 0.23979273438453674 0.09520725905895233 -0.02020726539194584 0.2352512627840042 0.09974873065948486 -1.862645149230957e-09 0.25999999046325684 0.09974873065948486 -0.02474874071776867 0.25999999046325684 0.07500000298023224 0.0949999988079071 0.25999999046325684 0.10999999940395355 0.059999994933605194 0.22499999403953552 0.07500000298023224 0.059999994933605194 0.25999999046325684 0.09974873065948486 0.08474873751401901 0.23979273438453674 0.09520725905895233 0.08020726591348648 0.2352512627840042 0.09974873065948486 0.06000000238418579 0.2352512627840042 0.07499999552965164 0.08474873751401901 0.36000001430511475 -0.07500000298023224 -0.034999996423721313 0.39500001072883606 -0.07500000298023224 1.862645149230957e-09 0.36000001430511475 -0.10999999940395355 1.862645149230957e-09 0.38474875688552856 -0.07499999552965164 -0.02474874071776867 0.38020727038383484 -0.09520725905895233 -0.02020726539194584 0.38474875688552856 -0.09974873065948486 -1.862645149230957e-09 0.36000001430511475 -0.09974873065948486 -0.02474874071776867 0.36000001430511475 -0.07500000298023224 0.0949999988079071 0.36000001430511475 -0.10999999940395355 0.059999994933605194 0.39500001072883606 -0.07500000298023224 0.059999994933605194 0.36000001430511475 -0.09974873065948486 0.08474873751401901 0.38020727038383484 -0.09520725905895233 0.08020726591348648 0.38474875688552856 -0.09974873065948486 0.06000000238418579 0.38474875688552856 -0.07499999552965164 0.08474873751401901 0.36000001430511475 0.07500000298023224 -0.034999996423721313 0.36000001430511475 0.10999999940395355 1.862645149230957e-09 0.39500001072883606 0.07500000298023224 1.862645149230957e-09 0.36000001430511475 0.09974873065948486 -0.02474874071776867 0.38020727038383484 0.09520725905895233 -0.02020726539194584 0.38474875688552856 0.09974873065948486 -1.862645149230957e-09 0.38474875688552856 0.07499999552965164 -0.02474874071776867 0.36000001430511475 0.07500000298023224 0.0949999988079071 0.39500001072883606 0.07500000298023224 0.059999994933605194 0.36000001430511475 0.10999999940395355 0.059999994933605194 0.38474875688552856 0.07499999552965164 0.08474873751401901 0.38020727038383484 0.09520725905895233 0.08020726591348648 0.38474875688552856 0.09974873065948486 0.06000000238418579 0.36000001430511475 0.09974873065948486 0.08474873751401901</float_array><technique_common><accessor source="#mesh27-array" count="56" stride="3"><param name="X" type="float" /><param name="Y" type="float" /><param name="Z" type="float" /></accessor></technique_common></source><source id="mesh27-normals"><float_array id="mesh27-normals-array" count="324">-0.2817471921443939 -0.36718037724494934 -0.8864519596099854 -0.3671802878379822 -0.2817472815513611 -0.8864519596099854 -0.36718058586120605 -0.8864519000053406 -0.28174716234207153 -0.28174713253974915 -0.8864519000053406 -0.36718055605888367 -0.8864519000053406 -0.28174737095832825 -0.36718034744262695 -0.8864519596099854 -0.3671804666519165 -0.28174734115600586 -0.28174713253974915 -0.8864519000053406 0.36718055605888367 -0.36718055605888367 -0.8864519000053406 0.28174713253974915 -0.36718031764030457 -0.2817472815513611 0.8864519000053406 -0.2817472517490387 -0.36718037724494934 0.8864520192146301 -0.8864519000053406 -0.3671804666519165 0.28174734115600586 -0.8864519000053406 -0.28174737095832825 0.36718037724494934 -0.36718031764030457 0.2817472815513611 -0.8864519000053406 -0.2817472517490387 0.36718037724494934 -0.8864520192146301 -0.8864519000053406 0.3671804666519165 -0.28174734115600586 -0.8864519000053406 0.28174737095832825 -0.36718037724494934 -0.28174713253974915 0.8864519000053406 -0.36718055605888367 -0.36718055605888367 0.8864519000053406 -0.28174713253974915 -0.2817471921443939 0.36718037724494934 0.8864519596099854 -0.3671802878379822 0.2817472815513611 0.8864519596099854 -0.36718058586120605 0.8864519000053406 0.28174716234207153 -0.28174713253974915 0.8864519000053406 0.36718055605888367 -0.8864519000053406 0.28174737095832825 0.36718034744262695 -0.8864519596099854 0.3671804666519165 0.28174734115600586 0.36718031764030457 -0.2817472815513611 -0.8864519000053406 0.2817472517490387 -0.36718037724494934 -0.8864520192146301 0.8864519000053406 -0.3671804666519165 -0.28174734115600586 0.8864519000053406 -0.28174737095832825 -0.36718037724494934 0.28174713253974915 -0.8864519000053406 -0.36718055605888367 0.36718055605888367 -0.8864519000053406 -0.28174713253974915 0.2817471921443939 -0.36718037724494934 0.8864519596099854 0.3671802878379822 -0.2817472815513611 0.8864519596099854 0.36718058586120605 -0.8864519000053406 0.28174716234207153 0.28174713253974915 -0.8864519000053406 0.36718055605888367 0.8864519000053406 -0.28174737095832825 0.36718034744262695 0.8864519596099854 -0.3671804666519165 0.28174734115600586 0.2817471921443939 0.36718037724494934 -0.8864519596099854 0.3671802878379822 0.2817472815513611 -0.8864519596099854 0.36718058586120605 0.8864519000053406 -0.28174716234207153 0.28174713253974915 0.8864519000053406 -0.36718055605888367 0.8864519000053406 0.28174737095832825 -0.36718034744262695 0.8864519596099854 0.3671804666519165 -0.28174734115600586 0.36718031764030457 0.2817472815513611 0.8864519000053406 0.2817472517490387 0.36718037724494934 0.8864520192146301 0.8864519000053406 0.3671804666519165 0.28174734115600586 0.8864519000053406 0.28174737095832825 0.36718037724494934 0.28174713253974915 0.8864519000053406 0.36718055605888367 0.36718055605888367 0.8864519000053406 0.28174713253974915 -0.38268324732780457 0.0 -0.9238796234130859 -0.38268327713012695 0.0 -0.9238796830177307 -0.9238795638084412 0.0 -0.38268333673477173 -0.9238796234130859 0.0 -0.38268333673477173 -0.38268354535102844 -0.9238794445991516 0.0 -0.3826836049556732 -0.9238794445991516 0.0 -0.9238795042037964 -0.38268351554870605 0.0 -0.9238794445991516 -0.38268348574638367 0.0 -0.38268324732780457 0.0 0.9238796234130859 -0.38268327713012695 0.0 0.9238796830177307 -0.9238795638084412 0.0 0.38268333673477173 -0.9238796234130859 0.0 0.38268333673477173 -0.38268354535102844 0.9238794445991516 0.0 -0.3826836049556732 0.9238794445991516 0.0 -0.9238795042037964 0.38268351554870605 0.0 -0.9238794445991516 0.38268348574638367 0.0 0.0 0.3826834261417389 -0.9238796234130859 0.0 0.3826834261417389 -0.9238796234130859 0.0 0.9238795638084412 -0.3826836049556732 0.0 0.9238795638084412 -0.3826836049556732 0.0 0.3826834261417389 0.9238796234130859 0.0 0.3826834261417389 0.9238796234130859 0.0 0.9238795638084412 0.3826836049556732 0.0 0.9238795638084412 0.3826836049556732 0.9238794445991516 0.38268348574638367 0.0 0.9238795042037964 0.38268351554870605 0.0 0.3826836049556732 0.9238794445991516 0.0 0.38268354535102844 0.9238794445991516 0.0 0.38268324732780457 0.0 -0.9238796234130859 0.38268327713012695 0.0 -0.9238796830177307 0.9238795638084412 0.0 -0.38268333673477173 0.9238796234130859 0.0 -0.38268333673477173 0.38268324732780457 0.0 0.9238796234130859 0.38268327713012695 0.0 0.9238796830177307 0.9238795638084412 0.0 0.38268333673477173 0.9238796234130859 0.0 0.38268333673477173 0.38268354535102844 -0.9238794445991516 0.0 0.3826836049556732 -0.9238794445991516 0.0 0.9238795042037964 -0.38268351554870605 0.0 0.9238794445991516 -0.38268348574638367 0.0 0.0 -0.3826834261417389 -0.9238796234130859 0.0 -0.3826834261417389 -0.9238796234130859 0.0 -0.9238795638084412 -0.3826836049556732 0.0 -0.9238795638084412 -0.3826836049556732 0.0 -0.3826834261417389 0.9238796234130859 0.0 -0.3826834261417389 0.9238796234130859 0.0 -0.9238795638084412 0.3826836049556732 0.0 -0.9238795638084412 0.3826836049556732 0.0 0.0 -1.0 0.0 0.0 -1.0 -1.0 0.0 0.0 -1.0 0.0 0.0 0.0 -1.0 0.0 0.0 -1.0 0.0 0.0 0.0 1.0 0.0 0.0 1.0 0.0 1.0 0.0 0.0 1.0 0.0 1.0 0.0 0.0 1.0 0.0 0.0</float_array><technique_common><accessor source="#mesh27-normals-array" count="108" stride="3"><param name="X" type="float" /><param name="Y" type="float" /><param name="Z" type="float" /></accessor></technique_common></source><vertices id="mesh27-vertices"><input semantic="POSITION" source="#mesh27-positions" /></vertices><triangles count="108" material="graphite"><input semantic="VERTEX" source="#mesh27-vertices" offset="0" /><input semantic="NORMAL" source="#mesh27-normals" offset="1" /><p>0 0 3 0 4 0 0 1 4 1 6 1 1 2 5 2 4 2 1 3 4 3 3 3 2 4 6 4 4 4 2 5 4 5 5 5 7 6 10 6 11 6 7 7 11 7 13 7 8 8 12 8 11 8 8 9 11 9 10 9 9 10 13 10 11 10 9 11 11 11 12 11 14 12 17 12 18 12 14 13 18 13 20 13 15 14 19 14 18 14 15 15 18 15 17 15 16 16 20 16 18 16 16 17 18 17 19 17 21 18 24 18 25 18 21 19 25 19 27 19 22 20 26 20 25 20 22 21 25 21 24 21 23 22 27 22 25 22 23 23 25 23 26 23 28 24 31 24 32 24 28 25 32 25 34 25 29 26 33 26 32 26 29 27 32 27 31 27 30 28 34 28 32 28 30 29 32 29 33 29 35 30 38 30 39 30 35 31 39 31 41 31 36 32 40 32 39 32 36 33 39 33 38 33 37 34 41 34 39 34 37 35 39 35 40 35 42 36 45 36 46 36 42 37 46 37 48 37 43 38 47 38 46 38 43 39 46 39 45 39 44 40 48 40 46 40 44 41 46 41 47 41 49 42 52 42 53 42 49 43 53 43 55 43 50 44 54 44 53 44 50 45 53 45 52 45 51 46 55 46 53 46 51 47 53 47 54 47 14 48 0 48 6 48 14 49 6 49 17 49 17 50 6 50 2 50 17 51 2 51 15 51 1 52 7 52 13 52 1 53 13 53 5 53 5 54 13 54 9 54 5 55 9 55 2 55 8 56 21 56 27 56 8 57 27 57 12 57 12 58 27 58 23 58 12 59 23 59 9 59 22 60 16 60 19 60 22 61 19 61 26 61 26 62 19 62 15 62 26 63 15 63 23 63 42 64 14 64 20 64 42 65 20 65 45 65 45 66 20 66 16 66 45 67 16 67 43 67 21 68 49 68 55 68 21 69 55 69 24 69 24 70 55 70 51 70 24 71 51 71 22 71 50 72 44 72 47 72 50 73 47 73 54 73 54 74 47 74 43 74 54 75 43 75 51 75 28 76 42 76 48 76 28 77 48 77 31 77 31 78 48 78 44 78 31 79 44 79 29 79 49 80 35 80 41 80 49 81 41 81 52 81 52 82 41 82 37 82 52 83 37 83 50 83 36 84 30 84 33 84 36 85 33 85 40 85 40 86 33 86 29 86 40 87 29 87 37 87 0 88 28 88 34 88 0 89 34 89 3 89 3 90 34 90 30 90 3 91 30 91 1 91 35 92 8 92 10 92 35 93 10 93 38 93 38 94 10 94 7 94 38 95 7 95 36 95 14 96 42 96 28 96 14 97 28 97 0 97 2 98 9 98 23 98 2 99 23 99 15 99 30 100 36 100 7 100 30 101 7 101 1 101 49 102 21 102 8 102 49 103 8 103 35 103 16 104 22 104 51 104 16 105 51 105 43 105 44 106 50 106 37 106 44 107 37 107 29 107</p></triangles></mesh></geometry><geometry id="mesh28"><mesh><source id="mesh28-positions"><float_array id="mesh28-array" count="168">0.21699999272823334 -0.10799999535083771 0.10249999910593033 0.21699999272823334 -0.11999999731779099 0.1145000010728836 0.20499998331069946 -0.10799999535083771 0.1145000010728836 0.21699999272823334 -0.11648526787757874 0.10601472109556198 0.21007178723812103 -0.11492818593978882 0.1075717955827713 0.20851470530033112 -0.11648526787757874 0.1145000010728836 0.20851470530033112 -0.10799998044967651 0.10601472109556198 0.21699999272823334 -0.11999999731779099 0.11550000309944153 0.21699999272823334 -0.10799999535083771 0.1274999976158142 0.20499998331069946 -0.10799999535083771 0.11550000309944153 0.21699999272823334 -0.11648526787757874 0.12398528307676315 0.21007178723812103 -0.11492818593978882 0.12242820858955383 0.20851470530033112 -0.10799998044967651 0.12398528307676315 0.20851470530033112 -0.11648526787757874 0.11550000309944153 0.21699999272823334 0.10799999535083771 0.10249999910593033 0.20499998331069946 0.10799999535083771 0.1145000010728836 0.21699999272823334 0.11999999731779099 0.1145000010728836 0.2085147202014923 0.10799999535083771 0.10601472109556198 0.21007180213928223 0.11492820084095001 0.1075717955827713 0.2085147202014923 0.11648528277873993 0.1145000010728836 0.21700000762939453 0.11648528277873993 0.10601472109556198 0.21699999272823334 0.10799999535083771 0.1274999976158142 0.21699999272823334 0.11999999731779099 0.11550000309944153 0.20499998331069946 0.10799999535083771 0.11550000309944153 0.21699999272823334 0.11648526787757874 0.12398528307676315 0.21007178723812103 0.11492818593978882 0.12242820858955383 0.20851470530033112 0.11648526787757874 0.11550000309944153 0.20851470530033112 0.10799998044967651 0.12398528307676315 0.4229999780654907 -0.10799999535083771 0.10249999910593033 0.4350000023841858 -0.10799999535083771 0.1145000010728836 0.4229999780654907 -0.11999999731779099 0.1145000010728836 0.43148526549339294 -0.10799999535083771 0.10601472109556198 0.429928183555603 -0.11492820084095001 0.1075717955827713 0.43148526549339294 -0.11648528277873993 0.1145000010728836 0.4229999780654907 -0.11648528277873993 0.10601472109556198 0.4229999780654907 -0.10799999535083771 0.1274999976158142 0.4229999780654907 -0.11999999731779099 0.11550000309944153 0.4350000023841858 -0.10799999535083771 0.11550000309944153 0.4229999780654907 -0.11648526787757874 0.12398528307676315 0.429928183555603 -0.11492818593978882 0.12242820858955383 0.43148529529571533 -0.11648526787757874 0.11550000309944153 0.43148529529571533 -0.10799998044967651 0.12398528307676315 0.4229999780654907 0.10799999535083771 0.10249999910593033 0.4229999780654907 0.11999999731779099 0.1145000010728836 0.4350000023841858 0.10799999535083771 0.1145000010728836 0.4229999780654907 0.11648526787757874 0.10601472109556198 0.429928183555603 0.11492818593978882 0.1075717955827713 0.43148529529571533 0.11648526787757874 0.1145000010728836 0.43148529529571533 0.10799998044967651 0.10601472109556198 0.4229999780654907 0.10799999535083771 0.1274999976158142 0.4350000023841858 0.10799999535083771 0.11550000309944153 0.4229999780654907 0.11999999731779099 0.11550000309944153 0.43148526549339294 0.10799999535083771 0.12398528307676315 0.429928183555603 0.11492820084095001 0.12242820858955383 0.43148526549339294 0.11648528277873993 0.11550000309944153 0.4229999780654907 0.11648528277873993 0.12398528307676315</float_array><technique_common><accessor source="#mesh28-array" count="56" stride="3"><param name="X" type="float" /><param name="Y" type="float" /><param name="Z" type="float" /></accessor></technique_common></source><source id="mesh28-normals"><float_array id="mesh28-normals-array" count="324">-0.2817474901676178 -0.3671807050704956 -0.8864517211914062 -0.36718055605888367 -0.2817475199699402 -0.886451780796051 -0.36718106269836426 -0.8864514231681824 -0.28174811601638794 -0.2817479074001312 -0.8864513635635376 -0.36718127131462097 -0.8864517211914062 -0.2817477583885193 -0.36718037724494934 -0.886451780796051 -0.3671802878379822 -0.2817480266094208 -0.28174787759780884 -0.8864514231681824 0.3671812415122986 -0.36718103289604187 -0.8864514827728271 0.28174811601638794 -0.3671804368495941 -0.28174763917922974 0.8864518404006958 -0.2817474901676178 -0.3671807646751404 0.8864517211914062 -0.8864517211914062 -0.36718031764030457 0.2817479968070984 -0.886451780796051 -0.28174781799316406 0.36718031764030457 -0.36718058586120605 0.2817476689815521 -0.8864517211914062 -0.2817474603652954 0.36718064546585083 -0.886451780796051 -0.8864514231681824 0.36718109250068665 -0.28174808621406555 -0.8864514231681824 0.2817479372024536 -0.3671812117099762 -0.2817477583885193 0.8864518404006958 -0.36718034744262695 -0.3671802878379822 0.886451780796051 -0.2817479968070984 -0.2817474901676178 0.3671807050704956 0.8864517211914062 -0.36718055605888367 0.2817475199699402 0.886451780796051 -0.36718106269836426 0.8864514231681824 0.28174811601638794 -0.2817479074001312 0.8864513635635376 0.36718127131462097 -0.8864517211914062 0.2817477583885193 0.36718037724494934 -0.886451780796051 0.3671802878379822 0.2817480266094208 0.36718058586120605 -0.2817476689815521 -0.8864517211914062 0.2817474603652954 -0.36718064546585083 -0.886451780796051 0.8864514231681824 -0.36718109250068665 -0.28174808621406555 0.8864514231681824 -0.2817479372024536 -0.3671812117099762 0.2817477583885193 -0.8864518404006958 -0.36718034744262695 0.3671802878379822 -0.886451780796051 -0.2817479968070984 0.2817474901676178 -0.3671807050704956 0.8864517211914062 0.36718055605888367 -0.2817475199699402 0.886451780796051 0.36718106269836426 -0.8864514231681824 0.28174811601638794 0.2817479074001312 -0.8864513635635376 0.36718127131462097 0.8864517211914062 -0.2817477583885193 0.36718037724494934 0.886451780796051 -0.3671802878379822 0.2817480266094208 0.2817474901676178 0.3671807050704956 -0.8864517211914062 0.36718055605888367 0.2817475199699402 -0.886451780796051 0.36718106269836426 0.8864514231681824 -0.28174811601638794 0.2817479074001312 0.8864513635635376 -0.36718127131462097 0.8864517211914062 0.2817477583885193 -0.36718037724494934 0.886451780796051 0.3671802878379822 -0.2817480266094208 0.36718058586120605 0.2817476689815521 0.8864517211914062 0.2817474603652954 0.36718064546585083 0.886451780796051 0.8864514231681824 0.36718109250068665 0.28174808621406555 0.8864514231681824 0.2817479372024536 0.3671812117099762 0.2817477583885193 0.8864518404006958 0.36718034744262695 0.3671802878379822 0.886451780796051 0.2817479968070984 -0.3826831877231598 0.0 -0.9238796830177307 -0.38268372416496277 2.241667651503576e-08 -0.9238795042037964 -0.9238796830177307 6.208556158071588e-08 -0.38268300890922546 -0.9238791465759277 0.0 -0.3826843500137329 -0.38268423080444336 -0.9238792657852173 0.0 -0.38268423080444336 -0.9238792657852173 0.0 -0.9238795638084412 -0.3826833963394165 0.0 -0.9238796234130859 -0.3826834559440613 0.0 -0.3826831877231598 0.0 0.9238796830177307 -0.3826830983161926 3.983473106927704e-09 0.9238796830177307 -0.9238797426223755 1.650006575815155e-09 0.38268303871154785 -0.9238797426223755 0.0 0.38268300890922546 -0.3826833665370941 0.9238795042037964 0.0 -0.38268423080444336 0.9238792657852173 8.064440407906659e-06 -0.9238792657852173 0.38268423080444336 -8.064440407906659e-06 -0.9238796234130859 0.3826834559440613 0.0 0.0 0.38268327713012695 -0.9238796234130859 2.3504867385781836e-08 0.38268375396728516 -0.9238794445991516 6.509942096499799e-08 0.9238798022270203 -0.38268303871154785 -3.4602198883959545e-09 0.9238791465759277 -0.3826844394207001 0.0 0.38268327713012695 0.9238796234130859 -2.3504867385781836e-08 0.38268375396728516 0.9238794445991516 -6.509942096499799e-08 0.9238798022270203 0.38268303871154785 3.4602198883959545e-09 0.9238791465759277 0.3826844394207001 0.9238796234130859 0.3826834559440613 0.0 0.9238792657852173 0.38268423080444336 8.064440407906659e-06 0.38268423080444336 0.9238792657852173 -8.064440407906659e-06 0.3826833665370941 0.9238795042037964 0.0 0.3826831877231598 0.0 -0.9238796830177307 0.38268372416496277 -2.241667651503576e-08 -0.9238795042037964 0.9238796830177307 -6.208556158071588e-08 -0.38268300890922546 0.9238791465759277 0.0 -0.3826843500137329 0.3826831877231598 0.0 0.9238796830177307 0.38268372416496277 2.241667651503576e-08 0.9238795042037964 0.9238796830177307 6.208556158071588e-08 0.38268300890922546 0.9238791465759277 0.0 0.3826843500137329 0.3826833665370941 -0.9238795042037964 0.0 0.38268423080444336 -0.9238792657852173 8.064440407906659e-06 0.9238792657852173 -0.38268423080444336 -8.064440407906659e-06 0.9238796234130859 -0.3826834559440613 0.0 0.0 -0.38268327713012695 -0.9238796234130859 -2.3504867385781836e-08 -0.38268375396728516 -0.9238794445991516 -6.509942096499799e-08 -0.9238798022270203 -0.38268303871154785 3.4602198883959545e-09 -0.9238791465759277 -0.3826844394207001 0.0 -0.3826838433742523 0.9238793849945068 -4.176843315661927e-09 -0.38268375396728516 0.9238793849945068 -1.7301099441979773e-09 -0.9238792061805725 0.3826844394207001 -3.4602198883959545e-09 -0.9238791465759277 0.3826844394207001 0.0 0.0 -1.0 0.0 0.0 -1.0 -1.0 0.0 0.0 -1.0 0.0 0.0 0.0 -1.0 0.0 0.0 -1.0 0.0 0.0 0.0 1.0 0.0 0.0 1.0 0.0 1.0 0.0 0.0 1.0 0.0 1.0 0.0 0.0 1.0 0.0 0.0</float_array><technique_common><accessor source="#mesh28-normals-array" count="108" stride="3"><param name="X" type="float" /><param name="Y" type="float" /><param name="Z" type="float" /></accessor></technique_common></source><vertices id="mesh28-vertices"><input semantic="POSITION" source="#mesh28-positions" /></vertices><triangles count="108" material="ivory"><input semantic="VERTEX" source="#mesh28-vertices" offset="0" /><input semantic="NORMAL" source="#mesh28-normals" offset="1" /><p>0 0 3 0 4 0 0 1 4 1 6 1 1 2 5 2 4 2 1 3 4 3 3 3 2 4 6 4 4 4 2 5 4 5 5 5 7 6 10 6 11 6 7 7 11 7 13 7 8 8 12 8 11 8 8 9 11 9 10 9 9 10 13 10 11 10 9 11 11 11 12 11 14 12 17 12 18 12 14 13 18 13 20 13 15 14 19 14 18 14 15 15 18 15 17 15 16 16 20 16 18 16 16 17 18 17 19 17 21 18 24 18 25 18 21 19 25 19 27 19 22 20 26 20 25 20 22 21 25 21 24 21 23 22 27 22 25 22 23 23 25 23 26 23 28 24 31 24 32 24 28 25 32 25 34 25 29 26 33 26 32 26 29 27 32 27 31 27 30 28 34 28 32 28 30 29 32 29 33 29 35 30 38 30 39 30 35 31 39 31 41 31 36 32 40 32 39 32 36 33 39 33 38 33 37 34 41 34 39 34 37 35 39 35 40 35 42 36 45 36 46 36 42 37 46 37 48 37 43 38 47 38 46 38 43 39 46 39 45 39 44 40 48 40 46 40 44 41 46 41 47 41 49 42 52 42 53 42 49 43 53 43 55 43 50 44 54 44 53 44 50 45 53 45 52 45 51 46 55 46 53 46 51 47 53 47 54 47 14 48 0 48 6 48 14 49 6 49 17 49 17 50 6 50 2 50 17 51 2 51 15 51 1 52 7 52 13 52 1 53 13 53 5 53 5 54 13 54 9 54 5 55 9 55 2 55 8 56 21 56 27 56 8 57 27 57 12 57 12 58 27 58 23 58 12 59 23 59 9 59 22 60 16 60 19 60 22 61 19 61 26 61 26 62 19 62 15 62 26 63 15 63 23 63 42 64 14 64 20 64 42 65 20 65 45 65 45 66 20 66 16 66 45 67 16 67 43 67 21 68 49 68 55 68 21 69 55 69 24 69 24 70 55 70 51 70 24 71 51 71 22 71 50 72 44 72 47 72 50 73 47 73 54 73 54 74 47 74 43 74 54 75 43 75 51 75 28 76 42 76 48 76 28 77 48 77 31 77 31 78 48 78 44 78 31 79 44 79 29 79 49 80 35 80 41 80 49 81 41 81 52 81 52 82 41 82 37 82 52 83 37 83 50 83 36 84 30 84 33 84 36 85 33 85 40 85 40 86 33 86 29 86 40 87 29 87 37 87 0 88 28 88 34 88 0 89 34 89 3 89 3 90 34 90 30 90 3 91 30 91 1 91 35 92 8 92 10 92 35 93 10 93 38 93 38 94 10 94 7 94 38 95 7 95 36 95 14 96 42 96 28 96 14 97 28 97 0 97 2 98 9 98 23 98 2 99 23 99 15 99 30 100 36 100 7 100 30 101 7 101 1 101 49 102 21 102 8 102 49 103 8 103 35 103 16 104 22 104 51 104 16 105 51 105 43 105 44 106 50 106 37 106 44 107 37 107 29 107</p></triangles></mesh></geometry><geometry id="mesh29"><mesh><source id="mesh29-positions"><float_array id="mesh29-array" count="192">0.38999998569488525 -0.054999999701976776 0.07400000095367432 0.4099999666213989 -0.054999999701976776 0.07400000095367432 0.38999998569488525 -0.049342378973960876 0.07344277203083038 0.4099999666213989 -0.049342378973960876 0.07344277203083038 0.38999998569488525 -0.04390218108892441 0.07179250568151474 0.4099999666213989 -0.04390218108892441 0.07179250568151474 0.38999998569488525 -0.038888465613126755 0.0691126212477684 0.4099999666213989 -0.038888465613126755 0.0691126212477684 0.38999998569488525 -0.03449390456080437 0.06550610065460205 0.4099999666213989 -0.03449390456080437 0.06550610065460205 0.38999998569488525 -0.030887382104992867 0.06111153960227966 0.4099999666213989 -0.030887382104992867 0.06111153960227966 0.38999998569488525 -0.02820749394595623 0.05609782040119171 0.4099999666213989 -0.02820749394595623 0.05609782040119171 0.38999998569488525 -0.026557227596640587 0.05065762251615524 0.4099999666213989 -0.026557227596640587 0.05065762251615524 0.38999998569488525 -0.026000000536441803 0.04500000178813934 0.4099999666213989 -0.026000000536441803 0.04500000178813934 0.38999998569488525 -0.026557227596640587 0.039342381060123444 0.4099999666213989 -0.026557227596640587 0.039342381060123444 0.38999998569488525 -0.02820749394595623 0.033902183175086975 0.4099999666213989 -0.02820749394595623 0.033902183175086975 0.38999998569488525 -0.030887382104992867 0.028888465836644173 0.4099999666213989 -0.030887382104992867 0.028888465836644173 0.38999998569488525 -0.03449390456080437 0.024493906646966934 0.4099999666213989 -0.03449390456080437 0.024493906646966934 0.38999998569488525 -0.038888461887836456 0.020887384191155434 0.4099999666213989 -0.038888461887836456 0.020887384191155434 0.38999998569488525 -0.04390218108892441 0.018207496032118797 0.4099999666213989 -0.04390218108892441 0.018207496032118797 0.38999998569488525 -0.049342378973960876 0.016557229682803154 0.4099999666213989 -0.049342378973960876 0.016557229682803154 0.38999998569488525 -0.054999999701976776 0.01600000262260437 0.4099999666213989 -0.054999999701976776 0.01600000262260437 0.38999998569488525 -0.060657620429992676 0.016557229682803154 0.4099999666213989 -0.060657620429992676 0.016557229682803154 0.38999998569488525 -0.06609781831502914 0.018207496032118797 0.4099999666213989 -0.06609781831502914 0.018207496032118797 0.38999998569488525 -0.0711115375161171 0.020887384191155434 0.4099999666213989 -0.0711115375161171 0.020887384191155434 0.38999998569488525 -0.07550609111785889 0.024493906646966934 0.4099999666213989 -0.07550609111785889 0.024493906646966934 0.38999998569488525 -0.07911261916160583 0.028888465836644173 0.4099999666213989 -0.07911261916160583 0.028888465836644173 0.38999998569488525 -0.08179250359535217 0.033902183175086975 0.4099999666213989 -0.08179250359535217 0.033902183175086975 0.38999998569488525 -0.08344276994466782 0.039342381060123444 0.4099999666213989 -0.08344276994466782 0.039342381060123444 0.38999998569488525 -0.08399999886751175 0.04500000178813934 0.4099999666213989 -0.08399999886751175 0.04500000178813934 0.38999998569488525 -0.08344276994466782 0.05065762251615524 0.4099999666213989 -0.08344276994466782 0.05065762251615524 0.38999998569488525 -0.08179250359535217 0.05609782040119171 0.4099999666213989 -0.08179250359535217 0.05609782040119171 0.38999998569488525 -0.07911261916160583 0.06111153960227966 0.4099999666213989 -0.07911261916160583 0.06111153960227966 0.38999998569488525 -0.07550609111785889 0.06550610065460205 0.4099999666213989 -0.07550609111785889 0.06550610065460205 0.38999998569488525 -0.0711115375161171 0.0691126212477684 0.4099999666213989 -0.0711115375161171 0.0691126212477684 0.38999998569488525 -0.06609781831502914 0.07179250568151474 0.4099999666213989 -0.06609781831502914 0.07179250568151474 0.38999998569488525 -0.060657620429992676 0.07344277203083038 0.4099999666213989 -0.060657620429992676 0.07344277203083038</float_array><technique_common><accessor source="#mesh29-array" count="64" stride="3"><param name="X" type="float" /><param name="Y" type="float" /><param name="Z" type="float" /></accessor></technique_common></source><source id="mesh29-normals"><float_array id="mesh29-normals-array" count="372">2.2097539788269016e-16 0.09801717102527618 0.9951847195625305 2.2097539788269016e-16 0.09801717102527618 0.9951847195625305 2.1248344260021258e-16 0.2902846038341522 0.9569403529167175 2.1248344260021258e-16 0.2902846038341522 0.9569403529167175 1.9582585147818711e-16 0.47139686346054077 0.8819212317466736 1.9582585147818711e-16 0.47139686346054077 0.8819212317466736 1.7164279613628082e-16 0.6343933939933777 0.7730104327201843 1.7164279613628082e-16 0.6343933939933777 0.7730104327201843 1.4086363053630928e-16 0.7730104327201843 0.6343933939933777 1.4086363053630928e-16 0.7730104327201843 0.6343933939933777 1.046711303099947e-16 0.8819212317466736 0.47139686346054077 1.046711303099947e-16 0.8819212317466736 0.47139686346054077 6.445613017417356e-17 0.9569403529167175 0.2902846038341522 6.445613017417356e-17 0.9569403529167175 0.2902846038341522 2.1764184016176676e-17 0.9951847195625305 0.09801717102527618 2.1764184016176676e-17 0.9951847195625305 0.09801717102527618 -2.1764184016176676e-17 0.9951847195625305 -0.09801717102527618 -2.1764184016176676e-17 0.9951847195625305 -0.09801717102527618 -6.445613017417356e-17 0.9569403529167175 -0.2902846038341522 -6.445613017417356e-17 0.9569403529167175 -0.2902846038341522 -1.046711303099947e-16 0.8819212317466736 -0.47139686346054077 -1.046711303099947e-16 0.8819212317466736 -0.47139686346054077 -1.4086363053630928e-16 0.7730104327201843 -0.6343933939933777 -1.4086363053630928e-16 0.7730104327201843 -0.6343933939933777 -1.7164279613628082e-16 0.6343933939933777 -0.7730104327201843 -1.7164279613628082e-16 0.6343933939933777 -0.7730104327201843 -1.9582585147818711e-16 0.47139686346054077 -0.8819212317466736 -1.9582585147818711e-16 0.47139686346054077 -0.8819212317466736 -2.1248344260021258e-16 0.2902846038341522 -0.9569403529167175 -2.1248344260021258e-16 0.2902846038341522 -0.9569403529167175 -2.2097539788269016e-16 0.09801717102527618 -0.9951847195625305 -2.2097539788269016e-16 0.09801717102527618 -0.9951847195625305 -2.2097539788269016e-16 -0.09801717102527618 -0.9951847195625305 -2.2097539788269016e-16 -0.09801717102527618 -0.9951847195625305 -2.1248344260021258e-16 -0.2902846038341522 -0.9569403529167175 -2.1248344260021258e-16 -0.2902846038341522 -0.9569403529167175 -1.9582585147818711e-16 -0.47139686346054077 -0.8819212317466736 -1.9582585147818711e-16 -0.47139686346054077 -0.8819212317466736 -1.7164279613628082e-16 -0.6343933939933777 -0.7730104327201843 -1.7164279613628082e-16 -0.6343933939933777 -0.7730104327201843 -1.4086363053630928e-16 -0.7730104327201843 -0.6343933939933777 -1.4086363053630928e-16 -0.7730104327201843 -0.6343933939933777 -1.046711303099947e-16 -0.8819212317466736 -0.47139686346054077 -1.046711303099947e-16 -0.8819212317466736 -0.47139686346054077 -6.445613017417356e-17 -0.9569403529167175 -0.2902846038341522 -6.445613017417356e-17 -0.9569403529167175 -0.2902846038341522 -2.1764184016176676e-17 -0.9951847195625305 -0.09801717102527618 -2.1764184016176676e-17 -0.9951847195625305 -0.09801717102527618 2.1764184016176676e-17 -0.9951847195625305 0.09801717102527618 2.1764184016176676e-17 -0.9951847195625305 0.09801717102527618 6.445613017417356e-17 -0.9569403529167175 0.2902846038341522 6.445613017417356e-17 -0.9569403529167175 0.2902846038341522 1.046711303099947e-16 -0.8819212317466736 0.47139686346054077 1.046711303099947e-16 -0.8819212317466736 0.47139686346054077 1.4086363053630928e-16 -0.7730104327201843 0.6343933939933777 1.4086363053630928e-16 -0.7730104327201843 0.6343933939933777 1.7164279613628082e-16 -0.6343933939933777 0.7730104327201843 1.7164279613628082e-16 -0.6343933939933777 0.7730104327201843 1.9582585147818711e-16 -0.47139686346054077 0.8819212317466736 1.9582585147818711e-16 -0.47139686346054077 0.8819212317466736 1.0 2.220446049250313e-16 4.930380657631324e-32 1.0 2.220446049250313e-16 4.930380657631324e-32 1.0 2.220446049250313e-16 4.930380657631324e-32 1.0 2.220446049250313e-16 4.930380657631324e-32 1.0 2.220446049250313e-16 4.930380657631324e-32 1.0 2.220446049250313e-16 4.930380657631324e-32 1.0 2.220446049250313e-16 4.930380657631324e-32 1.0 2.220446049250313e-16 4.930380657631324e-32 1.0 2.220446049250313e-16 4.930380657631324e-32 1.0 2.220446049250313e-16 4.930380657631324e-32 1.0 2.220446049250313e-16 4.930380657631324e-32 1.0 2.220446049250313e-16 4.930380657631324e-32 1.0 2.220446049250313e-16 4.930380657631324e-32 1.0 2.220446049250313e-16 4.930380657631324e-32 1.0 2.220446049250313e-16 4.930380657631324e-32 1.0 2.220446049250313e-16 4.930380657631324e-32 1.0 2.220446049250313e-16 4.930380657631324e-32 1.0 2.220446049250313e-16 4.930380657631324e-32 1.0 2.220446049250313e-16 4.930380657631324e-32 1.0 2.220446049250313e-16 4.930380657631324e-32 1.0 2.220446049250313e-16 4.930380657631324e-32 1.0 2.220446049250313e-16 4.930380657631324e-32 1.0 2.220446049250313e-16 4.930380657631324e-32 1.0 2.220446049250313e-16 4.930380657631324e-32 1.0 2.220446049250313e-16 4.930380657631324e-32 1.0 2.220446049250313e-16 4.930380657631324e-32 1.0 2.220446049250313e-16 4.930380657631324e-32 1.0 2.220446049250313e-16 4.930380657631324e-32 1.0 2.220446049250313e-16 4.930380657631324e-32 1.0 2.220446049250313e-16 4.930380657631324e-32 2.1248344260021258e-16 -0.2902846038341522 0.9569403529167175 2.1248344260021258e-16 -0.2902846038341522 0.9569403529167175 2.2097539788269016e-16 -0.09801717102527618 0.9951847195625305 2.2097539788269016e-16 -0.09801717102527618 0.9951847195625305 -1.0 -2.220446049250313e-16 -4.930380657631324e-32 -1.0 -2.220446049250313e-16 -4.930380657631324e-32 -1.0 -2.220446049250313e-16 -4.930380657631324e-32 -1.0 -2.220446049250313e-16 -4.930380657631324e-32 -1.0 -2.220446049250313e-16 -4.930380657631324e-32 -1.0 -2.220446049250313e-16 -4.930380657631324e-32 -1.0 -2.220446049250313e-16 -4.930380657631324e-32 -1.0 -2.220446049250313e-16 -4.930380657631324e-32 -1.0 -2.220446049250313e-16 -4.930380657631324e-32 -1.0 -2.220446049250313e-16 -4.930380657631324e-32 -1.0 -2.220446049250313e-16 -4.930380657631324e-32 -1.0 -2.220446049250313e-16 -4.930380657631324e-32 -1.0 -2.220446049250313e-16 -4.930380657631324e-32 -1.0 -2.220446049250313e-16 -4.930380657631324e-32 -1.0 -2.220446049250313e-16 -4.930380657631324e-32 -1.0 -2.220446049250313e-16 -4.930380657631324e-32 -1.0 -2.220446049250313e-16 -4.930380657631324e-32 -1.0 -2.220446049250313e-16 -4.930380657631324e-32 -1.0 -2.220446049250313e-16 -4.930380657631324e-32 -1.0 -2.220446049250313e-16 -4.930380657631324e-32 -1.0 -2.220446049250313e-16 -4.930380657631324e-32 -1.0 -2.220446049250313e-16 -4.930380657631324e-32 -1.0 -2.220446049250313e-16 -4.930380657631324e-32 -1.0 -2.220446049250313e-16 -4.930380657631324e-32 -1.0 -2.220446049250313e-16 -4.930380657631324e-32 -1.0 -2.220446049250313e-16 -4.930380657631324e-32 -1.0 -2.220446049250313e-16 -4.930380657631324e-32 -1.0 -2.220446049250313e-16 -4.930380657631324e-32 -1.0 -2.220446049250313e-16 -4.930380657631324e-32 -1.0 -2.220446049250313e-16 -4.930380657631324e-32</float_array><technique_common><accessor source="#mesh29-normals-array" count="124" stride="3"><param name="X" type="float" /><param name="Y" type="float" /><param name="Z" type="float" /></accessor></technique_common></source><vertices id="mesh29-vertices"><input semantic="POSITION" source="#mesh29-positions" /></vertices><triangles count="124" material="rubber"><input semantic="VERTEX" source="#mesh29-vertices" offset="0" /><input semantic="NORMAL" source="#mesh29-normals" offset="1" /><p>0 0 1 0 3 0 0 1 3 1 2 1 2 2 3 2 5 2 2 3 5 3 4 3 4 4 5 4 7 4 4 5 7 5 6 5 6 6 7 6 9 6 6 7 9 7 8 7 8 8 9 8 11 8 8 9 11 9 10 9 10 10 11 10 13 10 10 11 13 11 12 11 12 12 13 12 15 12 12 13 15 13 14 13 14 14 15 14 17 14 14 15 17 15 16 15 16 16 17 16 19 16 16 17 19 17 18 17 18 18 19 18 21 18 18 19 21 19 20 19 20 20 21 20 23 20 20 21 23 21 22 21 22 22 23 22 25 22 22 23 25 23 24 23 24 24 25 24 27 24 24 25 27 25 26 25 26 26 27 26 29 26 26 27 29 27 28 27 28 28 29 28 31 28 28 29 31 29 30 29 30 30 31 30 33 30 30 31 33 31 32 31 32 32 33 32 35 32 32 33 35 33 34 33 34 34 35 34 37 34 34 35 37 35 36 35 36 36 37 36 39 36 36 37 39 37 38 37 38 38 39 38 41 38 38 39 41 39 40 39 40 40 41 40 43 40 40 41 43 41 42 41 42 42 43 42 45 42 42 43 45 43 44 43 44 44 45 44 47 44 44 45 47 45 46 45 46 46 47 46 49 46 46 47 49 47 48 47 48 48 49 48 51 48 48 49 51 49 50 49 50 50 51 50 53 50 50 51 53 51 52 51 52 52 53 52 55 52 52 53 55 53 54 53 54 54 55 54 57 54 54 55 57 55 56 55 56 56 57 56 59 56 56 57 59 57 58 57 58 58 59 58 61 58 58 59 61 59 60 59 5 60 3 60 1 60 1 61 63 61 61 61 61 62 59 62 57 62 57 63 55 63 53 63 53 64 51 64 49 64 49 65 47 65 45 65 45 66 43 66 41 66 41 67 39 67 37 67 37 68 35 68 33 68 33 69 31 69 29 69 29 70 27 70 25 70 25 71 23 71 21 71 21 72 19 72 17 72 17 73 15 73 13 73 13 74 11 74 9 74 9 75 7 75 5 75 5 76 1 76 61 76 61 77 57 77 53 77 53 78 49 78 45 78 45 79 41 79 37 79 37 80 33 80 29 80 29 81 25 81 21 81 21 82 17 82 13 82 13 83 9 83 5 83 5 84 61 84 53 84 53 85 45 85 37 85 37 86 29 86 21 86 21 87 13 87 5 87 5 88 53 88 37 88 37 89 21 89 5 89 60 90 61 90 63 90 60 91 63 91 62 91 62 92 63 92 1 92 62 93 1 93 0 93 62 94 0 94 2 94 2 95 4 95 6 95 6 96 8 96 10 96 10 97 12 97 14 97 14 98 16 98 18 98 18 99 20 99 22 99 22 100 24 100 26 100 26 101 28 101 30 101 30 102 32 102 34 102 34 103 36 103 38 103 38 104 40 104 42 104 42 105 44 105 46 105 46 106 48 106 50 106 50 107 52 107 54 107 54 108 56 108 58 108 58 109 60 109 62 109 62 110 2 110 6 110 6 111 10 111 14 111 14 112 18 112 22 112 22 113 26 113 30 113 30 114 34 114 38 114 38 115 42 115 46 115 46 116 50 116 54 116 54 117 58 117 62 117 62 118 6 118 14 118 14 119 22 119 30 119 30 120 38 120 46 120 46 121 54 121 62 121 62 122 14 122 30 122 30 123 46 123 62 123</p></triangles></mesh></geometry><geometry id="mesh30"><mesh><source id="mesh30-positions"><float_array id="mesh30-array" count="192">0.41100001335144043 -0.054999999701976776 0.06700000166893005 0.4140000343322754 -0.054999999701976776 0.06700000166893005 0.41100001335144043 -0.05070801451802254 0.06657727807760239 0.4140000343322754 -0.05070801451802254 0.06657727807760239 0.41100001335144043 -0.0465809628367424 0.06532534956932068 0.4140000343322754 -0.0465809628367424 0.06532534956932068 0.41100001335144043 -0.04277745634317398 0.06329233199357986 0.4140000343322754 -0.04277745634317398 0.06329233199357986 0.41100001335144043 -0.03944364935159683 0.06055635213851929 0.4140000343322754 -0.03944364935159683 0.06055635213851929 0.41100001335144043 -0.036707669496536255 0.05722254514694214 0.4140000343322754 -0.036707669496536255 0.05722254514694214 0.41100001335144043 -0.03467465192079544 0.05341903865337372 0.4140000343322754 -0.03467465192079544 0.05341903865337372 0.41100001335144043 -0.03342272341251373 0.04929199069738388 0.4140000343322754 -0.03342272341251373 0.04929199069738388 0.41100001335144043 -0.032999999821186066 0.04500000178813934 0.4140000343322754 -0.032999999821186066 0.04500000178813934 0.41100001335144043 -0.03342272341251373 0.040708012878894806 0.4140000343322754 -0.03342272341251373 0.040708012878894806 0.41100001335144043 -0.03467465192079544 0.03658096492290497 0.4140000343322754 -0.03467465192079544 0.03658096492290497 0.41100001335144043 -0.036707669496536255 0.03277745842933655 0.4140000343322754 -0.036707669496536255 0.03277745842933655 0.41100001335144043 -0.03944364935159683 0.02944365330040455 0.4140000343322754 -0.03944364935159683 0.02944365330040455 0.41100001335144043 -0.04277745634317398 0.026707671582698822 0.4140000343322754 -0.04277745634317398 0.026707671582698822 0.41100001335144043 -0.0465809628367424 0.02467465214431286 0.4140000343322754 -0.0465809628367424 0.02467465214431286 0.41100001335144043 -0.05070801079273224 0.0234227254986763 0.4140000343322754 -0.05070801079273224 0.0234227254986763 0.41100001335144043 -0.054999999701976776 0.023000001907348633 0.4140000343322754 -0.054999999701976776 0.023000001907348633 0.41100001335144043 -0.059291984885931015 0.0234227254986763 0.4140000343322754 -0.059291984885931015 0.0234227254986763 0.41100001335144043 -0.06341903656721115 0.02467465214431286 0.4140000343322754 -0.06341903656721115 0.02467465214431286 0.41100001335144043 -0.06722254306077957 0.026707671582698822 0.4140000343322754 -0.06722254306077957 0.026707671582698822 0.41100001335144043 -0.07055635005235672 0.02944365330040455 0.4140000343322754 -0.07055635005235672 0.02944365330040455 0.41100001335144043 -0.0732923299074173 0.03277745842933655 0.4140000343322754 -0.0732923299074173 0.03277745842933655 0.41100001335144043 -0.07532534748315811 0.03658096492290497 0.4140000343322754 -0.07532534748315811 0.03658096492290497 0.41100001335144043 -0.07657727599143982 0.040708012878894806 0.4140000343322754 -0.07657727599143982 0.040708012878894806 0.41100001335144043 -0.07699999958276749 0.04500000178813934 0.4140000343322754 -0.07699999958276749 0.04500000178813934 0.41100001335144043 -0.07657727599143982 0.04929199069738388 0.4140000343322754 -0.07657727599143982 0.04929199069738388 0.41100001335144043 -0.07532534748315811 0.05341903865337372 0.4140000343322754 -0.07532534748315811 0.05341903865337372 0.41100001335144043 -0.0732923299074173 0.05722254514694214 0.4140000343322754 -0.0732923299074173 0.05722254514694214 0.41100001335144043 -0.07055635005235672 0.06055635213851929 0.4140000343322754 -0.07055635005235672 0.06055635213851929 0.41100001335144043 -0.06722254306077957 0.06329233199357986 0.4140000343322754 -0.06722254306077957 0.06329233199357986 0.41100001335144043 -0.06341903656721115 0.06532534956932068 0.4140000343322754 -0.06341903656721115 0.06532534956932068 0.41100001335144043 -0.059291988611221313 0.06657727807760239 0.4140000343322754 -0.059291988611221313 0.06657727807760239</float_array><technique_common><accessor source="#mesh30-array" count="64" stride="3"><param name="X" type="float" /><param name="Y" type="float" /><param name="Z" type="float" /></accessor></technique_common></source><source id="mesh30-normals"><float_array id="mesh30-normals-array" count="372">2.2097539788269016e-16 0.09801708161830902 0.9951847195625305 2.2097539788269016e-16 0.09801708161830902 0.9951847195625305 2.1248342936532277e-16 0.290284663438797 0.9569402933120728 2.1248342936532277e-16 0.290284663438797 0.9569402933120728 1.9582582500840751e-16 0.4713969826698303 0.881921112537384 1.9582582500840751e-16 0.4713969826698303 0.881921112537384 1.7164279613628082e-16 0.6343933343887329 0.7730104327201843 1.7164279613628082e-16 0.6343933343887329 0.7730104327201843 1.4086361730141948e-16 0.7730104327201843 0.6343933343887329 1.4086361730141948e-16 0.7730104327201843 0.6343933343887329 1.046711567797743e-16 0.881921112537384 0.4713969826698303 1.046711567797743e-16 0.881921112537384 0.4713969826698303 6.445614340906336e-17 0.9569402933120728 0.290284663438797 6.445614340906336e-17 0.9569402933120728 0.290284663438797 2.1764164163841975e-17 0.9951847195625305 0.09801708161830902 2.1764164163841975e-17 0.9951847195625305 0.09801708161830902 -2.1764164163841975e-17 0.9951847195625305 -0.09801708161830902 -2.1764164163841975e-17 0.9951847195625305 -0.09801708161830902 -6.445614340906336e-17 0.9569402933120728 -0.290284663438797 -6.445614340906336e-17 0.9569402933120728 -0.290284663438797 -1.046711567797743e-16 0.881921112537384 -0.4713969826698303 -1.046711567797743e-16 0.881921112537384 -0.4713969826698303 -1.4086361730141948e-16 0.7730104327201843 -0.6343933343887329 -1.4086361730141948e-16 0.7730104327201843 -0.6343933343887329 -1.7164279613628082e-16 0.6343933343887329 -0.7730104327201843 -1.7164279613628082e-16 0.6343933343887329 -0.7730104327201843 -1.9582582500840751e-16 0.4713969826698303 -0.881921112537384 -1.9582582500840751e-16 0.4713969826698303 -0.881921112537384 -2.1248342936532277e-16 0.290284663438797 -0.9569402933120728 -2.1248342936532277e-16 0.290284663438797 -0.9569402933120728 -2.2097539788269016e-16 0.09801708161830902 -0.9951847195625305 -2.2097539788269016e-16 0.09801708161830902 -0.9951847195625305 -2.2097539788269016e-16 -0.09801708161830902 -0.9951847195625305 -2.2097539788269016e-16 -0.09801708161830902 -0.9951847195625305 -2.1248342936532277e-16 -0.290284663438797 -0.9569402933120728 -2.1248342936532277e-16 -0.290284663438797 -0.9569402933120728 -1.9582582500840751e-16 -0.4713969826698303 -0.881921112537384 -1.9582582500840751e-16 -0.4713969826698303 -0.881921112537384 -1.7164279613628082e-16 -0.6343933343887329 -0.7730104327201843 -1.7164279613628082e-16 -0.6343933343887329 -0.7730104327201843 -1.4086361730141948e-16 -0.7730104327201843 -0.6343933343887329 -1.4086361730141948e-16 -0.7730104327201843 -0.6343933343887329 -1.046711567797743e-16 -0.881921112537384 -0.4713969826698303 -1.046711567797743e-16 -0.881921112537384 -0.4713969826698303 -6.445614340906336e-17 -0.9569402933120728 -0.290284663438797 -6.445614340906336e-17 -0.9569402933120728 -0.290284663438797 -2.1764164163841975e-17 -0.9951847195625305 -0.09801708161830902 -2.1764164163841975e-17 -0.9951847195625305 -0.09801708161830902 2.1764164163841975e-17 -0.9951847195625305 0.09801708161830902 2.1764164163841975e-17 -0.9951847195625305 0.09801708161830902 6.445614340906336e-17 -0.9569402933120728 0.290284663438797 6.445614340906336e-17 -0.9569402933120728 0.290284663438797 1.046711567797743e-16 -0.881921112537384 0.4713969826698303 1.046711567797743e-16 -0.881921112537384 0.4713969826698303 1.4086361730141948e-16 -0.7730104327201843 0.6343933343887329 1.4086361730141948e-16 -0.7730104327201843 0.6343933343887329 1.7164279613628082e-16 -0.6343933343887329 0.7730104327201843 1.7164279613628082e-16 -0.6343933343887329 0.7730104327201843 1.9582582500840751e-16 -0.4713969826698303 0.881921112537384 1.9582582500840751e-16 -0.4713969826698303 0.881921112537384 1.0 2.220446049250313e-16 4.930380657631324e-32 1.0 2.220446049250313e-16 4.930380657631324e-32 1.0 2.220446049250313e-16 4.930380657631324e-32 1.0 2.220446049250313e-16 4.930380657631324e-32 1.0 2.220446049250313e-16 4.930380657631324e-32 1.0 2.220446049250313e-16 4.930380657631324e-32 1.0 2.220446049250313e-16 4.930380657631324e-32 1.0 2.220446049250313e-16 4.930380657631324e-32 1.0 2.220446049250313e-16 4.930380657631324e-32 1.0 2.220446049250313e-16 4.930380657631324e-32 1.0 2.220446049250313e-16 4.930380657631324e-32 1.0 2.220446049250313e-16 4.930380657631324e-32 1.0 2.220446049250313e-16 4.930380657631324e-32 1.0 2.220446049250313e-16 4.930380657631324e-32 1.0 2.220446049250313e-16 4.930380657631324e-32 1.0 2.220446049250313e-16 4.930380657631324e-32 1.0 2.220446049250313e-16 4.930380657631324e-32 1.0 2.220446049250313e-16 4.930380657631324e-32 1.0 2.220446049250313e-16 4.930380657631324e-32 1.0 2.220446049250313e-16 4.930380657631324e-32 1.0 2.220446049250313e-16 4.930380657631324e-32 1.0 2.220446049250313e-16 4.930380657631324e-32 1.0 2.220446049250313e-16 4.930380657631324e-32 1.0 2.220446049250313e-16 4.930380657631324e-32 1.0 2.220446049250313e-16 4.930380657631324e-32 1.0 2.220446049250313e-16 4.930380657631324e-32 1.0 2.220446049250313e-16 4.930380657631324e-32 1.0 2.220446049250313e-16 4.930380657631324e-32 1.0 2.220446049250313e-16 4.930380657631324e-32 1.0 2.220446049250313e-16 4.930380657631324e-32 2.1248342936532277e-16 -0.290284663438797 0.9569402933120728 2.1248342936532277e-16 -0.290284663438797 0.9569402933120728 2.2097539788269016e-16 -0.09801708161830902 0.9951847195625305 2.2097539788269016e-16 -0.09801708161830902 0.9951847195625305 -1.0 -2.220446049250313e-16 -4.930380657631324e-32 -1.0 -2.220446049250313e-16 -4.930380657631324e-32 -1.0 -2.220446049250313e-16 -4.930380657631324e-32 -1.0 -2.220446049250313e-16 -4.930380657631324e-32 -1.0 -2.220446049250313e-16 -4.930380657631324e-32 -1.0 -2.220446049250313e-16 -4.930380657631324e-32 -1.0 -2.220446049250313e-16 -4.930380657631324e-32 -1.0 -2.220446049250313e-16 -4.930380657631324e-32 -1.0 -2.220446049250313e-16 -4.930380657631324e-32 -1.0 -2.220446049250313e-16 -4.930380657631324e-32 -1.0 -2.220446049250313e-16 -4.930380657631324e-32 -1.0 -2.220446049250313e-16 -4.930380657631324e-32 -1.0 -2.220446049250313e-16 -4.930380657631324e-32 -1.0 -2.220446049250313e-16 -4.930380657631324e-32 -1.0 -2.220446049250313e-16 -4.930380657631324e-32 -1.0 -2.220446049250313e-16 -4.930380657631324e-32 -1.0 -2.220446049250313e-16 -4.930380657631324e-32 -1.0 -2.220446049250313e-16 -4.930380657631324e-32 -1.0 -2.220446049250313e-16 -4.930380657631324e-32 -1.0 -2.220446049250313e-16 -4.930380657631324e-32 -1.0 -2.220446049250313e-16 -4.930380657631324e-32 -1.0 -2.220446049250313e-16 -4.930380657631324e-32 -1.0 -2.220446049250313e-16 -4.930380657631324e-32 -1.0 -2.220446049250313e-16 -4.930380657631324e-32 -1.0 -2.220446049250313e-16 -4.930380657631324e-32 -1.0 -2.220446049250313e-16 -4.930380657631324e-32 -1.0 -2.220446049250313e-16 -4.930380657631324e-32 -1.0 -2.220446049250313e-16 -4.930380657631324e-32 -1.0 -2.220446049250313e-16 -4.930380657631324e-32 -1.0 -2.220446049250313e-16 -4.930380657631324e-32</float_array><technique_common><accessor source="#mesh30-normals-array" count="124" stride="3"><param name="X" type="float" /><param name="Y" type="float" /><param name="Z" type="float" /></accessor></technique_common></source><vertices id="mesh30-vertices"><input semantic="POSITION" source="#mesh30-positions" /></vertices><triangles count="124" material="lens"><input semantic="VERTEX" source="#mesh30-vertices" offset="0" /><input semantic="NORMAL" source="#mesh30-normals" offset="1" /><p>0 0 1 0 3 0 0 1 3 1 2 1 2 2 3 2 5 2 2 3 5 3 4 3 4 4 5 4 7 4 4 5 7 5 6 5 6 6 7 6 9 6 6 7 9 7 8 7 8 8 9 8 11 8 8 9 11 9 10 9 10 10 11 10 13 10 10 11 13 11 12 11 12 12 13 12 15 12 12 13 15 13 14 13 14 14 15 14 17 14 14 15 17 15 16 15 16 16 17 16 19 16 16 17 19 17 18 17 18 18 19 18 21 18 18 19 21 19 20 19 20 20 21 20 23 20 20 21 23 21 22 21 22 22 23 22 25 22 22 23 25 23 24 23 24 24 25 24 27 24 24 25 27 25 26 25 26 26 27 26 29 26 26 27 29 27 28 27 28 28 29 28 31 28 28 29 31 29 30 29 30 30 31 30 33 30 30 31 33 31 32 31 32 32 33 32 35 32 32 33 35 33 34 33 34 34 35 34 37 34 34 35 37 35 36 35 36 36 37 36 39 36 36 37 39 37 38 37 38 38 39 38 41 38 38 39 41 39 40 39 40 40 41 40 43 40 40 41 43 41 42 41 42 42 43 42 45 42 42 43 45 43 44 43 44 44 45 44 47 44 44 45 47 45 46 45 46 46 47 46 49 46 46 47 49 47 48 47 48 48 49 48 51 48 48 49 51 49 50 49 50 50 51 50 53 50 50 51 53 51 52 51 52 52 53 52 55 52 52 53 55 53 54 53 54 54 55 54 57 54 54 55 57 55 56 55 56 56 57 56 59 56 56 57 59 57 58 57 58 58 59 58 61 58 58 59 61 59 60 59 5 60 3 60 1 60 1 61 63 61 61 61 61 62 59 62 57 62 57 63 55 63 53 63 53 64 51 64 49 64 49 65 47 65 45 65 45 66 43 66 41 66 41 67 39 67 37 67 37 68 35 68 33 68 33 69 31 69 29 69 29 70 27 70 25 70 25 71 23 71 21 71 21 72 19 72 17 72 17 73 15 73 13 73 13 74 11 74 9 74 9 75 7 75 5 75 5 76 1 76 61 76 61 77 57 77 53 77 53 78 49 78 45 78 45 79 41 79 37 79 37 80 33 80 29 80 29 81 25 81 21 81 21 82 17 82 13 82 13 83 9 83 5 83 5 84 61 84 53 84 53 85 45 85 37 85 37 86 29 86 21 86 21 87 13 87 5 87 5 88 53 88 37 88 37 89 21 89 5 89 60 90 61 90 63 90 60 91 63 91 62 91 62 92 63 92 1 92 62 93 1 93 0 93 62 94 0 94 2 94 2 95 4 95 6 95 6 96 8 96 10 96 10 97 12 97 14 97 14 98 16 98 18 98 18 99 20 99 22 99 22 100 24 100 26 100 26 101 28 101 30 101 30 102 32 102 34 102 34 103 36 103 38 103 38 104 40 104 42 104 42 105 44 105 46 105 46 106 48 106 50 106 50 107 52 107 54 107 54 108 56 108 58 108 58 109 60 109 62 109 62 110 2 110 6 110 6 111 10 111 14 111 14 112 18 112 22 112 22 113 26 113 30 113 30 114 34 114 38 114 38 115 42 115 46 115 46 116 50 116 54 116 54 117 58 117 62 117 62 118 6 118 14 118 14 119 22 119 30 119 30 120 38 120 46 120 46 121 54 121 62 121 62 122 14 122 30 122 30 123 46 123 62 123</p></triangles></mesh></geometry><geometry id="mesh31"><mesh><source id="mesh31-positions"><float_array id="mesh31-array" count="192">0.38999998569488525 0.054999999701976776 0.07400000095367432 0.4099999666213989 0.054999999701976776 0.07400000095367432 0.38999998569488525 0.060657620429992676 0.07344277203083038 0.4099999666213989 0.060657620429992676 0.07344277203083038 0.38999998569488525 0.06609781831502914 0.07179250568151474 0.4099999666213989 0.06609781831502914 0.07179250568151474 0.38999998569488525 0.0711115375161171 0.0691126212477684 0.4099999666213989 0.0711115375161171 0.0691126212477684 0.38999998569488525 0.07550609111785889 0.06550610065460205 0.4099999666213989 0.07550609111785889 0.06550610065460205 0.38999998569488525 0.07911261916160583 0.06111153960227966 0.4099999666213989 0.07911261916160583 0.06111153960227966 0.38999998569488525 0.08179250359535217 0.05609782040119171 0.4099999666213989 0.08179250359535217 0.05609782040119171 0.38999998569488525 0.08344276994466782 0.05065762251615524 0.4099999666213989 0.08344276994466782 0.05065762251615524 0.38999998569488525 0.08399999886751175 0.04500000178813934 0.4099999666213989 0.08399999886751175 0.04500000178813934 0.38999998569488525 0.08344276994466782 0.039342381060123444 0.4099999666213989 0.08344276994466782 0.039342381060123444 0.38999998569488525 0.08179250359535217 0.033902183175086975 0.4099999666213989 0.08179250359535217 0.033902183175086975 0.38999998569488525 0.07911261916160583 0.028888465836644173 0.4099999666213989 0.07911261916160583 0.028888465836644173 0.38999998569488525 0.07550609111785889 0.024493906646966934 0.4099999666213989 0.07550609111785889 0.024493906646966934 0.38999998569488525 0.0711115375161171 0.020887384191155434 0.4099999666213989 0.0711115375161171 0.020887384191155434 0.38999998569488525 0.06609781831502914 0.018207496032118797 0.4099999666213989 0.06609781831502914 0.018207496032118797 0.38999998569488525 0.060657620429992676 0.016557229682803154 0.4099999666213989 0.060657620429992676 0.016557229682803154 0.38999998569488525 0.054999999701976776 0.01600000262260437 0.4099999666213989 0.054999999701976776 0.01600000262260437 0.38999998569488525 0.049342378973960876 0.016557229682803154 0.4099999666213989 0.049342378973960876 0.016557229682803154 0.38999998569488525 0.04390218108892441 0.018207496032118797 0.4099999666213989 0.04390218108892441 0.018207496032118797 0.38999998569488525 0.038888465613126755 0.020887384191155434 0.4099999666213989 0.038888465613126755 0.020887384191155434 0.38999998569488525 0.03449390456080437 0.024493906646966934 0.4099999666213989 0.03449390456080437 0.024493906646966934 0.38999998569488525 0.030887382104992867 0.028888465836644173 0.4099999666213989 0.030887382104992867 0.028888465836644173 0.38999998569488525 0.02820749394595623 0.033902183175086975 0.4099999666213989 0.02820749394595623 0.033902183175086975 0.38999998569488525 0.026557227596640587 0.039342381060123444 0.4099999666213989 0.026557227596640587 0.039342381060123444 0.38999998569488525 0.026000000536441803 0.04500000178813934 0.4099999666213989 0.026000000536441803 0.04500000178813934 0.38999998569488525 0.026557227596640587 0.05065762251615524 0.4099999666213989 0.026557227596640587 0.05065762251615524 0.38999998569488525 0.02820749394595623 0.05609782040119171 0.4099999666213989 0.02820749394595623 0.05609782040119171 0.38999998569488525 0.030887382104992867 0.06111153960227966 0.4099999666213989 0.030887382104992867 0.06111153960227966 0.38999998569488525 0.03449390456080437 0.06550610065460205 0.4099999666213989 0.03449390456080437 0.06550610065460205 0.38999998569488525 0.038888461887836456 0.0691126212477684 0.4099999666213989 0.038888461887836456 0.0691126212477684 0.38999998569488525 0.04390218108892441 0.07179250568151474 0.4099999666213989 0.04390218108892441 0.07179250568151474 0.38999998569488525 0.049342378973960876 0.07344277203083038 0.4099999666213989 0.049342378973960876 0.07344277203083038</float_array><technique_common><accessor source="#mesh31-array" count="64" stride="3"><param name="X" type="float" /><param name="Y" type="float" /><param name="Z" type="float" /></accessor></technique_common></source><source id="mesh31-normals"><float_array id="mesh31-normals-array" count="372">2.2097539788269016e-16 0.09801717102527618 0.9951847195625305 2.2097539788269016e-16 0.09801717102527618 0.9951847195625305 2.1248344260021258e-16 0.2902846038341522 0.9569403529167175 2.1248344260021258e-16 0.2902846038341522 0.9569403529167175 1.9582585147818711e-16 0.47139686346054077 0.8819212317466736 1.9582585147818711e-16 0.47139686346054077 0.8819212317466736 1.7164279613628082e-16 0.6343933939933777 0.7730104327201843 1.7164279613628082e-16 0.6343933939933777 0.7730104327201843 1.4086363053630928e-16 0.7730104327201843 0.6343933939933777 1.4086363053630928e-16 0.7730104327201843 0.6343933939933777 1.046711303099947e-16 0.8819212317466736 0.47139686346054077 1.046711303099947e-16 0.8819212317466736 0.47139686346054077 6.445613017417356e-17 0.9569403529167175 0.2902846038341522 6.445613017417356e-17 0.9569403529167175 0.2902846038341522 2.1764184016176676e-17 0.9951847195625305 0.09801717102527618 2.1764184016176676e-17 0.9951847195625305 0.09801717102527618 -2.1764184016176676e-17 0.9951847195625305 -0.09801717102527618 -2.1764184016176676e-17 0.9951847195625305 -0.09801717102527618 -6.445613017417356e-17 0.9569403529167175 -0.2902846038341522 -6.445613017417356e-17 0.9569403529167175 -0.2902846038341522 -1.046711303099947e-16 0.8819212317466736 -0.47139686346054077 -1.046711303099947e-16 0.8819212317466736 -0.47139686346054077 -1.4086363053630928e-16 0.7730104327201843 -0.6343933939933777 -1.4086363053630928e-16 0.7730104327201843 -0.6343933939933777 -1.7164279613628082e-16 0.6343933939933777 -0.7730104327201843 -1.7164279613628082e-16 0.6343933939933777 -0.7730104327201843 -1.9582585147818711e-16 0.47139686346054077 -0.8819212317466736 -1.9582585147818711e-16 0.47139686346054077 -0.8819212317466736 -2.1248344260021258e-16 0.2902846038341522 -0.9569403529167175 -2.1248344260021258e-16 0.2902846038341522 -0.9569403529167175 -2.2097539788269016e-16 0.09801717102527618 -0.9951847195625305 -2.2097539788269016e-16 0.09801717102527618 -0.9951847195625305 -2.2097539788269016e-16 -0.09801717102527618 -0.9951847195625305 -2.2097539788269016e-16 -0.09801717102527618 -0.9951847195625305 -2.1248344260021258e-16 -0.2902846038341522 -0.9569403529167175 -2.1248344260021258e-16 -0.2902846038341522 -0.9569403529167175 -1.9582585147818711e-16 -0.47139686346054077 -0.8819212317466736 -1.9582585147818711e-16 -0.47139686346054077 -0.8819212317466736 -1.7164279613628082e-16 -0.6343933939933777 -0.7730104327201843 -1.7164279613628082e-16 -0.6343933939933777 -0.7730104327201843 -1.4086363053630928e-16 -0.7730104327201843 -0.6343933939933777 -1.4086363053630928e-16 -0.7730104327201843 -0.6343933939933777 -1.046711303099947e-16 -0.8819212317466736 -0.47139686346054077 -1.046711303099947e-16 -0.8819212317466736 -0.47139686346054077 -6.445613017417356e-17 -0.9569403529167175 -0.2902846038341522 -6.445613017417356e-17 -0.9569403529167175 -0.2902846038341522 -2.1764184016176676e-17 -0.9951847195625305 -0.09801717102527618 -2.1764184016176676e-17 -0.9951847195625305 -0.09801717102527618 2.1764184016176676e-17 -0.9951847195625305 0.09801717102527618 2.1764184016176676e-17 -0.9951847195625305 0.09801717102527618 6.445613017417356e-17 -0.9569403529167175 0.2902846038341522 6.445613017417356e-17 -0.9569403529167175 0.2902846038341522 1.046711303099947e-16 -0.8819212317466736 0.47139686346054077 1.046711303099947e-16 -0.8819212317466736 0.47139686346054077 1.4086363053630928e-16 -0.7730104327201843 0.6343933939933777 1.4086363053630928e-16 -0.7730104327201843 0.6343933939933777 1.7164279613628082e-16 -0.6343933939933777 0.7730104327201843 1.7164279613628082e-16 -0.6343933939933777 0.7730104327201843 1.9582585147818711e-16 -0.47139686346054077 0.8819212317466736 1.9582585147818711e-16 -0.47139686346054077 0.8819212317466736 1.0 2.220446049250313e-16 4.930380657631324e-32 1.0 2.220446049250313e-16 4.930380657631324e-32 1.0 2.220446049250313e-16 4.930380657631324e-32 1.0 2.220446049250313e-16 4.930380657631324e-32 1.0 2.220446049250313e-16 4.930380657631324e-32 1.0 2.220446049250313e-16 4.930380657631324e-32 1.0 2.220446049250313e-16 4.930380657631324e-32 1.0 2.220446049250313e-16 4.930380657631324e-32 1.0 2.220446049250313e-16 4.930380657631324e-32 1.0 2.220446049250313e-16 4.930380657631324e-32 1.0 2.220446049250313e-16 4.930380657631324e-32 1.0 2.220446049250313e-16 4.930380657631324e-32 1.0 2.220446049250313e-16 4.930380657631324e-32 1.0 2.220446049250313e-16 4.930380657631324e-32 1.0 2.220446049250313e-16 4.930380657631324e-32 1.0 2.220446049250313e-16 4.930380657631324e-32 1.0 2.220446049250313e-16 4.930380657631324e-32 1.0 2.220446049250313e-16 4.930380657631324e-32 1.0 2.220446049250313e-16 4.930380657631324e-32 1.0 2.220446049250313e-16 4.930380657631324e-32 1.0 2.220446049250313e-16 4.930380657631324e-32 1.0 2.220446049250313e-16 4.930380657631324e-32 1.0 2.220446049250313e-16 4.930380657631324e-32 1.0 2.220446049250313e-16 4.930380657631324e-32 1.0 2.220446049250313e-16 4.930380657631324e-32 1.0 2.220446049250313e-16 4.930380657631324e-32 1.0 2.220446049250313e-16 4.930380657631324e-32 1.0 2.220446049250313e-16 4.930380657631324e-32 1.0 2.220446049250313e-16 4.930380657631324e-32 1.0 2.220446049250313e-16 4.930380657631324e-32 2.1248344260021258e-16 -0.2902846038341522 0.9569403529167175 2.1248344260021258e-16 -0.2902846038341522 0.9569403529167175 2.2097539788269016e-16 -0.09801717102527618 0.9951847195625305 2.2097539788269016e-16 -0.09801717102527618 0.9951847195625305 -1.0 -2.220446049250313e-16 -4.930380657631324e-32 -1.0 -2.220446049250313e-16 -4.930380657631324e-32 -1.0 -2.220446049250313e-16 -4.930380657631324e-32 -1.0 -2.220446049250313e-16 -4.930380657631324e-32 -1.0 -2.220446049250313e-16 -4.930380657631324e-32 -1.0 -2.220446049250313e-16 -4.930380657631324e-32 -1.0 -2.220446049250313e-16 -4.930380657631324e-32 -1.0 -2.220446049250313e-16 -4.930380657631324e-32 -1.0 -2.220446049250313e-16 -4.930380657631324e-32 -1.0 -2.220446049250313e-16 -4.930380657631324e-32 -1.0 -2.220446049250313e-16 -4.930380657631324e-32 -1.0 -2.220446049250313e-16 -4.930380657631324e-32 -1.0 -2.220446049250313e-16 -4.930380657631324e-32 -1.0 -2.220446049250313e-16 -4.930380657631324e-32 -1.0 -2.220446049250313e-16 -4.930380657631324e-32 -1.0 -2.220446049250313e-16 -4.930380657631324e-32 -1.0 -2.220446049250313e-16 -4.930380657631324e-32 -1.0 -2.220446049250313e-16 -4.930380657631324e-32 -1.0 -2.220446049250313e-16 -4.930380657631324e-32 -1.0 -2.220446049250313e-16 -4.930380657631324e-32 -1.0 -2.220446049250313e-16 -4.930380657631324e-32 -1.0 -2.220446049250313e-16 -4.930380657631324e-32 -1.0 -2.220446049250313e-16 -4.930380657631324e-32 -1.0 -2.220446049250313e-16 -4.930380657631324e-32 -1.0 -2.220446049250313e-16 -4.930380657631324e-32 -1.0 -2.220446049250313e-16 -4.930380657631324e-32 -1.0 -2.220446049250313e-16 -4.930380657631324e-32 -1.0 -2.220446049250313e-16 -4.930380657631324e-32 -1.0 -2.220446049250313e-16 -4.930380657631324e-32 -1.0 -2.220446049250313e-16 -4.930380657631324e-32</float_array><technique_common><accessor source="#mesh31-normals-array" count="124" stride="3"><param name="X" type="float" /><param name="Y" type="float" /><param name="Z" type="float" /></accessor></technique_common></source><vertices id="mesh31-vertices"><input semantic="POSITION" source="#mesh31-positions" /></vertices><triangles count="124" material="rubber"><input semantic="VERTEX" source="#mesh31-vertices" offset="0" /><input semantic="NORMAL" source="#mesh31-normals" offset="1" /><p>0 0 1 0 3 0 0 1 3 1 2 1 2 2 3 2 5 2 2 3 5 3 4 3 4 4 5 4 7 4 4 5 7 5 6 5 6 6 7 6 9 6 6 7 9 7 8 7 8 8 9 8 11 8 8 9 11 9 10 9 10 10 11 10 13 10 10 11 13 11 12 11 12 12 13 12 15 12 12 13 15 13 14 13 14 14 15 14 17 14 14 15 17 15 16 15 16 16 17 16 19 16 16 17 19 17 18 17 18 18 19 18 21 18 18 19 21 19 20 19 20 20 21 20 23 20 20 21 23 21 22 21 22 22 23 22 25 22 22 23 25 23 24 23 24 24 25 24 27 24 24 25 27 25 26 25 26 26 27 26 29 26 26 27 29 27 28 27 28 28 29 28 31 28 28 29 31 29 30 29 30 30 31 30 33 30 30 31 33 31 32 31 32 32 33 32 35 32 32 33 35 33 34 33 34 34 35 34 37 34 34 35 37 35 36 35 36 36 37 36 39 36 36 37 39 37 38 37 38 38 39 38 41 38 38 39 41 39 40 39 40 40 41 40 43 40 40 41 43 41 42 41 42 42 43 42 45 42 42 43 45 43 44 43 44 44 45 44 47 44 44 45 47 45 46 45 46 46 47 46 49 46 46 47 49 47 48 47 48 48 49 48 51 48 48 49 51 49 50 49 50 50 51 50 53 50 50 51 53 51 52 51 52 52 53 52 55 52 52 53 55 53 54 53 54 54 55 54 57 54 54 55 57 55 56 55 56 56 57 56 59 56 56 57 59 57 58 57 58 58 59 58 61 58 58 59 61 59 60 59 5 60 3 60 1 60 1 61 63 61 61 61 61 62 59 62 57 62 57 63 55 63 53 63 53 64 51 64 49 64 49 65 47 65 45 65 45 66 43 66 41 66 41 67 39 67 37 67 37 68 35 68 33 68 33 69 31 69 29 69 29 70 27 70 25 70 25 71 23 71 21 71 21 72 19 72 17 72 17 73 15 73 13 73 13 74 11 74 9 74 9 75 7 75 5 75 5 76 1 76 61 76 61 77 57 77 53 77 53 78 49 78 45 78 45 79 41 79 37 79 37 80 33 80 29 80 29 81 25 81 21 81 21 82 17 82 13 82 13 83 9 83 5 83 5 84 61 84 53 84 53 85 45 85 37 85 37 86 29 86 21 86 21 87 13 87 5 87 5 88 53 88 37 88 37 89 21 89 5 89 60 90 61 90 63 90 60 91 63 91 62 91 62 92 63 92 1 92 62 93 1 93 0 93 62 94 0 94 2 94 2 95 4 95 6 95 6 96 8 96 10 96 10 97 12 97 14 97 14 98 16 98 18 98 18 99 20 99 22 99 22 100 24 100 26 100 26 101 28 101 30 101 30 102 32 102 34 102 34 103 36 103 38 103 38 104 40 104 42 104 42 105 44 105 46 105 46 106 48 106 50 106 50 107 52 107 54 107 54 108 56 108 58 108 58 109 60 109 62 109 62 110 2 110 6 110 6 111 10 111 14 111 14 112 18 112 22 112 22 113 26 113 30 113 30 114 34 114 38 114 38 115 42 115 46 115 46 116 50 116 54 116 54 117 58 117 62 117 62 118 6 118 14 118 14 119 22 119 30 119 30 120 38 120 46 120 46 121 54 121 62 121 62 122 14 122 30 122 30 123 46 123 62 123</p></triangles></mesh></geometry><geometry id="mesh32"><mesh><source id="mesh32-positions"><float_array id="mesh32-array" count="192">0.41100001335144043 0.054999999701976776 0.06700000166893005 0.4140000343322754 0.054999999701976776 0.06700000166893005 0.41100001335144043 0.059291984885931015 0.06657727807760239 0.4140000343322754 0.059291984885931015 0.06657727807760239 0.41100001335144043 0.06341903656721115 0.06532534956932068 0.4140000343322754 0.06341903656721115 0.06532534956932068 0.41100001335144043 0.06722254306077957 0.06329233199357986 0.4140000343322754 0.06722254306077957 0.06329233199357986 0.41100001335144043 0.07055635005235672 0.06055635213851929 0.4140000343322754 0.07055635005235672 0.06055635213851929 0.41100001335144043 0.0732923299074173 0.05722254514694214 0.4140000343322754 0.0732923299074173 0.05722254514694214 0.41100001335144043 0.07532534748315811 0.05341903865337372 0.4140000343322754 0.07532534748315811 0.05341903865337372 0.41100001335144043 0.07657727599143982 0.04929199069738388 0.4140000343322754 0.07657727599143982 0.04929199069738388 0.41100001335144043 0.07699999958276749 0.04500000178813934 0.4140000343322754 0.07699999958276749 0.04500000178813934 0.41100001335144043 0.07657727599143982 0.040708012878894806 0.4140000343322754 0.07657727599143982 0.040708012878894806 0.41100001335144043 0.07532534748315811 0.03658096492290497 0.4140000343322754 0.07532534748315811 0.03658096492290497 0.41100001335144043 0.0732923299074173 0.03277745842933655 0.4140000343322754 0.0732923299074173 0.03277745842933655 0.41100001335144043 0.07055635005235672 0.02944365330040455 0.4140000343322754 0.07055635005235672 0.02944365330040455 0.41100001335144043 0.06722254306077957 0.026707671582698822 0.4140000343322754 0.06722254306077957 0.026707671582698822 0.41100001335144043 0.06341903656721115 0.02467465214431286 0.4140000343322754 0.06341903656721115 0.02467465214431286 0.41100001335144043 0.059291988611221313 0.0234227254986763 0.4140000343322754 0.059291988611221313 0.0234227254986763 0.41100001335144043 0.054999999701976776 0.023000001907348633 0.4140000343322754 0.054999999701976776 0.023000001907348633 0.41100001335144043 0.05070801451802254 0.0234227254986763 0.4140000343322754 0.05070801451802254 0.0234227254986763 0.41100001335144043 0.0465809628367424 0.02467465214431286 0.4140000343322754 0.0465809628367424 0.02467465214431286 0.41100001335144043 0.04277745634317398 0.026707671582698822 0.4140000343322754 0.04277745634317398 0.026707671582698822 0.41100001335144043 0.03944364935159683 0.02944365330040455 0.4140000343322754 0.03944364935159683 0.02944365330040455 0.41100001335144043 0.036707669496536255 0.03277745842933655 0.4140000343322754 0.036707669496536255 0.03277745842933655 0.41100001335144043 0.03467465192079544 0.03658096492290497 0.4140000343322754 0.03467465192079544 0.03658096492290497 0.41100001335144043 0.03342272341251373 0.040708012878894806 0.4140000343322754 0.03342272341251373 0.040708012878894806 0.41100001335144043 0.032999999821186066 0.04500000178813934 0.4140000343322754 0.032999999821186066 0.04500000178813934 0.41100001335144043 0.03342272341251373 0.04929199069738388 0.4140000343322754 0.03342272341251373 0.04929199069738388 0.41100001335144043 0.03467465192079544 0.05341903865337372 0.4140000343322754 0.03467465192079544 0.05341903865337372 0.41100001335144043 0.036707669496536255 0.05722254514694214 0.4140000343322754 0.036707669496536255 0.05722254514694214 0.41100001335144043 0.03944364935159683 0.06055635213851929 0.4140000343322754 0.03944364935159683 0.06055635213851929 0.41100001335144043 0.04277745634317398 0.06329233199357986 0.4140000343322754 0.04277745634317398 0.06329233199357986 0.41100001335144043 0.0465809628367424 0.06532534956932068 0.4140000343322754 0.0465809628367424 0.06532534956932068 0.41100001335144043 0.05070801079273224 0.06657727807760239 0.4140000343322754 0.05070801079273224 0.06657727807760239</float_array><technique_common><accessor source="#mesh32-array" count="64" stride="3"><param name="X" type="float" /><param name="Y" type="float" /><param name="Z" type="float" /></accessor></technique_common></source><source id="mesh32-normals"><float_array id="mesh32-normals-array" count="372">2.2097539788269016e-16 0.09801708161830902 0.9951847195625305 2.2097539788269016e-16 0.09801708161830902 0.9951847195625305 2.1248342936532277e-16 0.290284663438797 0.9569402933120728 2.1248342936532277e-16 0.290284663438797 0.9569402933120728 1.9582582500840751e-16 0.4713969826698303 0.881921112537384 1.9582582500840751e-16 0.4713969826698303 0.881921112537384 1.7164279613628082e-16 0.6343933343887329 0.7730104327201843 1.7164279613628082e-16 0.6343933343887329 0.7730104327201843 1.4086361730141948e-16 0.7730104327201843 0.6343933343887329 1.4086361730141948e-16 0.7730104327201843 0.6343933343887329 1.046711567797743e-16 0.881921112537384 0.4713969826698303 1.046711567797743e-16 0.881921112537384 0.4713969826698303 6.445614340906336e-17 0.9569402933120728 0.290284663438797 6.445614340906336e-17 0.9569402933120728 0.290284663438797 2.1764164163841975e-17 0.9951847195625305 0.09801708161830902 2.1764164163841975e-17 0.9951847195625305 0.09801708161830902 -2.1764164163841975e-17 0.9951847195625305 -0.09801708161830902 -2.1764164163841975e-17 0.9951847195625305 -0.09801708161830902 -6.445614340906336e-17 0.9569402933120728 -0.290284663438797 -6.445614340906336e-17 0.9569402933120728 -0.290284663438797 -1.046711567797743e-16 0.881921112537384 -0.4713969826698303 -1.046711567797743e-16 0.881921112537384 -0.4713969826698303 -1.4086361730141948e-16 0.7730104327201843 -0.6343933343887329 -1.4086361730141948e-16 0.7730104327201843 -0.6343933343887329 -1.7164279613628082e-16 0.6343933343887329 -0.7730104327201843 -1.7164279613628082e-16 0.6343933343887329 -0.7730104327201843 -1.9582582500840751e-16 0.4713969826698303 -0.881921112537384 -1.9582582500840751e-16 0.4713969826698303 -0.881921112537384 -2.1248342936532277e-16 0.290284663438797 -0.9569402933120728 -2.1248342936532277e-16 0.290284663438797 -0.9569402933120728 -2.2097539788269016e-16 0.09801708161830902 -0.9951847195625305 -2.2097539788269016e-16 0.09801708161830902 -0.9951847195625305 -2.2097539788269016e-16 -0.09801708161830902 -0.9951847195625305 -2.2097539788269016e-16 -0.09801708161830902 -0.9951847195625305 -2.1248342936532277e-16 -0.290284663438797 -0.9569402933120728 -2.1248342936532277e-16 -0.290284663438797 -0.9569402933120728 -1.9582582500840751e-16 -0.4713969826698303 -0.881921112537384 -1.9582582500840751e-16 -0.4713969826698303 -0.881921112537384 -1.7164279613628082e-16 -0.6343933343887329 -0.7730104327201843 -1.7164279613628082e-16 -0.6343933343887329 -0.7730104327201843 -1.4086361730141948e-16 -0.7730104327201843 -0.6343933343887329 -1.4086361730141948e-16 -0.7730104327201843 -0.6343933343887329 -1.046711567797743e-16 -0.881921112537384 -0.4713969826698303 -1.046711567797743e-16 -0.881921112537384 -0.4713969826698303 -6.445614340906336e-17 -0.9569402933120728 -0.290284663438797 -6.445614340906336e-17 -0.9569402933120728 -0.290284663438797 -2.1764164163841975e-17 -0.9951847195625305 -0.09801708161830902 -2.1764164163841975e-17 -0.9951847195625305 -0.09801708161830902 2.1764164163841975e-17 -0.9951847195625305 0.09801708161830902 2.1764164163841975e-17 -0.9951847195625305 0.09801708161830902 6.445614340906336e-17 -0.9569402933120728 0.290284663438797 6.445614340906336e-17 -0.9569402933120728 0.290284663438797 1.046711567797743e-16 -0.881921112537384 0.4713969826698303 1.046711567797743e-16 -0.881921112537384 0.4713969826698303 1.4086361730141948e-16 -0.7730104327201843 0.6343933343887329 1.4086361730141948e-16 -0.7730104327201843 0.6343933343887329 1.7164279613628082e-16 -0.6343933343887329 0.7730104327201843 1.7164279613628082e-16 -0.6343933343887329 0.7730104327201843 1.9582582500840751e-16 -0.4713969826698303 0.881921112537384 1.9582582500840751e-16 -0.4713969826698303 0.881921112537384 1.0 2.220446049250313e-16 4.930380657631324e-32 1.0 2.220446049250313e-16 4.930380657631324e-32 1.0 2.220446049250313e-16 4.930380657631324e-32 1.0 2.220446049250313e-16 4.930380657631324e-32 1.0 2.220446049250313e-16 4.930380657631324e-32 1.0 2.220446049250313e-16 4.930380657631324e-32 1.0 2.220446049250313e-16 4.930380657631324e-32 1.0 2.220446049250313e-16 4.930380657631324e-32 1.0 2.220446049250313e-16 4.930380657631324e-32 1.0 2.220446049250313e-16 4.930380657631324e-32 1.0 2.220446049250313e-16 4.930380657631324e-32 1.0 2.220446049250313e-16 4.930380657631324e-32 1.0 2.220446049250313e-16 4.930380657631324e-32 1.0 2.220446049250313e-16 4.930380657631324e-32 1.0 2.220446049250313e-16 4.930380657631324e-32 1.0 2.220446049250313e-16 4.930380657631324e-32 1.0 2.220446049250313e-16 4.930380657631324e-32 1.0 2.220446049250313e-16 4.930380657631324e-32 1.0 2.220446049250313e-16 4.930380657631324e-32 1.0 2.220446049250313e-16 4.930380657631324e-32 1.0 2.220446049250313e-16 4.930380657631324e-32 1.0 2.220446049250313e-16 4.930380657631324e-32 1.0 2.220446049250313e-16 4.930380657631324e-32 1.0 2.220446049250313e-16 4.930380657631324e-32 1.0 2.220446049250313e-16 4.930380657631324e-32 1.0 2.220446049250313e-16 4.930380657631324e-32 1.0 2.220446049250313e-16 4.930380657631324e-32 1.0 2.220446049250313e-16 4.930380657631324e-32 1.0 2.220446049250313e-16 4.930380657631324e-32 1.0 2.220446049250313e-16 4.930380657631324e-32 2.1248342936532277e-16 -0.290284663438797 0.9569402933120728 2.1248342936532277e-16 -0.290284663438797 0.9569402933120728 2.2097539788269016e-16 -0.09801708161830902 0.9951847195625305 2.2097539788269016e-16 -0.09801708161830902 0.9951847195625305 -1.0 -2.220446049250313e-16 -4.930380657631324e-32 -1.0 -2.220446049250313e-16 -4.930380657631324e-32 -1.0 -2.220446049250313e-16 -4.930380657631324e-32 -1.0 -2.220446049250313e-16 -4.930380657631324e-32 -1.0 -2.220446049250313e-16 -4.930380657631324e-32 -1.0 -2.220446049250313e-16 -4.930380657631324e-32 -1.0 -2.220446049250313e-16 -4.930380657631324e-32 -1.0 -2.220446049250313e-16 -4.930380657631324e-32 -1.0 -2.220446049250313e-16 -4.930380657631324e-32 -1.0 -2.220446049250313e-16 -4.930380657631324e-32 -1.0 -2.220446049250313e-16 -4.930380657631324e-32 -1.0 -2.220446049250313e-16 -4.930380657631324e-32 -1.0 -2.220446049250313e-16 -4.930380657631324e-32 -1.0 -2.220446049250313e-16 -4.930380657631324e-32 -1.0 -2.220446049250313e-16 -4.930380657631324e-32 -1.0 -2.220446049250313e-16 -4.930380657631324e-32 -1.0 -2.220446049250313e-16 -4.930380657631324e-32 -1.0 -2.220446049250313e-16 -4.930380657631324e-32 -1.0 -2.220446049250313e-16 -4.930380657631324e-32 -1.0 -2.220446049250313e-16 -4.930380657631324e-32 -1.0 -2.220446049250313e-16 -4.930380657631324e-32 -1.0 -2.220446049250313e-16 -4.930380657631324e-32 -1.0 -2.220446049250313e-16 -4.930380657631324e-32 -1.0 -2.220446049250313e-16 -4.930380657631324e-32 -1.0 -2.220446049250313e-16 -4.930380657631324e-32 -1.0 -2.220446049250313e-16 -4.930380657631324e-32 -1.0 -2.220446049250313e-16 -4.930380657631324e-32 -1.0 -2.220446049250313e-16 -4.930380657631324e-32 -1.0 -2.220446049250313e-16 -4.930380657631324e-32 -1.0 -2.220446049250313e-16 -4.930380657631324e-32</float_array><technique_common><accessor source="#mesh32-normals-array" count="124" stride="3"><param name="X" type="float" /><param name="Y" type="float" /><param name="Z" type="float" /></accessor></technique_common></source><vertices id="mesh32-vertices"><input semantic="POSITION" source="#mesh32-positions" /></vertices><triangles count="124" material="lens"><input semantic="VERTEX" source="#mesh32-vertices" offset="0" /><input semantic="NORMAL" source="#mesh32-normals" offset="1" /><p>0 0 1 0 3 0 0 1 3 1 2 1 2 2 3 2 5 2 2 3 5 3 4 3 4 4 5 4 7 4 4 5 7 5 6 5 6 6 7 6 9 6 6 7 9 7 8 7 8 8 9 8 11 8 8 9 11 9 10 9 10 10 11 10 13 10 10 11 13 11 12 11 12 12 13 12 15 12 12 13 15 13 14 13 14 14 15 14 17 14 14 15 17 15 16 15 16 16 17 16 19 16 16 17 19 17 18 17 18 18 19 18 21 18 18 19 21 19 20 19 20 20 21 20 23 20 20 21 23 21 22 21 22 22 23 22 25 22 22 23 25 23 24 23 24 24 25 24 27 24 24 25 27 25 26 25 26 26 27 26 29 26 26 27 29 27 28 27 28 28 29 28 31 28 28 29 31 29 30 29 30 30 31 30 33 30 30 31 33 31 32 31 32 32 33 32 35 32 32 33 35 33 34 33 34 34 35 34 37 34 34 35 37 35 36 35 36 36 37 36 39 36 36 37 39 37 38 37 38 38 39 38 41 38 38 39 41 39 40 39 40 40 41 40 43 40 40 41 43 41 42 41 42 42 43 42 45 42 42 43 45 43 44 43 44 44 45 44 47 44 44 45 47 45 46 45 46 46 47 46 49 46 46 47 49 47 48 47 48 48 49 48 51 48 48 49 51 49 50 49 50 50 51 50 53 50 50 51 53 51 52 51 52 52 53 52 55 52 52 53 55 53 54 53 54 54 55 54 57 54 54 55 57 55 56 55 56 56 57 56 59 56 56 57 59 57 58 57 58 58 59 58 61 58 58 59 61 59 60 59 5 60 3 60 1 60 1 61 63 61 61 61 61 62 59 62 57 62 57 63 55 63 53 63 53 64 51 64 49 64 49 65 47 65 45 65 45 66 43 66 41 66 41 67 39 67 37 67 37 68 35 68 33 68 33 69 31 69 29 69 29 70 27 70 25 70 25 71 23 71 21 71 21 72 19 72 17 72 17 73 15 73 13 73 13 74 11 74 9 74 9 75 7 75 5 75 5 76 1 76 61 76 61 77 57 77 53 77 53 78 49 78 45 78 45 79 41 79 37 79 37 80 33 80 29 80 29 81 25 81 21 81 21 82 17 82 13 82 13 83 9 83 5 83 5 84 61 84 53 84 53 85 45 85 37 85 37 86 29 86 21 86 21 87 13 87 5 87 5 88 53 88 37 88 37 89 21 89 5 89 60 90 61 90 63 90 60 91 63 91 62 91 62 92 63 92 1 92 62 93 1 93 0 93 62 94 0 94 2 94 2 95 4 95 6 95 6 96 8 96 10 96 10 97 12 97 14 97 14 98 16 98 18 98 18 99 20 99 22 99 22 100 24 100 26 100 26 101 28 101 30 101 30 102 32 102 34 102 34 103 36 103 38 103 38 104 40 104 42 104 42 105 44 105 46 105 46 106 48 106 50 106 50 107 52 107 54 107 54 108 56 108 58 108 58 109 60 109 62 109 62 110 2 110 6 110 6 111 10 111 14 111 14 112 18 112 22 112 22 113 26 113 30 113 30 114 34 114 38 114 38 115 42 115 46 115 46 116 50 116 54 116 54 117 58 117 62 117 62 118 6 118 14 118 14 119 22 119 30 119 30 120 38 120 46 120 46 121 54 121 62 121 62 122 14 122 30 122 30 123 46 123 62 123</p></triangles></mesh></geometry><geometry id="mesh33"><mesh><source id="mesh33-positions"><float_array id="mesh33-array" count="168">-0.19699999690055847 -0.06700000166893005 0.10499999672174454 -0.19699999690055847 -0.08500000089406967 0.12299999594688416 -0.2150000035762787 -0.06700000166893005 0.12299999594688416 -0.19699999690055847 -0.07972792536020279 0.11027207225561142 -0.20739230513572693 -0.07739230990409851 0.1126076877117157 -0.2097279131412506 -0.07972792536020279 0.12299999594688416 -0.2097279131412506 -0.06700000166893005 0.11027207225561142 -0.19699999690055847 -0.08500000089406967 0.16699999570846558 -0.19699999690055847 -0.06700000166893005 0.1850000023841858 -0.2150000035762787 -0.06700000166893005 0.16699999570846558 -0.19699999690055847 -0.07972792536020279 0.17972791194915771 -0.20739230513572693 -0.07739230990409851 0.17739230394363403 -0.2097279131412506 -0.06700000166893005 0.17972791194915771 -0.2097279131412506 -0.07972792536020279 0.16699999570846558 -0.19699999690055847 0.06700000166893005 0.10499999672174454 -0.2150000035762787 0.06700000166893005 0.12299999594688416 -0.19699999690055847 0.08500000089406967 0.12299999594688416 -0.2097279131412506 0.06700000166893005 0.11027207225561142 -0.20739230513572693 0.07739230990409851 0.1126076877117157 -0.2097279131412506 0.07972792536020279 0.12299999594688416 -0.19699999690055847 0.07972792536020279 0.11027207225561142 -0.19699999690055847 0.06700000166893005 0.1850000023841858 -0.19699999690055847 0.08500000089406967 0.16699999570846558 -0.2150000035762787 0.06700000166893005 0.16699999570846558 -0.19699999690055847 0.07972792536020279 0.17972791194915771 -0.20739230513572693 0.07739230990409851 0.17739230394363403 -0.2097279131412506 0.07972792536020279 0.16699999570846558 -0.2097279131412506 0.06700000166893005 0.17972791194915771 -0.0429999977350235 -0.06700000166893005 0.10499999672174454 -0.02499999850988388 -0.06700000166893005 0.12299999594688416 -0.0429999977350235 -0.08500000089406967 0.12299999594688416 -0.03027208149433136 -0.06700000166893005 0.11027207225561142 -0.03260769695043564 -0.07739230990409851 0.1126076877117157 -0.03027208149433136 -0.07972792536020279 0.12299999594688416 -0.043000005185604095 -0.07972792536020279 0.11027207225561142 -0.0429999977350235 -0.06700000166893005 0.1850000023841858 -0.0429999977350235 -0.08500000089406967 0.16699999570846558 -0.02499999850988388 -0.06700000166893005 0.16699999570846558 -0.0429999977350235 -0.07972792536020279 0.17972791194915771 -0.03260768949985504 -0.07739230990409851 0.17739230394363403 -0.030272074043750763 -0.07972792536020279 0.16699999570846558 -0.030272074043750763 -0.06700000166893005 0.17972791194915771 -0.0429999977350235 0.06700000166893005 0.10499999672174454 -0.0429999977350235 0.08500000089406967 0.12299999594688416 -0.02499999850988388 0.06700000166893005 0.12299999594688416 -0.0429999977350235 0.07972792536020279 0.11027207225561142 -0.03260768949985504 0.07739230990409851 0.1126076877117157 -0.030272074043750763 0.07972792536020279 0.12299999594688416 -0.030272074043750763 0.06700000166893005 0.11027207225561142 -0.0429999977350235 0.06700000166893005 0.1850000023841858 -0.02499999850988388 0.06700000166893005 0.16699999570846558 -0.0429999977350235 0.08500000089406967 0.16699999570846558 -0.03027208149433136 0.06700000166893005 0.17972791194915771 -0.03260769695043564 0.07739230990409851 0.17739230394363403 -0.03027208149433136 0.07972792536020279 0.16699999570846558 -0.043000005185604095 0.07972792536020279 0.17972791194915771</float_array><technique_common><accessor source="#mesh33-array" count="56" stride="3"><param name="X" type="float" /><param name="Y" type="float" /><param name="Z" type="float" /></accessor></technique_common></source><source id="mesh33-normals"><float_array id="mesh33-normals-array" count="324">-0.28174740076065063 -0.3671802282333374 -0.8864519596099854 -0.367180198431015 -0.28174740076065063 -0.8864519596099854 -0.3671802580356598 -0.8864520192146301 -0.2817472219467163 -0.2817472219467163 -0.8864519596099854 -0.3671802580356598 -0.8864520788192749 -0.2817472815513611 -0.3671802878379822 -0.8864520192146301 -0.3671802878379822 -0.2817472517490387 -0.2817472219467163 -0.8864519596099854 0.3671802282333374 -0.3671802580356598 -0.8864520192146301 0.2817472517490387 -0.3671802282333374 -0.28174740076065063 0.8864519596099854 -0.28174740076065063 -0.367180198431015 0.8864519596099854 -0.8864520192146301 -0.3671802580356598 0.2817472219467163 -0.8864519596099854 -0.2817472219467163 0.3671802580356598 -0.36718040704727173 0.2817474603652954 -0.8864519596099854 -0.281747430562973 0.36718034744262695 -0.8864518404006958 -0.8864518404006958 0.3671806752681732 -0.2817472815513611 -0.8864518404006958 0.28174734115600586 -0.3671807050704956 -0.2817472517490387 0.8864519596099854 -0.36718037724494934 -0.3671804368495941 0.8864520192146301 -0.2817472517490387 -0.28174740076065063 0.3671802282333374 0.8864519596099854 -0.367180198431015 0.28174740076065063 0.8864519596099854 -0.3671802580356598 0.8864520192146301 0.2817472219467163 -0.2817472219467163 0.8864519596099854 0.3671802580356598 -0.8864520788192749 0.2817472815513611 0.3671802878379822 -0.8864520192146301 0.3671802878379822 0.2817472517490387 0.36718040704727173 -0.2817474603652954 -0.8864519596099854 0.281747430562973 -0.36718034744262695 -0.8864518404006958 0.8864518404006958 -0.3671806752681732 -0.2817472815513611 0.8864518404006958 -0.28174734115600586 -0.3671807050704956 0.2817472517490387 -0.8864519596099854 -0.36718037724494934 0.3671804368495941 -0.8864520192146301 -0.2817472517490387 0.28174740076065063 -0.3671802282333374 0.8864519596099854 0.367180198431015 -0.28174740076065063 0.8864519596099854 0.3671802580356598 -0.8864520192146301 0.2817472219467163 0.2817472219467163 -0.8864519596099854 0.3671802580356598 0.8864520788192749 -0.2817472815513611 0.3671802878379822 0.8864520192146301 -0.3671802878379822 0.2817472517490387 0.28174740076065063 0.3671802282333374 -0.8864519596099854 0.367180198431015 0.28174740076065063 -0.8864519596099854 0.3671802580356598 0.8864520192146301 -0.2817472219467163 0.2817472219467163 0.8864519596099854 -0.3671802580356598 0.8864520788192749 0.2817472815513611 -0.3671802878379822 0.8864520192146301 0.3671802878379822 -0.2817472517490387 0.36718040704727173 0.2817474603652954 0.8864519596099854 0.281747430562973 0.36718034744262695 0.8864518404006958 0.8864518404006958 0.3671806752681732 0.2817472815513611 0.8864518404006958 0.28174734115600586 0.3671807050704956 0.2817472517490387 0.8864519596099854 0.36718037724494934 0.3671804368495941 0.8864520192146301 0.2817472517490387 -0.3826831877231598 0.0 -0.9238795638084412 -0.3826834559440613 2.1277715589462787e-08 -0.9238796234130859 -0.9238796234130859 5.1368949982588674e-08 -0.38268327713012695 -0.9238794445991516 5.3194324500793755e-09 -0.38268372416496277 -0.38268327713012695 -0.9238796830177307 0.0 -0.38268327713012695 -0.9238796830177307 0.0 -0.9238796830177307 -0.38268327713012695 0.0 -0.9238796830177307 -0.38268327713012695 0.0 -0.3826831877231598 0.0 0.9238795638084412 -0.3826831877231598 0.0 0.9238795638084412 -0.9238796234130859 0.0 0.38268327713012695 -0.9238795638084412 -5.319425344652018e-09 0.3826831877231598 -0.3826834559440613 0.9238795638084412 0.0 -0.38268327713012695 0.9238796830177307 -6.480028247324299e-08 -0.9238795042037964 0.38268372416496277 -1.5644178574802936e-07 -0.9238796830177307 0.38268327713012695 0.0 0.0 0.38268324732780457 -0.9238796234130859 0.0 0.3826832175254822 -0.9238796234130859 0.0 0.9238796234130859 -0.3826832175254822 0.0 0.9238796234130859 -0.38268324732780457 0.0 0.38268324732780457 0.9238796234130859 0.0 0.3826832175254822 0.9238796234130859 0.0 0.9238796234130859 0.3826832175254822 0.0 0.9238796234130859 0.38268324732780457 0.9238796830177307 0.38268327713012695 0.0 0.9238795042037964 0.38268375396728516 1.5644178574802936e-07 0.38268327713012695 0.9238796830177307 6.480028247324299e-08 0.3826834559440613 0.9238795638084412 0.0 0.3826831877231598 0.0 -0.9238795638084412 0.3826834559440613 -2.1277715589462787e-08 -0.9238796234130859 0.9238796234130859 -5.1368949982588674e-08 -0.38268327713012695 0.9238794445991516 -5.3194324500793755e-09 -0.38268372416496277 0.3826831877231598 0.0 0.9238795638084412 0.3826834559440613 2.1277715589462787e-08 0.9238796234130859 0.9238796234130859 5.1368949982588674e-08 0.38268327713012695 0.9238794445991516 5.3194324500793755e-09 0.38268372416496277 0.3826834559440613 -0.9238795638084412 0.0 0.38268327713012695 -0.9238796830177307 -6.480028247324299e-08 0.9238795042037964 -0.38268372416496277 -1.5644178574802936e-07 0.9238796830177307 -0.38268327713012695 0.0 0.0 -0.38268324732780457 -0.9238796234130859 0.0 -0.3826832175254822 -0.9238796234130859 0.0 -0.9238796234130859 -0.3826832175254822 0.0 -0.9238796234130859 -0.38268324732780457 0.0 -0.38268324732780457 0.9238796234130859 0.0 -0.38268324732780457 0.9238796234130859 0.0 -0.9238796234130859 0.38268324732780457 0.0 -0.9238796234130859 0.38268324732780457 0.0 0.0 -1.0 0.0 0.0 -1.0 -1.0 0.0 0.0 -1.0 0.0 0.0 0.0 -1.0 0.0 0.0 -1.0 0.0 0.0 0.0 1.0 0.0 0.0 1.0 0.0 1.0 0.0 0.0 1.0 0.0 1.0 0.0 0.0 1.0 0.0 0.0</float_array><technique_common><accessor source="#mesh33-normals-array" count="108" stride="3"><param name="X" type="float" /><param name="Y" type="float" /><param name="Z" type="float" /></accessor></technique_common></source><vertices id="mesh33-vertices"><input semantic="POSITION" source="#mesh33-positions" /></vertices><triangles count="108" material="titanium"><input semantic="VERTEX" source="#mesh33-vertices" offset="0" /><input semantic="NORMAL" source="#mesh33-normals" offset="1" /><p>0 0 3 0 4 0 0 1 4 1 6 1 1 2 5 2 4 2 1 3 4 3 3 3 2 4 6 4 4 4 2 5 4 5 5 5 7 6 10 6 11 6 7 7 11 7 13 7 8 8 12 8 11 8 8 9 11 9 10 9 9 10 13 10 11 10 9 11 11 11 12 11 14 12 17 12 18 12 14 13 18 13 20 13 15 14 19 14 18 14 15 15 18 15 17 15 16 16 20 16 18 16 16 17 18 17 19 17 21 18 24 18 25 18 21 19 25 19 27 19 22 20 26 20 25 20 22 21 25 21 24 21 23 22 27 22 25 22 23 23 25 23 26 23 28 24 31 24 32 24 28 25 32 25 34 25 29 26 33 26 32 26 29 27 32 27 31 27 30 28 34 28 32 28 30 29 32 29 33 29 35 30 38 30 39 30 35 31 39 31 41 31 36 32 40 32 39 32 36 33 39 33 38 33 37 34 41 34 39 34 37 35 39 35 40 35 42 36 45 36 46 36 42 37 46 37 48 37 43 38 47 38 46 38 43 39 46 39 45 39 44 40 48 40 46 40 44 41 46 41 47 41 49 42 52 42 53 42 49 43 53 43 55 43 50 44 54 44 53 44 50 45 53 45 52 45 51 46 55 46 53 46 51 47 53 47 54 47 14 48 0 48 6 48 14 49 6 49 17 49 17 50 6 50 2 50 17 51 2 51 15 51 1 52 7 52 13 52 1 53 13 53 5 53 5 54 13 54 9 54 5 55 9 55 2 55 8 56 21 56 27 56 8 57 27 57 12 57 12 58 27 58 23 58 12 59 23 59 9 59 22 60 16 60 19 60 22 61 19 61 26 61 26 62 19 62 15 62 26 63 15 63 23 63 42 64 14 64 20 64 42 65 20 65 45 65 45 66 20 66 16 66 45 67 16 67 43 67 21 68 49 68 55 68 21 69 55 69 24 69 24 70 55 70 51 70 24 71 51 71 22 71 50 72 44 72 47 72 50 73 47 73 54 73 54 74 47 74 43 74 54 75 43 75 51 75 28 76 42 76 48 76 28 77 48 77 31 77 31 78 48 78 44 78 31 79 44 79 29 79 49 80 35 80 41 80 49 81 41 81 52 81 52 82 41 82 37 82 52 83 37 83 50 83 36 84 30 84 33 84 36 85 33 85 40 85 40 86 33 86 29 86 40 87 29 87 37 87 0 88 28 88 34 88 0 89 34 89 3 89 3 90 34 90 30 90 3 91 30 91 1 91 35 92 8 92 10 92 35 93 10 93 38 93 38 94 10 94 7 94 38 95 7 95 36 95 14 96 42 96 28 96 14 97 28 97 0 97 2 98 9 98 23 98 2 99 23 99 15 99 30 100 36 100 7 100 30 101 7 101 1 101 49 102 21 102 8 102 49 103 8 103 35 103 16 104 22 104 51 104 16 105 51 105 43 105 44 106 50 106 37 106 44 107 37 107 29 107</p></triangles></mesh></geometry><geometry id="mesh34"><mesh><source id="mesh34-positions"><float_array id="mesh34-array" count="144">-4.831866018406572e-09 -0.03200000151991844 0.09999999403953552 -4.831866018406572e-09 -0.03200000151991844 0.1899999976158142 -0.008282214403152466 -0.030909625813364983 0.09999999403953552 -0.008282214403152466 -0.030909625813364983 0.1899999976158142 -0.01600000448524952 -0.027712812647223473 0.09999999403953552 -0.01600000448524952 -0.027712812647223473 0.1899999976158142 -0.022627420723438263 -0.022627413272857666 0.09999999403953552 -0.022627420723438263 -0.022627413272857666 0.1899999976158142 -0.02771281637251377 -0.015999997034668922 0.09999999403953552 -0.02771281637251377 -0.015999997034668922 0.1899999976158142 -0.03090962953865528 -0.00828220508992672 0.09999999403953552 -0.03090962953865528 -0.00828220508992672 0.1899999976158142 -0.03200000151991844 4.831866018406572e-09 0.09999999403953552 -0.03200000151991844 4.831866018406572e-09 0.1899999976158142 -0.030909625813364983 0.008282214403152466 0.09999999403953552 -0.030909625813364983 0.008282214403152466 0.1899999976158142 -0.027712812647223473 0.01600000448524952 0.09999999403953552 -0.027712812647223473 0.01600000448524952 0.1899999976158142 -0.022627413272857666 0.022627420723438263 0.09999999403953552 -0.022627413272857666 0.022627420723438263 0.1899999976158142 -0.015999997034668922 0.02771281637251377 0.09999999403953552 -0.015999997034668922 0.02771281637251377 0.1899999976158142 -0.00828220508992672 0.03090962953865528 0.09999999403953552 -0.00828220508992672 0.03090962953865528 0.1899999976158142 4.831866018406572e-09 0.03200000151991844 0.09999999403953552 4.831866018406572e-09 0.03200000151991844 0.1899999976158142 0.008282214403152466 0.030909625813364983 0.09999999403953552 0.008282214403152466 0.030909625813364983 0.1899999976158142 0.01600000448524952 0.027712812647223473 0.09999999403953552 0.01600000448524952 0.027712812647223473 0.1899999976158142 0.022627420723438263 0.022627413272857666 0.09999999403953552 0.022627420723438263 0.022627413272857666 0.1899999976158142 0.02771281637251377 0.015999997034668922 0.09999999403953552 0.02771281637251377 0.015999997034668922 0.1899999976158142 0.03090962953865528 0.00828220508992672 0.09999999403953552 0.03090962953865528 0.00828220508992672 0.1899999976158142 0.03200000151991844 -4.831866018406572e-09 0.09999999403953552 0.03200000151991844 -4.831866018406572e-09 0.1899999976158142 0.030909625813364983 -0.008282214403152466 0.09999999403953552 0.030909625813364983 -0.008282214403152466 0.1899999976158142 0.027712812647223473 -0.01600000448524952 0.09999999403953552 0.027712812647223473 -0.01600000448524952 0.1899999976158142 0.022627413272857666 -0.022627420723438263 0.09999999403953552 0.022627413272857666 -0.022627420723438263 0.1899999976158142 0.015999997034668922 -0.02771281637251377 0.09999999403953552 0.015999997034668922 -0.02771281637251377 0.1899999976158142 0.00828220508992672 -0.03090962953865528 0.09999999403953552 0.00828220508992672 -0.03090962953865528 0.1899999976158142</float_array><technique_common><accessor source="#mesh34-array" count="48" stride="3"><param name="X" type="float" /><param name="Y" type="float" /><param name="Z" type="float" /></accessor></technique_common></source><source id="mesh34-normals"><float_array id="mesh34-normals-array" count="276">-0.1305263787508011 -0.9914448857307434 0.0 -0.1305263787508011 -0.9914448857307434 0.0 -0.38268351554870605 -0.9238795042037964 0.0 -0.38268351554870605 -0.9238795042037964 0.0 -0.608761727809906 -0.7933531999588013 0.0 -0.608761727809906 -0.7933531999588013 0.0 -0.7933533191680908 -0.6087614297866821 0.0 -0.7933533191680908 -0.6087614297866821 0.0 -0.9238796234130859 -0.3826832175254822 0.0 -0.9238796234130859 -0.3826832175254822 0.0 -0.9914448857307434 -0.1305260807275772 0.0 -0.9914448857307434 -0.1305260807275772 0.0 -0.9914448857307434 0.1305263787508011 0.0 -0.9914448857307434 0.1305263787508011 0.0 -0.9238795042037964 0.38268351554870605 0.0 -0.9238795042037964 0.38268351554870605 0.0 -0.7933531999588013 0.608761727809906 0.0 -0.7933531999588013 0.608761727809906 0.0 -0.6087614297866821 0.7933533191680908 0.0 -0.6087614297866821 0.7933533191680908 0.0 -0.3826832175254822 0.9238796234130859 0.0 -0.3826832175254822 0.9238796234130859 0.0 -0.1305260807275772 0.9914448857307434 0.0 -0.1305260807275772 0.9914448857307434 0.0 0.1305263787508011 0.9914448857307434 0.0 0.1305263787508011 0.9914448857307434 0.0 0.38268351554870605 0.9238795042037964 0.0 0.38268351554870605 0.9238795042037964 0.0 0.608761727809906 0.7933531999588013 0.0 0.608761727809906 0.7933531999588013 0.0 0.7933533191680908 0.6087614297866821 0.0 0.7933533191680908 0.6087614297866821 0.0 0.9238796234130859 0.3826832175254822 0.0 0.9238796234130859 0.3826832175254822 0.0 0.9914448857307434 0.1305260807275772 0.0 0.9914448857307434 0.1305260807275772 0.0 0.9914448857307434 -0.1305263787508011 0.0 0.9914448857307434 -0.1305263787508011 0.0 0.9238795042037964 -0.38268351554870605 0.0 0.9238795042037964 -0.38268351554870605 0.0 0.7933531999588013 -0.608761727809906 0.0 0.7933531999588013 -0.608761727809906 0.0 0.6087614297866821 -0.7933533191680908 0.0 0.6087614297866821 -0.7933533191680908 0.0 0.0 0.0 1.0 0.0 0.0 1.0 0.0 0.0 1.0 0.0 0.0 1.0 0.0 0.0 1.0 0.0 0.0 1.0 0.0 0.0 1.0 0.0 0.0 1.0 0.0 0.0 1.0 0.0 0.0 1.0 0.0 0.0 1.0 0.0 0.0 1.0 0.0 0.0 1.0 0.0 0.0 1.0 0.0 0.0 1.0 0.0 0.0 1.0 0.0 0.0 1.0 0.0 0.0 1.0 0.0 0.0 1.0 0.0 0.0 1.0 0.0 0.0 1.0 0.0 0.0 1.0 0.3826832175254822 -0.9238796234130859 0.0 0.3826832175254822 -0.9238796234130859 0.0 0.1305260807275772 -0.9914448857307434 0.0 0.1305260807275772 -0.9914448857307434 0.0 0.0 0.0 -1.0 0.0 0.0 -1.0 0.0 0.0 -1.0 0.0 0.0 -1.0 0.0 0.0 -1.0 0.0 0.0 -1.0 0.0 0.0 -1.0 0.0 0.0 -1.0 0.0 0.0 -1.0 0.0 0.0 -1.0 0.0 0.0 -1.0 0.0 0.0 -1.0 0.0 0.0 -1.0 0.0 0.0 -1.0 0.0 0.0 -1.0 0.0 0.0 -1.0 0.0 0.0 -1.0 0.0 0.0 -1.0 0.0 0.0 -1.0 0.0 0.0 -1.0 0.0 0.0 -1.0 0.0 0.0 -1.0</float_array><technique_common><accessor source="#mesh34-normals-array" count="92" stride="3"><param name="X" type="float" /><param name="Y" type="float" /><param name="Z" type="float" /></accessor></technique_common></source><vertices id="mesh34-vertices"><input semantic="POSITION" source="#mesh34-positions" /></vertices><triangles count="92" material="graphite"><input semantic="VERTEX" source="#mesh34-vertices" offset="0" /><input semantic="NORMAL" source="#mesh34-normals" offset="1" /><p>0 0 1 0 3 0 0 1 3 1 2 1 2 2 3 2 5 2 2 3 5 3 4 3 4 4 5 4 7 4 4 5 7 5 6 5 6 6 7 6 9 6 6 7 9 7 8 7 8 8 9 8 11 8 8 9 11 9 10 9 10 10 11 10 13 10 10 11 13 11 12 11 12 12 13 12 15 12 12 13 15 13 14 13 14 14 15 14 17 14 14 15 17 15 16 15 16 16 17 16 19 16 16 17 19 17 18 17 18 18 19 18 21 18 18 19 21 19 20 19 20 20 21 20 23 20 20 21 23 21 22 21 22 22 23 22 25 22 22 23 25 23 24 23 24 24 25 24 27 24 24 25 27 25 26 25 26 26 27 26 29 26 26 27 29 27 28 27 28 28 29 28 31 28 28 29 31 29 30 29 30 30 31 30 33 30 30 31 33 31 32 31 32 32 33 32 35 32 32 33 35 33 34 33 34 34 35 34 37 34 34 35 37 35 36 35 36 36 37 36 39 36 36 37 39 37 38 37 38 38 39 38 41 38 38 39 41 39 40 39 40 40 41 40 43 40 40 41 43 41 42 41 42 42 43 42 45 42 42 43 45 43 44 43 5 44 3 44 1 44 1 45 47 45 45 45 45 46 43 46 41 46 41 47 39 47 37 47 37 48 35 48 33 48 33 49 31 49 29 49 29 50 27 50 25 50 25 51 23 51 21 51 21 52 19 52 17 52 17 53 15 53 13 53 13 54 11 54 9 54 9 55 7 55 5 55 5 56 1 56 45 56 45 57 41 57 37 57 37 58 33 58 29 58 29 59 25 59 21 59 21 60 17 60 13 60 13 61 9 61 5 61 5 62 45 62 37 62 37 63 29 63 21 63 21 64 13 64 5 64 37 65 21 65 5 65 44 66 45 66 47 66 44 67 47 67 46 67 46 68 47 68 1 68 46 69 1 69 0 69 46 70 0 70 2 70 2 71 4 71 6 71 6 72 8 72 10 72 10 73 12 73 14 73 14 74 16 74 18 74 18 75 20 75 22 75 22 76 24 76 26 76 26 77 28 77 30 77 30 78 32 78 34 78 34 79 36 79 38 79 38 80 40 80 42 80 42 81 44 81 46 81 46 82 2 82 6 82 6 83 10 83 14 83 14 84 18 84 22 84 22 85 26 85 30 85 30 86 34 86 38 86 38 87 42 87 46 87 46 88 6 88 14 88 14 89 22 89 30 89 30 90 38 90 46 90 14 91 30 91 46 91</p></triangles></mesh></geometry><geometry id="mesh35"><mesh><source id="mesh35-positions"><float_array id="mesh35-array" count="144">-6.794811380217425e-09 -0.04500000178813934 0.1899999976158142 -6.794811380217425e-09 -0.04500000178813934 0.24500000476837158 -0.011646864004433155 -0.04346666485071182 0.1899999976158142 -0.011646864004433155 -0.04346666485071182 0.24500000476837158 -0.02250000648200512 -0.03897114098072052 0.1899999976158142 -0.02250000648200512 -0.03897114098072052 0.24500000476837158 -0.03181980922818184 -0.03181980177760124 0.1899999976158142 -0.03181980922818184 -0.03181980177760124 0.24500000476837158 -0.03897114843130112 -0.022499995306134224 0.1899999976158142 -0.03897114843130112 -0.022499995306134224 0.24500000476837158 -0.04346666485071182 -0.01164685096591711 0.1899999976158142 -0.04346666485071182 -0.01164685096591711 0.24500000476837158 -0.04500000178813934 6.794811380217425e-09 0.1899999976158142 -0.04500000178813934 6.794811380217425e-09 0.24500000476837158 -0.04346666485071182 0.011646864004433155 0.1899999976158142 -0.04346666485071182 0.011646864004433155 0.24500000476837158 -0.03897114098072052 0.02250000648200512 0.1899999976158142 -0.03897114098072052 0.02250000648200512 0.24500000476837158 -0.03181980177760124 0.03181980922818184 0.1899999976158142 -0.03181980177760124 0.03181980922818184 0.24500000476837158 -0.022499995306134224 0.03897114843130112 0.1899999976158142 -0.022499995306134224 0.03897114843130112 0.24500000476837158 -0.01164685096591711 0.04346666485071182 0.1899999976158142 -0.01164685096591711 0.04346666485071182 0.24500000476837158 6.794811380217425e-09 0.04500000178813934 0.1899999976158142 6.794811380217425e-09 0.04500000178813934 0.24500000476837158 0.011646864004433155 0.04346666485071182 0.1899999976158142 0.011646864004433155 0.04346666485071182 0.24500000476837158 0.02250000648200512 0.03897114098072052 0.1899999976158142 0.02250000648200512 0.03897114098072052 0.24500000476837158 0.03181980922818184 0.03181980177760124 0.1899999976158142 0.03181980922818184 0.03181980177760124 0.24500000476837158 0.03897114843130112 0.022499995306134224 0.1899999976158142 0.03897114843130112 0.022499995306134224 0.24500000476837158 0.04346666485071182 0.01164685096591711 0.1899999976158142 0.04346666485071182 0.01164685096591711 0.24500000476837158 0.04500000178813934 -6.794811380217425e-09 0.1899999976158142 0.04500000178813934 -6.794811380217425e-09 0.24500000476837158 0.04346666485071182 -0.011646864004433155 0.1899999976158142 0.04346666485071182 -0.011646864004433155 0.24500000476837158 0.03897114098072052 -0.02250000648200512 0.1899999976158142 0.03897114098072052 -0.02250000648200512 0.24500000476837158 0.03181980177760124 -0.03181980922818184 0.1899999976158142 0.03181980177760124 -0.03181980922818184 0.24500000476837158 0.022499995306134224 -0.03897114843130112 0.1899999976158142 0.022499995306134224 -0.03897114843130112 0.24500000476837158 0.01164685096591711 -0.04346666485071182 0.1899999976158142 0.01164685096591711 -0.04346666485071182 0.24500000476837158</float_array><technique_common><accessor source="#mesh35-array" count="48" stride="3"><param name="X" type="float" /><param name="Y" type="float" /><param name="Z" type="float" /></accessor></technique_common></source><source id="mesh35-normals"><float_array id="mesh35-normals-array" count="276">-0.13052627444267273 -0.9914448857307434 0.0 -0.13052627444267273 -0.9914448857307434 0.0 -0.3826836049556732 -0.9238793849945068 0.0 -0.3826836049556732 -0.9238793849945068 0.0 -0.6087616682052612 -0.7933531403541565 0.0 -0.6087616682052612 -0.7933531403541565 0.0 -0.7933533787727356 -0.6087614297866821 0.0 -0.7933533787727356 -0.6087614297866821 0.0 -0.9238796234130859 -0.3826833665370941 0.0 -0.9238796234130859 -0.3826833665370941 0.0 -0.9914448857307434 -0.13052597641944885 0.0 -0.9914448857307434 -0.13052597641944885 0.0 -0.9914448857307434 0.13052627444267273 0.0 -0.9914448857307434 0.13052627444267273 0.0 -0.9238793849945068 0.3826836049556732 0.0 -0.9238793849945068 0.3826836049556732 0.0 -0.7933531403541565 0.6087616682052612 0.0 -0.7933531403541565 0.6087616682052612 0.0 -0.6087614297866821 0.7933533787727356 0.0 -0.6087614297866821 0.7933533787727356 0.0 -0.3826833665370941 0.9238796234130859 0.0 -0.3826833665370941 0.9238796234130859 0.0 -0.13052597641944885 0.9914448857307434 0.0 -0.13052597641944885 0.9914448857307434 0.0 0.13052627444267273 0.9914448857307434 0.0 0.13052627444267273 0.9914448857307434 0.0 0.3826836049556732 0.9238793849945068 0.0 0.3826836049556732 0.9238793849945068 0.0 0.6087616682052612 0.7933531403541565 0.0 0.6087616682052612 0.7933531403541565 0.0 0.7933533787727356 0.6087614297866821 0.0 0.7933533787727356 0.6087614297866821 0.0 0.9238796234130859 0.3826833665370941 0.0 0.9238796234130859 0.3826833665370941 0.0 0.9914448857307434 0.13052597641944885 0.0 0.9914448857307434 0.13052597641944885 0.0 0.9914448857307434 -0.13052627444267273 0.0 0.9914448857307434 -0.13052627444267273 0.0 0.9238793849945068 -0.3826836049556732 0.0 0.9238793849945068 -0.3826836049556732 0.0 0.7933531403541565 -0.6087616682052612 0.0 0.7933531403541565 -0.6087616682052612 0.0 0.6087614297866821 -0.7933533787727356 0.0 0.6087614297866821 -0.7933533787727356 0.0 0.0 0.0 1.0 0.0 0.0 1.0 0.0 0.0 1.0 0.0 0.0 1.0 0.0 0.0 1.0 0.0 0.0 1.0 0.0 0.0 1.0 0.0 0.0 1.0 0.0 0.0 1.0 0.0 0.0 1.0 0.0 0.0 1.0 0.0 0.0 1.0 0.0 0.0 1.0 0.0 0.0 1.0 0.0 0.0 1.0 0.0 0.0 1.0 0.0 0.0 1.0 0.0 0.0 1.0 0.0 0.0 1.0 0.0 0.0 1.0 0.0 0.0 1.0 0.0 0.0 1.0 0.3826833665370941 -0.9238796234130859 0.0 0.3826833665370941 -0.9238796234130859 0.0 0.13052597641944885 -0.9914448857307434 0.0 0.13052597641944885 -0.9914448857307434 0.0 0.0 0.0 -1.0 0.0 0.0 -1.0 0.0 0.0 -1.0 0.0 0.0 -1.0 0.0 0.0 -1.0 0.0 0.0 -1.0 0.0 0.0 -1.0 0.0 0.0 -1.0 0.0 0.0 -1.0 0.0 0.0 -1.0 0.0 0.0 -1.0 0.0 0.0 -1.0 0.0 0.0 -1.0 0.0 0.0 -1.0 0.0 0.0 -1.0 0.0 0.0 -1.0 0.0 0.0 -1.0 0.0 0.0 -1.0 0.0 0.0 -1.0 0.0 0.0 -1.0 0.0 0.0 -1.0 0.0 0.0 -1.0</float_array><technique_common><accessor source="#mesh35-normals-array" count="92" stride="3"><param name="X" type="float" /><param name="Y" type="float" /><param name="Z" type="float" /></accessor></technique_common></source><vertices id="mesh35-vertices"><input semantic="POSITION" source="#mesh35-positions" /></vertices><triangles count="92" material="graphite"><input semantic="VERTEX" source="#mesh35-vertices" offset="0" /><input semantic="NORMAL" source="#mesh35-normals" offset="1" /><p>0 0 1 0 3 0 0 1 3 1 2 1 2 2 3 2 5 2 2 3 5 3 4 3 4 4 5 4 7 4 4 5 7 5 6 5 6 6 7 6 9 6 6 7 9 7 8 7 8 8 9 8 11 8 8 9 11 9 10 9 10 10 11 10 13 10 10 11 13 11 12 11 12 12 13 12 15 12 12 13 15 13 14 13 14 14 15 14 17 14 14 15 17 15 16 15 16 16 17 16 19 16 16 17 19 17 18 17 18 18 19 18 21 18 18 19 21 19 20 19 20 20 21 20 23 20 20 21 23 21 22 21 22 22 23 22 25 22 22 23 25 23 24 23 24 24 25 24 27 24 24 25 27 25 26 25 26 26 27 26 29 26 26 27 29 27 28 27 28 28 29 28 31 28 28 29 31 29 30 29 30 30 31 30 33 30 30 31 33 31 32 31 32 32 33 32 35 32 32 33 35 33 34 33 34 34 35 34 37 34 34 35 37 35 36 35 36 36 37 36 39 36 36 37 39 37 38 37 38 38 39 38 41 38 38 39 41 39 40 39 40 40 41 40 43 40 40 41 43 41 42 41 42 42 43 42 45 42 42 43 45 43 44 43 5 44 3 44 1 44 1 45 47 45 45 45 45 46 43 46 41 46 41 47 39 47 37 47 37 48 35 48 33 48 33 49 31 49 29 49 29 50 27 50 25 50 25 51 23 51 21 51 21 52 19 52 17 52 17 53 15 53 13 53 13 54 11 54 9 54 9 55 7 55 5 55 5 56 1 56 45 56 45 57 41 57 37 57 37 58 33 58 29 58 29 59 25 59 21 59 21 60 17 60 13 60 13 61 9 61 5 61 5 62 45 62 37 62 37 63 29 63 21 63 21 64 13 64 5 64 37 65 21 65 5 65 44 66 45 66 47 66 44 67 47 67 46 67 46 68 47 68 1 68 46 69 1 69 0 69 46 70 0 70 2 70 2 71 4 71 6 71 6 72 8 72 10 72 10 73 12 73 14 73 14 74 16 74 18 74 18 75 20 75 22 75 22 76 24 76 26 76 26 77 28 77 30 77 30 78 32 78 34 78 34 79 36 79 38 79 38 80 40 80 42 80 42 81 44 81 46 81 46 82 2 82 6 82 6 83 10 83 14 83 14 84 18 84 22 84 22 85 26 85 30 85 30 86 34 86 38 86 38 87 42 87 46 87 46 88 6 88 14 88 14 89 22 89 30 89 30 90 38 90 46 90 14 91 30 91 46 91</p></triangles></mesh></geometry><geometry id="mesh36"><mesh><source id="mesh36-positions"><float_array id="mesh36-array" count="168">-0.04399999976158142 -0.039000000804662704 0.2409999966621399 -0.04399999976158142 -0.04500000178813934 0.24699999392032623 -0.05000000074505806 -0.039000000804662704 0.24699999392032623 -0.04399999976158142 -0.043242648243904114 0.24275735020637512 -0.04746410250663757 -0.042464107275009155 0.24353589117527008 -0.04824264347553253 -0.043242648243904114 0.24699999392032623 -0.04824264347553253 -0.039000004529953 0.24275735020637512 -0.04399999976158142 -0.04500000178813934 0.24899999797344208 -0.04399999976158142 -0.039000000804662704 0.2549999952316284 -0.05000000074505806 -0.039000000804662704 0.24899999797344208 -0.04399999976158142 -0.043242648243904114 0.2532426416873932 -0.04746410250663757 -0.042464107275009155 0.25246408581733704 -0.04824264347553253 -0.039000004529953 0.2532426416873932 -0.04824264347553253 -0.043242648243904114 0.24899999797344208 -0.04399999976158142 0.039000000804662704 0.2409999966621399 -0.05000000074505806 0.039000000804662704 0.24699999392032623 -0.04399999976158142 0.04500000178813934 0.24699999392032623 -0.04824264347553253 0.039000000804662704 0.24275735020637512 -0.04746410250663757 0.04246410354971886 0.24353589117527008 -0.04824264347553253 0.04324264079332352 0.24699999392032623 -0.04399999976158142 0.04324264079332352 0.24275735020637512 -0.04399999976158142 0.039000000804662704 0.2549999952316284 -0.04399999976158142 0.04500000178813934 0.24899999797344208 -0.05000000074505806 0.039000000804662704 0.24899999797344208 -0.04399999976158142 0.043242648243904114 0.2532426416873932 -0.04746410250663757 0.042464107275009155 0.25246408581733704 -0.04824264347553253 0.043242648243904114 0.24899999797344208 -0.04824264347553253 0.039000004529953 0.2532426416873932 0.04399999976158142 -0.039000000804662704 0.2409999966621399 0.05000000074505806 -0.039000000804662704 0.24699999392032623 0.04399999976158142 -0.04500000178813934 0.24699999392032623 0.04824264347553253 -0.039000000804662704 0.24275735020637512 0.04746410250663757 -0.04246410354971886 0.24353589117527008 0.04824264347553253 -0.04324264079332352 0.24699999392032623 0.04399999976158142 -0.04324264079332352 0.24275735020637512 0.04399999976158142 -0.039000000804662704 0.2549999952316284 0.04399999976158142 -0.04500000178813934 0.24899999797344208 0.05000000074505806 -0.039000000804662704 0.24899999797344208 0.04399999976158142 -0.043242648243904114 0.2532426416873932 0.04746410250663757 -0.042464107275009155 0.25246408581733704 0.04824264347553253 -0.043242648243904114 0.24899999797344208 0.04824264347553253 -0.039000004529953 0.2532426416873932 0.04399999976158142 0.039000000804662704 0.2409999966621399 0.04399999976158142 0.04500000178813934 0.24699999392032623 0.05000000074505806 0.039000000804662704 0.24699999392032623 0.04399999976158142 0.043242648243904114 0.24275735020637512 0.04746410250663757 0.042464107275009155 0.24353589117527008 0.04824264347553253 0.043242648243904114 0.24699999392032623 0.04824264347553253 0.039000004529953 0.24275735020637512 0.04399999976158142 0.039000000804662704 0.2549999952316284 0.05000000074505806 0.039000000804662704 0.24899999797344208 0.04399999976158142 0.04500000178813934 0.24899999797344208 0.04824264347553253 0.039000000804662704 0.2532426416873932 0.04746410250663757 0.04246410354971886 0.25246408581733704 0.04824264347553253 0.04324264079332352 0.24899999797344208 0.04399999976158142 0.04324264079332352 0.2532426416873932</float_array><technique_common><accessor source="#mesh36-array" count="56" stride="3"><param name="X" type="float" /><param name="Y" type="float" /><param name="Z" type="float" /></accessor></technique_common></source><source id="mesh36-normals"><float_array id="mesh36-normals-array" count="324">-0.2817474603652954 -0.36717987060546875 -0.8864520788192749 -0.3671799302101135 -0.2817475199699402 -0.8864521384239197 -0.36717909574508667 -0.886452317237854 -0.2817479074001312 -0.2817476689815521 -0.8864522576332092 -0.36717933416366577 -0.8864521384239197 -0.2817477583885193 -0.3671797811985016 -0.8864521384239197 -0.3671794533729553 -0.2817479372024536 -0.2817476689815521 -0.8864522576332092 0.36717933416366577 -0.3671790659427643 -0.8864523768424988 0.2817479074001312 -0.3671799302101135 -0.2817474901676178 0.8864520788192749 -0.2817474603652954 -0.36717987060546875 0.8864520788192749 -0.8864520788192749 -0.3671794831752777 0.2817479372024536 -0.8864521384239197 -0.2817477583885193 0.3671797811985016 -0.36718013882637024 0.2817475199699402 -0.8864520192146301 -0.2817471921443939 0.3671804666519165 -0.8864519596099854 -0.8864519596099854 0.3671800494194031 -0.28174763917922974 -0.8864519596099854 0.2817477583885193 -0.3671799600124359 -0.2817469537258148 0.8864519000053406 -0.367180734872818 -0.3671804666519165 0.8864519596099854 -0.2817471921443939 -0.2817474603652954 0.36717987060546875 0.8864520788192749 -0.3671799302101135 0.2817475199699402 0.8864521384239197 -0.36717909574508667 0.886452317237854 0.2817479074001312 -0.2817476689815521 0.8864522576332092 0.36717933416366577 -0.8864521384239197 0.2817477583885193 0.3671797811985016 -0.8864521384239197 0.3671794533729553 0.2817479372024536 0.36718013882637024 -0.2817475199699402 -0.8864520192146301 0.2817471921443939 -0.3671804666519165 -0.8864519596099854 0.8864519596099854 -0.3671800494194031 -0.28174763917922974 0.8864519596099854 -0.2817477583885193 -0.3671799600124359 0.2817469537258148 -0.8864519000053406 -0.367180734872818 0.3671804666519165 -0.8864519596099854 -0.2817471921443939 0.2817474603652954 -0.36717987060546875 0.8864520788192749 0.3671799302101135 -0.2817475199699402 0.8864521384239197 0.36717909574508667 -0.886452317237854 0.2817479074001312 0.2817476689815521 -0.8864522576332092 0.36717933416366577 0.8864521384239197 -0.2817477583885193 0.3671797811985016 0.8864521384239197 -0.3671794533729553 0.2817479372024536 0.2817474603652954 0.36717987060546875 -0.8864520788192749 0.3671799302101135 0.2817475199699402 -0.8864521384239197 0.36717909574508667 0.886452317237854 -0.2817479074001312 0.2817476689815521 0.8864522576332092 -0.36717933416366577 0.8864521384239197 0.2817477583885193 -0.3671797811985016 0.8864521384239197 0.3671794533729553 -0.2817479372024536 0.36718013882637024 0.2817475199699402 0.8864520192146301 0.2817471921443939 0.3671804666519165 0.8864519596099854 0.8864519596099854 0.3671800494194031 0.28174763917922974 0.8864519596099854 0.2817477583885193 0.3671799600124359 0.2817469537258148 0.8864519000053406 0.367180734872818 0.3671804666519165 0.8864519596099854 0.2817471921443939 -0.3826832175254822 0.0 -0.9238796830177307 -0.3826831579208374 0.0 -0.9238796234130859 -0.9238797426223755 0.0 -0.38268306851387024 -0.9238797426223755 0.0 -0.38268303871154785 -0.3826821446418762 -0.9238801002502441 0.0 -0.3826821446418762 -0.9238801002502441 0.0 -0.9238799214363098 -0.38268256187438965 0.0 -0.9238799214363098 -0.38268256187438965 0.0 -0.3826832175254822 0.0 0.9238796830177307 -0.3826831579208374 0.0 0.9238796234130859 -0.9238797426223755 0.0 0.38268306851387024 -0.9238797426223755 0.0 0.38268303871154785 -0.38268351554870605 0.9238795042037964 0.0 -0.38268205523490906 0.9238800406455994 -3.441720537011861e-06 -0.9238796830177307 0.3826830983161926 -1.4256053191274987e-06 -0.9238799214363098 0.38268256187438965 0.0 0.0 0.3826834559440613 -0.9238795638084412 -3.240011281491206e-08 0.3826828896999359 -0.923879861831665 -7.822088576858732e-08 0.9238793849945068 -0.38268372416496277 0.0 0.9238799214363098 -0.38268232345581055 0.0 0.3826834559440613 0.9238795638084412 3.240011281491206e-08 0.3826828896999359 0.923879861831665 7.822088576858732e-08 0.9238793849945068 0.38268372416496277 0.0 0.9238799214363098 0.38268232345581055 0.9238799214363098 0.38268256187438965 0.0 0.9238796830177307 0.3826830983161926 1.4256053191274987e-06 0.3826821446418762 0.9238801002502441 3.4417209917592118e-06 0.38268351554870605 0.9238795042037964 0.0 0.3826832175254822 0.0 -0.9238796830177307 0.3826831579208374 0.0 -0.9238796234130859 0.9238797426223755 0.0 -0.38268306851387024 0.9238797426223755 0.0 -0.38268303871154785 0.3826832175254822 0.0 0.9238796830177307 0.3826831579208374 0.0 0.9238796234130859 0.9238797426223755 0.0 0.38268306851387024 0.9238797426223755 0.0 0.38268303871154785 0.38268351554870605 -0.9238795042037964 0.0 0.38268205523490906 -0.9238800406455994 -3.441720537011861e-06 0.9238796830177307 -0.3826830983161926 -1.4256053191274987e-06 0.9238799214363098 -0.38268256187438965 0.0 0.0 -0.3826834559440613 -0.9238795638084412 3.240011281491206e-08 -0.3826828896999359 -0.923879861831665 7.822088576858732e-08 -0.9238793849945068 -0.38268372416496277 0.0 -0.9238799214363098 -0.38268232345581055 0.0 -0.3826828896999359 0.9238797426223755 0.0 -0.3826828896999359 0.9238797426223755 0.0 -0.9238799214363098 0.38268232345581055 0.0 -0.9238799214363098 0.38268232345581055 0.0 0.0 -1.0 0.0 0.0 -1.0 -1.0 0.0 0.0 -1.0 0.0 0.0 0.0 -1.0 0.0 0.0 -1.0 0.0 0.0 0.0 1.0 0.0 0.0 1.0 0.0 1.0 0.0 0.0 1.0 0.0 1.0 0.0 0.0 1.0 0.0 0.0</float_array><technique_common><accessor source="#mesh36-normals-array" count="108" stride="3"><param name="X" type="float" /><param name="Y" type="float" /><param name="Z" type="float" /></accessor></technique_common></source><vertices id="mesh36-vertices"><input semantic="POSITION" source="#mesh36-positions" /></vertices><triangles count="108" material="ivory"><input semantic="VERTEX" source="#mesh36-vertices" offset="0" /><input semantic="NORMAL" source="#mesh36-normals" offset="1" /><p>0 0 3 0 4 0 0 1 4 1 6 1 1 2 5 2 4 2 1 3 4 3 3 3 2 4 6 4 4 4 2 5 4 5 5 5 7 6 10 6 11 6 7 7 11 7 13 7 8 8 12 8 11 8 8 9 11 9 10 9 9 10 13 10 11 10 9 11 11 11 12 11 14 12 17 12 18 12 14 13 18 13 20 13 15 14 19 14 18 14 15 15 18 15 17 15 16 16 20 16 18 16 16 17 18 17 19 17 21 18 24 18 25 18 21 19 25 19 27 19 22 20 26 20 25 20 22 21 25 21 24 21 23 22 27 22 25 22 23 23 25 23 26 23 28 24 31 24 32 24 28 25 32 25 34 25 29 26 33 26 32 26 29 27 32 27 31 27 30 28 34 28 32 28 30 29 32 29 33 29 35 30 38 30 39 30 35 31 39 31 41 31 36 32 40 32 39 32 36 33 39 33 38 33 37 34 41 34 39 34 37 35 39 35 40 35 42 36 45 36 46 36 42 37 46 37 48 37 43 38 47 38 46 38 43 39 46 39 45 39 44 40 48 40 46 40 44 41 46 41 47 41 49 42 52 42 53 42 49 43 53 43 55 43 50 44 54 44 53 44 50 45 53 45 52 45 51 46 55 46 53 46 51 47 53 47 54 47 14 48 0 48 6 48 14 49 6 49 17 49 17 50 6 50 2 50 17 51 2 51 15 51 1 52 7 52 13 52 1 53 13 53 5 53 5 54 13 54 9 54 5 55 9 55 2 55 8 56 21 56 27 56 8 57 27 57 12 57 12 58 27 58 23 58 12 59 23 59 9 59 22 60 16 60 19 60 22 61 19 61 26 61 26 62 19 62 15 62 26 63 15 63 23 63 42 64 14 64 20 64 42 65 20 65 45 65 45 66 20 66 16 66 45 67 16 67 43 67 21 68 49 68 55 68 21 69 55 69 24 69 24 70 55 70 51 70 24 71 51 71 22 71 50 72 44 72 47 72 50 73 47 73 54 73 54 74 47 74 43 74 54 75 43 75 51 75 28 76 42 76 48 76 28 77 48 77 31 77 31 78 48 78 44 78 31 79 44 79 29 79 49 80 35 80 41 80 49 81 41 81 52 81 52 82 41 82 37 82 52 83 37 83 50 83 36 84 30 84 33 84 36 85 33 85 40 85 40 86 33 86 29 86 40 87 29 87 37 87 0 88 28 88 34 88 0 89 34 89 3 89 3 90 34 90 30 90 3 91 30 91 1 91 35 92 8 92 10 92 35 93 10 93 38 93 38 94 10 94 7 94 38 95 7 95 36 95 14 96 42 96 28 96 14 97 28 97 0 97 2 98 9 98 23 98 2 99 23 99 15 99 30 100 36 100 7 100 30 101 7 101 1 101 49 102 21 102 8 102 49 103 8 103 35 103 16 104 22 104 51 104 16 105 51 105 43 105 44 106 50 106 37 106 44 107 37 107 29 107</p></triangles></mesh></geometry></library_geometries><library_visual_scenes><visual_scene id="Scene"><node id="mesh0-node"><instance_geometry url="#mesh0"><bind_material><technique_common><instance_material symbol="graphite" target="#graphite" /></technique_common></bind_material></instance_geometry></node><node id="mesh1-node"><instance_geometry url="#mesh1"><bind_material><technique_common><instance_material symbol="ivory" target="#ivory" /></technique_common></bind_material></instance_geometry></node><node id="mesh2-node"><instance_geometry url="#mesh2"><bind_material><technique_common><instance_material symbol="titanium" target="#titanium" /></technique_common></bind_material></instance_geometry></node><node id="mesh3-node"><instance_geometry url="#mesh3"><bind_material><technique_common><instance_material symbol="titanium" target="#titanium" /></technique_common></bind_material></instance_geometry></node><node id="mesh4-node"><instance_geometry url="#mesh4"><bind_material><technique_common><instance_material symbol="titanium" target="#titanium" /></technique_common></bind_material></instance_geometry></node><node id="mesh5-node"><instance_geometry url="#mesh5"><bind_material><technique_common><instance_material symbol="titanium" target="#titanium" /></technique_common></bind_material></instance_geometry></node><node id="mesh6-node"><instance_geometry url="#mesh6"><bind_material><technique_common><instance_material symbol="titanium" target="#titanium" /></technique_common></bind_material></instance_geometry></node><node id="mesh7-node"><instance_geometry url="#mesh7"><bind_material><technique_common><instance_material symbol="titanium" target="#titanium" /></technique_common></bind_material></instance_geometry></node><node id="mesh8-node"><instance_geometry url="#mesh8"><bind_material><technique_common><instance_material symbol="titanium" target="#titanium" /></technique_common></bind_material></instance_geometry></node><node id="mesh9-node"><instance_geometry url="#mesh9"><bind_material><technique_common><instance_material symbol="titanium" target="#titanium" /></technique_common></bind_material></instance_geometry></node><node id="mesh10-node"><instance_geometry url="#mesh10"><bind_material><technique_common><instance_material symbol="titanium" target="#titanium" /></technique_common></bind_material></instance_geometry></node><node id="mesh11-node"><instance_geometry url="#mesh11"><bind_material><technique_common><instance_material symbol="titanium" target="#titanium" /></technique_common></bind_material></instance_geometry></node><node id="mesh12-node"><instance_geometry url="#mesh12"><bind_material><technique_common><instance_material symbol="titanium" target="#titanium" /></technique_common></bind_material></instance_geometry></node><node id="mesh13-node"><instance_geometry url="#mesh13"><bind_material><technique_common><instance_material symbol="copper" target="#copper" /></technique_common></bind_material></instance_geometry></node><node id="mesh14-node"><instance_geometry url="#mesh14"><bind_material><technique_common><instance_material symbol="ivory" target="#ivory" /></technique_common></bind_material></instance_geometry></node><node id="mesh15-node"><instance_geometry url="#mesh15"><bind_material><technique_common><instance_material symbol="titanium" target="#titanium" /></technique_common></bind_material></instance_geometry></node><node id="mesh16-node"><instance_geometry url="#mesh16"><bind_material><technique_common><instance_material symbol="titanium" target="#titanium" /></technique_common></bind_material></instance_geometry></node><node id="mesh17-node"><instance_geometry url="#mesh17"><bind_material><technique_common><instance_material symbol="titanium" target="#titanium" /></technique_common></bind_material></instance_geometry></node><node id="mesh18-node"><instance_geometry url="#mesh18"><bind_material><technique_common><instance_material symbol="titanium" target="#titanium" /></technique_common></bind_material></instance_geometry></node><node id="mesh19-node"><instance_geometry url="#mesh19"><bind_material><technique_common><instance_material symbol="titanium" target="#titanium" /></technique_common></bind_material></instance_geometry></node><node id="mesh20-node"><instance_geometry url="#mesh20"><bind_material><technique_common><instance_material symbol="titanium" target="#titanium" /></technique_common></bind_material></instance_geometry></node><node id="mesh21-node"><instance_geometry url="#mesh21"><bind_material><technique_common><instance_material symbol="titanium" target="#titanium" /></technique_common></bind_material></instance_geometry></node><node id="mesh22-node"><instance_geometry url="#mesh22"><bind_material><technique_common><instance_material symbol="titanium" target="#titanium" /></technique_common></bind_material></instance_geometry></node><node id="mesh23-node"><instance_geometry url="#mesh23"><bind_material><technique_common><instance_material symbol="titanium" target="#titanium" /></technique_common></bind_material></instance_geometry></node><node id="mesh24-node"><instance_geometry url="#mesh24"><bind_material><technique_common><instance_material symbol="titanium" target="#titanium" /></technique_common></bind_material></instance_geometry></node><node id="mesh25-node"><instance_geometry url="#mesh25"><bind_material><technique_common><instance_material symbol="titanium" target="#titanium" /></technique_common></bind_material></instance_geometry></node><node id="mesh26-node"><instance_geometry url="#mesh26"><bind_material><technique_common><instance_material symbol="copper" target="#copper" /></technique_common></bind_material></instance_geometry></node><node id="mesh27-node"><instance_geometry url="#mesh27"><bind_material><technique_common><instance_material symbol="graphite" target="#graphite" /></technique_common></bind_material></instance_geometry></node><node id="mesh28-node"><instance_geometry url="#mesh28"><bind_material><technique_common><instance_material symbol="ivory" target="#ivory" /></technique_common></bind_material></instance_geometry></node><node id="mesh29-node"><instance_geometry url="#mesh29"><bind_material><technique_common><instance_material symbol="rubber" target="#rubber" /></technique_common></bind_material></instance_geometry></node><node id="mesh30-node"><instance_geometry url="#mesh30"><bind_material><technique_common><instance_material symbol="lens" target="#lens" /></technique_common></bind_material></instance_geometry></node><node id="mesh31-node"><instance_geometry url="#mesh31"><bind_material><technique_common><instance_material symbol="rubber" target="#rubber" /></technique_common></bind_material></instance_geometry></node><node id="mesh32-node"><instance_geometry url="#mesh32"><bind_material><technique_common><instance_material symbol="lens" target="#lens" /></technique_common></bind_material></instance_geometry></node><node id="mesh33-node"><instance_geometry url="#mesh33"><bind_material><technique_common><instance_material symbol="titanium" target="#titanium" /></technique_common></bind_material></instance_geometry></node><node id="mesh34-node"><instance_geometry url="#mesh34"><bind_material><technique_common><instance_material symbol="graphite" target="#graphite" /></technique_common></bind_material></instance_geometry></node><node id="mesh35-node"><instance_geometry url="#mesh35"><bind_material><technique_common><instance_material symbol="graphite" target="#graphite" /></technique_common></bind_material></instance_geometry></node><node id="mesh36-node"><instance_geometry url="#mesh36"><bind_material><technique_common><instance_material symbol="ivory" target="#ivory" /></technique_common></bind_material></instance_geometry></node></visual_scene></library_visual_scenes><scene><instance_visual_scene url="#Scene" /></scene></COLLADA>