<?xml version='1.0' encoding='utf-8'?>
<COLLADA xmlns="http://www.collada.org/2005/11/COLLADASchema" version="1.4.1"><asset><unit name="meter" meter="1" /><up_axis>Z_UP</up_axis></asset><library_effects><effect id="graphite-fx"><profile_COMMON><technique sid="common"><phong><emission><color>0 0 0 1</color></emission><ambient><color>0.065 0.075 0.085 1</color></ambient><diffuse><color>0.065 0.075 0.085 1</color></diffuse><specular><color>0.12 0.12 0.12 1</color></specular><shininess><float>25</float></shininess></phong></technique></profile_COMMON></effect><effect id="titanium-fx"><profile_COMMON><technique sid="common"><phong><emission><color>0 0 0 1</color></emission><ambient><color>0.36 0.4 0.43 1</color></ambient><diffuse><color>0.36 0.4 0.43 1</color></diffuse><specular><color>0.12 0.12 0.12 1</color></specular><shininess><float>25</float></shininess></phong></technique></profile_COMMON></effect><effect id="ivory-fx"><profile_COMMON><technique sid="common"><phong><emission><color>0 0 0 1</color></emission><ambient><color>0.72 0.72 0.65 1</color></ambient><diffuse><color>0.72 0.72 0.65 1</color></diffuse><specular><color>0.12 0.12 0.12 1</color></specular><shininess><float>25</float></shininess></phong></technique></profile_COMMON></effect><effect id="copper-fx"><profile_COMMON><technique sid="common"><phong><emission><color>0 0 0 1</color></emission><ambient><color>0.66 0.29 0.08 1</color></ambient><diffuse><color>0.66 0.29 0.08 1</color></diffuse><specular><color>0.12 0.12 0.12 1</color></specular><shininess><float>25</float></shininess></phong></technique></profile_COMMON></effect><effect id="rubber-fx"><profile_COMMON><technique sid="common"><phong><emission><color>0 0 0 1</color></emission><ambient><color>0.025 0.028 0.032 1</color></ambient><diffuse><color>0.025 0.028 0.032 1</color></diffuse><specular><color>0.12 0.12 0.12 1</color></specular><shininess><float>25</float></shininess></phong></technique></profile_COMMON></effect><effect id="lens-fx"><profile_COMMON><technique sid="common"><phong><emission><color>0 0 0 1</color></emission><ambient><color>0.05 0.26 0.33 1</color></ambient><diffuse><color>0.05 0.26 0.33 1</color></diffuse><specular><color>0.12 0.12 0.12 1</color></specular><shininess><float>25</float></shininess></phong></technique></profile_COMMON></effect></library_effects><library_materials><material id="graphite"><instance_effect url="#graphite-fx" /></material><material id="titanium"><instance_effect url="#titanium-fx" /></material><material id="ivory"><instance_effect url="#ivory-fx" /></material><material id="copper"><instance_effect url="#copper-fx" /></material><material id="rubber"><instance_effect url="#rubber-fx" /></material><material id="lens"><instance_effect url="#lens-fx" /></material></library_materials><library_geometries><geometry id="mesh0"><mesh><source id="mesh0-positions"><float_array id="mesh0-array" count="144">-1.0116720794428602e-08 -0.060000013560056686 0.06700001657009125 -1.0116720794428602e-08 0.05999999865889549 0.06700000166893005 -0.0173408892005682 -0.060000013560056686 0.06471704691648483 -0.0173408892005682 0.05999999865889549 0.06471703201532364 -0.03350001573562622 -0.060000013560056686 0.058023713529109955 -0.03350001573562622 0.05999999865889549 0.05802369490265846 -0.04737617447972298 -0.060000013560056686 0.04737616330385208 -0.04737617447972298 0.05999999865889549 0.04737614840269089 -0.05802372097969055 -0.06000000983476639 0.033500004559755325 -0.05802372097969055 0.06000000238418579 0.03349998593330383 -0.06471704691648483 -0.06000000983476639 0.017340876162052155 -0.06471704691648483 0.06000000238418579 0.01734085939824581 -0.06700001657009125 -0.06000000610947609 -2.0551897961240684e-09 -0.06700001657009125 0.06000000610947609 -1.8178251792733136e-08 -0.06471704691648483 -0.06000000238418579 -0.017340879887342453 -0.06471704691648483 0.06000000983476639 -0.017340896651148796 -0.058023713529109955 -0.06000000238418579 -0.033500004559755325 -0.058023713529109955 0.06000000983476639 -0.03350002318620682 -0.04737615957856178 -0.05999999865889549 -0.04737616330385208 -0.04737615957856178 0.060000013560056686 -0.047376178205013275 -0.03350000083446503 -0.05999999865889549 -0.05802370607852936 -0.03350000083446503 0.060000013560056686 -0.05802372470498085 -0.017340870574116707 -0.05999999865889549 -0.06471703201532364 -0.017340870574116707 0.060000013560056686 -0.06471704691648483 1.0116720794428602e-08 -0.05999999865889549 -0.06700000166893005 1.0116720794428602e-08 0.060000013560056686 -0.06700001657009125 0.0173408892005682 -0.05999999865889549 -0.06471703201532364 0.0173408892005682 0.060000013560056686 -0.06471704691648483 0.03350001573562622 -0.05999999865889549 -0.05802369490265846 0.03350001573562622 0.060000013560056686 -0.058023713529109955 0.04737617447972298 -0.05999999865889549 -0.04737614840269089 0.04737617447972298 0.060000013560056686 -0.04737616330385208 0.05802372097969055 -0.06000000238418579 -0.03349998593330383 0.05802372097969055 0.06000000983476639 -0.033500004559755325 0.06471704691648483 -0.06000000238418579 -0.01734085939824581 0.06471704691648483 0.06000000983476639 -0.017340876162052155 0.06700001657009125 -0.06000000610947609 1.8178251792733136e-08 0.06700001657009125 0.06000000610947609 2.0551897961240684e-09 0.06471704691648483 -0.06000000983476639 0.017340896651148796 0.06471704691648483 0.06000000238418579 0.017340879887342453 0.058023713529109955 -0.06000000983476639 0.03350002318620682 0.058023713529109955 0.06000000238418579 0.033500004559755325 0.04737615957856178 -0.060000013560056686 0.047376178205013275 0.04737615957856178 0.05999999865889549 0.04737616330385208 0.03350000083446503 -0.060000013560056686 0.05802372470498085 0.03350000083446503 0.05999999865889549 0.05802370607852936 0.017340870574116707 -0.060000013560056686 0.06471704691648483 0.017340870574116707 0.05999999865889549 0.06471703201532364</float_array><technique_common><accessor source="#mesh0-array" count="48" stride="3"><param name="X" type="float" /><param name="Y" type="float" /><param name="Z" type="float" /></accessor></technique_common></source><source id="mesh0-normals"><float_array id="mesh0-normals-array" count="276">-0.1305263340473175 1.3320936886884738e-07 0.9914448261260986 -0.1305263340473175 1.3320936886884738e-07 0.9914448261260986 -0.3826836049556732 1.2413136118993862e-07 0.9238795042037964 -0.3826836049556732 1.2413136118993862e-07 0.9238795042037964 -0.6087614893913269 1.0659402960300213e-07 0.7933533191680908 -0.6087614893913269 1.0659402960300213e-07 0.7933533191680908 -0.7933534979820251 8.17924572515949e-08 0.6087613105773926 -0.7933534979820251 8.17924572515949e-08 0.6087613105773926 -0.9238796234130859 5.141689385368409e-08 0.3826833963394165 -0.9238796234130859 5.141689385368409e-08 0.3826833963394165 -0.9914449453353882 1.753733158693649e-08 0.1305260807275772 -0.9914449453353882 1.753733158693649e-08 0.1305260807275772 -0.9914448261260986 -1.7537368890430116e-08 -0.1305263638496399 -0.9914448261260986 -1.7537368890430116e-08 -0.1305263638496399 -0.9238795042037964 -5.1416929380820875e-08 -0.3826836943626404 -0.9238795042037964 -5.1416929380820875e-08 -0.3826836943626404 -0.793353259563446 -8.179248567330433e-08 -0.6087615489959717 -0.793353259563446 -8.179248567330433e-08 -0.6087615489959717 -0.6087612509727478 -1.0659405802471156e-07 -0.7933535575866699 -0.6087612509727478 -1.0659405802471156e-07 -0.7933535575866699 -0.38268330693244934 -1.2413138961164805e-07 -0.9238796234130859 -0.38268330693244934 -1.2413138961164805e-07 -0.9238796234130859 -0.13052605092525482 -1.332093830797021e-07 -0.9914449453353882 -0.13052605092525482 -1.332093830797021e-07 -0.9914449453353882 0.1305263340473175 -1.3320936886884738e-07 -0.9914448261260986 0.1305263340473175 -1.3320936886884738e-07 -0.9914448261260986 0.3826836049556732 -1.2413136118993862e-07 -0.9238795042037964 0.3826836049556732 -1.2413136118993862e-07 -0.9238795042037964 0.6087614893913269 -1.0659402960300213e-07 -0.7933533191680908 0.6087614893913269 -1.0659402960300213e-07 -0.7933533191680908 0.7933534979820251 -8.17924572515949e-08 -0.6087613105773926 0.7933534979820251 -8.17924572515949e-08 -0.6087613105773926 0.9238796234130859 -5.141689385368409e-08 -0.3826833963394165 0.9238796234130859 -5.141689385368409e-08 -0.3826833963394165 0.9914449453353882 -1.753733158693649e-08 -0.1305260807275772 0.9914449453353882 -1.753733158693649e-08 -0.1305260807275772 0.9914448261260986 1.7537368890430116e-08 0.1305263638496399 0.9914448261260986 1.7537368890430116e-08 0.1305263638496399 0.9238795042037964 5.1416929380820875e-08 0.3826836943626404 0.9238795042037964 5.1416929380820875e-08 0.3826836943626404 0.793353259563446 8.179248567330433e-08 0.6087615489959717 0.793353259563446 8.179248567330433e-08 0.6087615489959717 0.6087612509727478 1.0659405802471156e-07 0.7933535575866699 0.6087612509727478 1.0659405802471156e-07 0.7933535575866699 -2.028761815660307e-14 1.0 1.343588280633412e-07 -2.028761815660307e-14 1.0 1.343588280633412e-07 -2.0287619850668966e-14 1.0 1.343588280633412e-07 -2.028761815660307e-14 1.0 1.343588280633412e-07 -2.028761815660307e-14 1.0 1.343588280633412e-07 -2.0287619850668966e-14 1.0 1.343588280633412e-07 -2.028761815660307e-14 1.0 1.343588280633412e-07 -2.028761815660307e-14 1.0 1.343588280633412e-07 -2.0287619850668966e-14 1.0 1.343588280633412e-07 -2.028761815660307e-14 1.0 1.343588280633412e-07 -2.028761815660307e-14 1.0 1.343588280633412e-07 -2.0287619850668966e-14 1.0 1.343588280633412e-07 -2.028761815660307e-14 1.0 1.343588280633412e-07 -2.028761815660307e-14 1.0 1.343588280633412e-07 -2.028761815660307e-14 1.0 1.343588280633412e-07 -2.028761815660307e-14 1.0 1.343588280633412e-07 -2.028761815660307e-14 1.0 1.343588280633412e-07 -2.028761815660307e-14 1.0 1.343588280633412e-07 -2.0287619850668966e-14 1.0 1.343588280633412e-07 -2.0287619850668966e-14 1.0 1.343588280633412e-07 -2.0287619850668966e-14 1.0 1.343588280633412e-07 -2.028761815660307e-14 1.0 1.343588280633412e-07 0.38268330693244934 1.2413138961164805e-07 0.9238796234130859 0.38268330693244934 1.2413138961164805e-07 0.9238796234130859 0.13052605092525482 1.332093830797021e-07 0.9914449453353882 0.13052605092525482 1.332093830797021e-07 0.9914449453353882 2.028761815660307e-14 -1.0 -1.343588280633412e-07 2.028761815660307e-14 -1.0 -1.343588280633412e-07 2.028761815660307e-14 -1.0 -1.343588280633412e-07 2.028761815660307e-14 -1.0 -1.343588280633412e-07 2.028761815660307e-14 -1.0 -1.343588280633412e-07 2.028761815660307e-14 -1.0 -1.343588280633412e-07 2.028761815660307e-14 -1.0 -1.343588280633412e-07 2.028761815660307e-14 -1.0 -1.343588280633412e-07 2.028761815660307e-14 -1.0 -1.343588280633412e-07 2.028761815660307e-14 -1.0 -1.343588280633412e-07 2.028761815660307e-14 -1.0 -1.343588280633412e-07 2.028761815660307e-14 -1.0 -1.343588280633412e-07 2.028761815660307e-14 -1.0 -1.343588280633412e-07 2.028761815660307e-14 -1.0 -1.343588280633412e-07 2.028761815660307e-14 -1.0 -1.343588280633412e-07 2.028761815660307e-14 -1.0 -1.343588280633412e-07 2.028761815660307e-14 -1.0 -1.343588280633412e-07 2.028761815660307e-14 -1.0 -1.343588280633412e-07 2.0287619850668966e-14 -1.0 -1.343588280633412e-07 2.028761815660307e-14 -1.0 -1.343588280633412e-07 2.028761815660307e-14 -1.0 -1.343588280633412e-07 2.028761815660307e-14 -1.0 -1.343588280633412e-07</float_array><technique_common><accessor source="#mesh0-normals-array" count="92" stride="3"><param name="X" type="float" /><param name="Y" type="float" /><param name="Z" type="float" /></accessor></technique_common></source><vertices id="mesh0-vertices"><input semantic="POSITION" source="#mesh0-positions" /></vertices><triangles count="92" material="graphite"><input semantic="VERTEX" source="#mesh0-vertices" offset="0" /><input semantic="NORMAL" source="#mesh0-normals" offset="1" /><p>0 0 1 0 3 0 0 1 3 1 2 1 2 2 3 2 5 2 2 3 5 3 4 3 4 4 5 4 7 4 4 5 7 5 6 5 6 6 7 6 9 6 6 7 9 7 8 7 8 8 9 8 11 8 8 9 11 9 10 9 10 10 11 10 13 10 10 11 13 11 12 11 12 12 13 12 15 12 12 13 15 13 14 13 14 14 15 14 17 14 14 15 17 15 16 15 16 16 17 16 19 16 16 17 19 17 18 17 18 18 19 18 21 18 18 19 21 19 20 19 20 20 21 20 23 20 20 21 23 21 22 21 22 22 23 22 25 22 22 23 25 23 24 23 24 24 25 24 27 24 24 25 27 25 26 25 26 26 27 26 29 26 26 27 29 27 28 27 28 28 29 28 31 28 28 29 31 29 30 29 30 30 31 30 33 30 30 31 33 31 32 31 32 32 33 32 35 32 32 33 35 33 34 33 34 34 35 34 37 34 34 35 37 35 36 35 36 36 37 36 39 36 36 37 39 37 38 37 38 38 39 38 41 38 38 39 41 39 40 39 40 40 41 40 43 40 40 41 43 41 42 41 42 42 43 42 45 42 42 43 45 43 44 43 5 44 3 44 1 44 1 45 47 45 45 45 45 46 43 46 41 46 41 47 39 47 37 47 37 48 35 48 33 48 33 49 31 49 29 49 29 50 27 50 25 50 25 51 23 51 21 51 21 52 19 52 17 52 17 53 15 53 13 53 13 54 11 54 9 54 9 55 7 55 5 55 5 56 1 56 45 56 45 57 41 57 37 57 37 58 33 58 29 58 29 59 25 59 21 59 21 60 17 60 13 60 13 61 9 61 5 61 5 62 45 62 37 62 37 63 29 63 21 63 21 64 13 64 5 64 37 65 21 65 5 65 44 66 45 66 47 66 44 67 47 67 46 67 46 68 47 68 1 68 46 69 1 69 0 69 46 70 0 70 2 70 2 71 4 71 6 71 6 72 8 72 10 72 10 73 12 73 14 73 14 74 16 74 18 74 18 75 20 75 22 75 22 76 24 76 26 76 26 77 28 77 30 77 30 78 32 78 34 78 34 79 36 79 38 79 38 80 40 80 42 80 42 81 44 81 46 81 46 82 2 82 6 82 6 83 10 83 14 83 14 84 18 84 22 84 22 85 26 85 30 85 30 86 34 86 38 86 38 87 42 87 46 87 46 88 6 88 14 88 14 89 22 89 30 89 30 90 38 90 46 90 14 91 30 91 46 91</p></triangles></mesh></geometry><geometry id="mesh1"><mesh><source id="mesh1-positions"><float_array id="mesh1-array" count="144">-8.599212009130497e-09 -0.07000000774860382 0.056950006633996964 -8.599212009130497e-09 -0.05800000950694084 0.056950006633996964 -0.014739756472408772 -0.07000000774860382 0.05500948056578636 -0.014739756472408772 -0.05800000950694084 0.05500947684049606 -0.028475014492869377 -0.07000000774860382 0.049320150166749954 -0.028475014492869377 -0.05800000950694084 0.049320150166749954 -0.040269747376441956 -0.07000000774860382 0.04026972874999046 -0.040269747376441956 -0.05800000950694084 0.040269725024700165 -0.04932016134262085 -0.07000000774860382 0.028474995866417885 -0.04932016134262085 -0.05800000578165054 0.028474995866417885 -0.05500949174165726 -0.07000000774860382 0.014739738777279854 -0.05500949174165726 -0.05800000578165054 0.014739736914634705 -0.05695001408457756 -0.07000000029802322 -7.793058642846518e-09 -0.05695001408457756 -0.058000002056360245 -9.405365375414476e-09 -0.05500948429107666 -0.07000000029802322 -0.014739753678441048 -0.05500948429107666 -0.058000002056360245 -0.014739755541086197 -0.04932015389204025 -0.07000000029802322 -0.02847501076757908 -0.04932015389204025 -0.057999998331069946 -0.02847501076757908 -0.04026973247528076 -0.07000000029802322 -0.04026973620057106 -0.04026973247528076 -0.057999998331069946 -0.04026973992586136 -0.028474999591708183 -0.06999999284744263 -0.04932015761733055 -0.028474999591708183 -0.05799999460577965 -0.04932015761733055 -0.014739739708602428 -0.06999999284744263 -0.05500948056578636 -0.014739739708602428 -0.05799999460577965 -0.05500948429107666 8.599212009130497e-09 -0.06999999284744263 -0.056950006633996964 8.599212009130497e-09 -0.05799999460577965 -0.056950006633996964 0.014739756472408772 -0.06999999284744263 -0.05500947684049606 0.014739756472408772 -0.05799999460577965 -0.05500948056578636 0.028475014492869377 -0.06999999284744263 -0.049320150166749954 0.028475014492869377 -0.05799999460577965 -0.049320150166749954 0.040269747376441956 -0.07000000029802322 -0.040269725024700165 0.040269747376441956 -0.057999998331069946 -0.04026972874999046 0.04932016134262085 -0.07000000029802322 -0.028474995866417885 0.04932016134262085 -0.057999998331069946 -0.028474995866417885 0.05500949174165726 -0.07000000029802322 -0.014739736914634705 0.05500949174165726 -0.058000002056360245 -0.014739738777279854 0.05695001408457756 -0.07000000029802322 9.405365375414476e-09 0.05695001408457756 -0.058000002056360245 7.793058642846518e-09 0.05500948429107666 -0.07000000774860382 0.014739755541086197 0.05500948429107666 -0.05800000578165054 0.014739753678441048 0.04932015389204025 -0.07000000774860382 0.02847501076757908 0.04932015389204025 -0.05800000578165054 0.02847501076757908 0.04026973247528076 -0.07000000774860382 0.04026973992586136 0.04026973247528076 -0.05800000950694084 0.04026973620057106 0.028474999591708183 -0.07000000774860382 0.04932015761733055 0.028474999591708183 -0.05800000950694084 0.04932015761733055 0.014739739708602428 -0.07000000774860382 0.05500948429107666 0.014739739708602428 -0.05800000950694084 0.05500948056578636</float_array><technique_common><accessor source="#mesh1-array" count="48" stride="3"><param name="X" type="float" /><param name="Y" type="float" /><param name="Z" type="float" /></accessor></technique_common></source><source id="mesh1-normals"><float_array id="mesh1-normals-array" count="276">-0.13052645325660706 1.3320936886884738e-07 0.9914448857307434 -0.13052645325660706 1.3320936886884738e-07 0.9914448857307434 -0.3826834559440613 1.2413137540079333e-07 0.9238796234130859 -0.3826834559440613 1.2413137540079333e-07 0.9238796234130859 -0.6087616682052612 1.065940011812927e-07 0.7933531403541565 -0.6087616682052612 1.065940011812927e-07 0.7933531403541565 -0.7933533191680908 8.179247856787697e-08 0.6087614893913269 -0.7933533191680908 8.179247856787697e-08 0.6087614893913269 -0.9238796234130859 5.1416868984688335e-08 0.3826831877231598 -0.9238796234130859 5.1416868984688335e-08 0.3826831877231598 -0.9914448857307434 1.7537345797791204e-08 0.13052618503570557 -0.9914448857307434 1.7537345797791204e-08 0.13052618503570557 -0.9914448857307434 -1.753738487764167e-08 -0.13052648305892944 -0.9914448857307434 -1.753738487764167e-08 -0.13052648305892944 -0.9238795042037964 -5.1416904511825123e-08 -0.38268348574638367 -0.9238795042037964 -5.1416904511825123e-08 -0.38268348574638367 -0.7933531403541565 -8.179252120044112e-08 -0.6087617874145508 -0.7933531403541565 -8.179252120044112e-08 -0.6087617874145508 -0.6087614297866821 -1.0659402960300213e-07 -0.7933533787727356 -0.6087614297866821 -1.0659402960300213e-07 -0.7933533787727356 -0.3826831579208374 -1.2413140382250276e-07 -0.9238797426223755 -0.3826831579208374 -1.2413140382250276e-07 -0.9238797426223755 -0.13052615523338318 -1.3320936886884738e-07 -0.9914448857307434 -0.13052615523338318 -1.3320936886884738e-07 -0.9914448857307434 0.13052645325660706 -1.3320936886884738e-07 -0.9914448857307434 0.13052645325660706 -1.3320936886884738e-07 -0.9914448857307434 0.3826834559440613 -1.2413137540079333e-07 -0.9238796234130859 0.3826834559440613 -1.2413137540079333e-07 -0.9238796234130859 0.6087616682052612 -1.065940011812927e-07 -0.7933531403541565 0.6087616682052612 -1.065940011812927e-07 -0.7933531403541565 0.7933533191680908 -8.179247856787697e-08 -0.6087614893913269 0.7933533191680908 -8.179247856787697e-08 -0.6087614893913269 0.9238796234130859 -5.1416868984688335e-08 -0.3826831877231598 0.9238796234130859 -5.1416868984688335e-08 -0.3826831877231598 0.9914448857307434 -1.7537345797791204e-08 -0.13052618503570557 0.9914448857307434 -1.7537345797791204e-08 -0.13052618503570557 0.9914448857307434 1.753738487764167e-08 0.13052648305892944 0.9914448857307434 1.753738487764167e-08 0.13052648305892944 0.9238795042037964 5.1416904511825123e-08 0.38268348574638367 0.9238795042037964 5.1416904511825123e-08 0.38268348574638367 0.7933531403541565 8.179252120044112e-08 0.6087617874145508 0.7933531403541565 8.179252120044112e-08 0.6087617874145508 0.6087614297866821 1.0659402960300213e-07 0.7933533787727356 0.6087614297866821 1.0659402960300213e-07 0.7933533787727356 -2.0287619850668966e-14 1.0 1.343588280633412e-07 -2.0287619850668966e-14 1.0 1.343588280633412e-07 -2.028761815660307e-14 1.0 1.343588280633412e-07 -2.0287619850668966e-14 1.0 1.343588280633412e-07 -2.0287619850668966e-14 1.0 1.343588280633412e-07 -2.028761815660307e-14 1.0 1.343588280633412e-07 -2.0287619850668966e-14 1.0 1.343588280633412e-07 -2.0287619850668966e-14 1.0 1.343588280633412e-07 -2.028761815660307e-14 1.0 1.343588280633412e-07 -2.0287619850668966e-14 1.0 1.343588280633412e-07 -2.0287619850668966e-14 1.0 1.343588280633412e-07 -2.028761815660307e-14 1.0 1.343588280633412e-07 -2.0287619850668966e-14 1.0 1.343588280633412e-07 -2.028761815660307e-14 1.0 1.343588280633412e-07 -2.028761815660307e-14 1.0 1.343588280633412e-07 -2.0287619850668966e-14 1.0 1.343588280633412e-07 -2.028761815660307e-14 1.0 1.343588280633412e-07 -2.028761815660307e-14 1.0 1.343588280633412e-07 -2.028761815660307e-14 1.0 1.343588280633412e-07 -2.028761815660307e-14 1.0 1.343588280633412e-07 -2.028761815660307e-14 1.0 1.343588280633412e-07 -2.028761815660307e-14 1.0 1.343588280633412e-07 0.3826831579208374 1.2413140382250276e-07 0.9238797426223755 0.3826831579208374 1.2413140382250276e-07 0.9238797426223755 0.13052615523338318 1.3320936886884738e-07 0.9914448857307434 0.13052615523338318 1.3320936886884738e-07 0.9914448857307434 2.028761815660307e-14 -1.0 -1.343588280633412e-07 2.028761815660307e-14 -1.0 -1.343588280633412e-07 2.028761815660307e-14 -1.0 -1.343588280633412e-07 2.028761815660307e-14 -1.0 -1.343588280633412e-07 2.028761815660307e-14 -1.0 -1.343588280633412e-07 2.028761815660307e-14 -1.0 -1.343588280633412e-07 2.028761815660307e-14 -1.0 -1.343588280633412e-07 2.028761815660307e-14 -1.0 -1.343588280633412e-07 2.028761815660307e-14 -1.0 -1.343588280633412e-07 2.028761815660307e-14 -1.0 -1.343588280633412e-07 2.028761815660307e-14 -1.0 -1.343588280633412e-07 2.028761815660307e-14 -1.0 -1.343588280633412e-07 2.028761815660307e-14 -1.0 -1.343588280633412e-07 2.028761815660307e-14 -1.0 -1.343588280633412e-07 2.028761815660307e-14 -1.0 -1.343588280633412e-07 2.028761815660307e-14 -1.0 -1.343588280633412e-07 2.028761815660307e-14 -1.0 -1.343588280633412e-07 2.028761815660307e-14 -1.0 -1.343588280633412e-07 2.028761815660307e-14 -1.0 -1.343588280633412e-07 2.028761815660307e-14 -1.0 -1.343588280633412e-07 2.028761815660307e-14 -1.0 -1.343588280633412e-07 2.028761815660307e-14 -1.0 -1.343588280633412e-07</float_array><technique_common><accessor source="#mesh1-normals-array" count="92" stride="3"><param name="X" type="float" /><param name="Y" type="float" /><param name="Z" type="float" /></accessor></technique_common></source><vertices id="mesh1-vertices"><input semantic="POSITION" source="#mesh1-positions" /></vertices><triangles count="92" material="ivory"><input semantic="VERTEX" source="#mesh1-vertices" offset="0" /><input semantic="NORMAL" source="#mesh1-normals" offset="1" /><p>0 0 1 0 3 0 0 1 3 1 2 1 2 2 3 2 5 2 2 3 5 3 4 3 4 4 5 4 7 4 4 5 7 5 6 5 6 6 7 6 9 6 6 7 9 7 8 7 8 8 9 8 11 8 8 9 11 9 10 9 10 10 11 10 13 10 10 11 13 11 12 11 12 12 13 12 15 12 12 13 15 13 14 13 14 14 15 14 17 14 14 15 17 15 16 15 16 16 17 16 19 16 16 17 19 17 18 17 18 18 19 18 21 18 18 19 21 19 20 19 20 20 21 20 23 20 20 21 23 21 22 21 22 22 23 22 25 22 22 23 25 23 24 23 24 24 25 24 27 24 24 25 27 25 26 25 26 26 27 26 29 26 26 27 29 27 28 27 28 28 29 28 31 28 28 29 31 29 30 29 30 30 31 30 33 30 30 31 33 31 32 31 32 32 33 32 35 32 32 33 35 33 34 33 34 34 35 34 37 34 34 35 37 35 36 35 36 36 37 36 39 36 36 37 39 37 38 37 38 38 39 38 41 38 38 39 41 39 40 39 40 40 41 40 43 40 40 41 43 41 42 41 42 42 43 42 45 42 42 43 45 43 44 43 5 44 3 44 1 44 1 45 47 45 45 45 45 46 43 46 41 46 41 47 39 47 37 47 37 48 35 48 33 48 33 49 31 49 29 49 29 50 27 50 25 50 25 51 23 51 21 51 21 52 19 52 17 52 17 53 15 53 13 53 13 54 11 54 9 54 9 55 7 55 5 55 5 56 1 56 45 56 45 57 41 57 37 57 37 58 33 58 29 58 29 59 25 59 21 59 21 60 17 60 13 60 13 61 9 61 5 61 5 62 45 62 37 62 37 63 29 63 21 63 21 64 13 64 5 64 37 65 21 65 5 65 44 66 45 66 47 66 44 67 47 67 46 67 46 68 47 68 1 68 46 69 1 69 0 69 46 70 0 70 2 70 2 71 4 71 6 71 6 72 8 72 10 72 10 73 12 73 14 73 14 74 16 74 18 74 18 75 20 75 22 75 22 76 24 76 26 76 26 77 28 77 30 77 30 78 32 78 34 78 34 79 36 79 38 79 38 80 40 80 42 80 42 81 44 81 46 81 46 82 2 82 6 82 6 83 10 83 14 83 14 84 18 84 22 84 22 85 26 85 30 85 30 86 34 86 38 86 38 87 42 87 46 87 46 88 6 88 14 88 14 89 22 89 30 89 30 90 38 90 46 90 14 91 30 91 46 91</p></triangles></mesh></geometry><geometry id="mesh2"><mesh><source id="mesh2-positions"><float_array id="mesh2-array" count="144">-4.451357060730743e-09 -0.07300000637769699 0.02948000468313694 -4.451357060730743e-09 -0.05500000715255737 0.02948000095784664 -0.007629991043359041 -0.07300000637769699 0.02847549505531788 -0.007629991043359041 -0.05500000715255737 0.02847549319267273 -0.014740006998181343 -0.07300000637769699 0.025530429556965828 -0.014740006998181343 -0.05500000715255737 0.02553042769432068 -0.02084551565349102 -0.07300000637769699 0.020845506340265274 -0.02084551565349102 -0.05500000715255737 0.020845504477620125 -0.025530435144901276 -0.07300000637769699 0.014739998616278172 -0.025530435144901276 -0.05500000715255737 0.014739996753633022 -0.028475500643253326 -0.07300000637769699 0.00762998266145587 -0.028475500643253326 -0.05500000715255737 0.007629980333149433 -0.02948000654578209 -0.0729999989271164 -3.2421276774385888e-09 -0.02948000654578209 -0.055000003427267075 -5.660586666067502e-09 -0.028475496917963028 -0.0729999989271164 -0.007629989180713892 -0.028475496917963028 -0.055000003427267075 -0.0076299915090203285 -0.025530431419610977 -0.0729999989271164 -0.01474000420421362 -0.025530431419610977 -0.055000003427267075 -0.014740006066858768 -0.020845508202910423 -0.0729999989271164 -0.020845510065555573 -0.020845508202910423 -0.054999999701976776 -0.020845511928200722 -0.014739999547600746 -0.0729999989271164 -0.025530433282256126 -0.014739999547600746 -0.054999999701976776 -0.025530435144901276 -0.00762998266145587 -0.0729999989271164 -0.02847549505531788 -0.00762998266145587 -0.054999999701976776 -0.028475496917963028 4.451357060730743e-09 -0.0729999989271164 -0.02948000095784664 4.451357060730743e-09 -0.054999999701976776 -0.02948000468313694 0.007629991043359041 -0.0729999989271164 -0.02847549319267273 0.007629991043359041 -0.054999999701976776 -0.02847549505531788 0.014740006998181343 -0.0729999989271164 -0.02553042769432068 0.014740006998181343 -0.054999999701976776 -0.025530429556965828 0.02084551565349102 -0.0729999989271164 -0.020845504477620125 0.02084551565349102 -0.054999999701976776 -0.020845506340265274 0.025530435144901276 -0.0729999989271164 -0.014739996753633022 0.025530435144901276 -0.055000003427267075 -0.014739998616278172 0.028475500643253326 -0.0729999989271164 -0.007629980333149433 0.028475500643253326 -0.055000003427267075 -0.00762998266145587 0.02948000654578209 -0.0729999989271164 5.660586666067502e-09 0.02948000654578209 -0.055000003427267075 3.2421276774385888e-09 0.028475496917963028 -0.07300000637769699 0.0076299915090203285 0.028475496917963028 -0.05500000715255737 0.007629989180713892 0.025530431419610977 -0.07300000637769699 0.014740006066858768 0.025530431419610977 -0.05500000715255737 0.01474000420421362 0.020845508202910423 -0.07300000637769699 0.020845511928200722 0.020845508202910423 -0.05500000715255737 0.020845510065555573 0.014739999547600746 -0.07300000637769699 0.025530435144901276 0.014739999547600746 -0.05500000715255737 0.025530433282256126 0.00762998266145587 -0.07300000637769699 0.028475496917963028 0.00762998266145587 -0.05500000715255737 0.02847549505531788</float_array><technique_common><accessor source="#mesh2-array" count="48" stride="3"><param name="X" type="float" /><param name="Y" type="float" /><param name="Z" type="float" /></accessor></technique_common></source><source id="mesh2-normals"><float_array id="mesh2-normals-array" count="276">-0.13052646815776825 1.3320936886884738e-07 0.9914448261260986 -0.13052646815776825 1.3320936886884738e-07 0.9914448261260986 -0.38268348574638367 1.2413137540079333e-07 0.9238795638084412 -0.38268348574638367 1.2413137540079333e-07 0.9238795638084412 -0.6087616086006165 1.0659400828672005e-07 0.7933531999588013 -0.6087616086006165 1.0659400828672005e-07 0.7933531999588013 -0.7933533787727356 8.179247146244961e-08 0.6087614297866821 -0.7933533787727356 8.179247146244961e-08 0.6087614297866821 -0.9238796830177307 5.141687609011569e-08 0.38268324732780457 -0.9238796830177307 5.141687609011569e-08 0.38268324732780457 -0.9914449453353882 1.7537351126861722e-08 0.13052621483802795 -0.9914449453353882 1.7537351126861722e-08 0.13052621483802795 -0.9914448261260986 -1.753738665399851e-08 -0.13052649796009064 -0.9914448261260986 -1.753738665399851e-08 -0.13052649796009064 -0.9238795638084412 -5.141691161725248e-08 -0.38268354535102844 -0.9238795638084412 -5.141691161725248e-08 -0.38268354535102844 -0.7933531403541565 -8.179249988415904e-08 -0.6087616682052612 -0.7933531403541565 -8.179249988415904e-08 -0.6087616682052612 -0.6087613701820374 -1.0659403670842948e-07 -0.7933534383773804 -0.6087613701820374 -1.0659403670842948e-07 -0.7933534383773804 -0.3826831877231598 -1.2413140382250276e-07 -0.9238796830177307 -0.3826831877231598 -1.2413140382250276e-07 -0.9238796830177307 -0.13052618503570557 -1.332093830797021e-07 -0.9914449453353882 -0.13052618503570557 -1.332093830797021e-07 -0.9914449453353882 0.13052646815776825 -1.3320936886884738e-07 -0.9914448261260986 0.13052646815776825 -1.3320936886884738e-07 -0.9914448261260986 0.38268348574638367 -1.2413137540079333e-07 -0.9238795638084412 0.38268348574638367 -1.2413137540079333e-07 -0.9238795638084412 0.6087616086006165 -1.0659400828672005e-07 -0.7933531999588013 0.6087616086006165 -1.0659400828672005e-07 -0.7933531999588013 0.7933533787727356 -8.179247146244961e-08 -0.6087614297866821 0.7933533787727356 -8.179247146244961e-08 -0.6087614297866821 0.9238796830177307 -5.141687609011569e-08 -0.38268324732780457 0.9238796830177307 -5.141687609011569e-08 -0.38268324732780457 0.9914449453353882 -1.7537351126861722e-08 -0.13052621483802795 0.9914449453353882 -1.7537351126861722e-08 -0.13052621483802795 0.9914448261260986 1.753738665399851e-08 0.13052649796009064 0.9914448261260986 1.753738665399851e-08 0.13052649796009064 0.9238795638084412 5.141691161725248e-08 0.38268354535102844 0.9238795638084412 5.141691161725248e-08 0.38268354535102844 0.7933531403541565 8.179249988415904e-08 0.6087616682052612 0.7933531403541565 8.179249988415904e-08 0.6087616682052612 0.6087613701820374 1.0659403670842948e-07 0.7933534383773804 0.6087613701820374 1.0659403670842948e-07 0.7933534383773804 -2.028761815660307e-14 1.0 1.343588280633412e-07 -2.028761815660307e-14 1.0 1.343588280633412e-07 -2.028761815660307e-14 1.0 1.343588280633412e-07 -2.028761815660307e-14 1.0 1.343588280633412e-07 -2.028761815660307e-14 1.0 1.343588280633412e-07 -2.028761815660307e-14 1.0 1.343588280633412e-07 -2.028761815660307e-14 1.0 1.343588280633412e-07 -2.028761815660307e-14 1.0 1.343588280633412e-07 -2.028761815660307e-14 1.0 1.343588280633412e-07 -2.028761815660307e-14 1.0 1.343588280633412e-07 -2.028761815660307e-14 1.0 1.343588280633412e-07 -2.028761815660307e-14 1.0 1.343588280633412e-07 -2.0287619850668966e-14 1.0 1.343588280633412e-07 -2.028761815660307e-14 1.0 1.343588280633412e-07 -2.028761815660307e-14 1.0 1.343588280633412e-07 -2.0287619850668966e-14 1.0 1.343588280633412e-07 -2.028761815660307e-14 1.0 1.343588280633412e-07 -2.028761815660307e-14 1.0 1.343588280633412e-07 -2.028761815660307e-14 1.0 1.343588280633412e-07 -2.028761815660307e-14 1.0 1.343588280633412e-07 -2.028761815660307e-14 1.0 1.343588280633412e-07 -2.028761815660307e-14 1.0 1.343588280633412e-07 0.3826831877231598 1.2413140382250276e-07 0.9238796830177307 0.3826831877231598 1.2413140382250276e-07 0.9238796830177307 0.13052618503570557 1.332093830797021e-07 0.9914449453353882 0.13052618503570557 1.332093830797021e-07 0.9914449453353882 2.028761815660307e-14 -1.0 -1.343588280633412e-07 2.028761815660307e-14 -1.0 -1.343588280633412e-07 2.028761815660307e-14 -1.0 -1.343588280633412e-07 2.028761815660307e-14 -1.0 -1.343588280633412e-07 2.028761815660307e-14 -1.0 -1.343588280633412e-07 2.028761815660307e-14 -1.0 -1.343588280633412e-07 2.028761815660307e-14 -1.0 -1.343588280633412e-07 2.028761815660307e-14 -1.0 -1.343588280633412e-07 2.028761815660307e-14 -1.0 -1.343588280633412e-07 2.028761815660307e-14 -1.0 -1.343588280633412e-07 2.028761815660307e-14 -1.0 -1.343588280633412e-07 2.028761815660307e-14 -1.0 -1.343588280633412e-07 2.0287619850668966e-14 -1.0 -1.343588280633412e-07 2.0287619850668966e-14 -1.0 -1.343588280633412e-07 2.028761815660307e-14 -1.0 -1.343588280633412e-07 2.0287619850668966e-14 -1.0 -1.343588280633412e-07 2.0287619850668966e-14 -1.0 -1.343588280633412e-07 2.028761815660307e-14 -1.0 -1.343588280633412e-07 2.028761815660307e-14 -1.0 -1.343588280633412e-07 2.028761815660307e-14 -1.0 -1.343588280633412e-07 2.028761815660307e-14 -1.0 -1.343588280633412e-07 2.028761815660307e-14 -1.0 -1.343588280633412e-07</float_array><technique_common><accessor source="#mesh2-normals-array" count="92" stride="3"><param name="X" type="float" /><param name="Y" type="float" /><param name="Z" type="float" /></accessor></technique_common></source><vertices id="mesh2-vertices"><input semantic="POSITION" source="#mesh2-positions" /></vertices><triangles count="92" material="titanium"><input semantic="VERTEX" source="#mesh2-vertices" offset="0" /><input semantic="NORMAL" source="#mesh2-normals" offset="1" /><p>0 0 1 0 3 0 0 1 3 1 2 1 2 2 3 2 5 2 2 3 5 3 4 3 4 4 5 4 7 4 4 5 7 5 6 5 6 6 7 6 9 6 6 7 9 7 8 7 8 8 9 8 11 8 8 9 11 9 10 9 10 10 11 10 13 10 10 11 13 11 12 11 12 12 13 12 15 12 12 13 15 13 14 13 14 14 15 14 17 14 14 15 17 15 16 15 16 16 17 16 19 16 16 17 19 17 18 17 18 18 19 18 21 18 18 19 21 19 20 19 20 20 21 20 23 20 20 21 23 21 22 21 22 22 23 22 25 22 22 23 25 23 24 23 24 24 25 24 27 24 24 25 27 25 26 25 26 26 27 26 29 26 26 27 29 27 28 27 28 28 29 28 31 28 28 29 31 29 30 29 30 30 31 30 33 30 30 31 33 31 32 31 32 32 33 32 35 32 32 33 35 33 34 33 34 34 35 34 37 34 34 35 37 35 36 35 36 36 37 36 39 36 36 37 39 37 38 37 38 38 39 38 41 38 38 39 41 39 40 39 40 40 41 40 43 40 40 41 43 41 42 41 42 42 43 42 45 42 42 43 45 43 44 43 5 44 3 44 1 44 1 45 47 45 45 45 45 46 43 46 41 46 41 47 39 47 37 47 37 48 35 48 33 48 33 49 31 49 29 49 29 50 27 50 25 50 25 51 23 51 21 51 21 52 19 52 17 52 17 53 15 53 13 53 13 54 11 54 9 54 9 55 7 55 5 55 5 56 1 56 45 56 45 57 41 57 37 57 37 58 33 58 29 58 29 59 25 59 21 59 21 60 17 60 13 60 13 61 9 61 5 61 5 62 45 62 37 62 37 63 29 63 21 63 21 64 13 64 5 64 37 65 21 65 5 65 44 66 45 66 47 66 44 67 47 67 46 67 46 68 47 68 1 68 46 69 1 69 0 69 46 70 0 70 2 70 2 71 4 71 6 71 6 72 8 72 10 72 10 73 12 73 14 73 14 74 16 74 18 74 18 75 20 75 22 75 22 76 24 76 26 76 26 77 28 77 30 77 30 78 32 78 34 78 34 79 36 79 38 79 38 80 40 80 42 80 42 81 44 81 46 81 46 82 2 82 6 82 6 83 10 83 14 83 14 84 18 84 22 84 22 85 26 85 30 85 30 86 34 86 38 86 38 87 42 87 46 87 46 88 6 88 14 88 14 89 22 89 30 89 30 90 38 90 46 90 14 91 30 91 46 91</p></triangles></mesh></geometry><geometry id="mesh3"><mesh><source id="mesh3-positions"><float_array id="mesh3-array" count="36">0.04489000141620636 -0.07400000095367432 0.0040000020526349545 0.04489000141620636 -0.05400000512599945 0.003999999258667231 0.04142589867115021 -0.07400000095367432 0.002000001259148121 0.04142589867115021 -0.05400000512599945 0.001999998465180397 0.04142589867115021 -0.07400000095367432 -0.0019999993965029716 0.04142589867115021 -0.05400000512599945 -0.0020000021904706955 0.04489000141620636 -0.07400000095367432 -0.003999999258667231 0.04489000141620636 -0.05400000512599945 -0.0040000020526349545 0.04835410416126251 -0.07400000095367432 -0.001999998465180397 0.04835410416126251 -0.05400000512599945 -0.002000001259148121 0.04835410416126251 -0.07400000095367432 0.0020000021904706955 0.04835410416126251 -0.05400000512599945 0.0019999993965029716</float_array><technique_common><accessor source="#mesh3-array" count="12" stride="3"><param name="X" type="float" /><param name="Y" type="float" /><param name="Z" type="float" /></accessor></technique_common></source><source id="mesh3-normals"><float_array id="mesh3-normals-array" count="60">-0.5000000596046448 1.1635816576927027e-07 0.8660253882408142 -0.5000000596046448 1.1635816576927027e-07 0.8660253882408142 -1.0 -2.028762154473486e-14 -1.5099581673894136e-07 -1.0 -2.028762154473486e-14 -1.5099581673894136e-07 -0.49999985098838806 -1.1635817998012499e-07 -0.8660255074501038 -0.49999985098838806 -1.1635817998012499e-07 -0.8660255074501038 0.5000000596046448 -1.1635816576927027e-07 -0.8660253882408142 0.5000000596046448 -1.1635816576927027e-07 -0.8660253882408142 -2.028761815660307e-14 1.0 1.343588280633412e-07 -2.028761815660307e-14 1.0 1.343588280633412e-07 -2.028761815660307e-14 1.0 1.343588280633412e-07 -2.028761815660307e-14 1.0 1.343588280633412e-07 1.0 2.028762154473486e-14 1.5099581673894136e-07 1.0 2.028762154473486e-14 1.5099581673894136e-07 0.49999985098838806 1.1635817998012499e-07 0.8660255074501038 0.49999985098838806 1.1635817998012499e-07 0.8660255074501038 2.028761815660307e-14 -1.0 -1.343588280633412e-07 2.028761815660307e-14 -1.0 -1.343588280633412e-07 2.028761815660307e-14 -1.0 -1.343588280633412e-07 2.028761815660307e-14 -1.0 -1.343588280633412e-07</float_array><technique_common><accessor source="#mesh3-normals-array" count="20" stride="3"><param name="X" type="float" /><param name="Y" type="float" /><param name="Z" type="float" /></accessor></technique_common></source><vertices id="mesh3-vertices"><input semantic="POSITION" source="#mesh3-positions" /></vertices><triangles count="20" material="graphite"><input semantic="VERTEX" source="#mesh3-vertices" offset="0" /><input semantic="NORMAL" source="#mesh3-normals" offset="1" /><p>0 0 1 0 3 0 0 1 3 1 2 1 2 2 3 2 5 2 2 3 5 3 4 3 4 4 5 4 7 4 4 5 7 5 6 5 6 6 7 6 9 6 6 7 9 7 8 7 5 8 3 8 1 8 1 9 11 9 9 9 9 10 7 10 5 10 1 11 9 11 5 11 8 12 9 12 11 12 8 13 11 13 10 13 10 14 11 14 1 14 10 15 1 15 0 15 10 16 0 16 2 16 2 17 4 17 6 17 6 18 8 18 10 18 2 19 6 19 10 19</p></triangles></mesh></geometry><geometry id="mesh4"><mesh><source id="mesh4-positions"><float_array id="mesh4-array" count="36">0.02244500070810318 -0.07400000095367432 0.04287588223814964 0.02244500070810318 -0.05400000512599945 0.04287588223814964 0.018980897963047028 -0.07400000095367432 0.0408758819103241 0.018980897963047028 -0.05400000512599945 0.0408758781850338 0.018980897963047028 -0.07400000095367432 0.036875881254673004 0.018980897963047028 -0.05400000512599945 0.036875877529382706 0.02244500070810318 -0.07400000095367432 0.03487588092684746 0.02244500070810318 -0.05400000512599945 0.03487588092684746 0.025909103453159332 -0.07400000095367432 0.0368758849799633 0.025909103453159332 -0.05400000512599945 0.036875881254673004 0.025909103453159332 -0.07400000095367432 0.040875885635614395 0.025909103453159332 -0.05400000512599945 0.0408758819103241</float_array><technique_common><accessor source="#mesh4-array" count="12" stride="3"><param name="X" type="float" /><param name="Y" type="float" /><param name="Z" type="float" /></accessor></technique_common></source><source id="mesh4-normals"><float_array id="mesh4-normals-array" count="60">-0.5000000596046448 1.1635816576927027e-07 0.8660253882408142 -0.5000000596046448 1.1635816576927027e-07 0.8660253882408142 -1.0 -2.028762154473486e-14 -1.5099581673894136e-07 -1.0 -2.028762154473486e-14 -1.5099581673894136e-07 -0.49999985098838806 -1.1635817998012499e-07 -0.8660255074501038 -0.49999985098838806 -1.1635817998012499e-07 -0.8660255074501038 0.5000000596046448 -1.1635816576927027e-07 -0.8660253882408142 0.5000000596046448 -1.1635816576927027e-07 -0.8660253882408142 -2.028761815660307e-14 1.0 1.343588280633412e-07 -2.028761815660307e-14 1.0 1.343588280633412e-07 -2.028761815660307e-14 1.0 1.343588280633412e-07 -2.028761815660307e-14 1.0 1.343588280633412e-07 1.0 2.028762154473486e-14 1.5099581673894136e-07 1.0 2.028762154473486e-14 1.5099581673894136e-07 0.49999985098838806 1.1635817998012499e-07 0.8660255074501038 0.49999985098838806 1.1635817998012499e-07 0.8660255074501038 2.028761815660307e-14 -1.0 -1.343588280633412e-07 2.028761815660307e-14 -1.0 -1.343588280633412e-07 2.028761815660307e-14 -1.0 -1.343588280633412e-07 2.028761815660307e-14 -1.0 -1.343588280633412e-07</float_array><technique_common><accessor source="#mesh4-normals-array" count="20" stride="3"><param name="X" type="float" /><param name="Y" type="float" /><param name="Z" type="float" /></accessor></technique_common></source><vertices id="mesh4-vertices"><input semantic="POSITION" source="#mesh4-positions" /></vertices><triangles count="20" material="graphite"><input semantic="VERTEX" source="#mesh4-vertices" offset="0" /><input semantic="NORMAL" source="#mesh4-normals" offset="1" /><p>0 0 1 0 3 0 0 1 3 1 2 1 2 2 3 2 5 2 2 3 5 3 4 3 4 4 5 4 7 4 4 5 7 5 6 5 6 6 7 6 9 6 6 7 9 7 8 7 5 8 3 8 1 8 1 9 11 9 9 9 9 10 7 10 5 10 1 11 9 11 5 11 8 12 9 12 11 12 8 13 11 13 10 13 10 14 11 14 1 14 10 15 1 15 0 15 10 16 0 16 2 16 2 17 4 17 6 17 6 18 8 18 10 18 2 19 6 19 10 19</p></triangles></mesh></geometry><geometry id="mesh5"><mesh><source id="mesh5-positions"><float_array id="mesh5-array" count="36">-0.02244500070810318 -0.07400000095367432 0.04287588223814964 -0.02244500070810318 -0.05400000512599945 0.04287588223814964 -0.025909103453159332 -0.07400000095367432 0.0408758819103241 -0.025909103453159332 -0.05400000512599945 0.0408758781850338 -0.025909103453159332 -0.07400000095367432 0.036875881254673004 -0.025909103453159332 -0.05400000512599945 0.036875877529382706 -0.02244500070810318 -0.07400000095367432 0.03487588092684746 -0.02244500070810318 -0.05400000512599945 0.03487588092684746 -0.018980897963047028 -0.07400000095367432 0.0368758849799633 -0.018980897963047028 -0.05400000512599945 0.036875881254673004 -0.018980897963047028 -0.07400000095367432 0.040875885635614395 -0.018980897963047028 -0.05400000512599945 0.0408758819103241</float_array><technique_common><accessor source="#mesh5-array" count="12" stride="3"><param name="X" type="float" /><param name="Y" type="float" /><param name="Z" type="float" /></accessor></technique_common></source><source id="mesh5-normals"><float_array id="mesh5-normals-array" count="60">-0.5000000596046448 1.1635816576927027e-07 0.8660253882408142 -0.5000000596046448 1.1635816576927027e-07 0.8660253882408142 -1.0 -2.028762154473486e-14 -1.5099581673894136e-07 -1.0 -2.028762154473486e-14 -1.5099581673894136e-07 -0.49999985098838806 -1.1635817998012499e-07 -0.8660255074501038 -0.49999985098838806 -1.1635817998012499e-07 -0.8660255074501038 0.5000000596046448 -1.1635816576927027e-07 -0.8660253882408142 0.5000000596046448 -1.1635816576927027e-07 -0.8660253882408142 -2.028761815660307e-14 1.0 1.343588280633412e-07 -2.028761815660307e-14 1.0 1.343588280633412e-07 -2.028761815660307e-14 1.0 1.343588280633412e-07 -2.028761815660307e-14 1.0 1.343588280633412e-07 1.0 2.028762154473486e-14 1.5099581673894136e-07 1.0 2.028762154473486e-14 1.5099581673894136e-07 0.49999985098838806 1.1635817998012499e-07 0.8660255074501038 0.49999985098838806 1.1635817998012499e-07 0.8660255074501038 2.028761815660307e-14 -1.0 -1.343588280633412e-07 2.028761815660307e-14 -1.0 -1.343588280633412e-07 2.028761815660307e-14 -1.0 -1.343588280633412e-07 2.028761815660307e-14 -1.0 -1.343588280633412e-07</float_array><technique_common><accessor source="#mesh5-normals-array" count="20" stride="3"><param name="X" type="float" /><param name="Y" type="float" /><param name="Z" type="float" /></accessor></technique_common></source><vertices id="mesh5-vertices"><input semantic="POSITION" source="#mesh5-positions" /></vertices><triangles count="20" material="graphite"><input semantic="VERTEX" source="#mesh5-vertices" offset="0" /><input semantic="NORMAL" source="#mesh5-normals" offset="1" /><p>0 0 1 0 3 0 0 1 3 1 2 1 2 2 3 2 5 2 2 3 5 3 4 3 4 4 5 4 7 4 4 5 7 5 6 5 6 6 7 6 9 6 6 7 9 7 8 7 5 8 3 8 1 8 1 9 11 9 9 9 9 10 7 10 5 10 1 11 9 11 5 11 8 12 9 12 11 12 8 13 11 13 10 13 10 14 11 14 1 14 10 15 1 15 0 15 10 16 0 16 2 16 2 17 4 17 6 17 6 18 8 18 10 18 2 19 6 19 10 19</p></triangles></mesh></geometry><geometry id="mesh6"><mesh><source id="mesh6-positions"><float_array id="mesh6-array" count="36">-0.04489000141620636 -0.07400000095367432 0.0040000020526349545 -0.04489000141620636 -0.05400000512599945 0.003999999258667231 -0.04835410416126251 -0.07400000095367432 0.002000001259148121 -0.04835410416126251 -0.05400000512599945 0.001999998465180397 -0.04835410416126251 -0.07400000095367432 -0.0019999993965029716 -0.04835410416126251 -0.05400000512599945 -0.0020000021904706955 -0.04489000141620636 -0.07400000095367432 -0.003999999258667231 -0.04489000141620636 -0.05400000512599945 -0.0040000020526349545 -0.04142589867115021 -0.07400000095367432 -0.001999998465180397 -0.04142589867115021 -0.05400000512599945 -0.002000001259148121 -0.04142589867115021 -0.07400000095367432 0.0020000021904706955 -0.04142589867115021 -0.05400000512599945 0.0019999993965029716</float_array><technique_common><accessor source="#mesh6-array" count="12" stride="3"><param name="X" type="float" /><param name="Y" type="float" /><param name="Z" type="float" /></accessor></technique_common></source><source id="mesh6-normals"><float_array id="mesh6-normals-array" count="60">-0.5000000596046448 1.1635816576927027e-07 0.8660253882408142 -0.5000000596046448 1.1635816576927027e-07 0.8660253882408142 -1.0 -2.028762154473486e-14 -1.5099581673894136e-07 -1.0 -2.028762154473486e-14 -1.5099581673894136e-07 -0.49999985098838806 -1.1635817998012499e-07 -0.8660255074501038 -0.49999985098838806 -1.1635817998012499e-07 -0.8660255074501038 0.5000000596046448 -1.1635816576927027e-07 -0.8660253882408142 0.5000000596046448 -1.1635816576927027e-07 -0.8660253882408142 -2.028761815660307e-14 1.0 1.343588280633412e-07 -2.028761815660307e-14 1.0 1.343588280633412e-07 -2.028761815660307e-14 1.0 1.343588280633412e-07 -2.028761815660307e-14 1.0 1.343588280633412e-07 1.0 2.028762154473486e-14 1.5099581673894136e-07 1.0 2.028762154473486e-14 1.5099581673894136e-07 0.49999985098838806 1.1635817998012499e-07 0.8660255074501038 0.49999985098838806 1.1635817998012499e-07 0.8660255074501038 2.028761815660307e-14 -1.0 -1.343588280633412e-07 2.028761815660307e-14 -1.0 -1.343588280633412e-07 2.028761815660307e-14 -1.0 -1.343588280633412e-07 2.028761815660307e-14 -1.0 -1.343588280633412e-07</float_array><technique_common><accessor source="#mesh6-normals-array" count="20" stride="3"><param name="X" type="float" /><param name="Y" type="float" /><param name="Z" type="float" /></accessor></technique_common></source><vertices id="mesh6-vertices"><input semantic="POSITION" source="#mesh6-positions" /></vertices><triangles count="20" material="graphite"><input semantic="VERTEX" source="#mesh6-vertices" offset="0" /><input semantic="NORMAL" source="#mesh6-normals" offset="1" /><p>0 0 1 0 3 0 0 1 3 1 2 1 2 2 3 2 5 2 2 3 5 3 4 3 4 4 5 4 7 4 4 5 7 5 6 5 6 6 7 6 9 6 6 7 9 7 8 7 5 8 3 8 1 8 1 9 11 9 9 9 9 10 7 10 5 10 1 11 9 11 5 11 8 12 9 12 11 12 8 13 11 13 10 13 10 14 11 14 1 14 10 15 1 15 0 15 10 16 0 16 2 16 2 17 4 17 6 17 6 18 8 18 10 18 2 19 6 19 10 19</p></triangles></mesh></geometry><geometry id="mesh7"><mesh><source id="mesh7-positions"><float_array id="mesh7-array" count="36">-0.02244500070810318 -0.07400000095367432 -0.03487588092684746 -0.02244500070810318 -0.05400000512599945 -0.03487588092684746 -0.025909103453159332 -0.07400000095367432 -0.036875881254673004 -0.025909103453159332 -0.05400000512599945 -0.0368758849799633 -0.025909103453159332 -0.07400000095367432 -0.0408758819103241 -0.025909103453159332 -0.05400000512599945 -0.040875885635614395 -0.02244500070810318 -0.07400000095367432 -0.04287588223814964 -0.02244500070810318 -0.05400000512599945 -0.04287588223814964 -0.018980897963047028 -0.07400000095367432 -0.0408758781850338 -0.018980897963047028 -0.05400000512599945 -0.0408758819103241 -0.018980897963047028 -0.07400000095367432 -0.036875877529382706 -0.018980897963047028 -0.05400000512599945 -0.036875881254673004</float_array><technique_common><accessor source="#mesh7-array" count="12" stride="3"><param name="X" type="float" /><param name="Y" type="float" /><param name="Z" type="float" /></accessor></technique_common></source><source id="mesh7-normals"><float_array id="mesh7-normals-array" count="60">-0.5000000596046448 1.1635816576927027e-07 0.8660253882408142 -0.5000000596046448 1.1635816576927027e-07 0.8660253882408142 -1.0 -2.028762154473486e-14 -1.5099581673894136e-07 -1.0 -2.028762154473486e-14 -1.5099581673894136e-07 -0.49999985098838806 -1.1635817998012499e-07 -0.8660255074501038 -0.49999985098838806 -1.1635817998012499e-07 -0.8660255074501038 0.5000000596046448 -1.1635816576927027e-07 -0.8660253882408142 0.5000000596046448 -1.1635816576927027e-07 -0.8660253882408142 -2.028761815660307e-14 1.0 1.343588280633412e-07 -2.028761815660307e-14 1.0 1.343588280633412e-07 -2.028761815660307e-14 1.0 1.343588280633412e-07 -2.028761815660307e-14 1.0 1.343588280633412e-07 1.0 2.028762154473486e-14 1.5099581673894136e-07 1.0 2.028762154473486e-14 1.5099581673894136e-07 0.49999985098838806 1.1635817998012499e-07 0.8660255074501038 0.49999985098838806 1.1635817998012499e-07 0.8660255074501038 2.028761815660307e-14 -1.0 -1.343588280633412e-07 2.028761815660307e-14 -1.0 -1.343588280633412e-07 2.028761815660307e-14 -1.0 -1.343588280633412e-07 2.028761815660307e-14 -1.0 -1.343588280633412e-07</float_array><technique_common><accessor source="#mesh7-normals-array" count="20" stride="3"><param name="X" type="float" /><param name="Y" type="float" /><param name="Z" type="float" /></accessor></technique_common></source><vertices id="mesh7-vertices"><input semantic="POSITION" source="#mesh7-positions" /></vertices><triangles count="20" material="graphite"><input semantic="VERTEX" source="#mesh7-vertices" offset="0" /><input semantic="NORMAL" source="#mesh7-normals" offset="1" /><p>0 0 1 0 3 0 0 1 3 1 2 1 2 2 3 2 5 2 2 3 5 3 4 3 4 4 5 4 7 4 4 5 7 5 6 5 6 6 7 6 9 6 6 7 9 7 8 7 5 8 3 8 1 8 1 9 11 9 9 9 9 10 7 10 5 10 1 11 9 11 5 11 8 12 9 12 11 12 8 13 11 13 10 13 10 14 11 14 1 14 10 15 1 15 0 15 10 16 0 16 2 16 2 17 4 17 6 17 6 18 8 18 10 18 2 19 6 19 10 19</p></triangles></mesh></geometry><geometry id="mesh8"><mesh><source id="mesh8-positions"><float_array id="mesh8-array" count="36">0.02244500070810318 -0.07400000095367432 -0.03487588092684746 0.02244500070810318 -0.05400000512599945 -0.03487588092684746 0.018980897963047028 -0.07400000095367432 -0.036875881254673004 0.018980897963047028 -0.05400000512599945 -0.0368758849799633 0.018980897963047028 -0.07400000095367432 -0.0408758819103241 0.018980897963047028 -0.05400000512599945 -0.040875885635614395 0.02244500070810318 -0.07400000095367432 -0.04287588223814964 0.02244500070810318 -0.05400000512599945 -0.04287588223814964 0.025909103453159332 -0.07400000095367432 -0.0408758781850338 0.025909103453159332 -0.05400000512599945 -0.0408758819103241 0.025909103453159332 -0.07400000095367432 -0.036875877529382706 0.025909103453159332 -0.05400000512599945 -0.036875881254673004</float_array><technique_common><accessor source="#mesh8-array" count="12" stride="3"><param name="X" type="float" /><param name="Y" type="float" /><param name="Z" type="float" /></accessor></technique_common></source><source id="mesh8-normals"><float_array id="mesh8-normals-array" count="60">-0.5000000596046448 1.1635816576927027e-07 0.8660253882408142 -0.5000000596046448 1.1635816576927027e-07 0.8660253882408142 -1.0 -2.028762154473486e-14 -1.5099581673894136e-07 -1.0 -2.028762154473486e-14 -1.5099581673894136e-07 -0.49999985098838806 -1.1635817998012499e-07 -0.8660255074501038 -0.49999985098838806 -1.1635817998012499e-07 -0.8660255074501038 0.5000000596046448 -1.1635816576927027e-07 -0.8660253882408142 0.5000000596046448 -1.1635816576927027e-07 -0.8660253882408142 -2.028761815660307e-14 1.0 1.343588280633412e-07 -2.028761815660307e-14 1.0 1.343588280633412e-07 -2.028761815660307e-14 1.0 1.343588280633412e-07 -2.028761815660307e-14 1.0 1.343588280633412e-07 1.0 2.028762154473486e-14 1.5099581673894136e-07 1.0 2.028762154473486e-14 1.5099581673894136e-07 0.49999985098838806 1.1635817998012499e-07 0.8660255074501038 0.49999985098838806 1.1635817998012499e-07 0.8660255074501038 2.028761815660307e-14 -1.0 -1.343588280633412e-07 2.028761815660307e-14 -1.0 -1.343588280633412e-07 2.028761815660307e-14 -1.0 -1.343588280633412e-07 2.028761815660307e-14 -1.0 -1.343588280633412e-07</float_array><technique_common><accessor source="#mesh8-normals-array" count="20" stride="3"><param name="X" type="float" /><param name="Y" type="float" /><param name="Z" type="float" /></accessor></technique_common></source><vertices id="mesh8-vertices"><input semantic="POSITION" source="#mesh8-positions" /></vertices><triangles count="20" material="graphite"><input semantic="VERTEX" source="#mesh8-vertices" offset="0" /><input semantic="NORMAL" source="#mesh8-normals" offset="1" /><p>0 0 1 0 3 0 0 1 3 1 2 1 2 2 3 2 5 2 2 3 5 3 4 3 4 4 5 4 7 4 4 5 7 5 6 5 6 6 7 6 9 6 6 7 9 7 8 7 5 8 3 8 1 8 1 9 11 9 9 9 9 10 7 10 5 10 1 11 9 11 5 11 8 12 9 12 11 12 8 13 11 13 10 13 10 14 11 14 1 14 10 15 1 15 0 15 10 16 0 16 2 16 2 17 4 17 6 17 6 18 8 18 10 18 2 19 6 19 10 19</p></triangles></mesh></geometry><geometry id="mesh9"><mesh><source id="mesh9-positions"><float_array id="mesh9-array" count="144">-8.599212009130497e-09 0.05799999460577965 0.056950006633996964 -8.599212009130497e-09 0.06999999284744263 0.056950006633996964 -0.014739756472408772 0.05799999460577965 0.05500948056578636 -0.014739756472408772 0.06999999284744263 0.05500947684049606 -0.028475014492869377 0.05799999460577965 0.049320150166749954 -0.028475014492869377 0.06999999284744263 0.049320150166749954 -0.040269747376441956 0.057999998331069946 0.04026972874999046 -0.040269747376441956 0.07000000029802322 0.040269725024700165 -0.04932016134262085 0.057999998331069946 0.028474995866417885 -0.04932016134262085 0.07000000029802322 0.028474995866417885 -0.05500949174165726 0.058000002056360245 0.014739738777279854 -0.05500949174165726 0.07000000029802322 0.014739736914634705 -0.05695001408457756 0.058000002056360245 -7.793058642846518e-09 -0.05695001408457756 0.07000000029802322 -9.405365375414476e-09 -0.05500948429107666 0.05800000578165054 -0.014739753678441048 -0.05500948429107666 0.07000000774860382 -0.014739755541086197 -0.04932015389204025 0.05800000578165054 -0.02847501076757908 -0.04932015389204025 0.07000000774860382 -0.02847501076757908 -0.04026973247528076 0.05800000950694084 -0.04026973620057106 -0.04026973247528076 0.07000000774860382 -0.04026973992586136 -0.028474999591708183 0.05800000950694084 -0.04932015761733055 -0.028474999591708183 0.07000000774860382 -0.04932015761733055 -0.014739739708602428 0.05800000950694084 -0.05500948056578636 -0.014739739708602428 0.07000000774860382 -0.05500948429107666 8.599212009130497e-09 0.05800000950694084 -0.056950006633996964 8.599212009130497e-09 0.07000000774860382 -0.056950006633996964 0.014739756472408772 0.05800000950694084 -0.05500947684049606 0.014739756472408772 0.07000000774860382 -0.05500948056578636 0.028475014492869377 0.05800000950694084 -0.049320150166749954 0.028475014492869377 0.07000000774860382 -0.049320150166749954 0.040269747376441956 0.05800000950694084 -0.040269725024700165 0.040269747376441956 0.07000000774860382 -0.04026972874999046 0.04932016134262085 0.05800000578165054 -0.028474995866417885 0.04932016134262085 0.07000000774860382 -0.028474995866417885 0.05500949174165726 0.05800000578165054 -0.014739736914634705 0.05500949174165726 0.07000000774860382 -0.014739738777279854 0.05695001408457756 0.058000002056360245 9.405365375414476e-09 0.05695001408457756 0.07000000029802322 7.793058642846518e-09 0.05500948429107666 0.058000002056360245 0.014739755541086197 0.05500948429107666 0.07000000029802322 0.014739753678441048 0.04932015389204025 0.057999998331069946 0.02847501076757908 0.04932015389204025 0.07000000029802322 0.02847501076757908 0.04026973247528076 0.057999998331069946 0.04026973992586136 0.04026973247528076 0.07000000029802322 0.04026973620057106 0.028474999591708183 0.05799999460577965 0.04932015761733055 0.028474999591708183 0.06999999284744263 0.04932015761733055 0.014739739708602428 0.05799999460577965 0.05500948429107666 0.014739739708602428 0.06999999284744263 0.05500948056578636</float_array><technique_common><accessor source="#mesh9-array" count="48" stride="3"><param name="X" type="float" /><param name="Y" type="float" /><param name="Z" type="float" /></accessor></technique_common></source><source id="mesh9-normals"><float_array id="mesh9-normals-array" count="276">-0.13052645325660706 1.3320936886884738e-07 0.9914448857307434 -0.13052645325660706 1.3320936886884738e-07 0.9914448857307434 -0.3826834559440613 1.2413137540079333e-07 0.9238796234130859 -0.3826834559440613 1.2413137540079333e-07 0.9238796234130859 -0.6087616682052612 1.065940011812927e-07 0.7933531403541565 -0.6087616682052612 1.065940011812927e-07 0.7933531403541565 -0.7933533191680908 8.179247856787697e-08 0.6087614893913269 -0.7933533191680908 8.179247856787697e-08 0.6087614893913269 -0.9238796234130859 5.1416868984688335e-08 0.3826831877231598 -0.9238796234130859 5.1416868984688335e-08 0.3826831877231598 -0.9914448857307434 1.7537345797791204e-08 0.13052618503570557 -0.9914448857307434 1.7537345797791204e-08 0.13052618503570557 -0.9914448857307434 -1.753738487764167e-08 -0.13052648305892944 -0.9914448857307434 -1.753738487764167e-08 -0.13052648305892944 -0.9238795042037964 -5.1416904511825123e-08 -0.38268348574638367 -0.9238795042037964 -5.1416904511825123e-08 -0.38268348574638367 -0.7933531403541565 -8.179252120044112e-08 -0.6087617874145508 -0.7933531403541565 -8.179252120044112e-08 -0.6087617874145508 -0.6087614297866821 -1.0659402960300213e-07 -0.7933533787727356 -0.6087614297866821 -1.0659402960300213e-07 -0.7933533787727356 -0.3826831579208374 -1.2413140382250276e-07 -0.9238797426223755 -0.3826831579208374 -1.2413140382250276e-07 -0.9238797426223755 -0.13052615523338318 -1.3320936886884738e-07 -0.9914448857307434 -0.13052615523338318 -1.3320936886884738e-07 -0.9914448857307434 0.13052645325660706 -1.3320936886884738e-07 -0.9914448857307434 0.13052645325660706 -1.3320936886884738e-07 -0.9914448857307434 0.3826834559440613 -1.2413137540079333e-07 -0.9238796234130859 0.3826834559440613 -1.2413137540079333e-07 -0.9238796234130859 0.6087616682052612 -1.065940011812927e-07 -0.7933531403541565 0.6087616682052612 -1.065940011812927e-07 -0.7933531403541565 0.7933533191680908 -8.179247856787697e-08 -0.6087614893913269 0.7933533191680908 -8.179247856787697e-08 -0.6087614893913269 0.9238796234130859 -5.1416868984688335e-08 -0.3826831877231598 0.9238796234130859 -5.1416868984688335e-08 -0.3826831877231598 0.9914448857307434 -1.7537345797791204e-08 -0.13052618503570557 0.9914448857307434 -1.7537345797791204e-08 -0.13052618503570557 0.9914448857307434 1.753738487764167e-08 0.13052648305892944 0.9914448857307434 1.753738487764167e-08 0.13052648305892944 0.9238795042037964 5.1416904511825123e-08 0.38268348574638367 0.9238795042037964 5.1416904511825123e-08 0.38268348574638367 0.7933531403541565 8.179252120044112e-08 0.6087617874145508 0.7933531403541565 8.179252120044112e-08 0.6087617874145508 0.6087614297866821 1.0659402960300213e-07 0.7933533787727356 0.6087614297866821 1.0659402960300213e-07 0.7933533787727356 -2.0287619850668966e-14 1.0 1.343588280633412e-07 -2.0287619850668966e-14 1.0 1.343588280633412e-07 -2.028761815660307e-14 1.0 1.343588280633412e-07 -2.0287619850668966e-14 1.0 1.343588280633412e-07 -2.0287619850668966e-14 1.0 1.343588280633412e-07 -2.028761815660307e-14 1.0 1.343588280633412e-07 -2.0287619850668966e-14 1.0 1.343588280633412e-07 -2.0287619850668966e-14 1.0 1.343588280633412e-07 -2.028761815660307e-14 1.0 1.343588280633412e-07 -2.0287619850668966e-14 1.0 1.343588280633412e-07 -2.0287619850668966e-14 1.0 1.343588280633412e-07 -2.028761815660307e-14 1.0 1.343588280633412e-07 -2.0287619850668966e-14 1.0 1.343588280633412e-07 -2.028761815660307e-14 1.0 1.343588280633412e-07 -2.028761815660307e-14 1.0 1.343588280633412e-07 -2.0287619850668966e-14 1.0 1.343588280633412e-07 -2.028761815660307e-14 1.0 1.343588280633412e-07 -2.028761815660307e-14 1.0 1.343588280633412e-07 -2.028761815660307e-14 1.0 1.343588280633412e-07 -2.028761815660307e-14 1.0 1.343588280633412e-07 -2.028761815660307e-14 1.0 1.343588280633412e-07 -2.028761815660307e-14 1.0 1.343588280633412e-07 0.3826831579208374 1.2413140382250276e-07 0.9238797426223755 0.3826831579208374 1.2413140382250276e-07 0.9238797426223755 0.13052615523338318 1.3320936886884738e-07 0.9914448857307434 0.13052615523338318 1.3320936886884738e-07 0.9914448857307434 2.028761815660307e-14 -1.0 -1.343588280633412e-07 2.028761815660307e-14 -1.0 -1.343588280633412e-07 2.028761815660307e-14 -1.0 -1.343588280633412e-07 2.028761815660307e-14 -1.0 -1.343588280633412e-07 2.028761815660307e-14 -1.0 -1.343588280633412e-07 2.028761815660307e-14 -1.0 -1.343588280633412e-07 2.028761815660307e-14 -1.0 -1.343588280633412e-07 2.028761815660307e-14 -1.0 -1.343588280633412e-07 2.028761815660307e-14 -1.0 -1.343588280633412e-07 2.028761815660307e-14 -1.0 -1.343588280633412e-07 2.028761815660307e-14 -1.0 -1.343588280633412e-07 2.028761815660307e-14 -1.0 -1.343588280633412e-07 2.028761815660307e-14 -1.0 -1.343588280633412e-07 2.028761815660307e-14 -1.0 -1.343588280633412e-07 2.028761815660307e-14 -1.0 -1.343588280633412e-07 2.028761815660307e-14 -1.0 -1.343588280633412e-07 2.028761815660307e-14 -1.0 -1.343588280633412e-07 2.028761815660307e-14 -1.0 -1.343588280633412e-07 2.028761815660307e-14 -1.0 -1.343588280633412e-07 2.028761815660307e-14 -1.0 -1.343588280633412e-07 2.028761815660307e-14 -1.0 -1.343588280633412e-07 2.028761815660307e-14 -1.0 -1.343588280633412e-07</float_array><technique_common><accessor source="#mesh9-normals-array" count="92" stride="3"><param name="X" type="float" /><param name="Y" type="float" /><param name="Z" type="float" /></accessor></technique_common></source><vertices id="mesh9-vertices"><input semantic="POSITION" source="#mesh9-positions" /></vertices><triangles count="92" material="ivory"><input semantic="VERTEX" source="#mesh9-vertices" offset="0" /><input semantic="NORMAL" source="#mesh9-normals" offset="1" /><p>0 0 1 0 3 0 0 1 3 1 2 1 2 2 3 2 5 2 2 3 5 3 4 3 4 4 5 4 7 4 4 5 7 5 6 5 6 6 7 6 9 6 6 7 9 7 8 7 8 8 9 8 11 8 8 9 11 9 10 9 10 10 11 10 13 10 10 11 13 11 12 11 12 12 13 12 15 12 12 13 15 13 14 13 14 14 15 14 17 14 14 15 17 15 16 15 16 16 17 16 19 16 16 17 19 17 18 17 18 18 19 18 21 18 18 19 21 19 20 19 20 20 21 20 23 20 20 21 23 21 22 21 22 22 23 22 25 22 22 23 25 23 24 23 24 24 25 24 27 24 24 25 27 25 26 25 26 26 27 26 29 26 26 27 29 27 28 27 28 28 29 28 31 28 28 29 31 29 30 29 30 30 31 30 33 30 30 31 33 31 32 31 32 32 33 32 35 32 32 33 35 33 34 33 34 34 35 34 37 34 34 35 37 35 36 35 36 36 37 36 39 36 36 37 39 37 38 37 38 38 39 38 41 38 38 39 41 39 40 39 40 40 41 40 43 40 40 41 43 41 42 41 42 42 43 42 45 42 42 43 45 43 44 43 5 44 3 44 1 44 1 45 47 45 45 45 45 46 43 46 41 46 41 47 39 47 37 47 37 48 35 48 33 48 33 49 31 49 29 49 29 50 27 50 25 50 25 51 23 51 21 51 21 52 19 52 17 52 17 53 15 53 13 53 13 54 11 54 9 54 9 55 7 55 5 55 5 56 1 56 45 56 45 57 41 57 37 57 37 58 33 58 29 58 29 59 25 59 21 59 21 60 17 60 13 60 13 61 9 61 5 61 5 62 45 62 37 62 37 63 29 63 21 63 21 64 13 64 5 64 37 65 21 65 5 65 44 66 45 66 47 66 44 67 47 67 46 67 46 68 47 68 1 68 46 69 1 69 0 69 46 70 0 70 2 70 2 71 4 71 6 71 6 72 8 72 10 72 10 73 12 73 14 73 14 74 16 74 18 74 18 75 20 75 22 75 22 76 24 76 26 76 26 77 28 77 30 77 30 78 32 78 34 78 34 79 36 79 38 79 38 80 40 80 42 80 42 81 44 81 46 81 46 82 2 82 6 82 6 83 10 83 14 83 14 84 18 84 22 84 22 85 26 85 30 85 30 86 34 86 38 86 38 87 42 87 46 87 46 88 6 88 14 88 14 89 22 89 30 89 30 90 38 90 46 90 14 91 30 91 46 91</p></triangles></mesh></geometry><geometry id="mesh10"><mesh><source id="mesh10-positions"><float_array id="mesh10-array" count="144">-4.451357060730743e-09 0.054999999701976776 0.02948000468313694 -4.451357060730743e-09 0.0729999989271164 0.02948000095784664 -0.007629991043359041 0.054999999701976776 0.02847549505531788 -0.007629991043359041 0.0729999989271164 0.02847549319267273 -0.014740006998181343 0.054999999701976776 0.025530429556965828 -0.014740006998181343 0.0729999989271164 0.02553042769432068 -0.02084551565349102 0.054999999701976776 0.020845506340265274 -0.02084551565349102 0.0729999989271164 0.020845504477620125 -0.025530435144901276 0.055000003427267075 0.014739998616278172 -0.025530435144901276 0.0729999989271164 0.014739996753633022 -0.028475500643253326 0.055000003427267075 0.00762998266145587 -0.028475500643253326 0.0729999989271164 0.007629980333149433 -0.02948000654578209 0.055000003427267075 -3.2421276774385888e-09 -0.02948000654578209 0.0729999989271164 -5.660586666067502e-09 -0.028475496917963028 0.05500000715255737 -0.007629989180713892 -0.028475496917963028 0.07300000637769699 -0.0076299915090203285 -0.025530431419610977 0.05500000715255737 -0.01474000420421362 -0.025530431419610977 0.07300000637769699 -0.014740006066858768 -0.020845508202910423 0.05500000715255737 -0.020845510065555573 -0.020845508202910423 0.07300000637769699 -0.020845511928200722 -0.014739999547600746 0.05500000715255737 -0.025530433282256126 -0.014739999547600746 0.07300000637769699 -0.025530435144901276 -0.00762998266145587 0.05500000715255737 -0.02847549505531788 -0.00762998266145587 0.07300000637769699 -0.028475496917963028 4.451357060730743e-09 0.05500000715255737 -0.02948000095784664 4.451357060730743e-09 0.07300000637769699 -0.02948000468313694 0.007629991043359041 0.05500000715255737 -0.02847549319267273 0.007629991043359041 0.07300000637769699 -0.02847549505531788 0.014740006998181343 0.05500000715255737 -0.02553042769432068 0.014740006998181343 0.07300000637769699 -0.025530429556965828 0.02084551565349102 0.05500000715255737 -0.020845504477620125 0.02084551565349102 0.07300000637769699 -0.020845506340265274 0.025530435144901276 0.05500000715255737 -0.014739996753633022 0.025530435144901276 0.07300000637769699 -0.014739998616278172 0.028475500643253326 0.05500000715255737 -0.007629980333149433 0.028475500643253326 0.07300000637769699 -0.00762998266145587 0.02948000654578209 0.055000003427267075 5.660586666067502e-09 0.02948000654578209 0.0729999989271164 3.2421276774385888e-09 0.028475496917963028 0.055000003427267075 0.0076299915090203285 0.028475496917963028 0.0729999989271164 0.007629989180713892 0.025530431419610977 0.055000003427267075 0.014740006066858768 0.025530431419610977 0.0729999989271164 0.01474000420421362 0.020845508202910423 0.054999999701976776 0.020845511928200722 0.020845508202910423 0.0729999989271164 0.020845510065555573 0.014739999547600746 0.054999999701976776 0.025530435144901276 0.014739999547600746 0.0729999989271164 0.025530433282256126 0.00762998266145587 0.054999999701976776 0.028475496917963028 0.00762998266145587 0.0729999989271164 0.02847549505531788</float_array><technique_common><accessor source="#mesh10-array" count="48" stride="3"><param name="X" type="float" /><param name="Y" type="float" /><param name="Z" type="float" /></accessor></technique_common></source><source id="mesh10-normals"><float_array id="mesh10-normals-array" count="276">-0.13052646815776825 1.3320936886884738e-07 0.9914448261260986 -0.13052646815776825 1.3320936886884738e-07 0.9914448261260986 -0.38268348574638367 1.2413137540079333e-07 0.9238795638084412 -0.38268348574638367 1.2413137540079333e-07 0.9238795638084412 -0.6087616086006165 1.0659400828672005e-07 0.7933531999588013 -0.6087616086006165 1.0659400828672005e-07 0.7933531999588013 -0.7933533787727356 8.179247146244961e-08 0.6087614297866821 -0.7933533787727356 8.179247146244961e-08 0.6087614297866821 -0.9238796830177307 5.141687609011569e-08 0.38268324732780457 -0.9238796830177307 5.141687609011569e-08 0.38268324732780457 -0.9914449453353882 1.7537351126861722e-08 0.13052621483802795 -0.9914449453353882 1.7537351126861722e-08 0.13052621483802795 -0.9914448261260986 -1.753738665399851e-08 -0.13052649796009064 -0.9914448261260986 -1.753738665399851e-08 -0.13052649796009064 -0.9238795638084412 -5.141691161725248e-08 -0.38268354535102844 -0.9238795638084412 -5.141691161725248e-08 -0.38268354535102844 -0.7933531403541565 -8.179249988415904e-08 -0.6087616682052612 -0.7933531403541565 -8.179249988415904e-08 -0.6087616682052612 -0.6087613701820374 -1.0659403670842948e-07 -0.7933534383773804 -0.6087613701820374 -1.0659403670842948e-07 -0.7933534383773804 -0.3826831877231598 -1.2413140382250276e-07 -0.9238796830177307 -0.3826831877231598 -1.2413140382250276e-07 -0.9238796830177307 -0.13052618503570557 -1.332093830797021e-07 -0.9914449453353882 -0.13052618503570557 -1.332093830797021e-07 -0.9914449453353882 0.13052646815776825 -1.3320936886884738e-07 -0.9914448261260986 0.13052646815776825 -1.3320936886884738e-07 -0.9914448261260986 0.38268348574638367 -1.2413137540079333e-07 -0.9238795638084412 0.38268348574638367 -1.2413137540079333e-07 -0.9238795638084412 0.6087616086006165 -1.0659400828672005e-07 -0.7933531999588013 0.6087616086006165 -1.0659400828672005e-07 -0.7933531999588013 0.7933533787727356 -8.179247146244961e-08 -0.6087614297866821 0.7933533787727356 -8.179247146244961e-08 -0.6087614297866821 0.9238796830177307 -5.141687609011569e-08 -0.38268324732780457 0.9238796830177307 -5.141687609011569e-08 -0.38268324732780457 0.9914449453353882 -1.7537351126861722e-08 -0.13052621483802795 0.9914449453353882 -1.7537351126861722e-08 -0.13052621483802795 0.9914448261260986 1.753738665399851e-08 0.13052649796009064 0.9914448261260986 1.753738665399851e-08 0.13052649796009064 0.9238795638084412 5.141691161725248e-08 0.38268354535102844 0.9238795638084412 5.141691161725248e-08 0.38268354535102844 0.7933531403541565 8.179249988415904e-08 0.6087616682052612 0.7933531403541565 8.179249988415904e-08 0.6087616682052612 0.6087613701820374 1.0659403670842948e-07 0.7933534383773804 0.6087613701820374 1.0659403670842948e-07 0.7933534383773804 -2.028761815660307e-14 1.0 1.343588280633412e-07 -2.028761815660307e-14 1.0 1.343588280633412e-07 -2.028761815660307e-14 1.0 1.343588280633412e-07 -2.028761815660307e-14 1.0 1.343588280633412e-07 -2.028761815660307e-14 1.0 1.343588280633412e-07 -2.028761815660307e-14 1.0 1.343588280633412e-07 -2.028761815660307e-14 1.0 1.343588280633412e-07 -2.028761815660307e-14 1.0 1.343588280633412e-07 -2.028761815660307e-14 1.0 1.343588280633412e-07 -2.028761815660307e-14 1.0 1.343588280633412e-07 -2.028761815660307e-14 1.0 1.343588280633412e-07 -2.028761815660307e-14 1.0 1.343588280633412e-07 -2.0287619850668966e-14 1.0 1.343588280633412e-07 -2.028761815660307e-14 1.0 1.343588280633412e-07 -2.028761815660307e-14 1.0 1.343588280633412e-07 -2.0287619850668966e-14 1.0 1.343588280633412e-07 -2.028761815660307e-14 1.0 1.343588280633412e-07 -2.028761815660307e-14 1.0 1.343588280633412e-07 -2.028761815660307e-14 1.0 1.343588280633412e-07 -2.028761815660307e-14 1.0 1.343588280633412e-07 -2.028761815660307e-14 1.0 1.343588280633412e-07 -2.028761815660307e-14 1.0 1.343588280633412e-07 0.3826831877231598 1.2413140382250276e-07 0.9238796830177307 0.3826831877231598 1.2413140382250276e-07 0.9238796830177307 0.13052618503570557 1.332093830797021e-07 0.9914449453353882 0.13052618503570557 1.332093830797021e-07 0.9914449453353882 2.028761815660307e-14 -1.0 -1.343588280633412e-07 2.028761815660307e-14 -1.0 -1.343588280633412e-07 2.028761815660307e-14 -1.0 -1.343588280633412e-07 2.028761815660307e-14 -1.0 -1.343588280633412e-07 2.028761815660307e-14 -1.0 -1.343588280633412e-07 2.028761815660307e-14 -1.0 -1.343588280633412e-07 2.028761815660307e-14 -1.0 -1.343588280633412e-07 2.028761815660307e-14 -1.0 -1.343588280633412e-07 2.028761815660307e-14 -1.0 -1.343588280633412e-07 2.028761815660307e-14 -1.0 -1.343588280633412e-07 2.028761815660307e-14 -1.0 -1.343588280633412e-07 2.028761815660307e-14 -1.0 -1.343588280633412e-07 2.0287619850668966e-14 -1.0 -1.343588280633412e-07 2.0287619850668966e-14 -1.0 -1.343588280633412e-07 2.028761815660307e-14 -1.0 -1.343588280633412e-07 2.0287619850668966e-14 -1.0 -1.343588280633412e-07 2.0287619850668966e-14 -1.0 -1.343588280633412e-07 2.028761815660307e-14 -1.0 -1.343588280633412e-07 2.028761815660307e-14 -1.0 -1.343588280633412e-07 2.028761815660307e-14 -1.0 -1.343588280633412e-07 2.028761815660307e-14 -1.0 -1.343588280633412e-07 2.028761815660307e-14 -1.0 -1.343588280633412e-07</float_array><technique_common><accessor source="#mesh10-normals-array" count="92" stride="3"><param name="X" type="float" /><param name="Y" type="float" /><param name="Z" type="float" /></accessor></technique_common></source><vertices id="mesh10-vertices"><input semantic="POSITION" source="#mesh10-positions" /></vertices><triangles count="92" material="titanium"><input semantic="VERTEX" source="#mesh10-vertices" offset="0" /><input semantic="NORMAL" source="#mesh10-normals" offset="1" /><p>0 0 1 0 3 0 0 1 3 1 2 1 2 2 3 2 5 2 2 3 5 3 4 3 4 4 5 4 7 4 4 5 7 5 6 5 6 6 7 6 9 6 6 7 9 7 8 7 8 8 9 8 11 8 8 9 11 9 10 9 10 10 11 10 13 10 10 11 13 11 12 11 12 12 13 12 15 12 12 13 15 13 14 13 14 14 15 14 17 14 14 15 17 15 16 15 16 16 17 16 19 16 16 17 19 17 18 17 18 18 19 18 21 18 18 19 21 19 20 19 20 20 21 20 23 20 20 21 23 21 22 21 22 22 23 22 25 22 22 23 25 23 24 23 24 24 25 24 27 24 24 25 27 25 26 25 26 26 27 26 29 26 26 27 29 27 28 27 28 28 29 28 31 28 28 29 31 29 30 29 30 30 31 30 33 30 30 31 33 31 32 31 32 32 33 32 35 32 32 33 35 33 34 33 34 34 35 34 37 34 34 35 37 35 36 35 36 36 37 36 39 36 36 37 39 37 38 37 38 38 39 38 41 38 38 39 41 39 40 39 40 40 41 40 43 40 40 41 43 41 42 41 42 42 43 42 45 42 42 43 45 43 44 43 5 44 3 44 1 44 1 45 47 45 45 45 45 46 43 46 41 46 41 47 39 47 37 47 37 48 35 48 33 48 33 49 31 49 29 49 29 50 27 50 25 50 25 51 23 51 21 51 21 52 19 52 17 52 17 53 15 53 13 53 13 54 11 54 9 54 9 55 7 55 5 55 5 56 1 56 45 56 45 57 41 57 37 57 37 58 33 58 29 58 29 59 25 59 21 59 21 60 17 60 13 60 13 61 9 61 5 61 5 62 45 62 37 62 37 63 29 63 21 63 21 64 13 64 5 64 37 65 21 65 5 65 44 66 45 66 47 66 44 67 47 67 46 67 46 68 47 68 1 68 46 69 1 69 0 69 46 70 0 70 2 70 2 71 4 71 6 71 6 72 8 72 10 72 10 73 12 73 14 73 14 74 16 74 18 74 18 75 20 75 22 75 22 76 24 76 26 76 26 77 28 77 30 77 30 78 32 78 34 78 34 79 36 79 38 79 38 80 40 80 42 80 42 81 44 81 46 81 46 82 2 82 6 82 6 83 10 83 14 83 14 84 18 84 22 84 22 85 26 85 30 85 30 86 34 86 38 86 38 87 42 87 46 87 46 88 6 88 14 88 14 89 22 89 30 89 30 90 38 90 46 90 14 91 30 91 46 91</p></triangles></mesh></geometry><geometry id="mesh11"><mesh><source id="mesh11-positions"><float_array id="mesh11-array" count="36">0.04489000141620636 0.05400000512599945 0.0040000020526349545 0.04489000141620636 0.07400000095367432 0.003999999258667231 0.04142589867115021 0.05400000512599945 0.002000001259148121 0.04142589867115021 0.07400000095367432 0.001999998465180397 0.04142589867115021 0.05400000512599945 -0.0019999993965029716 0.04142589867115021 0.07400000095367432 -0.0020000021904706955 0.04489000141620636 0.05400000512599945 -0.003999999258667231 0.04489000141620636 0.07400000095367432 -0.0040000020526349545 0.04835410416126251 0.05400000512599945 -0.001999998465180397 0.04835410416126251 0.07400000095367432 -0.002000001259148121 0.04835410416126251 0.05400000512599945 0.0020000021904706955 0.04835410416126251 0.07400000095367432 0.0019999993965029716</float_array><technique_common><accessor source="#mesh11-array" count="12" stride="3"><param name="X" type="float" /><param name="Y" type="float" /><param name="Z" type="float" /></accessor></technique_common></source><source id="mesh11-normals"><float_array id="mesh11-normals-array" count="60">-0.5000000596046448 1.1635816576927027e-07 0.8660253882408142 -0.5000000596046448 1.1635816576927027e-07 0.8660253882408142 -1.0 -2.028762154473486e-14 -1.5099581673894136e-07 -1.0 -2.028762154473486e-14 -1.5099581673894136e-07 -0.49999985098838806 -1.1635817998012499e-07 -0.8660255074501038 -0.49999985098838806 -1.1635817998012499e-07 -0.8660255074501038 0.5000000596046448 -1.1635816576927027e-07 -0.8660253882408142 0.5000000596046448 -1.1635816576927027e-07 -0.8660253882408142 -2.028761815660307e-14 1.0 1.343588280633412e-07 -2.028761815660307e-14 1.0 1.343588280633412e-07 -2.028761815660307e-14 1.0 1.343588280633412e-07 -2.028761815660307e-14 1.0 1.343588280633412e-07 1.0 2.028762154473486e-14 1.5099581673894136e-07 1.0 2.028762154473486e-14 1.5099581673894136e-07 0.49999985098838806 1.1635817998012499e-07 0.8660255074501038 0.49999985098838806 1.1635817998012499e-07 0.8660255074501038 2.028761815660307e-14 -1.0 -1.343588280633412e-07 2.028761815660307e-14 -1.0 -1.343588280633412e-07 2.028761815660307e-14 -1.0 -1.343588280633412e-07 2.028761815660307e-14 -1.0 -1.343588280633412e-07</float_array><technique_common><accessor source="#mesh11-normals-array" count="20" stride="3"><param name="X" type="float" /><param name="Y" type="float" /><param name="Z" type="float" /></accessor></technique_common></source><vertices id="mesh11-vertices"><input semantic="POSITION" source="#mesh11-positions" /></vertices><triangles count="20" material="graphite"><input semantic="VERTEX" source="#mesh11-vertices" offset="0" /><input semantic="NORMAL" source="#mesh11-normals" offset="1" /><p>0 0 1 0 3 0 0 1 3 1 2 1 2 2 3 2 5 2 2 3 5 3 4 3 4 4 5 4 7 4 4 5 7 5 6 5 6 6 7 6 9 6 6 7 9 7 8 7 5 8 3 8 1 8 1 9 11 9 9 9 9 10 7 10 5 10 1 11 9 11 5 11 8 12 9 12 11 12 8 13 11 13 10 13 10 14 11 14 1 14 10 15 1 15 0 15 10 16 0 16 2 16 2 17 4 17 6 17 6 18 8 18 10 18 2 19 6 19 10 19</p></triangles></mesh></geometry><geometry id="mesh12"><mesh><source id="mesh12-positions"><float_array id="mesh12-array" count="36">0.02244500070810318 0.05400000512599945 0.04287588223814964 0.02244500070810318 0.07400000095367432 0.04287588223814964 0.018980897963047028 0.05400000512599945 0.0408758819103241 0.018980897963047028 0.07400000095367432 0.0408758781850338 0.018980897963047028 0.05400000512599945 0.036875881254673004 0.018980897963047028 0.07400000095367432 0.036875877529382706 0.02244500070810318 0.05400000512599945 0.03487588092684746 0.02244500070810318 0.07400000095367432 0.03487588092684746 0.025909103453159332 0.05400000512599945 0.0368758849799633 0.025909103453159332 0.07400000095367432 0.036875881254673004 0.025909103453159332 0.05400000512599945 0.040875885635614395 0.025909103453159332 0.07400000095367432 0.0408758819103241</float_array><technique_common><accessor source="#mesh12-array" count="12" stride="3"><param name="X" type="float" /><param name="Y" type="float" /><param name="Z" type="float" /></accessor></technique_common></source><source id="mesh12-normals"><float_array id="mesh12-normals-array" count="60">-0.5000000596046448 1.1635816576927027e-07 0.8660253882408142 -0.5000000596046448 1.1635816576927027e-07 0.8660253882408142 -1.0 -2.028762154473486e-14 -1.5099581673894136e-07 -1.0 -2.028762154473486e-14 -1.5099581673894136e-07 -0.49999985098838806 -1.1635817998012499e-07 -0.8660255074501038 -0.49999985098838806 -1.1635817998012499e-07 -0.8660255074501038 0.5000000596046448 -1.1635816576927027e-07 -0.8660253882408142 0.5000000596046448 -1.1635816576927027e-07 -0.8660253882408142 -2.028761815660307e-14 1.0 1.343588280633412e-07 -2.028761815660307e-14 1.0 1.343588280633412e-07 -2.028761815660307e-14 1.0 1.343588280633412e-07 -2.028761815660307e-14 1.0 1.343588280633412e-07 1.0 2.028762154473486e-14 1.5099581673894136e-07 1.0 2.028762154473486e-14 1.5099581673894136e-07 0.49999985098838806 1.1635817998012499e-07 0.8660255074501038 0.49999985098838806 1.1635817998012499e-07 0.8660255074501038 2.028761815660307e-14 -1.0 -1.343588280633412e-07 2.028761815660307e-14 -1.0 -1.343588280633412e-07 2.028761815660307e-14 -1.0 -1.343588280633412e-07 2.028761815660307e-14 -1.0 -1.343588280633412e-07</float_array><technique_common><accessor source="#mesh12-normals-array" count="20" stride="3"><param name="X" type="float" /><param name="Y" type="float" /><param name="Z" type="float" /></accessor></technique_common></source><vertices id="mesh12-vertices"><input semantic="POSITION" source="#mesh12-positions" /></vertices><triangles count="20" material="graphite"><input semantic="VERTEX" source="#mesh12-vertices" offset="0" /><input semantic="NORMAL" source="#mesh12-normals" offset="1" /><p>0 0 1 0 3 0 0 1 3 1 2 1 2 2 3 2 5 2 2 3 5 3 4 3 4 4 5 4 7 4 4 5 7 5 6 5 6 6 7 6 9 6 6 7 9 7 8 7 5 8 3 8 1 8 1 9 11 9 9 9 9 10 7 10 5 10 1 11 9 11 5 11 8 12 9 12 11 12 8 13 11 13 10 13 10 14 11 14 1 14 10 15 1 15 0 15 10 16 0 16 2 16 2 17 4 17 6 17 6 18 8 18 10 18 2 19 6 19 10 19</p></triangles></mesh></geometry><geometry id="mesh13"><mesh><source id="mesh13-positions"><float_array id="mesh13-array" count="36">-0.02244500070810318 0.05400000512599945 0.04287588223814964 -0.02244500070810318 0.07400000095367432 0.04287588223814964 -0.025909103453159332 0.05400000512599945 0.0408758819103241 -0.025909103453159332 0.07400000095367432 0.0408758781850338 -0.025909103453159332 0.05400000512599945 0.036875881254673004 -0.025909103453159332 0.07400000095367432 0.036875877529382706 -0.02244500070810318 0.05400000512599945 0.03487588092684746 -0.02244500070810318 0.07400000095367432 0.03487588092684746 -0.018980897963047028 0.05400000512599945 0.0368758849799633 -0.018980897963047028 0.07400000095367432 0.036875881254673004 -0.018980897963047028 0.05400000512599945 0.040875885635614395 -0.018980897963047028 0.07400000095367432 0.0408758819103241</float_array><technique_common><accessor source="#mesh13-array" count="12" stride="3"><param name="X" type="float" /><param name="Y" type="float" /><param name="Z" type="float" /></accessor></technique_common></source><source id="mesh13-normals"><float_array id="mesh13-normals-array" count="60">-0.5000000596046448 1.1635816576927027e-07 0.8660253882408142 -0.5000000596046448 1.1635816576927027e-07 0.8660253882408142 -1.0 -2.028762154473486e-14 -1.5099581673894136e-07 -1.0 -2.028762154473486e-14 -1.5099581673894136e-07 -0.49999985098838806 -1.1635817998012499e-07 -0.8660255074501038 -0.49999985098838806 -1.1635817998012499e-07 -0.8660255074501038 0.5000000596046448 -1.1635816576927027e-07 -0.8660253882408142 0.5000000596046448 -1.1635816576927027e-07 -0.8660253882408142 -2.028761815660307e-14 1.0 1.343588280633412e-07 -2.028761815660307e-14 1.0 1.343588280633412e-07 -2.028761815660307e-14 1.0 1.343588280633412e-07 -2.028761815660307e-14 1.0 1.343588280633412e-07 1.0 2.028762154473486e-14 1.5099581673894136e-07 1.0 2.028762154473486e-14 1.5099581673894136e-07 0.49999985098838806 1.1635817998012499e-07 0.8660255074501038 0.49999985098838806 1.1635817998012499e-07 0.8660255074501038 2.028761815660307e-14 -1.0 -1.343588280633412e-07 2.028761815660307e-14 -1.0 -1.343588280633412e-07 2.028761815660307e-14 -1.0 -1.343588280633412e-07 2.028761815660307e-14 -1.0 -1.343588280633412e-07</float_array><technique_common><accessor source="#mesh13-normals-array" count="20" stride="3"><param name="X" type="float" /><param name="Y" type="float" /><param name="Z" type="float" /></accessor></technique_common></source><vertices id="mesh13-vertices"><input semantic="POSITION" source="#mesh13-positions" /></vertices><triangles count="20" material="graphite"><input semantic="VERTEX" source="#mesh13-vertices" offset="0" /><input semantic="NORMAL" source="#mesh13-normals" offset="1" /><p>0 0 1 0 3 0 0 1 3 1 2 1 2 2 3 2 5 2 2 3 5 3 4 3 4 4 5 4 7 4 4 5 7 5 6 5 6 6 7 6 9 6 6 7 9 7 8 7 5 8 3 8 1 8 1 9 11 9 9 9 9 10 7 10 5 10 1 11 9 11 5 11 8 12 9 12 11 12 8 13 11 13 10 13 10 14 11 14 1 14 10 15 1 15 0 15 10 16 0 16 2 16 2 17 4 17 6 17 6 18 8 18 10 18 2 19 6 19 10 19</p></triangles></mesh></geometry><geometry id="mesh14"><mesh><source id="mesh14-positions"><float_array id="mesh14-array" count="36">-0.04489000141620636 0.05400000512599945 0.0040000020526349545 -0.04489000141620636 0.07400000095367432 0.003999999258667231 -0.04835410416126251 0.05400000512599945 0.002000001259148121 -0.04835410416126251 0.07400000095367432 0.001999998465180397 -0.04835410416126251 0.05400000512599945 -0.0019999993965029716 -0.04835410416126251 0.07400000095367432 -0.0020000021904706955 -0.04489000141620636 0.05400000512599945 -0.003999999258667231 -0.04489000141620636 0.07400000095367432 -0.0040000020526349545 -0.04142589867115021 0.05400000512599945 -0.001999998465180397 -0.04142589867115021 0.07400000095367432 -0.002000001259148121 -0.04142589867115021 0.05400000512599945 0.0020000021904706955 -0.04142589867115021 0.07400000095367432 0.0019999993965029716</float_array><technique_common><accessor source="#mesh14-array" count="12" stride="3"><param name="X" type="float" /><param name="Y" type="float" /><param name="Z" type="float" /></accessor></technique_common></source><source id="mesh14-normals"><float_array id="mesh14-normals-array" count="60">-0.5000000596046448 1.1635816576927027e-07 0.8660253882408142 -0.5000000596046448 1.1635816576927027e-07 0.8660253882408142 -1.0 -2.028762154473486e-14 -1.5099581673894136e-07 -1.0 -2.028762154473486e-14 -1.5099581673894136e-07 -0.49999985098838806 -1.1635817998012499e-07 -0.8660255074501038 -0.49999985098838806 -1.1635817998012499e-07 -0.8660255074501038 0.5000000596046448 -1.1635816576927027e-07 -0.8660253882408142 0.5000000596046448 -1.1635816576927027e-07 -0.8660253882408142 -2.028761815660307e-14 1.0 1.343588280633412e-07 -2.028761815660307e-14 1.0 1.343588280633412e-07 -2.028761815660307e-14 1.0 1.343588280633412e-07 -2.028761815660307e-14 1.0 1.343588280633412e-07 1.0 2.028762154473486e-14 1.5099581673894136e-07 1.0 2.028762154473486e-14 1.5099581673894136e-07 0.49999985098838806 1.1635817998012499e-07 0.8660255074501038 0.49999985098838806 1.1635817998012499e-07 0.8660255074501038 2.028761815660307e-14 -1.0 -1.343588280633412e-07 2.028761815660307e-14 -1.0 -1.343588280633412e-07 2.028761815660307e-14 -1.0 -1.343588280633412e-07 2.028761815660307e-14 -1.0 -1.343588280633412e-07</float_array><technique_common><accessor source="#mesh14-normals-array" count="20" stride="3"><param name="X" type="float" /><param name="Y" type="float" /><param name="Z" type="float" /></accessor></technique_common></source><vertices id="mesh14-vertices"><input semantic="POSITION" source="#mesh14-positions" /></vertices><triangles count="20" material="graphite"><input semantic="VERTEX" source="#mesh14-vertices" offset="0" /><input semantic="NORMAL" source="#mesh14-normals" offset="1" /><p>0 0 1 0 3 0 0 1 3 1 2 1 2 2 3 2 5 2 2 3 5 3 4 3 4 4 5 4 7 4 4 5 7 5 6 5 6 6 7 6 9 6 6 7 9 7 8 7 5 8 3 8 1 8 1 9 11 9 9 9 9 10 7 10 5 10 1 11 9 11 5 11 8 12 9 12 11 12 8 13 11 13 10 13 10 14 11 14 1 14 10 15 1 15 0 15 10 16 0 16 2 16 2 17 4 17 6 17 6 18 8 18 10 18 2 19 6 19 10 19</p></triangles></mesh></geometry><geometry id="mesh15"><mesh><source id="mesh15-positions"><float_array id="mesh15-array" count="36">-0.02244500070810318 0.05400000512599945 -0.03487588092684746 -0.02244500070810318 0.07400000095367432 -0.03487588092684746 -0.025909103453159332 0.05400000512599945 -0.036875881254673004 -0.025909103453159332 0.07400000095367432 -0.0368758849799633 -0.025909103453159332 0.05400000512599945 -0.0408758819103241 -0.025909103453159332 0.07400000095367432 -0.040875885635614395 -0.02244500070810318 0.05400000512599945 -0.04287588223814964 -0.02244500070810318 0.07400000095367432 -0.04287588223814964 -0.018980897963047028 0.05400000512599945 -0.0408758781850338 -0.018980897963047028 0.07400000095367432 -0.0408758819103241 -0.018980897963047028 0.05400000512599945 -0.036875877529382706 -0.018980897963047028 0.07400000095367432 -0.036875881254673004</float_array><technique_common><accessor source="#mesh15-array" count="12" stride="3"><param name="X" type="float" /><param name="Y" type="float" /><param name="Z" type="float" /></accessor></technique_common></source><source id="mesh15-normals"><float_array id="mesh15-normals-array" count="60">-0.5000000596046448 1.1635816576927027e-07 0.8660253882408142 -0.5000000596046448 1.1635816576927027e-07 0.8660253882408142 -1.0 -2.028762154473486e-14 -1.5099581673894136e-07 -1.0 -2.028762154473486e-14 -1.5099581673894136e-07 -0.49999985098838806 -1.1635817998012499e-07 -0.8660255074501038 -0.49999985098838806 -1.1635817998012499e-07 -0.8660255074501038 0.5000000596046448 -1.1635816576927027e-07 -0.8660253882408142 0.5000000596046448 -1.1635816576927027e-07 -0.8660253882408142 -2.028761815660307e-14 1.0 1.343588280633412e-07 -2.028761815660307e-14 1.0 1.343588280633412e-07 -2.028761815660307e-14 1.0 1.343588280633412e-07 -2.028761815660307e-14 1.0 1.343588280633412e-07 1.0 2.028762154473486e-14 1.5099581673894136e-07 1.0 2.028762154473486e-14 1.5099581673894136e-07 0.49999985098838806 1.1635817998012499e-07 0.8660255074501038 0.49999985098838806 1.1635817998012499e-07 0.8660255074501038 2.028761815660307e-14 -1.0 -1.343588280633412e-07 2.028761815660307e-14 -1.0 -1.343588280633412e-07 2.028761815660307e-14 -1.0 -1.343588280633412e-07 2.028761815660307e-14 -1.0 -1.343588280633412e-07</float_array><technique_common><accessor source="#mesh15-normals-array" count="20" stride="3"><param name="X" type="float" /><param name="Y" type="float" /><param name="Z" type="float" /></accessor></technique_common></source><vertices id="mesh15-vertices"><input semantic="POSITION" source="#mesh15-positions" /></vertices><triangles count="20" material="graphite"><input semantic="VERTEX" source="#mesh15-vertices" offset="0" /><input semantic="NORMAL" source="#mesh15-normals" offset="1" /><p>0 0 1 0 3 0 0 1 3 1 2 1 2 2 3 2 5 2 2 3 5 3 4 3 4 4 5 4 7 4 4 5 7 5 6 5 6 6 7 6 9 6 6 7 9 7 8 7 5 8 3 8 1 8 1 9 11 9 9 9 9 10 7 10 5 10 1 11 9 11 5 11 8 12 9 12 11 12 8 13 11 13 10 13 10 14 11 14 1 14 10 15 1 15 0 15 10 16 0 16 2 16 2 17 4 17 6 17 6 18 8 18 10 18 2 19 6 19 10 19</p></triangles></mesh></geometry><geometry id="mesh16"><mesh><source id="mesh16-positions"><float_array id="mesh16-array" count="36">0.02244500070810318 0.05400000512599945 -0.03487588092684746 0.02244500070810318 0.07400000095367432 -0.03487588092684746 0.018980897963047028 0.05400000512599945 -0.036875881254673004 0.018980897963047028 0.07400000095367432 -0.0368758849799633 0.018980897963047028 0.05400000512599945 -0.0408758819103241 0.018980897963047028 0.07400000095367432 -0.040875885635614395 0.02244500070810318 0.05400000512599945 -0.04287588223814964 0.02244500070810318 0.07400000095367432 -0.04287588223814964 0.025909103453159332 0.05400000512599945 -0.0408758781850338 0.025909103453159332 0.07400000095367432 -0.0408758819103241 0.025909103453159332 0.05400000512599945 -0.036875877529382706 0.025909103453159332 0.07400000095367432 -0.036875881254673004</float_array><technique_common><accessor source="#mesh16-array" count="12" stride="3"><param name="X" type="float" /><param name="Y" type="float" /><param name="Z" type="float" /></accessor></technique_common></source><source id="mesh16-normals"><float_array id="mesh16-normals-array" count="60">-0.5000000596046448 1.1635816576927027e-07 0.8660253882408142 -0.5000000596046448 1.1635816576927027e-07 0.8660253882408142 -1.0 -2.028762154473486e-14 -1.5099581673894136e-07 -1.0 -2.028762154473486e-14 -1.5099581673894136e-07 -0.49999985098838806 -1.1635817998012499e-07 -0.8660255074501038 -0.49999985098838806 -1.1635817998012499e-07 -0.8660255074501038 0.5000000596046448 -1.1635816576927027e-07 -0.8660253882408142 0.5000000596046448 -1.1635816576927027e-07 -0.8660253882408142 -2.028761815660307e-14 1.0 1.343588280633412e-07 -2.028761815660307e-14 1.0 1.343588280633412e-07 -2.028761815660307e-14 1.0 1.343588280633412e-07 -2.028761815660307e-14 1.0 1.343588280633412e-07 1.0 2.028762154473486e-14 1.5099581673894136e-07 1.0 2.028762154473486e-14 1.5099581673894136e-07 0.49999985098838806 1.1635817998012499e-07 0.8660255074501038 0.49999985098838806 1.1635817998012499e-07 0.8660255074501038 2.028761815660307e-14 -1.0 -1.343588280633412e-07 2.028761815660307e-14 -1.0 -1.343588280633412e-07 2.028761815660307e-14 -1.0 -1.343588280633412e-07 2.028761815660307e-14 -1.0 -1.343588280633412e-07</float_array><technique_common><accessor source="#mesh16-normals-array" count="20" stride="3"><param name="X" type="float" /><param name="Y" type="float" /><param name="Z" type="float" /></accessor></technique_common></source><vertices id="mesh16-vertices"><input semantic="POSITION" source="#mesh16-positions" /></vertices><triangles count="20" material="graphite"><input semantic="VERTEX" source="#mesh16-vertices" offset="0" /><input semantic="NORMAL" source="#mesh16-normals" offset="1" /><p>0 0 1 0 3 0 0 1 3 1 2 1 2 2 3 2 5 2 2 3 5 3 4 3 4 4 5 4 7 4 4 5 7 5 6 5 6 6 7 6 9 6 6 7 9 7 8 7 5 8 3 8 1 8 1 9 11 9 9 9 9 10 7 10 5 10 1 11 9 11 5 11 8 12 9 12 11 12 8 13 11 13 10 13 10 14 11 14 1 14 10 15 1 15 0 15 10 16 0 16 2 16 2 17 4 17 6 17 6 18 8 18 10 18 2 19 6 19 10 19</p></triangles></mesh></geometry><geometry id="mesh17"><mesh><source id="mesh17-positions"><float_array id="mesh17-array" count="168">-0.02500000037252903 -0.041999999433755875 -0.3050000071525574 -0.02499999850988388 -0.05299999937415123 -0.2939999997615814 -0.035999998450279236 -0.041999999433755875 -0.2939999997615814 -0.02499999850988388 -0.04977817460894585 -0.3017781674861908 -0.03135085105895996 -0.048350851982831955 -0.3003508448600769 -0.03277817368507385 -0.04977817460894585 -0.2939999997615814 -0.03277817368507385 -0.041999999433755875 -0.3017781674861908 -0.02499999850988388 -0.05299999937415123 -0.025999993085861206 -0.02500000037252903 -0.041999999433755875 -0.015000000596046448 -0.035999998450279236 -0.041999999433755875 -0.025999993085861206 -0.02499999850988388 -0.04977817460894585 -0.01822182536125183 -0.03135085105895996 -0.048350851982831955 -0.019649147987365723 -0.03277817368507385 -0.041999999433755875 -0.01822182536125183 -0.03277817368507385 -0.04977817460894585 -0.025999993085861206 -0.02500000037252903 -0.041999999433755875 -0.3050000071525574 -0.035999998450279236 -0.041999999433755875 -0.2939999997615814 -0.02499999850988388 -0.03099999949336052 -0.2939999997615814 -0.03277817368507385 -0.041999999433755875 -0.3017781674861908 -0.03135085105895996 -0.035649146884679794 -0.3003508448600769 -0.03277817368507385 -0.0342218242585659 -0.2939999997615814 -0.02499999850988388 -0.0342218242585659 -0.3017781674861908 -0.02500000037252903 -0.041999999433755875 -0.015000000596046448 -0.02499999850988388 -0.03099999949336052 -0.025999993085861206 -0.035999998450279236 -0.041999999433755875 -0.025999993085861206 -0.02499999850988388 -0.0342218242585659 -0.01822182536125183 -0.03135085105895996 -0.035649146884679794 -0.019649147987365723 -0.03277817368507385 -0.0342218242585659 -0.025999993085861206 -0.03277817368507385 -0.041999999433755875 -0.01822182536125183 0.02500000037252903 -0.041999999433755875 -0.3050000071525574 0.035999998450279236 -0.041999999433755875 -0.2939999997615814 0.02499999850988388 -0.05299999937415123 -0.2939999997615814 0.03277817368507385 -0.041999999433755875 -0.3017781674861908 0.03135085105895996 -0.048350851982831955 -0.3003508448600769 0.03277817368507385 -0.04977817460894585 -0.2939999997615814 0.02499999850988388 -0.04977817460894585 -0.3017781674861908 0.02500000037252903 -0.041999999433755875 -0.015000000596046448 0.02499999850988388 -0.05299999937415123 -0.025999993085861206 0.035999998450279236 -0.041999999433755875 -0.025999993085861206 0.02499999850988388 -0.04977817460894585 -0.01822182536125183 0.03135085105895996 -0.048350851982831955 -0.019649147987365723 0.03277817368507385 -0.04977817460894585 -0.025999993085861206 0.03277817368507385 -0.041999999433755875 -0.01822182536125183 0.02500000037252903 -0.041999999433755875 -0.3050000071525574 0.02499999850988388 -0.03099999949336052 -0.2939999997615814 0.035999998450279236 -0.041999999433755875 -0.2939999997615814 0.02499999850988388 -0.0342218242585659 -0.3017781674861908 0.03135085105895996 -0.035649146884679794 -0.3003508448600769 0.03277817368507385 -0.0342218242585659 -0.2939999997615814 0.03277817368507385 -0.041999999433755875 -0.3017781674861908 0.02500000037252903 -0.041999999433755875 -0.015000000596046448 0.035999998450279236 -0.041999999433755875 -0.025999993085861206 0.02499999850988388 -0.03099999949336052 -0.025999993085861206 0.03277817368507385 -0.041999999433755875 -0.01822182536125183 0.03135085105895996 -0.035649146884679794 -0.019649147987365723 0.03277817368507385 -0.0342218242585659 -0.025999993085861206 0.02499999850988388 -0.0342218242585659 -0.01822182536125183</float_array><technique_common><accessor source="#mesh17-array" count="56" stride="3"><param name="X" type="float" /><param name="Y" type="float" /><param name="Z" type="float" /></accessor></technique_common></source><source id="mesh17-normals"><float_array id="mesh17-normals-array" count="324">-0.28174757957458496 -0.36718034744262695 -0.8864519000053406 -0.36718037724494934 -0.28174757957458496 -0.8864519000053406 -0.367180198431015 -0.8864519000053406 -0.28174784779548645 -0.2817474603652954 -0.886451780796051 -0.36718061566352844 -0.8864517211914062 -0.28174760937690735 -0.36718058586120605 -0.886451780796051 -0.3671802282333374 -0.28174787759780884 -0.2817474603652954 -0.886451780796051 0.36718058586120605 -0.3671802580356598 -0.886451780796051 0.2817477285861969 -0.36718034744262695 -0.28174757957458496 0.8864518404006958 -0.28174757957458496 -0.36718037724494934 0.8864519000053406 -0.8864518404006958 -0.36718031764030457 0.28174787759780884 -0.886451780796051 -0.28174763917922974 0.36718058586120605 -0.36718034744262695 0.28174757957458496 -0.8864518404006958 -0.28174757957458496 0.36718037724494934 -0.8864519000053406 -0.8864518404006958 0.36718031764030457 -0.28174787759780884 -0.886451780796051 0.28174763917922974 -0.36718058586120605 -0.2817474603652954 0.886451780796051 -0.36718058586120605 -0.3671802580356598 0.886451780796051 -0.2817477285861969 -0.28174757957458496 0.36718034744262695 0.8864519000053406 -0.36718037724494934 0.28174757957458496 0.8864519000053406 -0.367180198431015 0.8864519000053406 0.28174784779548645 -0.2817474603652954 0.886451780796051 0.36718061566352844 -0.8864517211914062 0.28174760937690735 0.36718058586120605 -0.886451780796051 0.3671802282333374 0.28174787759780884 0.36718034744262695 -0.28174757957458496 -0.8864518404006958 0.28174757957458496 -0.36718037724494934 -0.8864519000053406 0.8864518404006958 -0.36718031764030457 -0.28174787759780884 0.886451780796051 -0.28174763917922974 -0.36718058586120605 0.2817474603652954 -0.886451780796051 -0.36718058586120605 0.3671802580356598 -0.886451780796051 -0.2817477285861969 0.28174757957458496 -0.36718034744262695 0.8864519000053406 0.36718037724494934 -0.28174757957458496 0.8864519000053406 0.367180198431015 -0.8864519000053406 0.28174784779548645 0.2817474603652954 -0.886451780796051 0.36718061566352844 0.8864517211914062 -0.28174760937690735 0.36718058586120605 0.886451780796051 -0.3671802282333374 0.28174787759780884 0.28174757957458496 0.36718034744262695 -0.8864519000053406 0.36718037724494934 0.28174757957458496 -0.8864519000053406 0.367180198431015 0.8864519000053406 -0.28174784779548645 0.2817474603652954 0.886451780796051 -0.36718061566352844 0.8864517211914062 0.28174760937690735 -0.36718058586120605 0.886451780796051 0.3671802282333374 -0.28174787759780884 0.36718034744262695 0.28174757957458496 0.8864518404006958 0.28174757957458496 0.36718037724494934 0.8864519000053406 0.8864518404006958 0.36718031764030457 0.28174787759780884 0.886451780796051 0.28174763917922974 0.36718058586120605 0.2817474603652954 0.886451780796051 0.36718058586120605 0.3671802580356598 0.886451780796051 0.2817477285861969 -0.3826834261417389 0.0 -0.9238795638084412 -0.3826834261417389 0.0 -0.9238795042037964 -0.9238793849945068 0.0 -0.3826836049556732 -0.9238795042037964 0.0 -0.3826836943626404 -0.3826833665370941 -0.9238796234130859 0.0 -0.38268327713012695 -0.9238796234130859 3.210559595956397e-09 -0.9238795042037964 -0.3826833665370941 1.3298570022968192e-09 -0.9238796234130859 -0.3826833665370941 0.0 -0.3826834261417389 0.0 0.9238795638084412 -0.3826834261417389 0.0 0.9238795042037964 -0.9238793849945068 0.0 0.3826836049556732 -0.9238795042037964 0.0 0.3826836943626404 -0.3826833665370941 0.9238796234130859 0.0 -0.38268327713012695 0.9238796234130859 -3.210559595956397e-09 -0.9238795042037964 0.3826833665370941 -1.3298570022968192e-09 -0.9238796234130859 0.3826833665370941 0.0 7.1280332747392094e-09 0.3826833665370941 -0.9238795638084412 0.0 0.38268333673477173 -0.9238795638084412 0.0 0.9238794445991516 -0.382683664560318 0.0 0.9238794445991516 -0.382683664560318 -7.1280332747392094e-09 0.3826833665370941 0.9238795638084412 0.0 0.38268333673477173 0.9238795638084412 0.0 0.9238794445991516 0.382683664560318 0.0 0.9238794445991516 0.382683664560318 0.9238796234130859 0.3826833665370941 0.0 0.9238795042037964 0.3826833665370941 1.3298570022968192e-09 0.38268327713012695 0.9238796234130859 3.210559595956397e-09 0.3826833665370941 0.9238796234130859 0.0 0.3826834261417389 0.0 -0.9238795638084412 0.3826834261417389 0.0 -0.9238795042037964 0.9238793849945068 0.0 -0.3826836049556732 0.9238795042037964 0.0 -0.3826836943626404 0.3826834261417389 0.0 0.9238795638084412 0.3826834261417389 0.0 0.9238795042037964 0.9238793849945068 0.0 0.3826836049556732 0.9238795042037964 0.0 0.3826836943626404 0.3826833665370941 -0.9238796234130859 0.0 0.38268327713012695 -0.9238796234130859 -3.210559595956397e-09 0.9238795042037964 -0.3826833665370941 -1.3298570022968192e-09 0.9238796234130859 -0.3826833665370941 0.0 -7.1280332747392094e-09 -0.3826833665370941 -0.9238795638084412 0.0 -0.38268333673477173 -0.9238795638084412 0.0 -0.9238794445991516 -0.382683664560318 0.0 -0.9238794445991516 -0.382683664560318 7.1280332747392094e-09 -0.3826833665370941 0.9238795638084412 0.0 -0.38268333673477173 0.9238795638084412 0.0 -0.9238794445991516 0.382683664560318 0.0 -0.9238794445991516 0.382683664560318 0.0 0.0 -1.0 0.0 0.0 -1.0 -1.0 0.0 0.0 -1.0 0.0 0.0 0.0 -1.0 0.0 0.0 -1.0 0.0 0.0 0.0 1.0 0.0 0.0 1.0 0.0 1.0 0.0 0.0 1.0 0.0 1.0 0.0 0.0 1.0 0.0 0.0</float_array><technique_common><accessor source="#mesh17-normals-array" count="108" stride="3"><param name="X" type="float" /><param name="Y" type="float" /><param name="Z" type="float" /></accessor></technique_common></source><vertices id="mesh17-vertices"><input semantic="POSITION" source="#mesh17-positions" /></vertices><triangles count="108" material="titanium"><input semantic="VERTEX" source="#mesh17-vertices" offset="0" /><input semantic="NORMAL" source="#mesh17-normals" offset="1" /><p>0 0 3 0 4 0 0 1 4 1 6 1 1 2 5 2 4 2 1 3 4 3 3 3 2 4 6 4 4 4 2 5 4 5 5 5 7 6 10 6 11 6 7 7 11 7 13 7 8 8 12 8 11 8 8 9 11 9 10 9 9 10 13 10 11 10 9 11 11 11 12 11 14 12 17 12 18 12 14 13 18 13 20 13 15 14 19 14 18 14 15 15 18 15 17 15 16 16 20 16 18 16 16 17 18 17 19 17 21 18 24 18 25 18 21 19 25 19 27 19 22 20 26 20 25 20 22 21 25 21 24 21 23 22 27 22 25 22 23 23 25 23 26 23 28 24 31 24 32 24 28 25 32 25 34 25 29 26 33 26 32 26 29 27 32 27 31 27 30 28 34 28 32 28 30 29 32 29 33 29 35 30 38 30 39 30 35 31 39 31 41 31 36 32 40 32 39 32 36 33 39 33 38 33 37 34 41 34 39 34 37 35 39 35 40 35 42 36 45 36 46 36 42 37 46 37 48 37 43 38 47 38 46 38 43 39 46 39 45 39 44 40 48 40 46 40 44 41 46 41 47 41 49 42 52 42 53 42 49 43 53 43 55 43 50 44 54 44 53 44 50 45 53 45 52 45 51 46 55 46 53 46 51 47 53 47 54 47 14 48 0 48 6 48 14 49 6 49 17 49 17 50 6 50 2 50 17 51 2 51 15 51 1 52 7 52 13 52 1 53 13 53 5 53 5 54 13 54 9 54 5 55 9 55 2 55 8 56 21 56 27 56 8 57 27 57 12 57 12 58 27 58 23 58 12 59 23 59 9 59 22 60 16 60 19 60 22 61 19 61 26 61 26 62 19 62 15 62 26 63 15 63 23 63 42 64 14 64 20 64 42 65 20 65 45 65 45 66 20 66 16 66 45 67 16 67 43 67 21 68 49 68 55 68 21 69 55 69 24 69 24 70 55 70 51 70 24 71 51 71 22 71 50 72 44 72 47 72 50 73 47 73 54 73 54 74 47 74 43 74 54 75 43 75 51 75 28 76 42 76 48 76 28 77 48 77 31 77 31 78 48 78 44 78 31 79 44 79 29 79 49 80 35 80 41 80 49 81 41 81 52 81 52 82 41 82 37 82 52 83 37 83 50 83 36 84 30 84 33 84 36 85 33 85 40 85 40 86 33 86 29 86 40 87 29 87 37 87 0 88 28 88 34 88 0 89 34 89 3 89 3 90 34 90 30 90 3 91 30 91 1 91 35 92 8 92 10 92 35 93 10 93 38 93 38 94 10 94 7 94 38 95 7 95 36 95 14 96 42 96 28 96 14 97 28 97 0 97 2 98 9 98 23 98 2 99 23 99 15 99 30 100 36 100 7 100 30 101 7 101 1 101 49 102 21 102 8 102 49 103 8 103 35 103 16 104 22 104 51 104 16 105 51 105 43 105 44 106 50 106 37 106 44 107 37 107 29 107</p></triangles></mesh></geometry><geometry id="mesh18"><mesh><source id="mesh18-positions"><float_array id="mesh18-array" count="144">0.03400000184774399 -0.04999998211860657 -0.05500000715255737 0.03400000184774399 -0.050000015646219254 -0.27000001072883606 0.036070555448532104 -0.049727391451597214 -0.05500000715255737 0.036070555448532104 -0.0497274212539196 -0.27000001072883606 0.03800000250339508 -0.04892818629741669 -0.05500000715255737 0.03800000250339508 -0.04892821982502937 -0.27000001072883606 0.039656855165958405 -0.0476568378508091 -0.05500000715255737 0.039656855165958405 -0.04765687137842178 -0.27000001072883606 0.04092820733785629 -0.04599998518824577 -0.05500000715255737 0.04092820733785629 -0.04600001499056816 -0.27000001072883606 0.04172740876674652 -0.0440705344080925 -0.05500000715255737 0.04172740876674652 -0.044070567935705185 -0.27000001072883606 0.04200000315904617 -0.04199998453259468 -0.05500000715255737 0.04200000315904617 -0.04200001433491707 -0.27000001072883606 0.04172740876674652 -0.039929430931806564 -0.05500000715255737 0.04172740876674652 -0.03992946445941925 -0.27000001072883606 0.04092820733785629 -0.03799998387694359 -0.05500000715255737 0.04092820733785629 -0.038000013679265976 -0.27000001072883606 0.039656855165958405 -0.036343127489089966 -0.05500000715255737 0.039656855165958405 -0.03634316101670265 -0.27000001072883606 0.03800000250339508 -0.035071779042482376 -0.05500000715255737 0.03800000250339508 -0.03507181257009506 -0.27000001072883606 0.036070555448532104 -0.03427257761359215 -0.05500000715255737 0.036070555448532104 -0.034272607415914536 -0.27000001072883606 0.03400000184774399 -0.033999983221292496 -0.05500000715255737 0.03400000184774399 -0.03400001674890518 -0.27000001072883606 0.03192944824695587 -0.03427257761359215 -0.05500000715255737 0.03192944824695587 -0.034272607415914536 -0.27000001072883606 0.030000001192092896 -0.035071779042482376 -0.05500000715255737 0.030000001192092896 -0.03507181257009506 -0.27000001072883606 0.02834314852952957 -0.036343127489089966 -0.05500000715255737 0.02834314852952957 -0.03634316101670265 -0.27000001072883606 0.027071798220276833 -0.03799998387694359 -0.05500000715255737 0.027071798220276833 -0.038000013679265976 -0.27000001072883606 0.026272594928741455 -0.039929430931806564 -0.05500000715255737 0.026272594928741455 -0.03992946445941925 -0.27000001072883606 0.026000000536441803 -0.04199998453259468 -0.05500000715255737 0.026000000536441803 -0.04200001433491707 -0.27000001072883606 0.026272594928741455 -0.0440705344080925 -0.05500000715255737 0.026272594928741455 -0.044070567935705185 -0.27000001072883606 0.027071798220276833 -0.04599998518824577 -0.05500000715255737 0.027071798220276833 -0.04600001499056816 -0.27000001072883606 0.02834314852952957 -0.0476568378508091 -0.05500000715255737 0.02834314852952957 -0.04765687137842178 -0.27000001072883606 0.030000001192092896 -0.04892818629741669 -0.05500000715255737 0.030000001192092896 -0.04892821982502937 -0.27000001072883606 0.03192944824695587 -0.049727391451597214 -0.05500000715255737 0.03192944824695587 -0.0497274212539196 -0.27000001072883606</float_array><technique_common><accessor source="#mesh18-array" count="48" stride="3"><param name="X" type="float" /><param name="Y" type="float" /><param name="Z" type="float" /></accessor></technique_common></source><source id="mesh18-normals"><float_array id="mesh18-normals-array" count="276">0.13052622973918915 -0.9914448857307434 1.4970402162362006e-07 0.13052622973918915 -0.9914448857307434 1.4970402162362006e-07 0.3826833963394165 -0.9238795638084412 1.3950193533673882e-07 0.3826833963394165 -0.9238795638084412 1.3950193533673882e-07 0.6087616086006165 -0.7933533191680908 1.197930146190629e-07 0.6087616086006165 -0.7933533191680908 1.197930146190629e-07 0.7933533191680908 -0.6087616086006165 9.192045524741843e-08 0.7933533191680908 -0.6087616086006165 9.192045524741843e-08 0.9238795638084412 -0.3826833963394165 5.7783587692483707e-08 0.9238795638084412 -0.3826833963394165 5.7783587692483707e-08 0.9914448857307434 -0.13052622973918915 1.970891361224858e-08 0.9914448857307434 -0.13052622973918915 1.970891361224858e-08 0.9914448857307434 0.13052622973918915 -1.970891361224858e-08 0.9914448857307434 0.13052622973918915 -1.970891361224858e-08 0.9238795638084412 0.3826833963394165 -5.7783587692483707e-08 0.9238795638084412 0.3826833963394165 -5.7783587692483707e-08 0.7933533191680908 0.6087616086006165 -9.192045524741843e-08 0.7933533191680908 0.6087616086006165 -9.192045524741843e-08 0.6087616086006165 0.7933533191680908 -1.197930146190629e-07 0.6087616086006165 0.7933533191680908 -1.197930146190629e-07 0.3826833963394165 0.9238795638084412 -1.3950193533673882e-07 0.3826833963394165 0.9238795638084412 -1.3950193533673882e-07 0.13052622973918915 0.9914448857307434 -1.4970402162362006e-07 0.13052622973918915 0.9914448857307434 -1.4970402162362006e-07 -0.13052622973918915 0.9914448857307434 -1.4970402162362006e-07 -0.13052622973918915 0.9914448857307434 -1.4970402162362006e-07 -0.3826833963394165 0.9238795638084412 -1.3950193533673882e-07 -0.3826833963394165 0.9238795638084412 -1.3950193533673882e-07 -0.6087616086006165 0.7933533191680908 -1.197930146190629e-07 -0.6087616086006165 0.7933533191680908 -1.197930146190629e-07 -0.7933533191680908 0.6087616086006165 -9.192045524741843e-08 -0.7933533191680908 0.6087616086006165 -9.192045524741843e-08 -0.9238795638084412 0.3826833963394165 -5.7783587692483707e-08 -0.9238795638084412 0.3826833963394165 -5.7783587692483707e-08 -0.9914448857307434 0.13052622973918915 -1.970891361224858e-08 -0.9914448857307434 0.13052622973918915 -1.970891361224858e-08 -0.9914448857307434 -0.13052622973918915 1.970891361224858e-08 -0.9914448857307434 -0.13052622973918915 1.970891361224858e-08 -0.9238795638084412 -0.3826833963394165 5.7783587692483707e-08 -0.9238795638084412 -0.3826833963394165 5.7783587692483707e-08 -0.7933533191680908 -0.6087616086006165 9.192045524741843e-08 -0.7933533191680908 -0.6087616086006165 9.192045524741843e-08 -0.6087616086006165 -0.7933533191680908 1.197930146190629e-07 -0.6087616086006165 -0.7933533191680908 1.197930146190629e-07 0.0 -1.5099580252808664e-07 -1.0 0.0 -1.5099580252808664e-07 -1.0 0.0 -1.5099580252808664e-07 -1.0 0.0 -1.5099580252808664e-07 -1.0 0.0 -1.5099580252808664e-07 -1.0 0.0 -1.5099580252808664e-07 -1.0 0.0 -1.5099580252808664e-07 -1.0 0.0 -1.5099580252808664e-07 -1.0 0.0 -1.5099580252808664e-07 -1.0 0.0 -1.5099580252808664e-07 -1.0 0.0 -1.5099580252808664e-07 -1.0 0.0 -1.5099580252808664e-07 -1.0 0.0 -1.5099580252808664e-07 -1.0 0.0 -1.5099580252808664e-07 -1.0 0.0 -1.5099580252808664e-07 -1.0 0.0 -1.5099580252808664e-07 -1.0 0.0 -1.5099580252808664e-07 -1.0 0.0 -1.5099580252808664e-07 -1.0 0.0 -1.5099580252808664e-07 -1.0 0.0 -1.5099580252808664e-07 -1.0 0.0 -1.5099580252808664e-07 -1.0 0.0 -1.5099580252808664e-07 -1.0 -0.3826833963394165 -0.9238795638084412 1.3950193533673882e-07 -0.3826833963394165 -0.9238795638084412 1.3950193533673882e-07 -0.13052622973918915 -0.9914448857307434 1.4970402162362006e-07 -0.13052622973918915 -0.9914448857307434 1.4970402162362006e-07 0.0 1.5099580252808664e-07 1.0 0.0 1.5099580252808664e-07 1.0 0.0 1.5099580252808664e-07 1.0 0.0 1.5099580252808664e-07 1.0 0.0 1.5099580252808664e-07 1.0 0.0 1.5099580252808664e-07 1.0 0.0 1.5099580252808664e-07 1.0 0.0 1.5099580252808664e-07 1.0 0.0 1.5099580252808664e-07 1.0 0.0 1.5099580252808664e-07 1.0 0.0 1.5099580252808664e-07 1.0 0.0 1.5099580252808664e-07 1.0 0.0 1.5099580252808664e-07 1.0 0.0 1.5099580252808664e-07 1.0 0.0 1.5099580252808664e-07 1.0 0.0 1.5099580252808664e-07 1.0 0.0 1.5099580252808664e-07 1.0 0.0 1.5099580252808664e-07 1.0 0.0 1.5099580252808664e-07 1.0 0.0 1.5099580252808664e-07 1.0 0.0 1.5099580252808664e-07 1.0 0.0 1.5099580252808664e-07 1.0</float_array><technique_common><accessor source="#mesh18-normals-array" count="92" stride="3"><param name="X" type="float" /><param name="Y" type="float" /><param name="Z" type="float" /></accessor></technique_common></source><vertices id="mesh18-vertices"><input semantic="POSITION" source="#mesh18-positions" /></vertices><triangles count="92" material="graphite"><input semantic="VERTEX" source="#mesh18-vertices" offset="0" /><input semantic="NORMAL" source="#mesh18-normals" offset="1" /><p>0 0 1 0 3 0 0 1 3 1 2 1 2 2 3 2 5 2 2 3 5 3 4 3 4 4 5 4 7 4 4 5 7 5 6 5 6 6 7 6 9 6 6 7 9 7 8 7 8 8 9 8 11 8 8 9 11 9 10 9 10 10 11 10 13 10 10 11 13 11 12 11 12 12 13 12 15 12 12 13 15 13 14 13 14 14 15 14 17 14 14 15 17 15 16 15 16 16 17 16 19 16 16 17 19 17 18 17 18 18 19 18 21 18 18 19 21 19 20 19 20 20 21 20 23 20 20 21 23 21 22 21 22 22 23 22 25 22 22 23 25 23 24 23 24 24 25 24 27 24 24 25 27 25 26 25 26 26 27 26 29 26 26 27 29 27 28 27 28 28 29 28 31 28 28 29 31 29 30 29 30 30 31 30 33 30 30 31 33 31 32 31 32 32 33 32 35 32 32 33 35 33 34 33 34 34 35 34 37 34 34 35 37 35 36 35 36 36 37 36 39 36 36 37 39 37 38 37 38 38 39 38 41 38 38 39 41 39 40 39 40 40 41 40 43 40 40 41 43 41 42 41 42 42 43 42 45 42 42 43 45 43 44 43 5 44 3 44 1 44 1 45 47 45 45 45 45 46 43 46 41 46 41 47 39 47 37 47 37 48 35 48 33 48 33 49 31 49 29 49 29 50 27 50 25 50 25 51 23 51 21 51 21 52 19 52 17 52 17 53 15 53 13 53 13 54 11 54 9 54 9 55 7 55 5 55 5 56 1 56 45 56 45 57 41 57 37 57 37 58 33 58 29 58 29 59 25 59 21 59 21 60 17 60 13 60 13 61 9 61 5 61 5 62 45 62 37 62 37 63 29 63 21 63 21 64 13 64 5 64 37 65 21 65 5 65 44 66 45 66 47 66 44 67 47 67 46 67 46 68 47 68 1 68 46 69 1 69 0 69 46 70 0 70 2 70 2 71 4 71 6 71 6 72 8 72 10 72 10 73 12 73 14 73 14 74 16 74 18 74 18 75 20 75 22 75 22 76 24 76 26 76 26 77 28 77 30 77 30 78 32 78 34 78 34 79 36 79 38 79 38 80 40 80 42 80 42 81 44 81 46 81 46 82 2 82 6 82 6 83 10 83 14 83 14 84 18 84 22 84 22 85 26 85 30 85 30 86 34 86 38 86 38 87 42 87 46 87 46 88 6 88 14 88 14 89 22 89 30 89 30 90 38 90 46 90 14 91 30 91 46 91</p></triangles></mesh></geometry><geometry id="mesh19"><mesh><source id="mesh19-positions"><float_array id="mesh19-array" count="168">-0.02500000037252903 0.041999999433755875 -0.3050000071525574 -0.02499999850988388 0.03099999949336052 -0.2939999997615814 -0.035999998450279236 0.041999999433755875 -0.2939999997615814 -0.02499999850988388 0.0342218242585659 -0.3017781674861908 -0.03135085105895996 0.035649146884679794 -0.3003508448600769 -0.03277817368507385 0.0342218242585659 -0.2939999997615814 -0.03277817368507385 0.041999999433755875 -0.3017781674861908 -0.02499999850988388 0.03099999949336052 -0.025999993085861206 -0.02500000037252903 0.041999999433755875 -0.015000000596046448 -0.035999998450279236 0.041999999433755875 -0.025999993085861206 -0.02499999850988388 0.0342218242585659 -0.01822182536125183 -0.03135085105895996 0.035649146884679794 -0.019649147987365723 -0.03277817368507385 0.041999999433755875 -0.01822182536125183 -0.03277817368507385 0.0342218242585659 -0.025999993085861206 -0.02500000037252903 0.041999999433755875 -0.3050000071525574 -0.035999998450279236 0.041999999433755875 -0.2939999997615814 -0.02499999850988388 0.05299999937415123 -0.2939999997615814 -0.03277817368507385 0.041999999433755875 -0.3017781674861908 -0.03135085105895996 0.048350851982831955 -0.3003508448600769 -0.03277817368507385 0.04977817460894585 -0.2939999997615814 -0.02499999850988388 0.04977817460894585 -0.3017781674861908 -0.02500000037252903 0.041999999433755875 -0.015000000596046448 -0.02499999850988388 0.05299999937415123 -0.025999993085861206 -0.035999998450279236 0.041999999433755875 -0.025999993085861206 -0.02499999850988388 0.04977817460894585 -0.01822182536125183 -0.03135085105895996 0.048350851982831955 -0.019649147987365723 -0.03277817368507385 0.04977817460894585 -0.025999993085861206 -0.03277817368507385 0.041999999433755875 -0.01822182536125183 0.02500000037252903 0.041999999433755875 -0.3050000071525574 0.035999998450279236 0.041999999433755875 -0.2939999997615814 0.02499999850988388 0.03099999949336052 -0.2939999997615814 0.03277817368507385 0.041999999433755875 -0.3017781674861908 0.03135085105895996 0.035649146884679794 -0.3003508448600769 0.03277817368507385 0.0342218242585659 -0.2939999997615814 0.02499999850988388 0.0342218242585659 -0.3017781674861908 0.02500000037252903 0.041999999433755875 -0.015000000596046448 0.02499999850988388 0.03099999949336052 -0.025999993085861206 0.035999998450279236 0.041999999433755875 -0.025999993085861206 0.02499999850988388 0.0342218242585659 -0.01822182536125183 0.03135085105895996 0.035649146884679794 -0.019649147987365723 0.03277817368507385 0.0342218242585659 -0.025999993085861206 0.03277817368507385 0.041999999433755875 -0.01822182536125183 0.02500000037252903 0.041999999433755875 -0.3050000071525574 0.02499999850988388 0.05299999937415123 -0.2939999997615814 0.035999998450279236 0.041999999433755875 -0.2939999997615814 0.02499999850988388 0.04977817460894585 -0.3017781674861908 0.03135085105895996 0.048350851982831955 -0.3003508448600769 0.03277817368507385 0.04977817460894585 -0.2939999997615814 0.03277817368507385 0.041999999433755875 -0.3017781674861908 0.02500000037252903 0.041999999433755875 -0.015000000596046448 0.035999998450279236 0.041999999433755875 -0.025999993085861206 0.02499999850988388 0.05299999937415123 -0.025999993085861206 0.03277817368507385 0.041999999433755875 -0.01822182536125183 0.03135085105895996 0.048350851982831955 -0.019649147987365723 0.03277817368507385 0.04977817460894585 -0.025999993085861206 0.02499999850988388 0.04977817460894585 -0.01822182536125183</float_array><technique_common><accessor source="#mesh19-array" count="56" stride="3"><param name="X" type="float" /><param name="Y" type="float" /><param name="Z" type="float" /></accessor></technique_common></source><source id="mesh19-normals"><float_array id="mesh19-normals-array" count="324">-0.28174757957458496 -0.36718034744262695 -0.8864519000053406 -0.36718037724494934 -0.28174757957458496 -0.8864519000053406 -0.367180198431015 -0.8864519000053406 -0.28174784779548645 -0.2817474603652954 -0.886451780796051 -0.36718061566352844 -0.8864517211914062 -0.28174760937690735 -0.36718058586120605 -0.886451780796051 -0.3671802282333374 -0.28174787759780884 -0.2817474603652954 -0.886451780796051 0.36718058586120605 -0.3671802580356598 -0.886451780796051 0.2817477285861969 -0.36718034744262695 -0.28174757957458496 0.8864518404006958 -0.28174757957458496 -0.36718037724494934 0.8864519000053406 -0.8864518404006958 -0.36718031764030457 0.28174787759780884 -0.886451780796051 -0.28174763917922974 0.36718058586120605 -0.36718034744262695 0.28174757957458496 -0.8864518404006958 -0.28174757957458496 0.36718037724494934 -0.8864519000053406 -0.8864518404006958 0.36718031764030457 -0.28174787759780884 -0.886451780796051 0.28174763917922974 -0.36718058586120605 -0.2817474603652954 0.886451780796051 -0.36718058586120605 -0.3671802580356598 0.886451780796051 -0.2817477285861969 -0.28174757957458496 0.36718034744262695 0.8864519000053406 -0.36718037724494934 0.28174757957458496 0.8864519000053406 -0.367180198431015 0.8864519000053406 0.28174784779548645 -0.2817474603652954 0.886451780796051 0.36718061566352844 -0.8864517211914062 0.28174760937690735 0.36718058586120605 -0.886451780796051 0.3671802282333374 0.28174787759780884 0.36718034744262695 -0.28174757957458496 -0.8864518404006958 0.28174757957458496 -0.36718037724494934 -0.8864519000053406 0.8864518404006958 -0.36718031764030457 -0.28174787759780884 0.886451780796051 -0.28174763917922974 -0.36718058586120605 0.2817474603652954 -0.886451780796051 -0.36718058586120605 0.3671802580356598 -0.886451780796051 -0.2817477285861969 0.28174757957458496 -0.36718034744262695 0.8864519000053406 0.36718037724494934 -0.28174757957458496 0.8864519000053406 0.367180198431015 -0.8864519000053406 0.28174784779548645 0.2817474603652954 -0.886451780796051 0.36718061566352844 0.8864517211914062 -0.28174760937690735 0.36718058586120605 0.886451780796051 -0.3671802282333374 0.28174787759780884 0.28174757957458496 0.36718034744262695 -0.8864519000053406 0.36718037724494934 0.28174757957458496 -0.8864519000053406 0.367180198431015 0.8864519000053406 -0.28174784779548645 0.2817474603652954 0.886451780796051 -0.36718061566352844 0.8864517211914062 0.28174760937690735 -0.36718058586120605 0.886451780796051 0.3671802282333374 -0.28174787759780884 0.36718034744262695 0.28174757957458496 0.8864518404006958 0.28174757957458496 0.36718037724494934 0.8864519000053406 0.8864518404006958 0.36718031764030457 0.28174787759780884 0.886451780796051 0.28174763917922974 0.36718058586120605 0.2817474603652954 0.886451780796051 0.36718058586120605 0.3671802580356598 0.886451780796051 0.2817477285861969 -0.3826834261417389 0.0 -0.9238795638084412 -0.3826834261417389 0.0 -0.9238795042037964 -0.9238793849945068 0.0 -0.3826836049556732 -0.9238795042037964 0.0 -0.3826836943626404 -0.3826833665370941 -0.9238796234130859 0.0 -0.38268327713012695 -0.9238796234130859 3.210559595956397e-09 -0.9238795042037964 -0.3826833665370941 1.3298570022968192e-09 -0.9238796234130859 -0.3826833665370941 0.0 -0.3826834261417389 0.0 0.9238795638084412 -0.3826834261417389 0.0 0.9238795042037964 -0.9238793849945068 0.0 0.3826836049556732 -0.9238795042037964 0.0 0.3826836943626404 -0.3826833665370941 0.9238796234130859 0.0 -0.38268327713012695 0.9238796234130859 -3.210559595956397e-09 -0.9238795042037964 0.3826833665370941 -1.3298570022968192e-09 -0.9238796234130859 0.3826833665370941 0.0 7.1280332747392094e-09 0.3826833665370941 -0.9238795638084412 0.0 0.38268333673477173 -0.9238795638084412 0.0 0.9238794445991516 -0.382683664560318 0.0 0.9238794445991516 -0.382683664560318 -7.1280332747392094e-09 0.3826833665370941 0.9238795638084412 0.0 0.38268333673477173 0.9238795638084412 0.0 0.9238794445991516 0.382683664560318 0.0 0.9238794445991516 0.382683664560318 0.9238796234130859 0.3826833665370941 0.0 0.9238795042037964 0.3826833665370941 1.3298570022968192e-09 0.38268327713012695 0.9238796234130859 3.210559595956397e-09 0.3826833665370941 0.9238796234130859 0.0 0.3826834261417389 0.0 -0.9238795638084412 0.3826834261417389 0.0 -0.9238795042037964 0.9238793849945068 0.0 -0.3826836049556732 0.9238795042037964 0.0 -0.3826836943626404 0.3826834261417389 0.0 0.9238795638084412 0.3826834261417389 0.0 0.9238795042037964 0.9238793849945068 0.0 0.3826836049556732 0.9238795042037964 0.0 0.3826836943626404 0.3826833665370941 -0.9238796234130859 0.0 0.38268327713012695 -0.9238796234130859 -3.210559595956397e-09 0.9238795042037964 -0.3826833665370941 -1.3298570022968192e-09 0.9238796234130859 -0.3826833665370941 0.0 -7.1280332747392094e-09 -0.3826833665370941 -0.9238795638084412 0.0 -0.38268333673477173 -0.9238795638084412 0.0 -0.9238794445991516 -0.382683664560318 0.0 -0.9238794445991516 -0.382683664560318 7.1280332747392094e-09 -0.3826833665370941 0.9238795638084412 0.0 -0.38268333673477173 0.9238795638084412 0.0 -0.9238794445991516 0.382683664560318 0.0 -0.9238794445991516 0.382683664560318 0.0 0.0 -1.0 0.0 0.0 -1.0 -1.0 0.0 0.0 -1.0 0.0 0.0 0.0 -1.0 0.0 0.0 -1.0 0.0 0.0 0.0 1.0 0.0 0.0 1.0 0.0 1.0 0.0 0.0 1.0 0.0 1.0 0.0 0.0 1.0 0.0 0.0</float_array><technique_common><accessor source="#mesh19-normals-array" count="108" stride="3"><param name="X" type="float" /><param name="Y" type="float" /><param name="Z" type="float" /></accessor></technique_common></source><vertices id="mesh19-vertices"><input semantic="POSITION" source="#mesh19-positions" /></vertices><triangles count="108" material="titanium"><input semantic="VERTEX" source="#mesh19-vertices" offset="0" /><input semantic="NORMAL" source="#mesh19-normals" offset="1" /><p>0 0 3 0 4 0 0 1 4 1 6 1 1 2 5 2 4 2 1 3 4 3 3 3 2 4 6 4 4 4 2 5 4 5 5 5 7 6 10 6 11 6 7 7 11 7 13 7 8 8 12 8 11 8 8 9 11 9 10 9 9 10 13 10 11 10 9 11 11 11 12 11 14 12 17 12 18 12 14 13 18 13 20 13 15 14 19 14 18 14 15 15 18 15 17 15 16 16 20 16 18 16 16 17 18 17 19 17 21 18 24 18 25 18 21 19 25 19 27 19 22 20 26 20 25 20 22 21 25 21 24 21 23 22 27 22 25 22 23 23 25 23 26 23 28 24 31 24 32 24 28 25 32 25 34 25 29 26 33 26 32 26 29 27 32 27 31 27 30 28 34 28 32 28 30 29 32 29 33 29 35 30 38 30 39 30 35 31 39 31 41 31 36 32 40 32 39 32 36 33 39 33 38 33 37 34 41 34 39 34 37 35 39 35 40 35 42 36 45 36 46 36 42 37 46 37 48 37 43 38 47 38 46 38 43 39 46 39 45 39 44 40 48 40 46 40 44 41 46 41 47 41 49 42 52 42 53 42 49 43 53 43 55 43 50 44 54 44 53 44 50 45 53 45 52 45 51 46 55 46 53 46 51 47 53 47 54 47 14 48 0 48 6 48 14 49 6 49 17 49 17 50 6 50 2 50 17 51 2 51 15 51 1 52 7 52 13 52 1 53 13 53 5 53 5 54 13 54 9 54 5 55 9 55 2 55 8 56 21 56 27 56 8 57 27 57 12 57 12 58 27 58 23 58 12 59 23 59 9 59 22 60 16 60 19 60 22 61 19 61 26 61 26 62 19 62 15 62 26 63 15 63 23 63 42 64 14 64 20 64 42 65 20 65 45 65 45 66 20 66 16 66 45 67 16 67 43 67 21 68 49 68 55 68 21 69 55 69 24 69 24 70 55 70 51 70 24 71 51 71 22 71 50 72 44 72 47 72 50 73 47 73 54 73 54 74 47 74 43 74 54 75 43 75 51 75 28 76 42 76 48 76 28 77 48 77 31 77 31 78 48 78 44 78 31 79 44 79 29 79 49 80 35 80 41 80 49 81 41 81 52 81 52 82 41 82 37 82 52 83 37 83 50 83 36 84 30 84 33 84 36 85 33 85 40 85 40 86 33 86 29 86 40 87 29 87 37 87 0 88 28 88 34 88 0 89 34 89 3 89 3 90 34 90 30 90 3 91 30 91 1 91 35 92 8 92 10 92 35 93 10 93 38 93 38 94 10 94 7 94 38 95 7 95 36 95 14 96 42 96 28 96 14 97 28 97 0 97 2 98 9 98 23 98 2 99 23 99 15 99 30 100 36 100 7 100 30 101 7 101 1 101 49 102 21 102 8 102 49 103 8 103 35 103 16 104 22 104 51 104 16 105 51 105 43 105 44 106 50 106 37 106 44 107 37 107 29 107</p></triangles></mesh></geometry><geometry id="mesh20"><mesh><source id="mesh20-positions"><float_array id="mesh20-array" count="144">0.03400000184774399 0.03400001674890518 -0.05500000715255737 0.03400000184774399 0.033999983221292496 -0.27000001072883606 0.036070555448532104 0.034272607415914536 -0.05500000715255737 0.036070555448532104 0.03427257761359215 -0.27000001072883606 0.03800000250339508 0.03507181257009506 -0.05500000715255737 0.03800000250339508 0.035071779042482376 -0.27000001072883606 0.039656855165958405 0.03634316101670265 -0.05500000715255737 0.039656855165958405 0.036343127489089966 -0.27000001072883606 0.04092820733785629 0.038000013679265976 -0.05500000715255737 0.04092820733785629 0.03799998387694359 -0.27000001072883606 0.04172740876674652 0.03992946445941925 -0.05500000715255737 0.04172740876674652 0.039929430931806564 -0.27000001072883606 0.04200000315904617 0.04200001433491707 -0.05500000715255737 0.04200000315904617 0.04199998453259468 -0.27000001072883606 0.04172740876674652 0.044070567935705185 -0.05500000715255737 0.04172740876674652 0.0440705344080925 -0.27000001072883606 0.04092820733785629 0.04600001499056816 -0.05500000715255737 0.04092820733785629 0.04599998518824577 -0.27000001072883606 0.039656855165958405 0.04765687137842178 -0.05500000715255737 0.039656855165958405 0.0476568378508091 -0.27000001072883606 0.03800000250339508 0.04892821982502937 -0.05500000715255737 0.03800000250339508 0.04892818629741669 -0.27000001072883606 0.036070555448532104 0.0497274212539196 -0.05500000715255737 0.036070555448532104 0.049727391451597214 -0.27000001072883606 0.03400000184774399 0.050000015646219254 -0.05500000715255737 0.03400000184774399 0.04999998211860657 -0.27000001072883606 0.03192944824695587 0.0497274212539196 -0.05500000715255737 0.03192944824695587 0.049727391451597214 -0.27000001072883606 0.030000001192092896 0.04892821982502937 -0.05500000715255737 0.030000001192092896 0.04892818629741669 -0.27000001072883606 0.02834314852952957 0.04765687137842178 -0.05500000715255737 0.02834314852952957 0.0476568378508091 -0.27000001072883606 0.027071798220276833 0.04600001499056816 -0.05500000715255737 0.027071798220276833 0.04599998518824577 -0.27000001072883606 0.026272594928741455 0.044070567935705185 -0.05500000715255737 0.026272594928741455 0.0440705344080925 -0.27000001072883606 0.026000000536441803 0.04200001433491707 -0.05500000715255737 0.026000000536441803 0.04199998453259468 -0.27000001072883606 0.026272594928741455 0.03992946445941925 -0.05500000715255737 0.026272594928741455 0.039929430931806564 -0.27000001072883606 0.027071798220276833 0.038000013679265976 -0.05500000715255737 0.027071798220276833 0.03799998387694359 -0.27000001072883606 0.02834314852952957 0.03634316101670265 -0.05500000715255737 0.02834314852952957 0.036343127489089966 -0.27000001072883606 0.030000001192092896 0.03507181257009506 -0.05500000715255737 0.030000001192092896 0.035071779042482376 -0.27000001072883606 0.03192944824695587 0.034272607415914536 -0.05500000715255737 0.03192944824695587 0.03427257761359215 -0.27000001072883606</float_array><technique_common><accessor source="#mesh20-array" count="48" stride="3"><param name="X" type="float" /><param name="Y" type="float" /><param name="Z" type="float" /></accessor></technique_common></source><source id="mesh20-normals"><float_array id="mesh20-normals-array" count="276">0.13052622973918915 -0.9914448857307434 1.4970402162362006e-07 0.13052622973918915 -0.9914448857307434 1.4970402162362006e-07 0.3826833963394165 -0.9238795638084412 1.3950193533673882e-07 0.3826833963394165 -0.9238795638084412 1.3950193533673882e-07 0.6087616086006165 -0.7933533191680908 1.197930146190629e-07 0.6087616086006165 -0.7933533191680908 1.197930146190629e-07 0.7933533191680908 -0.6087616086006165 9.192045524741843e-08 0.7933533191680908 -0.6087616086006165 9.192045524741843e-08 0.9238795638084412 -0.3826833963394165 5.7783587692483707e-08 0.9238795638084412 -0.3826833963394165 5.7783587692483707e-08 0.9914448857307434 -0.13052622973918915 1.970891361224858e-08 0.9914448857307434 -0.13052622973918915 1.970891361224858e-08 0.9914448857307434 0.13052622973918915 -1.970891361224858e-08 0.9914448857307434 0.13052622973918915 -1.970891361224858e-08 0.9238795638084412 0.3826833963394165 -5.7783587692483707e-08 0.9238795638084412 0.3826833963394165 -5.7783587692483707e-08 0.7933533191680908 0.6087616086006165 -9.192045524741843e-08 0.7933533191680908 0.6087616086006165 -9.192045524741843e-08 0.6087616086006165 0.7933533191680908 -1.197930146190629e-07 0.6087616086006165 0.7933533191680908 -1.197930146190629e-07 0.3826833963394165 0.9238795638084412 -1.3950193533673882e-07 0.3826833963394165 0.9238795638084412 -1.3950193533673882e-07 0.13052622973918915 0.9914448857307434 -1.4970402162362006e-07 0.13052622973918915 0.9914448857307434 -1.4970402162362006e-07 -0.13052622973918915 0.9914448857307434 -1.4970402162362006e-07 -0.13052622973918915 0.9914448857307434 -1.4970402162362006e-07 -0.3826833963394165 0.9238795638084412 -1.3950193533673882e-07 -0.3826833963394165 0.9238795638084412 -1.3950193533673882e-07 -0.6087616086006165 0.7933533191680908 -1.197930146190629e-07 -0.6087616086006165 0.7933533191680908 -1.197930146190629e-07 -0.7933533191680908 0.6087616086006165 -9.192045524741843e-08 -0.7933533191680908 0.6087616086006165 -9.192045524741843e-08 -0.9238795638084412 0.3826833963394165 -5.7783587692483707e-08 -0.9238795638084412 0.3826833963394165 -5.7783587692483707e-08 -0.9914448857307434 0.13052622973918915 -1.970891361224858e-08 -0.9914448857307434 0.13052622973918915 -1.970891361224858e-08 -0.9914448857307434 -0.13052622973918915 1.970891361224858e-08 -0.9914448857307434 -0.13052622973918915 1.970891361224858e-08 -0.9238795638084412 -0.3826833963394165 5.7783587692483707e-08 -0.9238795638084412 -0.3826833963394165 5.7783587692483707e-08 -0.7933533191680908 -0.6087616086006165 9.192045524741843e-08 -0.7933533191680908 -0.6087616086006165 9.192045524741843e-08 -0.6087616086006165 -0.7933533191680908 1.197930146190629e-07 -0.6087616086006165 -0.7933533191680908 1.197930146190629e-07 0.0 -1.5099580252808664e-07 -1.0 0.0 -1.5099580252808664e-07 -1.0 0.0 -1.5099580252808664e-07 -1.0 0.0 -1.5099580252808664e-07 -1.0 0.0 -1.5099580252808664e-07 -1.0 0.0 -1.5099580252808664e-07 -1.0 0.0 -1.5099580252808664e-07 -1.0 0.0 -1.5099580252808664e-07 -1.0 0.0 -1.5099580252808664e-07 -1.0 0.0 -1.5099580252808664e-07 -1.0 0.0 -1.5099580252808664e-07 -1.0 0.0 -1.5099580252808664e-07 -1.0 0.0 -1.5099580252808664e-07 -1.0 0.0 -1.5099580252808664e-07 -1.0 0.0 -1.5099580252808664e-07 -1.0 0.0 -1.5099580252808664e-07 -1.0 0.0 -1.5099580252808664e-07 -1.0 0.0 -1.5099580252808664e-07 -1.0 0.0 -1.5099580252808664e-07 -1.0 0.0 -1.5099580252808664e-07 -1.0 0.0 -1.5099580252808664e-07 -1.0 0.0 -1.5099580252808664e-07 -1.0 -0.3826833963394165 -0.9238795638084412 1.3950193533673882e-07 -0.3826833963394165 -0.9238795638084412 1.3950193533673882e-07 -0.13052622973918915 -0.9914448857307434 1.4970402162362006e-07 -0.13052622973918915 -0.9914448857307434 1.4970402162362006e-07 0.0 1.5099580252808664e-07 1.0 0.0 1.5099580252808664e-07 1.0 0.0 1.5099580252808664e-07 1.0 0.0 1.5099580252808664e-07 1.0 0.0 1.5099580252808664e-07 1.0 0.0 1.5099580252808664e-07 1.0 0.0 1.5099580252808664e-07 1.0 0.0 1.5099580252808664e-07 1.0 0.0 1.5099580252808664e-07 1.0 0.0 1.5099580252808664e-07 1.0 0.0 1.5099580252808664e-07 1.0 0.0 1.5099580252808664e-07 1.0 0.0 1.5099580252808664e-07 1.0 0.0 1.5099580252808664e-07 1.0 0.0 1.5099580252808664e-07 1.0 0.0 1.5099580252808664e-07 1.0 0.0 1.5099580252808664e-07 1.0 0.0 1.5099580252808664e-07 1.0 0.0 1.5099580252808664e-07 1.0 0.0 1.5099580252808664e-07 1.0 0.0 1.5099580252808664e-07 1.0 0.0 1.5099580252808664e-07 1.0</float_array><technique_common><accessor source="#mesh20-normals-array" count="92" stride="3"><param name="X" type="float" /><param name="Y" type="float" /><param name="Z" type="float" /></accessor></technique_common></source><vertices id="mesh20-vertices"><input semantic="POSITION" source="#mesh20-positions" /></vertices><triangles count="92" material="graphite"><input semantic="VERTEX" source="#mesh20-vertices" offset="0" /><input semantic="NORMAL" source="#mesh20-normals" offset="1" /><p>0 0 1 0 3 0 0 1 3 1 2 1 2 2 3 2 5 2 2 3 5 3 4 3 4 4 5 4 7 4 4 5 7 5 6 5 6 6 7 6 9 6 6 7 9 7 8 7 8 8 9 8 11 8 8 9 11 9 10 9 10 10 11 10 13 10 10 11 13 11 12 11 12 12 13 12 15 12 12 13 15 13 14 13 14 14 15 14 17 14 14 15 17 15 16 15 16 16 17 16 19 16 16 17 19 17 18 17 18 18 19 18 21 18 18 19 21 19 20 19 20 20 21 20 23 20 20 21 23 21 22 21 22 22 23 22 25 22 22 23 25 23 24 23 24 24 25 24 27 24 24 25 27 25 26 25 26 26 27 26 29 26 26 27 29 27 28 27 28 28 29 28 31 28 28 29 31 29 30 29 30 30 31 30 33 30 30 31 33 31 32 31 32 32 33 32 35 32 32 33 35 33 34 33 34 34 35 34 37 34 34 35 37 35 36 35 36 36 37 36 39 36 36 37 39 37 38 37 38 38 39 38 41 38 38 39 41 39 40 39 40 40 41 40 43 40 40 41 43 41 42 41 42 42 43 42 45 42 42 43 45 43 44 43 5 44 3 44 1 44 1 45 47 45 45 45 45 46 43 46 41 46 41 47 39 47 37 47 37 48 35 48 33 48 33 49 31 49 29 49 29 50 27 50 25 50 25 51 23 51 21 51 21 52 19 52 17 52 17 53 15 53 13 53 13 54 11 54 9 54 9 55 7 55 5 55 5 56 1 56 45 56 45 57 41 57 37 57 37 58 33 58 29 58 29 59 25 59 21 59 21 60 17 60 13 60 13 61 9 61 5 61 5 62 45 62 37 62 37 63 29 63 21 63 21 64 13 64 5 64 37 65 21 65 5 65 44 66 45 66 47 66 44 67 47 67 46 67 46 68 47 68 1 68 46 69 1 69 0 69 46 70 0 70 2 70 2 71 4 71 6 71 6 72 8 72 10 72 10 73 12 73 14 73 14 74 16 74 18 74 18 75 20 75 22 75 22 76 24 76 26 76 26 77 28 77 30 77 30 78 32 78 34 78 34 79 36 79 38 79 38 80 40 80 42 80 42 81 44 81 46 81 46 82 2 82 6 82 6 83 10 83 14 83 14 84 18 84 22 84 22 85 26 85 30 85 30 86 34 86 38 86 38 87 42 87 46 87 46 88 6 88 14 88 14 89 22 89 30 89 30 90 38 90 46 90 14 91 30 91 46 91</p></triangles></mesh></geometry><geometry id="mesh21"><mesh><source id="mesh21-positions"><float_array id="mesh21-array" count="336">-0.0411766953766346 0.05650000274181366 -0.04088348522782326 -0.035473257303237915 0.05050000175833702 -0.042960409075021744 -0.03434205800294876 0.05650000274181366 -0.03699691966176033 -0.04040641710162163 0.053503938019275665 -0.041175588965415955 -0.039841558784246445 0.05650000274181366 -0.03819775581359863 -0.039117876440286636 0.053630731999874115 -0.038606397807598114 -0.03490007668733597 0.05130157992243767 -0.03999721258878708 -0.03831291198730469 0.05130157992243767 -0.041937943547964096 -0.03764398768544197 0.05208020657300949 -0.039143119007349014 -0.03733283653855324 0.05650000274181366 -0.03677115589380264 -0.0344848595559597 0.053503938019275665 -0.03780825436115265 -0.037351660430431366 0.053630731999874115 -0.037602026015520096 0.045335475355386734 0.05650000274181366 -0.07099061459302902 0.039342060685157776 0.05650000274181366 -0.06300307810306549 0.03923293203115463 0.05050000175833702 -0.06932729482650757 0.044493384659290314 0.05650000274181366 -0.06767144799232483 0.04443889111280441 0.053503938019275665 -0.07082940638065338 0.04362638294696808 0.053630731999874115 -0.06764383614063263 0.039246171712875366 0.053503938019275665 -0.06390897184610367 0.04229344055056572 0.05650000274181366 -0.06473954021930695 0.04207755625247955 0.053630731999874115 -0.06557969003915787 0.042198892682790756 0.05130157992243767 -0.07021886855363846 0.039206117391586304 0.05130157992243767 -0.06623034179210663 0.0420493558049202 0.05208020657300949 -0.0672139972448349 0.052000001072883606 0.05650000274181366 -0.1899999976158142 0.04593499377369881 0.05050000175833702 -0.1890070140361786 0.05118744075298309 0.05350000411272049 -0.18986696004867554 0.04896749556064606 0.05130385234951973 -0.1895035058259964 0.014386388473212719 0.05650000274181366 -0.2678816616535187 0.022228343412280083 0.05650000274181366 -0.26442915201187134 0.016614072024822235 0.05050000175833702 -0.26230934262275696 0.017487330362200737 0.05650000274181366 -0.2681954801082611 0.014683877117931843 0.053503938019275665 -0.26713696122169495 0.01765766739845276 0.053630731999874115 -0.26742732524871826 0.02147817611694336 0.053503938019275665 -0.26414570212364197 0.020365796983242035 0.05650000274181366 -0.26692819595336914 0.019684193655848503 0.053630731999874115 -0.2665351331233978 0.015501570887863636 0.05130157992243767 -0.26509159803390503 0.019417403265833855 0.05130157992243767 -0.26336759328842163 0.018233347684144974 0.05208020657300949 -0.2659873068332672 -0.0339314267039299 0.05650000274181366 -0.24407273530960083 -0.027386389672756195 0.05650000274181366 -0.2521183490753174 -0.027614785358309746 0.05050000175833702 -0.24561917781829834 -0.03284493461251259 0.05650000274181366 -0.247420072555542 -0.032958984375 0.053503938019275665 -0.2441747486591339 -0.03191498667001724 0.053630731999874115 -0.2473898082971573 -0.02728833630681038 0.053503938019275665 -0.25114551186561584 -0.030442513525485992 0.05650000274181366 -0.25037330389022827 -0.03022361360490322 0.053630731999874115 -0.24946896731853485 -0.03064039722084999 0.05130157992243767 -0.24474237859249115 -0.027372172102332115 0.05130157992243767 -0.2487599104642868 -0.030282635241746902 0.05208020657300949 -0.2477894425392151 -0.054999999701976776 0.05650000274181366 -0.10999999940395355 -0.04890648275613785 0.05050000175833702 -0.1101265400648117 -0.05418362095952034 0.05350000411272049 -0.11001694947481155 -0.05195324122905731 0.05130385234951973 -0.11006326973438263 -0.0411766953766346 0.057500001043081284 -0.04088348522782326 -0.03434205800294876 0.057500001043081284 -0.03699691966176033 -0.035473257303237915 0.06350000202655792 -0.042960409075021744 -0.03984156250953674 0.057499997317790985 -0.03819775581359863 -0.040406420826911926 0.06049606204032898 -0.041175588965415955 -0.039117880165576935 0.06036926805973053 -0.038606397807598114 -0.03448486328125 0.06049606204032898 -0.03780825436115265 -0.037332840263843536 0.057499997317790985 -0.03677115589380264 -0.037351664155721664 0.06036926805973053 -0.037602026015520096 -0.038312915712594986 0.06269842386245728 -0.041937943547964096 -0.034900080412626266 0.06269842386245728 -0.03999721258878708 -0.03764399141073227 0.061919793486595154 -0.039143119007349014 0.039342060685157776 0.057500001043081284 -0.06300307810306549 0.045335475355386734 0.057500001043081284 -0.07099061459302902 0.03923293203115463 0.06350000202655792 -0.06932729482650757 0.04229344055056572 0.057499997317790985 -0.06473954021930695 0.039246171712875366 0.06049606204032898 -0.06390897184610367 0.04207755625247955 0.06036926805973053 -0.06557969003915787 0.04443889111280441 0.06049606204032898 -0.07082940638065338 0.044493384659290314 0.057499997317790985 -0.06767144799232483 0.04362638294696808 0.06036926805973053 -0.06764383614063263 0.039206117391586304 0.06269842386245728 -0.06623034179210663 0.042198892682790756 0.06269842386245728 -0.07021886855363846 0.0420493558049202 0.061919793486595154 -0.0672139972448349 0.052000001072883606 0.057500001043081284 -0.1899999976158142 0.04593499377369881 0.06350000202655792 -0.1890070140361786 0.05118744075298309 0.06050000339746475 -0.18986696004867554 0.04896749556064606 0.06269615888595581 -0.1895035058259964 0.022228343412280083 0.057500001043081284 -0.26442915201187134 0.014386389404535294 0.057500001043081284 -0.2678816616535187 0.016614072024822235 0.06350000202655792 -0.26230934262275696 0.020365796983242035 0.057499997317790985 -0.26692819595336914 0.02147817611694336 0.06049606204032898 -0.26414570212364197 0.019684193655848503 0.06036926805973053 -0.2665351331233978 0.014683877117931843 0.06049606204032898 -0.26713696122169495 0.017487330362200737 0.057499997317790985 -0.2681954801082611 0.01765766739845276 0.06036926805973053 -0.26742732524871826 0.019417403265833855 0.06269842386245728 -0.26336759328842163 0.015501569956541061 0.06269842386245728 -0.26509159803390503 0.018233347684144974 0.061919793486595154 -0.2659873068332672 -0.027386387810111046 0.057500001043081284 -0.2521183490753174 -0.0339314267039299 0.057500001043081284 -0.24407273530960083 -0.027614785358309746 0.06350000202655792 -0.24561917781829834 -0.030442513525485992 0.057499997317790985 -0.25037330389022827 -0.02728833630681038 0.06049606204032898 -0.25114551186561584 -0.03022361360490322 0.06036926805973053 -0.24946896731853485 -0.032958984375 0.06049606204032898 -0.2441747486591339 -0.03284493461251259 0.057499997317790985 -0.247420072555542 -0.03191498667001724 0.06036926805973053 -0.2473898082971573 -0.027372172102332115 0.06269842386245728 -0.2487599104642868 -0.03064039908349514 0.06269842386245728 -0.24474237859249115 -0.03028263710439205 0.061919793486595154 -0.2477894425392151 -0.04890648275613785 0.06350000202655792 -0.1101265400648117 -0.054999999701976776 0.057500001043081284 -0.10999999940395355 -0.05195324122905731 0.06269615888595581 -0.11006326973438263 -0.05418362095952034 0.06050000339746475 -0.11001694947481155</float_array><technique_common><accessor source="#mesh21-array" count="112" stride="3"><param name="X" type="float" /><param name="Y" type="float" /><param name="Z" type="float" /></accessor></technique_common></source><source id="mesh21-normals"><float_array id="mesh21-normals-array" count="660">-0.8570112586021423 -0.2635084390640259 0.44282621145248413 -0.860194206237793 -0.2778586149215698 0.4276219308376312 -0.617868185043335 -0.7066688537597656 0.3447580337524414 -0.617868185043335 -0.7066687941551208 0.34475812315940857 -0.1771010458469391 -0.940874457359314 0.28877440094947815 -0.15762411057949066 -0.9408743977546692 0.2998501658439636 0.019624052569270134 -0.7066687941551208 0.7072723507881165 0.019623475149273872 -0.7066690921783447 0.7072719931602478 0.07230839878320694 -0.2778577208518982 0.9578969478607178 0.05761583149433136 -0.26350903511047363 0.9629347920417786 -0.4797329008579254 -0.24114671349525452 0.8436259031295776 -0.479733943939209 -0.24114589393138885 0.8436256051063538 -0.3915153741836548 -0.6104884147644043 0.6884908080101013 0.9308056831359863 -0.2789871096611023 0.23615048825740814 0.9316351413726807 -0.2654414176940918 0.2481871396303177 0.7784959077835083 -0.2296161651611328 0.584140956401825 0.7784953713417053 -0.22961494326591492 0.5841419696807861 0.49875327944755554 -0.2654401957988739 0.8250979781150818 0.4869629442691803 -0.27898797392845154 0.8276670575141907 0.39999932050704956 -0.668330192565918 0.6271644830703735 0.4000008702278137 -0.6683287024497986 0.6271651387214661 0.32244423031806946 -0.9123056530952454 0.252444326877594 0.33252519369125366 -0.9123056530952454 0.23900935053825378 0.7139856815338135 -0.6683298349380493 0.2087096869945526 0.7139853835105896 -0.6683300137519836 0.20870999991893768 0.6715143918991089 -0.543308675289154 0.5038691163063049 -0.0971485897898674 -0.2627648115158081 -0.959956705570221 -0.08365064114332199 -0.2481890320777893 -0.9650931358337402 0.39343905448913574 -0.2158833146095276 -0.8936442732810974 0.3934336006641388 -0.21588826179504395 -0.8936454653739929 0.7683025598526001 -0.24819020926952362 -0.590010941028595 0.7736283540725708 -0.26276469230651855 -0.5765880346298218 0.562238335609436 -0.6881362199783325 -0.4586465358734131 0.5622376203536987 -0.6881389617919922 -0.45864325761795044 0.15677891671657562 -0.9305884838104248 -0.3307949900627136 0.13811396062374115 -0.9305885434150696 -0.3390125036239624 -0.041391514241695404 -0.6881324648857117 -0.7244035601615906 -0.041383396834135056 -0.6881365180015564 -0.7244001626968384 0.33003610372543335 -0.5736806392669678 -0.74964439868927 -0.9081043601036072 -0.297431081533432 -0.294756144285202 -0.9084736704826355 -0.2844397723674774 -0.30621814727783203 -0.7511275410652161 -0.2498900145292282 -0.6110339164733887 -0.7511274814605713 -0.24988998472690582 -0.6110339760780334 -0.4847189486026764 -0.2844367027282715 -0.827129602432251 -0.4734167158603668 -0.2974337339401245 -0.8291018009185791 -0.3899073004722595 -0.6697396636009216 -0.6319977641105652 -0.38990962505340576 -0.6697372198104858 -0.6319988965988159 -0.3188627362251282 -0.9086408615112305 -0.2696264088153839 -0.32888302206993103 -0.9086408019065857 -0.2573087513446808 -0.6981304287910461 -0.6697380542755127 -0.25311046838760376 -0.6981315016746521 -0.6697373986244202 -0.253109335899353 -0.6492155194282532 -0.5473558306694031 -0.5281296372413635 -0.8601945638656616 0.2778586149215698 0.4276212751865387 -0.8570114374160767 0.26350775361061096 0.44282621145248413 -0.4797329604625702 0.24114598333835602 0.8436259627342224 -0.47973379492759705 0.24114686250686646 0.8436253070831299 0.057615797966718674 0.2635093629360199 0.9629347324371338 0.07230797410011292 0.2778577506542206 0.9578970670700073 0.019623111933469772 0.7066681385040283 0.707273006439209 0.019623998552560806 0.7066691517829895 0.707271933555603 -0.15762344002723694 0.9408741593360901 0.2998511791229248 -0.17710228264331818 0.9408741593360901 0.2887743413448334 -0.6178686618804932 0.7066682577133179 0.34475836157798767 -0.6178678870201111 0.7066687345504761 0.34475886821746826 -0.3915154039859772 0.6104883551597595 0.6884908676147461 0.486963152885437 0.27898794412612915 0.8276669383049011 0.49875327944755554 0.26544055342674255 0.8250979781150818 0.7784960269927979 0.2296151965856552 0.5841410756111145 0.7784950733184814 0.22961635887622833 0.5841417908668518 0.9316350817680359 0.2654417157173157 0.2481871098279953 0.9308055639266968 0.2789870798587799 0.2361508011817932 0.7139862179756165 0.6683290004730225 0.20871061086654663 0.7139853835105896 0.6683301329612732 0.20870961248874664 0.33252623677253723 0.9123052358627319 0.23900927603244781 0.32244446873664856 0.9123052358627319 0.25244539976119995 0.40000060200691223 0.6683292984962463 0.6271646618843079 0.4000001549720764 0.6683289408683777 0.6271653175354004 0.6715144515037537 0.543308675289154 0.5038691163063049 0.7736282348632812 0.26276469230651855 -0.5765883326530457 0.7683025002479553 0.2481905072927475 -0.5900108814239502 0.3934386968612671 0.2158873826265335 -0.8936434388160706 0.3934341073036194 0.21588246524333954 -0.8936466574668884 -0.0836506187915802 0.2481893002986908 -0.9650930762290955 -0.09714831411838531 0.2627648115158081 -0.959956705570221 -0.04138578101992607 0.688130795955658 -0.7244054079055786 -0.041390806436538696 0.6881377100944519 -0.7243985533714294 0.13811352849006653 0.9305882453918457 -0.3390135169029236 0.1567799299955368 0.9305882453918457 -0.3307953476905823 0.5622400045394897 0.6881359815597534 -0.4586448669433594 0.5622354745864868 0.6881383061408997 -0.45864689350128174 0.33003607392311096 0.5736806392669678 -0.7496443390846252 -0.4734167754650116 0.2974337637424469 -0.8291018009185791 -0.484718918800354 0.28443673253059387 -0.8271296620368958 -0.7511275410652161 0.24988996982574463 -0.6110339164733887 -0.7511274814605713 0.2498900145292282 -0.6110339760780334 -0.9084736108779907 0.2844401001930237 -0.30621814727783203 -0.9081043004989624 0.297431081533432 -0.2947564721107483 -0.698131263256073 0.6697373390197754 -0.2531101107597351 -0.698131799697876 0.6697365045547485 -0.2531108856201172 -0.3288838565349579 0.9086405038833618 -0.2573087513446808 -0.31886276602745056 0.9086405038833618 -0.2696274518966675 -0.38990914821624756 0.6697385311126709 -0.63199782371521 -0.3899078965187073 0.6697375774383545 -0.6319995522499084 -0.6492157578468323 0.5473552942276001 -0.5281298756599426 -0.9471680521965027 -0.25881972908973694 0.18943363428115845 -0.9463608860969543 -0.26177260279655457 0.18940992653369904 -0.6933614015579224 -0.7070953249931335 0.1388026624917984 -0.6933397054672241 -0.7071171402931213 0.1387997269630432 -0.25379300117492676 -0.9659245014190674 0.05078324303030968 -0.25430846214294434 -0.9657847881317139 0.05086169019341469 -0.2556822597980499 -0.9659256339073181 -0.040178634226322174 -0.2672985792160034 -0.9626856446266174 -0.04228350892663002 -0.6984842419624329 -0.7070392966270447 -0.1105225533246994 -0.6985723376274109 -0.7069496512413025 -0.11053941398859024 -0.9540703892707825 -0.25877484679222107 -0.15094773471355438 -0.942140519618988 -0.30075299739837646 -0.14805065095424652 -0.0955030620098114 -0.962719202041626 -0.2530826926231384 -0.09200358390808105 -0.9660229682922363 -0.24152669310569763 -0.2518748342990875 -0.7066462635993958 -0.6612187027931213 -0.2517487108707428 -0.7071236371994019 -0.6607562303543091 -0.3395777940750122 -0.3005160093307495 -0.8912783265113831 -0.34105613827705383 -0.2585121989250183 -0.9037987589836121 0.2399839609861374 -0.9660190939903259 -0.09599355608224869 0.24031078815460205 -0.965926468372345 -0.09610910713672638 0.6565256118774414 -0.7071072459220886 -0.26262807846069336 0.6565280556678772 -0.7071046233177185 -0.2626289129257202 0.8969196677207947 -0.2585153579711914 -0.35875460505485535 0.8968393206596375 -0.258820503950119 -0.3587356507778168 0.25841525197029114 -0.9659255146980286 0.014471248723566532 0.2650756537914276 -0.9641105532646179 0.01502289716154337 0.7060286998748779 -0.7070499658584595 0.04004891961812973 0.7060573101043701 -0.7070212364196777 0.040051598101854324 0.9643865823745728 -0.25878262519836426 0.05468214303255081 0.9574334621429443 -0.2836308777332306 0.053616274148225784 0.08834399282932281 -0.9641271829605103 0.2503080368041992 0.08655527234077454 -0.965775728225708 0.24451075494289398 0.2359999418258667 -0.7069966197013855 0.666678249835968 0.23598338663578033 -0.7070555686950684 0.6666215062141418 0.3200085163116455 -0.2835707366466522 0.9039812684059143 0.3212149441242218 -0.26176807284355164 0.9101090431213379 -0.25379160046577454 0.9659261703491211 0.05075831338763237 -0.2543000280857086 0.9657858610153198 0.05088486149907112 -0.6933618187904358 0.7070946097373962 0.13880418241024017 -0.6933409571647644 0.7071161866188049 0.1387985795736313 -0.9471432566642761 0.25881341099739075 0.18956629931926727 -0.9463889598846436 0.26176685094833374 0.18927781283855438 0.31915250420570374 0.2836296260356903 0.9042654633522034 0.3220740854740143 0.2617305517196655 0.9098161458969116 0.23600345849990845 0.70699542760849 0.666678249835968 0.23598022758960724 0.7070556282997131 0.6666226387023926 0.08860615640878677 0.964104175567627 0.25030434131622314 0.0863151028752327 0.9657848477363586 0.24455949664115906 0.964414656162262 0.2588198184967041 0.05400722473859787 0.9574084877967834 0.28358763456344604 0.0542873777449131 0.7060292959213257 0.7070492506027222 0.04005005583167076 0.7060577273368835 0.7070208191871643 0.040050607174634933 0.25843915343284607 0.9659165740013123 0.014646348543465137 0.26502561569213867 0.964127242565155 0.014841428957879543 0.896915078163147 0.2585155963897705 -0.35876598954200745 0.8968437910079956 0.25882047414779663 -0.35872432589530945 0.6565262079238892 0.7071066498756409 -0.2626282572746277 0.6565285921096802 0.7071040272712708 -0.26262935996055603 0.23998895287513733 0.9660192131996155 -0.0959804356098175 0.2403063327074051 0.9659262299537659 -0.09612250328063965 -0.3367118239402771 0.3007497191429138 -0.8922863006591797 -0.3439312279224396 0.2585262358188629 -0.9027045369148254 -0.25192224979400635 0.7066358327865601 -0.6612117886543274 -0.2517054080963135 0.7071225643157959 -0.6607738733291626 -0.09642258286476135 0.9626159071922302 -0.2531273365020752 -0.0912548154592514 0.9660193920135498 -0.24182486534118652 -0.9542158842086792 0.2588197886943817 -0.14994822442531586 -0.9420088529586792 0.3006764352321625 -0.14904072880744934 -0.6984845995903015 0.7070384621620178 -0.11052557080984116 -0.6985733509063721 0.7069490551948547 -0.11053668707609177 -0.25568246841430664 0.9659144282341003 -0.04044526442885399 -0.2672230005264282 0.9627193212509155 -0.041992176324129105 0.07527237385511398 0.0 0.9971630573272705 0.07527247071266174 2.804133316658408e-07 0.9971630573272705 -0.49432098865509033 -1.8414990563542233e-06 0.8692794442176819 -0.49432098865509033 -1.841499170041061e-06 0.8692795634269714 -0.8954559564590454 -3.3358514883730095e-06 0.44515007734298706 -0.895455539226532 0.0 0.44515112042427063 0.9692915678024292 0.0 0.24591456353664398 0.9692915081977844 0.0 0.2459145486354828 0.7998672723770142 0.0 0.6001769304275513 0.7998672723770142 0.0 0.6001769304275513 0.5070974230766296 0.0 0.8618887662887573 0.5070974826812744 0.0 0.8618888258934021 -0.10068676620721817 9.377201592997153e-08 -0.9949182271957397 -0.10068672150373459 0.0 -0.994918167591095 0.4029407501220703 0.0 -0.9152260422706604 0.4029407501220703 0.0 -0.9152260422706604 0.8018038272857666 0.0 -0.5975872874259949 0.8018038868904114 0.0 -0.5975872874259949 -0.9511503577232361 0.0 -0.3087281584739685 -0.9511503577232361 0.0 -0.3087281882762909 -0.7757384181022644 0.0 -0.6310546398162842 -0.7757384181022644 0.0 -0.6310546398162842 -0.4958578050136566 0.0 -0.8684037327766418 -0.4958580732345581 9.236092068931612e-07 -0.8684036731719971 -0.980580747127533 0.0 0.19611616432666779 -0.980580747127533 0.0 0.19611616432666779 0.0 -1.0 0.0 0.0 -1.0 0.0 0.0 -1.0 0.0 0.0 -1.0 0.0 0.3328201174736023 0.0 0.9429903626441956 0.3328201174736023 0.0 0.9429903626441956 0.9984357357025146 0.0 0.055912405252456665 0.9984357357025146 0.0 0.055912405252456665 0.9284767508506775 0.0 -0.37139061093330383 0.9284767508506775 0.0 -0.37139061093330383 -0.35305723547935486 6.576214559572691e-07 -0.9356017112731934 -0.35305726528167725 0.0 -0.9356017112731934 -0.9878771901130676 0.0 -0.1552378386259079 -0.9878771901130676 0.0 -0.1552378386259079 0.0 1.0 0.0 0.0 1.0 0.0 0.0 1.0 0.0 0.0 1.0 0.0</float_array><technique_common><accessor source="#mesh21-normals-array" count="220" stride="3"><param name="X" type="float" /><param name="Y" type="float" /><param name="Z" type="float" /></accessor></technique_common></source><vertices id="mesh21-vertices"><input semantic="POSITION" source="#mesh21-positions" /></vertices><triangles count="220" material="ivory"><input semantic="VERTEX" source="#mesh21-vertices" offset="0" /><input semantic="NORMAL" source="#mesh21-normals" offset="1" /><p>0 0 3 0 5 0 0 1 5 1 4 1 3 2 7 2 8 2 3 3 8 3 5 3 1 4 6 4 8 4 1 5 8 5 7 5 6 6 10 6 11 6 6 7 11 7 8 7 2 8 9 8 11 8 2 9 11 9 10 9 9 10 4 10 5 10 9 11 5 11 11 11 5 12 8 12 11 12 12 13 15 13 17 13 12 14 17 14 16 14 15 15 19 15 20 15 15 16 20 16 17 16 13 17 18 17 20 17 13 18 20 18 19 18 18 19 22 19 23 19 18 20 23 20 20 20 14 21 21 21 23 21 14 22 23 22 22 22 21 23 16 23 17 23 21 24 17 24 23 24 17 25 20 25 23 25 28 26 31 26 33 26 28 27 33 27 32 27 31 28 35 28 36 28 31 29 36 29 33 29 29 30 34 30 36 30 29 31 36 31 35 31 34 32 38 32 39 32 34 33 39 33 36 33 30 34 37 34 39 34 30 35 39 35 38 35 37 36 32 36 33 36 37 37 33 37 39 37 33 38 36 38 39 38 40 39 43 39 45 39 40 40 45 40 44 40 43 41 47 41 48 41 43 42 48 42 45 42 41 43 46 43 48 43 41 44 48 44 47 44 46 45 50 45 51 45 46 46 51 46 48 46 42 47 49 47 51 47 42 48 51 48 50 48 49 49 44 49 45 49 49 50 45 50 51 50 45 51 48 51 51 51 56 52 59 52 61 52 56 53 61 53 60 53 59 54 63 54 64 54 59 55 64 55 61 55 57 56 62 56 64 56 57 57 64 57 63 57 62 58 66 58 67 58 62 59 67 59 64 59 58 60 65 60 67 60 58 61 67 61 66 61 65 62 60 62 61 62 65 63 61 63 67 63 61 64 64 64 67 64 68 65 71 65 73 65 68 66 73 66 72 66 71 67 75 67 76 67 71 68 76 68 73 68 69 69 74 69 76 69 69 70 76 70 75 70 74 71 78 71 79 71 74 72 79 72 76 72 70 73 77 73 79 73 70 74 79 74 78 74 77 75 72 75 73 75 77 76 73 76 79 76 73 77 76 77 79 77 84 78 87 78 89 78 84 79 89 79 88 79 87 80 91 80 92 80 87 81 92 81 89 81 85 82 90 82 92 82 85 83 92 83 91 83 90 84 94 84 95 84 90 85 95 85 92 85 86 86 93 86 95 86 86 87 95 87 94 87 93 88 88 88 89 88 93 89 89 89 95 89 89 90 92 90 95 90 96 91 99 91 101 91 96 92 101 92 100 92 99 93 103 93 104 93 99 94 104 94 101 94 97 95 102 95 104 95 97 96 104 96 103 96 102 97 106 97 107 97 102 98 107 98 104 98 98 99 105 99 107 99 98 100 107 100 106 100 105 101 100 101 101 101 105 102 101 102 107 102 101 103 104 103 107 103 0 104 52 104 54 104 0 105 54 105 3 105 3 106 54 106 55 106 3 107 55 107 7 107 7 108 55 108 53 108 7 109 53 109 1 109 42 110 53 110 55 110 42 111 55 111 49 111 49 112 55 112 54 112 49 113 54 113 44 113 44 114 54 114 52 114 44 115 52 115 40 115 30 116 42 116 50 116 30 117 50 117 37 117 37 118 50 118 46 118 37 119 46 119 32 119 32 120 46 120 41 120 32 121 41 121 28 121 25 122 30 122 38 122 25 123 38 123 27 123 27 124 38 124 34 124 27 125 34 125 26 125 26 126 34 126 29 126 26 127 29 127 24 127 14 128 25 128 27 128 14 129 27 129 21 129 21 130 27 130 26 130 21 131 26 131 16 131 16 132 26 132 24 132 16 133 24 133 12 133 1 134 14 134 22 134 1 135 22 135 6 135 6 136 22 136 18 136 6 137 18 137 10 137 10 138 18 138 13 138 10 139 13 139 2 139 58 140 108 140 110 140 58 141 110 141 65 141 65 142 110 142 111 142 65 143 111 143 60 143 60 144 111 144 109 144 60 145 109 145 56 145 57 146 68 146 72 146 57 147 72 147 62 147 62 148 72 148 77 148 62 149 77 149 66 149 66 150 77 150 70 150 66 151 70 151 58 151 69 152 80 152 82 152 69 153 82 153 74 153 74 154 82 154 83 154 74 155 83 155 78 155 78 156 83 156 81 156 78 157 81 157 70 157 80 158 84 158 88 158 80 159 88 159 82 159 82 160 88 160 93 160 82 161 93 161 83 161 83 162 93 162 86 162 83 163 86 163 81 163 85 164 96 164 100 164 85 165 100 165 90 165 90 166 100 166 105 166 90 167 105 167 94 167 94 168 105 168 98 168 94 169 98 169 86 169 97 170 109 170 111 170 97 171 111 171 102 171 102 172 111 172 110 172 102 173 110 173 106 173 106 174 110 174 108 174 106 175 108 175 98 175 2 176 57 176 63 176 2 177 63 177 9 177 9 178 63 178 59 178 9 179 59 179 4 179 4 180 59 180 56 180 4 181 56 181 0 181 12 182 69 182 75 182 12 183 75 183 15 183 15 184 75 184 71 184 15 185 71 185 19 185 19 186 71 186 68 186 19 187 68 187 13 187 28 188 85 188 91 188 28 189 91 189 31 189 31 190 91 190 87 190 31 191 87 191 35 191 35 192 87 192 84 192 35 193 84 193 29 193 40 194 97 194 103 194 40 195 103 195 43 195 43 196 103 196 99 196 43 197 99 197 47 197 47 198 99 198 96 198 47 199 96 199 41 199 52 200 0 200 56 200 52 201 56 201 109 201 1 202 53 202 42 202 42 203 30 203 25 203 25 204 14 204 1 204 42 205 25 205 1 205 2 206 13 206 68 206 2 207 68 207 57 207 12 208 24 208 80 208 12 209 80 209 69 209 24 210 29 210 84 210 24 211 84 211 80 211 28 212 41 212 96 212 28 213 96 213 85 213 40 214 52 214 109 214 40 215 109 215 97 215 108 216 58 216 70 216 70 217 81 217 86 217 86 218 98 218 108 218 70 219 86 219 108 219</p></triangles></mesh></geometry><geometry id="mesh22"><mesh><source id="mesh22-positions"><float_array id="mesh22-array" count="144">-0.03500000014901161 -0.07099998742341995 -0.06499999761581421 -0.03500000014901161 -0.07100000977516174 -0.1899999976158142 -0.030858894810080528 -0.07045480608940125 -0.06499999761581421 -0.030858894810080528 -0.07045482099056244 -0.1899999976158142 -0.026999998837709427 -0.06885639578104019 -0.06499999761581421 -0.026999998837709427 -0.06885641813278198 -0.1899999976158142 -0.02368629164993763 -0.06631369888782501 -0.06499999761581421 -0.02368629164993763 -0.0663137212395668 -0.1899999976158142 -0.0211435928940773 -0.06299999356269836 -0.06499999761581421 -0.0211435928940773 -0.06300000846385956 -0.1899999976158142 -0.019545186311006546 -0.059141095727682114 -0.06499999761581421 -0.019545186311006546 -0.059141114354133606 -0.1899999976158142 -0.01899999938905239 -0.05499998852610588 -0.06499999761581421 -0.01899999938905239 -0.05500001087784767 -0.1899999976158142 -0.019545186311006546 -0.050858885049819946 -0.06499999761581421 -0.019545186311006546 -0.05085890367627144 -0.1899999976158142 -0.0211435928940773 -0.046999990940093994 -0.06499999761581421 -0.0211435928940773 -0.047000009566545486 -0.1899999976158142 -0.02368629164993763 -0.04368628188967705 -0.06499999761581421 -0.02368629164993763 -0.04368630051612854 -0.1899999976158142 -0.026999998837709427 -0.04114358127117157 -0.06499999761581421 -0.026999998837709427 -0.04114360362291336 -0.1899999976158142 -0.030858894810080528 -0.039545174688100815 -0.06499999761581421 -0.030858894810080528 -0.039545197039842606 -0.1899999976158142 -0.03500000014901161 -0.03899998962879181 -0.06499999761581421 -0.03500000014901161 -0.0390000082552433 -0.1899999976158142 -0.039141103625297546 -0.039545174688100815 -0.06499999761581421 -0.039141103625297546 -0.039545197039842606 -0.1899999976158142 -0.0430000014603138 -0.04114358127117157 -0.06499999761581421 -0.0430000014603138 -0.04114360362291336 -0.1899999976158142 -0.04631371051073074 -0.04368628188967705 -0.06499999761581421 -0.04631371051073074 -0.04368630051612854 -0.1899999976158142 -0.04885640740394592 -0.046999990940093994 -0.06499999761581421 -0.04885640740394592 -0.047000009566545486 -0.1899999976158142 -0.05045481398701668 -0.050858885049819946 -0.06499999761581421 -0.05045481398701668 -0.05085890367627144 -0.1899999976158142 -0.050999999046325684 -0.05499998852610588 -0.06499999761581421 -0.050999999046325684 -0.05500001087784767 -0.1899999976158142 -0.05045481398701668 -0.059141095727682114 -0.06499999761581421 -0.05045481398701668 -0.059141114354133606 -0.1899999976158142 -0.04885640740394592 -0.06299999356269836 -0.06499999761581421 -0.04885640740394592 -0.06300000846385956 -0.1899999976158142 -0.04631371051073074 -0.06631369888782501 -0.06499999761581421 -0.04631371051073074 -0.0663137212395668 -0.1899999976158142 -0.0430000014603138 -0.06885639578104019 -0.06499999761581421 -0.0430000014603138 -0.06885641813278198 -0.1899999976158142 -0.039141103625297546 -0.07045480608940125 -0.06499999761581421 -0.039141103625297546 -0.07045482099056244 -0.1899999976158142</float_array><technique_common><accessor source="#mesh22-array" count="48" stride="3"><param name="X" type="float" /><param name="Y" type="float" /><param name="Z" type="float" /></accessor></technique_common></source><source id="mesh22-normals"><float_array id="mesh22-normals-array" count="276">0.13052622973918915 -0.9914448857307434 1.4970402162362006e-07 0.13052622973918915 -0.9914448857307434 1.4970402162362006e-07 0.3826833665370941 -0.9238795638084412 1.3950193533673882e-07 0.3826833665370941 -0.9238795638084412 1.3950193533673882e-07 0.6087616086006165 -0.7933531999588013 1.1979300040820817e-07 0.6087616086006165 -0.7933531999588013 1.1979300040820817e-07 0.7933531999588013 -0.6087616086006165 9.192044814199107e-08 0.7933531999588013 -0.6087616086006165 9.192044814199107e-08 0.9238795638084412 -0.3826833665370941 5.778358058705635e-08 0.9238795638084412 -0.3826833665370941 5.778358058705635e-08 0.9914448857307434 -0.13052622973918915 1.970891361224858e-08 0.9914448857307434 -0.13052622973918915 1.970891361224858e-08 0.9914448857307434 0.13052622973918915 -1.970891361224858e-08 0.9914448857307434 0.13052622973918915 -1.970891361224858e-08 0.9238795638084412 0.3826833665370941 -5.778358058705635e-08 0.9238795638084412 0.3826833665370941 -5.778358058705635e-08 0.7933531999588013 0.6087616086006165 -9.192044814199107e-08 0.7933531999588013 0.6087616086006165 -9.192044814199107e-08 0.6087616086006165 0.7933531999588013 -1.1979300040820817e-07 0.6087616086006165 0.7933531999588013 -1.1979300040820817e-07 0.3826833665370941 0.9238795638084412 -1.3950193533673882e-07 0.3826833665370941 0.9238795638084412 -1.3950193533673882e-07 0.13052622973918915 0.9914448857307434 -1.4970402162362006e-07 0.13052622973918915 0.9914448857307434 -1.4970402162362006e-07 -0.13052622973918915 0.9914448857307434 -1.4970402162362006e-07 -0.13052622973918915 0.9914448857307434 -1.4970402162362006e-07 -0.3826833665370941 0.9238795638084412 -1.3950193533673882e-07 -0.3826833665370941 0.9238795638084412 -1.3950193533673882e-07 -0.6087616086006165 0.7933531999588013 -1.1979300040820817e-07 -0.6087616086006165 0.7933531999588013 -1.1979300040820817e-07 -0.7933531999588013 0.6087616086006165 -9.192044814199107e-08 -0.7933531999588013 0.6087616086006165 -9.192044814199107e-08 -0.9238795638084412 0.3826833665370941 -5.778358058705635e-08 -0.9238795638084412 0.3826833665370941 -5.778358058705635e-08 -0.9914448857307434 0.13052622973918915 -1.970891361224858e-08 -0.9914448857307434 0.13052622973918915 -1.970891361224858e-08 -0.9914448857307434 -0.13052622973918915 1.970891361224858e-08 -0.9914448857307434 -0.13052622973918915 1.970891361224858e-08 -0.9238795638084412 -0.3826833665370941 5.778358058705635e-08 -0.9238795638084412 -0.3826833665370941 5.778358058705635e-08 -0.7933531999588013 -0.6087616086006165 9.192044814199107e-08 -0.7933531999588013 -0.6087616086006165 9.192044814199107e-08 -0.6087616086006165 -0.7933531999588013 1.1979300040820817e-07 -0.6087616086006165 -0.7933531999588013 1.1979300040820817e-07 0.0 -1.5099580252808664e-07 -1.0 0.0 -1.5099580252808664e-07 -1.0 0.0 -1.5099580252808664e-07 -1.0 0.0 -1.5099580252808664e-07 -1.0 0.0 -1.5099580252808664e-07 -1.0 0.0 -1.5099580252808664e-07 -1.0 0.0 -1.5099580252808664e-07 -1.0 0.0 -1.5099580252808664e-07 -1.0 0.0 -1.5099580252808664e-07 -1.0 0.0 -1.5099580252808664e-07 -1.0 0.0 -1.5099580252808664e-07 -1.0 0.0 -1.5099580252808664e-07 -1.0 0.0 -1.5099580252808664e-07 -1.0 0.0 -1.5099580252808664e-07 -1.0 0.0 -1.5099580252808664e-07 -1.0 0.0 -1.5099580252808664e-07 -1.0 0.0 -1.5099580252808664e-07 -1.0 0.0 -1.5099580252808664e-07 -1.0 0.0 -1.5099580252808664e-07 -1.0 0.0 -1.5099580252808664e-07 -1.0 0.0 -1.5099580252808664e-07 -1.0 0.0 -1.5099580252808664e-07 -1.0 -0.3826833665370941 -0.9238795638084412 1.3950193533673882e-07 -0.3826833665370941 -0.9238795638084412 1.3950193533673882e-07 -0.13052622973918915 -0.9914448857307434 1.4970402162362006e-07 -0.13052622973918915 -0.9914448857307434 1.4970402162362006e-07 0.0 1.5099580252808664e-07 1.0 0.0 1.5099580252808664e-07 1.0 0.0 1.5099580252808664e-07 1.0 0.0 1.5099580252808664e-07 1.0 0.0 1.5099580252808664e-07 1.0 0.0 1.5099580252808664e-07 1.0 0.0 1.5099580252808664e-07 1.0 0.0 1.5099580252808664e-07 1.0 0.0 1.5099580252808664e-07 1.0 0.0 1.5099580252808664e-07 1.0 0.0 1.5099580252808664e-07 1.0 0.0 1.5099580252808664e-07 1.0 0.0 1.5099580252808664e-07 1.0 0.0 1.5099580252808664e-07 1.0 0.0 1.5099580252808664e-07 1.0 0.0 1.5099580252808664e-07 1.0 0.0 1.5099580252808664e-07 1.0 0.0 1.5099580252808664e-07 1.0 0.0 1.5099580252808664e-07 1.0 0.0 1.5099580252808664e-07 1.0 0.0 1.5099580252808664e-07 1.0 0.0 1.5099580252808664e-07 1.0</float_array><technique_common><accessor source="#mesh22-normals-array" count="92" stride="3"><param name="X" type="float" /><param name="Y" type="float" /><param name="Z" type="float" /></accessor></technique_common></source><vertices id="mesh22-vertices"><input semantic="POSITION" source="#mesh22-positions" /></vertices><triangles count="92" material="graphite"><input semantic="VERTEX" source="#mesh22-vertices" offset="0" /><input semantic="NORMAL" source="#mesh22-normals" offset="1" /><p>0 0 1 0 3 0 0 1 3 1 2 1 2 2 3 2 5 2 2 3 5 3 4 3 4 4 5 4 7 4 4 5 7 5 6 5 6 6 7 6 9 6 6 7 9 7 8 7 8 8 9 8 11 8 8 9 11 9 10 9 10 10 11 10 13 10 10 11 13 11 12 11 12 12 13 12 15 12 12 13 15 13 14 13 14 14 15 14 17 14 14 15 17 15 16 15 16 16 17 16 19 16 16 17 19 17 18 17 18 18 19 18 21 18 18 19 21 19 20 19 20 20 21 20 23 20 20 21 23 21 22 21 22 22 23 22 25 22 22 23 25 23 24 23 24 24 25 24 27 24 24 25 27 25 26 25 26 26 27 26 29 26 26 27 29 27 28 27 28 28 29 28 31 28 28 29 31 29 30 29 30 30 31 30 33 30 30 31 33 31 32 31 32 32 33 32 35 32 32 33 35 33 34 33 34 34 35 34 37 34 34 35 37 35 36 35 36 36 37 36 39 36 36 37 39 37 38 37 38 38 39 38 41 38 38 39 41 39 40 39 40 40 41 40 43 40 40 41 43 41 42 41 42 42 43 42 45 42 42 43 45 43 44 43 5 44 3 44 1 44 1 45 47 45 45 45 45 46 43 46 41 46 41 47 39 47 37 47 37 48 35 48 33 48 33 49 31 49 29 49 29 50 27 50 25 50 25 51 23 51 21 51 21 52 19 52 17 52 17 53 15 53 13 53 13 54 11 54 9 54 9 55 7 55 5 55 5 56 1 56 45 56 45 57 41 57 37 57 37 58 33 58 29 58 29 59 25 59 21 59 21 60 17 60 13 60 13 61 9 61 5 61 5 62 45 62 37 62 37 63 29 63 21 63 21 64 13 64 5 64 37 65 21 65 5 65 44 66 45 66 47 66 44 67 47 67 46 67 46 68 47 68 1 68 46 69 1 69 0 69 46 70 0 70 2 70 2 71 4 71 6 71 6 72 8 72 10 72 10 73 12 73 14 73 14 74 16 74 18 74 18 75 20 75 22 75 22 76 24 76 26 76 26 77 28 77 30 77 30 78 32 78 34 78 34 79 36 79 38 79 38 80 40 80 42 80 42 81 44 81 46 81 46 82 2 82 6 82 6 83 10 83 14 83 14 84 18 84 22 84 22 85 26 85 30 85 30 86 34 86 38 86 38 87 42 87 46 87 46 88 6 88 14 88 14 89 22 89 30 89 30 90 38 90 46 90 14 91 30 91 46 91</p></triangles></mesh></geometry><geometry id="mesh23"><mesh><source id="mesh23-positions"><float_array id="mesh23-array" count="144">-0.03500000014901161 -0.06399999558925629 -0.1899999976158142 -0.03500000014901161 -0.06400000303983688 -0.2800000011920929 -0.032670628279447556 -0.0636933222413063 -0.1899999976158142 -0.032670628279447556 -0.0636933371424675 -0.2800000011920929 -0.030500000342726707 -0.06279422342777252 -0.1899999976158142 -0.030500000342726707 -0.06279423832893372 -0.2800000011920929 -0.028636040166020393 -0.06136395409703255 -0.1899999976158142 -0.028636040166020393 -0.06136396527290344 -0.2800000011920929 -0.027205772697925568 -0.05949999392032623 -0.1899999976158142 -0.027205772697925568 -0.05950000509619713 -0.2800000011920929 -0.026306668296456337 -0.057329364120960236 -0.1899999976158142 -0.026306668296456337 -0.05732937902212143 -0.2800000011920929 -0.026000000536441803 -0.05499999225139618 -0.1899999976158142 -0.026000000536441803 -0.05500000715255737 -0.2800000011920929 -0.026306668296456337 -0.05267062038183212 -0.1899999976158142 -0.026306668296456337 -0.05267063528299332 -0.2800000011920929 -0.027205772697925568 -0.050499994307756424 -0.1899999976158142 -0.027205772697925568 -0.05050000548362732 -0.2800000011920929 -0.028636040166020393 -0.04863603413105011 -0.1899999976158142 -0.028636040166020393 -0.048636045306921005 -0.2800000011920929 -0.030500000342726707 -0.047205764800310135 -0.1899999976158142 -0.030500000342726707 -0.04720577970147133 -0.2800000011920929 -0.032670628279447556 -0.04630666226148605 -0.1899999976158142 -0.032670628279447556 -0.04630667343735695 -0.2800000011920929 -0.03500000014901161 -0.04599999263882637 -0.1899999976158142 -0.03500000014901161 -0.046000007539987564 -0.2800000011920929 -0.03732937201857567 -0.04630666226148605 -0.1899999976158142 -0.03732937201857567 -0.04630667343735695 -0.2800000011920929 -0.03949999809265137 -0.047205764800310135 -0.1899999976158142 -0.03949999809265137 -0.04720577970147133 -0.2800000011920929 -0.04136396199464798 -0.04863603413105011 -0.1899999976158142 -0.04136396199464798 -0.048636045306921005 -0.2800000011920929 -0.042794227600097656 -0.050499994307756424 -0.1899999976158142 -0.042794227600097656 -0.05050000548362732 -0.2800000011920929 -0.043693333864212036 -0.05267062038183212 -0.1899999976158142 -0.043693333864212036 -0.05267063528299332 -0.2800000011920929 -0.04399999976158142 -0.05499999225139618 -0.1899999976158142 -0.04399999976158142 -0.05500000715255737 -0.2800000011920929 -0.043693333864212036 -0.057329364120960236 -0.1899999976158142 -0.043693333864212036 -0.05732937902212143 -0.2800000011920929 -0.042794227600097656 -0.05949999392032623 -0.1899999976158142 -0.042794227600097656 -0.05950000509619713 -0.2800000011920929 -0.04136396199464798 -0.06136395409703255 -0.1899999976158142 -0.04136396199464798 -0.06136396527290344 -0.2800000011920929 -0.03949999809265137 -0.06279422342777252 -0.1899999976158142 -0.03949999809265137 -0.06279423832893372 -0.2800000011920929 -0.03732937201857567 -0.0636933222413063 -0.1899999976158142 -0.03732937201857567 -0.0636933371424675 -0.2800000011920929</float_array><technique_common><accessor source="#mesh23-array" count="48" stride="3"><param name="X" type="float" /><param name="Y" type="float" /><param name="Z" type="float" /></accessor></technique_common></source><source id="mesh23-normals"><float_array id="mesh23-normals-array" count="276">0.13052627444267273 -0.9914448261260986 1.4970400741276535e-07 0.13052627444267273 -0.9914448261260986 1.4970400741276535e-07 0.38268333673477173 -0.9238795638084412 1.3950193533673882e-07 0.38268333673477173 -0.9238795638084412 1.3950193533673882e-07 0.6087616086006165 -0.7933531999588013 1.1979300040820817e-07 0.6087616086006165 -0.7933531999588013 1.1979300040820817e-07 0.7933531999588013 -0.6087616086006165 9.192044814199107e-08 0.7933531999588013 -0.6087616086006165 9.192044814199107e-08 0.9238795638084412 -0.38268333673477173 5.778357703434267e-08 0.9238795638084412 -0.38268333673477173 5.778357703434267e-08 0.9914448261260986 -0.13052627444267273 1.9708918941319098e-08 0.9914448261260986 -0.13052627444267273 1.9708918941319098e-08 0.9914448261260986 0.13052627444267273 -1.9708918941319098e-08 0.9914448261260986 0.13052627444267273 -1.9708918941319098e-08 0.9238795638084412 0.38268333673477173 -5.778357703434267e-08 0.9238795638084412 0.38268333673477173 -5.778357703434267e-08 0.7933531999588013 0.6087616086006165 -9.192044814199107e-08 0.7933531999588013 0.6087616086006165 -9.192044814199107e-08 0.6087616086006165 0.7933531999588013 -1.1979300040820817e-07 0.6087616086006165 0.7933531999588013 -1.1979300040820817e-07 0.38268333673477173 0.9238795638084412 -1.3950193533673882e-07 0.38268333673477173 0.9238795638084412 -1.3950193533673882e-07 0.13052627444267273 0.9914448261260986 -1.4970400741276535e-07 0.13052627444267273 0.9914448261260986 -1.4970400741276535e-07 -0.13052627444267273 0.9914448261260986 -1.4970400741276535e-07 -0.13052627444267273 0.9914448261260986 -1.4970400741276535e-07 -0.38268333673477173 0.9238795638084412 -1.3950193533673882e-07 -0.38268333673477173 0.9238795638084412 -1.3950193533673882e-07 -0.6087616086006165 0.7933531999588013 -1.1979300040820817e-07 -0.6087616086006165 0.7933531999588013 -1.1979300040820817e-07 -0.7933531999588013 0.6087616086006165 -9.192044814199107e-08 -0.7933531999588013 0.6087616086006165 -9.192044814199107e-08 -0.9238795638084412 0.38268333673477173 -5.778357703434267e-08 -0.9238795638084412 0.38268333673477173 -5.778357703434267e-08 -0.9914448261260986 0.13052627444267273 -1.9708918941319098e-08 -0.9914448261260986 0.13052627444267273 -1.9708918941319098e-08 -0.9914448261260986 -0.13052627444267273 1.9708918941319098e-08 -0.9914448261260986 -0.13052627444267273 1.9708918941319098e-08 -0.9238795638084412 -0.38268333673477173 5.778357703434267e-08 -0.9238795638084412 -0.38268333673477173 5.778357703434267e-08 -0.7933531999588013 -0.6087616086006165 9.192044814199107e-08 -0.7933531999588013 -0.6087616086006165 9.192044814199107e-08 -0.6087616086006165 -0.7933531999588013 1.1979300040820817e-07 -0.6087616086006165 -0.7933531999588013 1.1979300040820817e-07 0.0 -1.5099580252808664e-07 -1.0 0.0 -1.5099580252808664e-07 -1.0 0.0 -1.5099580252808664e-07 -1.0 0.0 -1.5099580252808664e-07 -1.0 0.0 -1.5099580252808664e-07 -1.0 0.0 -1.5099580252808664e-07 -1.0 0.0 -1.5099580252808664e-07 -1.0 0.0 -1.5099580252808664e-07 -1.0 0.0 -1.5099580252808664e-07 -1.0 0.0 -1.5099580252808664e-07 -1.0 0.0 -1.5099580252808664e-07 -1.0 0.0 -1.5099580252808664e-07 -1.0 0.0 -1.5099580252808664e-07 -1.0 0.0 -1.5099580252808664e-07 -1.0 0.0 -1.5099580252808664e-07 -1.0 0.0 -1.5099580252808664e-07 -1.0 0.0 -1.5099580252808664e-07 -1.0 0.0 -1.5099580252808664e-07 -1.0 0.0 -1.5099580252808664e-07 -1.0 0.0 -1.5099580252808664e-07 -1.0 0.0 -1.5099580252808664e-07 -1.0 0.0 -1.5099580252808664e-07 -1.0 -0.38268333673477173 -0.9238795638084412 1.3950193533673882e-07 -0.38268333673477173 -0.9238795638084412 1.3950193533673882e-07 -0.13052627444267273 -0.9914448261260986 1.4970400741276535e-07 -0.13052627444267273 -0.9914448261260986 1.4970400741276535e-07 0.0 1.5099580252808664e-07 1.0 0.0 1.5099580252808664e-07 1.0 0.0 1.5099580252808664e-07 1.0 0.0 1.5099580252808664e-07 1.0 0.0 1.5099580252808664e-07 1.0 0.0 1.5099580252808664e-07 1.0 0.0 1.5099580252808664e-07 1.0 0.0 1.5099580252808664e-07 1.0 0.0 1.5099580252808664e-07 1.0 0.0 1.5099580252808664e-07 1.0 0.0 1.5099580252808664e-07 1.0 0.0 1.5099580252808664e-07 1.0 0.0 1.5099580252808664e-07 1.0 0.0 1.5099580252808664e-07 1.0 0.0 1.5099580252808664e-07 1.0 0.0 1.5099580252808664e-07 1.0 0.0 1.5099580252808664e-07 1.0 0.0 1.5099580252808664e-07 1.0 0.0 1.5099580252808664e-07 1.0 0.0 1.5099580252808664e-07 1.0 0.0 1.5099580252808664e-07 1.0 0.0 1.5099580252808664e-07 1.0</float_array><technique_common><accessor source="#mesh23-normals-array" count="92" stride="3"><param name="X" type="float" /><param name="Y" type="float" /><param name="Z" type="float" /></accessor></technique_common></source><vertices id="mesh23-vertices"><input semantic="POSITION" source="#mesh23-positions" /></vertices><triangles count="92" material="titanium"><input semantic="VERTEX" source="#mesh23-vertices" offset="0" /><input semantic="NORMAL" source="#mesh23-normals" offset="1" /><p>0 0 1 0 3 0 0 1 3 1 2 1 2 2 3 2 5 2 2 3 5 3 4 3 4 4 5 4 7 4 4 5 7 5 6 5 6 6 7 6 9 6 6 7 9 7 8 7 8 8 9 8 11 8 8 9 11 9 10 9 10 10 11 10 13 10 10 11 13 11 12 11 12 12 13 12 15 12 12 13 15 13 14 13 14 14 15 14 17 14 14 15 17 15 16 15 16 16 17 16 19 16 16 17 19 17 18 17 18 18 19 18 21 18 18 19 21 19 20 19 20 20 21 20 23 20 20 21 23 21 22 21 22 22 23 22 25 22 22 23 25 23 24 23 24 24 25 24 27 24 24 25 27 25 26 25 26 26 27 26 29 26 26 27 29 27 28 27 28 28 29 28 31 28 28 29 31 29 30 29 30 30 31 30 33 30 30 31 33 31 32 31 32 32 33 32 35 32 32 33 35 33 34 33 34 34 35 34 37 34 34 35 37 35 36 35 36 36 37 36 39 36 36 37 39 37 38 37 38 38 39 38 41 38 38 39 41 39 40 39 40 40 41 40 43 40 40 41 43 41 42 41 42 42 43 42 45 42 42 43 45 43 44 43 5 44 3 44 1 44 1 45 47 45 45 45 45 46 43 46 41 46 41 47 39 47 37 47 37 48 35 48 33 48 33 49 31 49 29 49 29 50 27 50 25 50 25 51 23 51 21 51 21 52 19 52 17 52 17 53 15 53 13 53 13 54 11 54 9 54 9 55 7 55 5 55 5 56 1 56 45 56 45 57 41 57 37 57 37 58 33 58 29 58 29 59 25 59 21 59 21 60 17 60 13 60 13 61 9 61 5 61 5 62 45 62 37 62 37 63 29 63 21 63 21 64 13 64 5 64 37 65 21 65 5 65 44 66 45 66 47 66 44 67 47 67 46 67 46 68 47 68 1 68 46 69 1 69 0 69 46 70 0 70 2 70 2 71 4 71 6 71 6 72 8 72 10 72 10 73 12 73 14 73 14 74 16 74 18 74 18 75 20 75 22 75 22 76 24 76 26 76 26 77 28 77 30 77 30 78 32 78 34 78 34 79 36 79 38 79 38 80 40 80 42 80 42 81 44 81 46 81 46 82 2 82 6 82 6 83 10 83 14 83 14 84 18 84 22 84 22 85 26 85 30 85 30 86 34 86 38 86 38 87 42 87 46 87 46 88 6 88 14 88 14 89 22 89 30 89 30 90 38 90 46 90 14 91 30 91 46 91</p></triangles></mesh></geometry><geometry id="mesh24"><mesh><source id="mesh24-positions"><float_array id="mesh24-array" count="144">-0.03500000014901161 0.0390000082552433 -0.06499999761581421 -0.03500000014901161 0.03899998962879181 -0.1899999976158142 -0.030858894810080528 0.039545197039842606 -0.06499999761581421 -0.030858894810080528 0.039545174688100815 -0.1899999976158142 -0.026999998837709427 0.04114360362291336 -0.06499999761581421 -0.026999998837709427 0.04114358127117157 -0.1899999976158142 -0.02368629164993763 0.04368630051612854 -0.06499999761581421 -0.02368629164993763 0.04368628188967705 -0.1899999976158142 -0.0211435928940773 0.047000009566545486 -0.06499999761581421 -0.0211435928940773 0.046999990940093994 -0.1899999976158142 -0.019545186311006546 0.05085890367627144 -0.06499999761581421 -0.019545186311006546 0.050858885049819946 -0.1899999976158142 -0.01899999938905239 0.05500001087784767 -0.06499999761581421 -0.01899999938905239 0.05499998852610588 -0.1899999976158142 -0.019545186311006546 0.059141114354133606 -0.06499999761581421 -0.019545186311006546 0.059141095727682114 -0.1899999976158142 -0.0211435928940773 0.06300000846385956 -0.06499999761581421 -0.0211435928940773 0.06299999356269836 -0.1899999976158142 -0.02368629164993763 0.0663137212395668 -0.06499999761581421 -0.02368629164993763 0.06631369888782501 -0.1899999976158142 -0.026999998837709427 0.06885641813278198 -0.06499999761581421 -0.026999998837709427 0.06885639578104019 -0.1899999976158142 -0.030858894810080528 0.07045482099056244 -0.06499999761581421 -0.030858894810080528 0.07045480608940125 -0.1899999976158142 -0.03500000014901161 0.07100000977516174 -0.06499999761581421 -0.03500000014901161 0.07099998742341995 -0.1899999976158142 -0.039141103625297546 0.07045482099056244 -0.06499999761581421 -0.039141103625297546 0.07045480608940125 -0.1899999976158142 -0.0430000014603138 0.06885641813278198 -0.06499999761581421 -0.0430000014603138 0.06885639578104019 -0.1899999976158142 -0.04631371051073074 0.0663137212395668 -0.06499999761581421 -0.04631371051073074 0.06631369888782501 -0.1899999976158142 -0.04885640740394592 0.06300000846385956 -0.06499999761581421 -0.04885640740394592 0.06299999356269836 -0.1899999976158142 -0.05045481398701668 0.059141114354133606 -0.06499999761581421 -0.05045481398701668 0.059141095727682114 -0.1899999976158142 -0.050999999046325684 0.05500001087784767 -0.06499999761581421 -0.050999999046325684 0.05499998852610588 -0.1899999976158142 -0.05045481398701668 0.05085890367627144 -0.06499999761581421 -0.05045481398701668 0.050858885049819946 -0.1899999976158142 -0.04885640740394592 0.047000009566545486 -0.06499999761581421 -0.04885640740394592 0.046999990940093994 -0.1899999976158142 -0.04631371051073074 0.04368630051612854 -0.06499999761581421 -0.04631371051073074 0.04368628188967705 -0.1899999976158142 -0.0430000014603138 0.04114360362291336 -0.06499999761581421 -0.0430000014603138 0.04114358127117157 -0.1899999976158142 -0.039141103625297546 0.039545197039842606 -0.06499999761581421 -0.039141103625297546 0.039545174688100815 -0.1899999976158142</float_array><technique_common><accessor source="#mesh24-array" count="48" stride="3"><param name="X" type="float" /><param name="Y" type="float" /><param name="Z" type="float" /></accessor></technique_common></source><source id="mesh24-normals"><float_array id="mesh24-normals-array" count="276">0.13052622973918915 -0.9914448857307434 1.4970402162362006e-07 0.13052622973918915 -0.9914448857307434 1.4970402162362006e-07 0.3826833665370941 -0.9238795638084412 1.3950193533673882e-07 0.3826833665370941 -0.9238795638084412 1.3950193533673882e-07 0.6087616086006165 -0.7933531999588013 1.1979300040820817e-07 0.6087616086006165 -0.7933531999588013 1.1979300040820817e-07 0.7933531999588013 -0.6087616086006165 9.192044814199107e-08 0.7933531999588013 -0.6087616086006165 9.192044814199107e-08 0.9238795638084412 -0.3826833665370941 5.778358058705635e-08 0.9238795638084412 -0.3826833665370941 5.778358058705635e-08 0.9914448857307434 -0.13052622973918915 1.970891361224858e-08 0.9914448857307434 -0.13052622973918915 1.970891361224858e-08 0.9914448857307434 0.13052622973918915 -1.970891361224858e-08 0.9914448857307434 0.13052622973918915 -1.970891361224858e-08 0.9238795638084412 0.3826833665370941 -5.778358058705635e-08 0.9238795638084412 0.3826833665370941 -5.778358058705635e-08 0.7933531999588013 0.6087616086006165 -9.192044814199107e-08 0.7933531999588013 0.6087616086006165 -9.192044814199107e-08 0.6087616086006165 0.7933531999588013 -1.1979300040820817e-07 0.6087616086006165 0.7933531999588013 -1.1979300040820817e-07 0.3826833665370941 0.9238795638084412 -1.3950193533673882e-07 0.3826833665370941 0.9238795638084412 -1.3950193533673882e-07 0.13052622973918915 0.9914448857307434 -1.4970402162362006e-07 0.13052622973918915 0.9914448857307434 -1.4970402162362006e-07 -0.13052622973918915 0.9914448857307434 -1.4970402162362006e-07 -0.13052622973918915 0.9914448857307434 -1.4970402162362006e-07 -0.3826833665370941 0.9238795638084412 -1.3950193533673882e-07 -0.3826833665370941 0.9238795638084412 -1.3950193533673882e-07 -0.6087616086006165 0.7933531999588013 -1.1979300040820817e-07 -0.6087616086006165 0.7933531999588013 -1.1979300040820817e-07 -0.7933531999588013 0.6087616086006165 -9.192044814199107e-08 -0.7933531999588013 0.6087616086006165 -9.192044814199107e-08 -0.9238795638084412 0.3826833665370941 -5.778358058705635e-08 -0.9238795638084412 0.3826833665370941 -5.778358058705635e-08 -0.9914448857307434 0.13052622973918915 -1.970891361224858e-08 -0.9914448857307434 0.13052622973918915 -1.970891361224858e-08 -0.9914448857307434 -0.13052622973918915 1.970891361224858e-08 -0.9914448857307434 -0.13052622973918915 1.970891361224858e-08 -0.9238795638084412 -0.3826833665370941 5.778358058705635e-08 -0.9238795638084412 -0.3826833665370941 5.778358058705635e-08 -0.7933531999588013 -0.6087616086006165 9.192044814199107e-08 -0.7933531999588013 -0.6087616086006165 9.192044814199107e-08 -0.6087616086006165 -0.7933531999588013 1.1979300040820817e-07 -0.6087616086006165 -0.7933531999588013 1.1979300040820817e-07 0.0 -1.5099580252808664e-07 -1.0 0.0 -1.5099580252808664e-07 -1.0 0.0 -1.5099580252808664e-07 -1.0 0.0 -1.5099580252808664e-07 -1.0 0.0 -1.5099580252808664e-07 -1.0 0.0 -1.5099580252808664e-07 -1.0 0.0 -1.5099580252808664e-07 -1.0 0.0 -1.5099580252808664e-07 -1.0 0.0 -1.5099580252808664e-07 -1.0 0.0 -1.5099580252808664e-07 -1.0 0.0 -1.5099580252808664e-07 -1.0 0.0 -1.5099580252808664e-07 -1.0 0.0 -1.5099580252808664e-07 -1.0 0.0 -1.5099580252808664e-07 -1.0 0.0 -1.5099580252808664e-07 -1.0 0.0 -1.5099580252808664e-07 -1.0 0.0 -1.5099580252808664e-07 -1.0 0.0 -1.5099580252808664e-07 -1.0 0.0 -1.5099580252808664e-07 -1.0 0.0 -1.5099580252808664e-07 -1.0 0.0 -1.5099580252808664e-07 -1.0 0.0 -1.5099580252808664e-07 -1.0 -0.3826833665370941 -0.9238795638084412 1.3950193533673882e-07 -0.3826833665370941 -0.9238795638084412 1.3950193533673882e-07 -0.13052622973918915 -0.9914448857307434 1.4970402162362006e-07 -0.13052622973918915 -0.9914448857307434 1.4970402162362006e-07 0.0 1.5099580252808664e-07 1.0 0.0 1.5099580252808664e-07 1.0 0.0 1.5099580252808664e-07 1.0 0.0 1.5099580252808664e-07 1.0 0.0 1.5099580252808664e-07 1.0 0.0 1.5099580252808664e-07 1.0 0.0 1.5099580252808664e-07 1.0 0.0 1.5099580252808664e-07 1.0 0.0 1.5099580252808664e-07 1.0 0.0 1.5099580252808664e-07 1.0 0.0 1.5099580252808664e-07 1.0 0.0 1.5099580252808664e-07 1.0 0.0 1.5099580252808664e-07 1.0 0.0 1.5099580252808664e-07 1.0 0.0 1.5099580252808664e-07 1.0 0.0 1.5099580252808664e-07 1.0 0.0 1.5099580252808664e-07 1.0 0.0 1.5099580252808664e-07 1.0 0.0 1.5099580252808664e-07 1.0 0.0 1.5099580252808664e-07 1.0 0.0 1.5099580252808664e-07 1.0 0.0 1.5099580252808664e-07 1.0</float_array><technique_common><accessor source="#mesh24-normals-array" count="92" stride="3"><param name="X" type="float" /><param name="Y" type="float" /><param name="Z" type="float" /></accessor></technique_common></source><vertices id="mesh24-vertices"><input semantic="POSITION" source="#mesh24-positions" /></vertices><triangles count="92" material="graphite"><input semantic="VERTEX" source="#mesh24-vertices" offset="0" /><input semantic="NORMAL" source="#mesh24-normals" offset="1" /><p>0 0 1 0 3 0 0 1 3 1 2 1 2 2 3 2 5 2 2 3 5 3 4 3 4 4 5 4 7 4 4 5 7 5 6 5 6 6 7 6 9 6 6 7 9 7 8 7 8 8 9 8 11 8 8 9 11 9 10 9 10 10 11 10 13 10 10 11 13 11 12 11 12 12 13 12 15 12 12 13 15 13 14 13 14 14 15 14 17 14 14 15 17 15 16 15 16 16 17 16 19 16 16 17 19 17 18 17 18 18 19 18 21 18 18 19 21 19 20 19 20 20 21 20 23 20 20 21 23 21 22 21 22 22 23 22 25 22 22 23 25 23 24 23 24 24 25 24 27 24 24 25 27 25 26 25 26 26 27 26 29 26 26 27 29 27 28 27 28 28 29 28 31 28 28 29 31 29 30 29 30 30 31 30 33 30 30 31 33 31 32 31 32 32 33 32 35 32 32 33 35 33 34 33 34 34 35 34 37 34 34 35 37 35 36 35 36 36 37 36 39 36 36 37 39 37 38 37 38 38 39 38 41 38 38 39 41 39 40 39 40 40 41 40 43 40 40 41 43 41 42 41 42 42 43 42 45 42 42 43 45 43 44 43 5 44 3 44 1 44 1 45 47 45 45 45 45 46 43 46 41 46 41 47 39 47 37 47 37 48 35 48 33 48 33 49 31 49 29 49 29 50 27 50 25 50 25 51 23 51 21 51 21 52 19 52 17 52 17 53 15 53 13 53 13 54 11 54 9 54 9 55 7 55 5 55 5 56 1 56 45 56 45 57 41 57 37 57 37 58 33 58 29 58 29 59 25 59 21 59 21 60 17 60 13 60 13 61 9 61 5 61 5 62 45 62 37 62 37 63 29 63 21 63 21 64 13 64 5 64 37 65 21 65 5 65 44 66 45 66 47 66 44 67 47 67 46 67 46 68 47 68 1 68 46 69 1 69 0 69 46 70 0 70 2 70 2 71 4 71 6 71 6 72 8 72 10 72 10 73 12 73 14 73 14 74 16 74 18 74 18 75 20 75 22 75 22 76 24 76 26 76 26 77 28 77 30 77 30 78 32 78 34 78 34 79 36 79 38 79 38 80 40 80 42 80 42 81 44 81 46 81 46 82 2 82 6 82 6 83 10 83 14 83 14 84 18 84 22 84 22 85 26 85 30 85 30 86 34 86 38 86 38 87 42 87 46 87 46 88 6 88 14 88 14 89 22 89 30 89 30 90 38 90 46 90 14 91 30 91 46 91</p></triangles></mesh></geometry><geometry id="mesh25"><mesh><source id="mesh25-positions"><float_array id="mesh25-array" count="144">-0.03500000014901161 0.046000007539987564 -0.1899999976158142 -0.03500000014901161 0.04599999263882637 -0.2800000011920929 -0.032670628279447556 0.04630667343735695 -0.1899999976158142 -0.032670628279447556 0.04630666226148605 -0.2800000011920929 -0.030500000342726707 0.04720577970147133 -0.1899999976158142 -0.030500000342726707 0.047205764800310135 -0.2800000011920929 -0.028636040166020393 0.048636045306921005 -0.1899999976158142 -0.028636040166020393 0.04863603413105011 -0.2800000011920929 -0.027205772697925568 0.05050000548362732 -0.1899999976158142 -0.027205772697925568 0.050499994307756424 -0.2800000011920929 -0.026306668296456337 0.05267063528299332 -0.1899999976158142 -0.026306668296456337 0.05267062038183212 -0.2800000011920929 -0.026000000536441803 0.05500000715255737 -0.1899999976158142 -0.026000000536441803 0.05499999225139618 -0.2800000011920929 -0.026306668296456337 0.05732937902212143 -0.1899999976158142 -0.026306668296456337 0.057329364120960236 -0.2800000011920929 -0.027205772697925568 0.05950000509619713 -0.1899999976158142 -0.027205772697925568 0.05949999392032623 -0.2800000011920929 -0.028636040166020393 0.06136396527290344 -0.1899999976158142 -0.028636040166020393 0.06136395409703255 -0.2800000011920929 -0.030500000342726707 0.06279423832893372 -0.1899999976158142 -0.030500000342726707 0.06279422342777252 -0.2800000011920929 -0.032670628279447556 0.0636933371424675 -0.1899999976158142 -0.032670628279447556 0.0636933222413063 -0.2800000011920929 -0.03500000014901161 0.06400000303983688 -0.1899999976158142 -0.03500000014901161 0.06399999558925629 -0.2800000011920929 -0.03732937201857567 0.0636933371424675 -0.1899999976158142 -0.03732937201857567 0.0636933222413063 -0.2800000011920929 -0.03949999809265137 0.06279423832893372 -0.1899999976158142 -0.03949999809265137 0.06279422342777252 -0.2800000011920929 -0.04136396199464798 0.06136396527290344 -0.1899999976158142 -0.04136396199464798 0.06136395409703255 -0.2800000011920929 -0.042794227600097656 0.05950000509619713 -0.1899999976158142 -0.042794227600097656 0.05949999392032623 -0.2800000011920929 -0.043693333864212036 0.05732937902212143 -0.1899999976158142 -0.043693333864212036 0.057329364120960236 -0.2800000011920929 -0.04399999976158142 0.05500000715255737 -0.1899999976158142 -0.04399999976158142 0.05499999225139618 -0.2800000011920929 -0.043693333864212036 0.05267063528299332 -0.1899999976158142 -0.043693333864212036 0.05267062038183212 -0.2800000011920929 -0.042794227600097656 0.05050000548362732 -0.1899999976158142 -0.042794227600097656 0.050499994307756424 -0.2800000011920929 -0.04136396199464798 0.048636045306921005 -0.1899999976158142 -0.04136396199464798 0.04863603413105011 -0.2800000011920929 -0.03949999809265137 0.04720577970147133 -0.1899999976158142 -0.03949999809265137 0.047205764800310135 -0.2800000011920929 -0.03732937201857567 0.04630667343735695 -0.1899999976158142 -0.03732937201857567 0.04630666226148605 -0.2800000011920929</float_array><technique_common><accessor source="#mesh25-array" count="48" stride="3"><param name="X" type="float" /><param name="Y" type="float" /><param name="Z" type="float" /></accessor></technique_common></source><source id="mesh25-normals"><float_array id="mesh25-normals-array" count="276">0.13052627444267273 -0.9914448261260986 1.4970400741276535e-07 0.13052627444267273 -0.9914448261260986 1.4970400741276535e-07 0.38268333673477173 -0.9238795638084412 1.3950193533673882e-07 0.38268333673477173 -0.9238795638084412 1.3950193533673882e-07 0.6087616086006165 -0.7933531999588013 1.1979300040820817e-07 0.6087616086006165 -0.7933531999588013 1.1979300040820817e-07 0.7933531999588013 -0.6087616086006165 9.192044814199107e-08 0.7933531999588013 -0.6087616086006165 9.192044814199107e-08 0.9238795638084412 -0.38268333673477173 5.778357703434267e-08 0.9238795638084412 -0.38268333673477173 5.778357703434267e-08 0.9914448261260986 -0.13052627444267273 1.9708918941319098e-08 0.9914448261260986 -0.13052627444267273 1.9708918941319098e-08 0.9914448261260986 0.13052627444267273 -1.9708918941319098e-08 0.9914448261260986 0.13052627444267273 -1.9708918941319098e-08 0.9238795638084412 0.38268333673477173 -5.778357703434267e-08 0.9238795638084412 0.38268333673477173 -5.778357703434267e-08 0.7933531999588013 0.6087616086006165 -9.192044814199107e-08 0.7933531999588013 0.6087616086006165 -9.192044814199107e-08 0.6087616086006165 0.7933531999588013 -1.1979300040820817e-07 0.6087616086006165 0.7933531999588013 -1.1979300040820817e-07 0.38268333673477173 0.9238795638084412 -1.3950193533673882e-07 0.38268333673477173 0.9238795638084412 -1.3950193533673882e-07 0.13052627444267273 0.9914448261260986 -1.4970400741276535e-07 0.13052627444267273 0.9914448261260986 -1.4970400741276535e-07 -0.13052627444267273 0.9914448261260986 -1.4970400741276535e-07 -0.13052627444267273 0.9914448261260986 -1.4970400741276535e-07 -0.38268333673477173 0.9238795638084412 -1.3950193533673882e-07 -0.38268333673477173 0.9238795638084412 -1.3950193533673882e-07 -0.6087616086006165 0.7933531999588013 -1.1979300040820817e-07 -0.6087616086006165 0.7933531999588013 -1.1979300040820817e-07 -0.7933531999588013 0.6087616086006165 -9.192044814199107e-08 -0.7933531999588013 0.6087616086006165 -9.192044814199107e-08 -0.9238795638084412 0.38268333673477173 -5.778357703434267e-08 -0.9238795638084412 0.38268333673477173 -5.778357703434267e-08 -0.9914448261260986 0.13052627444267273 -1.9708918941319098e-08 -0.9914448261260986 0.13052627444267273 -1.9708918941319098e-08 -0.9914448261260986 -0.13052627444267273 1.9708918941319098e-08 -0.9914448261260986 -0.13052627444267273 1.9708918941319098e-08 -0.9238795638084412 -0.38268333673477173 5.778357703434267e-08 -0.9238795638084412 -0.38268333673477173 5.778357703434267e-08 -0.7933531999588013 -0.6087616086006165 9.192044814199107e-08 -0.7933531999588013 -0.6087616086006165 9.192044814199107e-08 -0.6087616086006165 -0.7933531999588013 1.1979300040820817e-07 -0.6087616086006165 -0.7933531999588013 1.1979300040820817e-07 0.0 -1.5099580252808664e-07 -1.0 0.0 -1.5099580252808664e-07 -1.0 0.0 -1.5099580252808664e-07 -1.0 0.0 -1.5099580252808664e-07 -1.0 0.0 -1.5099580252808664e-07 -1.0 0.0 -1.5099580252808664e-07 -1.0 0.0 -1.5099580252808664e-07 -1.0 0.0 -1.5099580252808664e-07 -1.0 0.0 -1.5099580252808664e-07 -1.0 0.0 -1.5099580252808664e-07 -1.0 0.0 -1.5099580252808664e-07 -1.0 0.0 -1.5099580252808664e-07 -1.0 0.0 -1.5099580252808664e-07 -1.0 0.0 -1.5099580252808664e-07 -1.0 0.0 -1.5099580252808664e-07 -1.0 0.0 -1.5099580252808664e-07 -1.0 0.0 -1.5099580252808664e-07 -1.0 0.0 -1.5099580252808664e-07 -1.0 0.0 -1.5099580252808664e-07 -1.0 0.0 -1.5099580252808664e-07 -1.0 0.0 -1.5099580252808664e-07 -1.0 0.0 -1.5099580252808664e-07 -1.0 -0.38268333673477173 -0.9238795638084412 1.3950193533673882e-07 -0.38268333673477173 -0.9238795638084412 1.3950193533673882e-07 -0.13052627444267273 -0.9914448261260986 1.4970400741276535e-07 -0.13052627444267273 -0.9914448261260986 1.4970400741276535e-07 0.0 1.5099580252808664e-07 1.0 0.0 1.5099580252808664e-07 1.0 0.0 1.5099580252808664e-07 1.0 0.0 1.5099580252808664e-07 1.0 0.0 1.5099580252808664e-07 1.0 0.0 1.5099580252808664e-07 1.0 0.0 1.5099580252808664e-07 1.0 0.0 1.5099580252808664e-07 1.0 0.0 1.5099580252808664e-07 1.0 0.0 1.5099580252808664e-07 1.0 0.0 1.5099580252808664e-07 1.0 0.0 1.5099580252808664e-07 1.0 0.0 1.5099580252808664e-07 1.0 0.0 1.5099580252808664e-07 1.0 0.0 1.5099580252808664e-07 1.0 0.0 1.5099580252808664e-07 1.0 0.0 1.5099580252808664e-07 1.0 0.0 1.5099580252808664e-07 1.0 0.0 1.5099580252808664e-07 1.0 0.0 1.5099580252808664e-07 1.0 0.0 1.5099580252808664e-07 1.0 0.0 1.5099580252808664e-07 1.0</float_array><technique_common><accessor source="#mesh25-normals-array" count="92" stride="3"><param name="X" type="float" /><param name="Y" type="float" /><param name="Z" type="float" /></accessor></technique_common></source><vertices id="mesh25-vertices"><input semantic="POSITION" source="#mesh25-positions" /></vertices><triangles count="92" material="titanium"><input semantic="VERTEX" source="#mesh25-vertices" offset="0" /><input semantic="NORMAL" source="#mesh25-normals" offset="1" /><p>0 0 1 0 3 0 0 1 3 1 2 1 2 2 3 2 5 2 2 3 5 3 4 3 4 4 5 4 7 4 4 5 7 5 6 5 6 6 7 6 9 6 6 7 9 7 8 7 8 8 9 8 11 8 8 9 11 9 10 9 10 10 11 10 13 10 10 11 13 11 12 11 12 12 13 12 15 12 12 13 15 13 14 13 14 14 15 14 17 14 14 15 17 15 16 15 16 16 17 16 19 16 16 17 19 17 18 17 18 18 19 18 21 18 18 19 21 19 20 19 20 20 21 20 23 20 20 21 23 21 22 21 22 22 23 22 25 22 22 23 25 23 24 23 24 24 25 24 27 24 24 25 27 25 26 25 26 26 27 26 29 26 26 27 29 27 28 27 28 28 29 28 31 28 28 29 31 29 30 29 30 30 31 30 33 30 30 31 33 31 32 31 32 32 33 32 35 32 32 33 35 33 34 33 34 34 35 34 37 34 34 35 37 35 36 35 36 36 37 36 39 36 36 37 39 37 38 37 38 38 39 38 41 38 38 39 41 39 40 39 40 40 41 40 43 40 40 41 43 41 42 41 42 42 43 42 45 42 42 43 45 43 44 43 5 44 3 44 1 44 1 45 47 45 45 45 45 46 43 46 41 46 41 47 39 47 37 47 37 48 35 48 33 48 33 49 31 49 29 49 29 50 27 50 25 50 25 51 23 51 21 51 21 52 19 52 17 52 17 53 15 53 13 53 13 54 11 54 9 54 9 55 7 55 5 55 5 56 1 56 45 56 45 57 41 57 37 57 37 58 33 58 29 58 29 59 25 59 21 59 21 60 17 60 13 60 13 61 9 61 5 61 5 62 45 62 37 62 37 63 29 63 21 63 21 64 13 64 5 64 37 65 21 65 5 65 44 66 45 66 47 66 44 67 47 67 46 67 46 68 47 68 1 68 46 69 1 69 0 69 46 70 0 70 2 70 2 71 4 71 6 71 6 72 8 72 10 72 10 73 12 73 14 73 14 74 16 74 18 74 18 75 20 75 22 75 22 76 24 76 26 76 26 77 28 77 30 77 30 78 32 78 34 78 34 79 36 79 38 79 38 80 40 80 42 80 42 81 44 81 46 81 46 82 2 82 6 82 6 83 10 83 14 83 14 84 18 84 22 84 22 85 26 85 30 85 30 86 34 86 38 86 38 87 42 87 46 87 46 88 6 88 14 88 14 89 22 89 30 89 30 90 38 90 46 90 14 91 30 91 46 91</p></triangles></mesh></geometry><geometry id="mesh26"><mesh><source id="mesh26-positions"><float_array id="mesh26-array" count="144">-0.030000079423189163 0.05499960482120514 -0.059968408197164536 -0.02900008112192154 0.05500039458274841 -0.24996843934059143 -0.030204521492123604 0.05655251815915108 -0.059969477355480194 -0.02920452319085598 0.05655330792069435 -0.2499695122241974 -0.030803916975855827 0.05799960345029831 -0.05997262895107269 -0.029803916811943054 0.05800039321184158 -0.2499726563692093 -0.0317574143409729 0.05924224480986595 -0.059977639466524124 -0.030757416039705276 0.059243034571409225 -0.24997766315937042 -0.03300003707408905 0.06019575893878937 -0.059984177350997925 -0.032000038772821426 0.06019654497504234 -0.24998420476913452 -0.03444710373878479 0.06079516187310219 -0.05999179184436798 -0.033447105437517166 0.060795947909355164 -0.24999181926250458 -0.03599999472498894 0.06099960580468178 -0.05999996140599251 -0.034999996423721313 0.06100039556622505 -0.2499999850988388 -0.03755288943648338 0.06079516187310219 -0.06000813469290733 -0.03655289113521576 0.060795947909355164 -0.25000816583633423 -0.03899995610117912 0.06019575893878937 -0.060015756636857986 -0.0379999577999115 0.06019654870033264 -0.2500157952308655 -0.04024257883429527 0.05924224853515625 -0.060022298246622086 -0.03924258053302765 0.059243034571409225 -0.2500223219394684 -0.041196078062057495 0.05799960717558861 -0.06002732366323471 -0.04019607976078987 0.05800039693713188 -0.2500273585319519 -0.04179547354578972 0.056552521884441376 -0.060030482709407806 -0.040795471519231796 0.05655330792069435 -0.250030517578125 -0.04199991375207901 0.05499960482120514 -0.06003156676888466 -0.040999915450811386 0.05500039458274841 -0.25003159046173096 -0.04179547354578972 0.0534466914832592 -0.060030497610569 -0.040795471519231796 0.053447481244802475 -0.250030517578125 -0.041196078062057495 0.05199960619211197 -0.0600273460149765 -0.04019607976078987 0.05200039595365524 -0.2500273883342743 -0.04024257883429527 0.05075696483254433 -0.06002233549952507 -0.03924258053302765 0.0507577545940876 -0.25002235174179077 -0.03899995610117912 0.04980345442891121 -0.06001579761505127 -0.0379999577999115 0.049804240465164185 -0.25001582503318787 -0.03755288943648338 0.04920405149459839 -0.06000818312168121 -0.03655289113521576 0.049204837530851364 -0.250008225440979 -0.035999998450279236 0.0489996038377285 -0.060000013560056686 -0.03500000014901161 0.049000393599271774 -0.2500000298023224 -0.03444710373878479 0.04920405149459839 -0.05999184027314186 -0.033447105437517166 0.049204837530851364 -0.24999186396598816 -0.03300003707408905 0.04980345070362091 -0.05998421832919121 -0.032000038772821426 0.049804240465164185 -0.2499842494726181 -0.0317574143409729 0.05075696483254433 -0.05997767671942711 -0.030757416039705276 0.0507577508687973 -0.249977707862854 -0.030803916975855827 0.05199960246682167 -0.059972651302814484 -0.029803916811943054 0.052000392228364944 -0.24997268617153168 -0.030204521492123604 0.0534466914832592 -0.05996949225664139 -0.02920452319085598 0.053447477519512177 -0.2499695122241974</float_array><technique_common><accessor source="#mesh26-array" count="48" stride="3"><param name="X" type="float" /><param name="Y" type="float" /><param name="Z" type="float" /></accessor></technique_common></source><source id="mesh26-normals"><float_array id="mesh26-normals-array" count="276">0.9914311766624451 0.1305263489484787 0.005218591541051865 0.9914311766624451 0.1305263489484787 0.005218591541051865 0.9238667488098145 0.38268330693244934 0.004864036571234465 0.9238667488098145 0.38268330693244934 0.004864036571234465 0.7933423519134521 0.6087615489959717 0.004178005736321211 0.7933423519134521 0.6087615489959717 0.004178005736321211 0.6087532043457031 0.7933531403541565 0.003207251662388444 0.6087532043457031 0.7933531403541565 0.003207251662388444 0.38267824053764343 0.9238795638084412 0.0020179273560643196 0.38267824053764343 0.9238795638084412 0.0020179273560643196 0.13052470982074738 0.9914448857307434 0.0006910863448865712 0.13052470982074738 0.9914448857307434 0.0006910863448865712 -0.1305244415998459 0.9914448857307434 -0.0006828540354035795 -0.1305244415998459 0.9914448857307434 -0.0006828540354035795 -0.3826780319213867 0.9238796830177307 -0.0020102562848478556 -0.3826780319213867 0.9238796830177307 -0.0020102562848478556 -0.6087530851364136 0.7933533191680908 -0.0032006646506488323 -0.6087530851364136 0.7933533191680908 -0.0032006646506488323 -0.7933422923088074 0.6087616086006165 -0.004172950983047485 -0.7933422923088074 0.6087616086006165 -0.004172950983047485 -0.9238667488098145 0.3826834261417389 -0.004860859364271164 -0.9238667488098145 0.3826834261417389 -0.004860859364271164 -0.9914311766624451 0.13052640855312347 -0.005217507481575012 -0.9914311766624451 0.13052640855312347 -0.005217507481575012 -0.9914311766624451 -0.1305263489484787 -0.005218591541051865 -0.9914311766624451 -0.1305263489484787 -0.005218591541051865 -0.9238667488098145 -0.38268330693244934 -0.004864036571234465 -0.9238667488098145 -0.38268330693244934 -0.004864036571234465 -0.7933423519134521 -0.6087615489959717 -0.004178005736321211 -0.7933423519134521 -0.6087615489959717 -0.004178005736321211 -0.6087532043457031 -0.7933531403541565 -0.003207251662388444 -0.6087532043457031 -0.7933531403541565 -0.003207251662388444 -0.38267824053764343 -0.9238795638084412 -0.0020179273560643196 -0.38267824053764343 -0.9238795638084412 -0.0020179273560643196 -0.13052470982074738 -0.9914448857307434 -0.0006910863448865712 -0.13052470982074738 -0.9914448857307434 -0.0006910863448865712 0.1305244415998459 -0.9914448857307434 0.0006828540354035795 0.1305244415998459 -0.9914448857307434 0.0006828540354035795 0.3826780319213867 -0.9238796830177307 0.0020102562848478556 0.3826780319213867 -0.9238796830177307 0.0020102562848478556 0.6087530851364136 -0.7933533191680908 0.0032006646506488323 0.6087530851364136 -0.7933533191680908 0.0032006646506488323 0.7933422923088074 -0.6087616086006165 0.004172950983047485 0.7933422923088074 -0.6087616086006165 0.004172950983047485 0.00526307662948966 4.151230768911773e-06 -0.9999862313270569 0.00526307662948966 4.151230768911773e-06 -0.9999862313270569 0.00526307662948966 4.151230768911773e-06 -0.9999862313270569 0.00526307662948966 4.151230768911773e-06 -0.9999862313270569 0.00526307662948966 4.151230768911773e-06 -0.9999862313270569 0.00526307662948966 4.151230768911773e-06 -0.9999862313270569 0.00526307662948966 4.151230768911773e-06 -0.9999862313270569 0.00526307662948966 4.151230768911773e-06 -0.9999862313270569 0.00526307662948966 4.151230768911773e-06 -0.9999862313270569 0.00526307662948966 4.151230768911773e-06 -0.9999862313270569 0.00526307662948966 4.151230768911773e-06 -0.9999862313270569 0.00526307662948966 4.151230768911773e-06 -0.9999862313270569 0.00526307662948966 4.151230768911773e-06 -0.9999862313270569 0.00526307662948966 4.151230768911773e-06 -0.9999862313270569 0.00526307662948966 4.151230768911773e-06 -0.9999862313270569 0.00526307662948966 4.151230768911773e-06 -0.9999862313270569 0.00526307662948966 4.151230768911773e-06 -0.9999862313270569 0.00526307662948966 4.151230768911773e-06 -0.9999862313270569 0.00526307662948966 4.151230768911773e-06 -0.9999862313270569 0.00526307662948966 4.151230768911773e-06 -0.9999862313270569 0.00526307662948966 4.151230768911773e-06 -0.9999862313270569 0.00526307662948966 4.151230768911773e-06 -0.9999862313270569 0.9238667488098145 -0.3826834261417389 0.004860859364271164 0.9238667488098145 -0.3826834261417389 0.004860859364271164 0.9914311766624451 -0.13052640855312347 0.005217507481575012 0.9914311766624451 -0.13052640855312347 0.005217507481575012 -0.00526307662948966 -4.151230768911773e-06 0.9999862313270569 -0.00526307662948966 -4.151230768911773e-06 0.9999862313270569 -0.00526307662948966 -4.151230768911773e-06 0.9999862313270569 -0.00526307662948966 -4.151230768911773e-06 0.9999862313270569 -0.00526307662948966 -4.151230768911773e-06 0.9999862313270569 -0.00526307662948966 -4.151230768911773e-06 0.9999862313270569 -0.00526307662948966 -4.151230768911773e-06 0.9999862313270569 -0.00526307662948966 -4.151230768911773e-06 0.9999862313270569 -0.00526307662948966 -4.151230768911773e-06 0.9999862313270569 -0.00526307662948966 -4.151230768911773e-06 0.9999862313270569 -0.00526307662948966 -4.151230768911773e-06 0.9999862313270569 -0.00526307662948966 -4.151230768911773e-06 0.9999862313270569 -0.00526307662948966 -4.151230768911773e-06 0.9999862313270569 -0.00526307662948966 -4.151230768911773e-06 0.9999862313270569 -0.00526307662948966 -4.151230768911773e-06 0.9999862313270569 -0.00526307662948966 -4.151230768911773e-06 0.9999862313270569 -0.00526307662948966 -4.151230768911773e-06 0.9999862313270569 -0.00526307662948966 -4.151230768911773e-06 0.9999862313270569 -0.00526307662948966 -4.151230768911773e-06 0.9999862313270569 -0.00526307662948966 -4.151230768911773e-06 0.9999862313270569 -0.00526307662948966 -4.151230768911773e-06 0.9999862313270569 -0.00526307662948966 -4.151230768911773e-06 0.9999862313270569</float_array><technique_common><accessor source="#mesh26-normals-array" count="92" stride="3"><param name="X" type="float" /><param name="Y" type="float" /><param name="Z" type="float" /></accessor></technique_common></source><vertices id="mesh26-vertices"><input semantic="POSITION" source="#mesh26-positions" /></vertices><triangles count="92" material="copper"><input semantic="VERTEX" source="#mesh26-vertices" offset="0" /><input semantic="NORMAL" source="#mesh26-normals" offset="1" /><p>0 0 1 0 3 0 0 1 3 1 2 1 2 2 3 2 5 2 2 3 5 3 4 3 4 4 5 4 7 4 4 5 7 5 6 5 6 6 7 6 9 6 6 7 9 7 8 7 8 8 9 8 11 8 8 9 11 9 10 9 10 10 11 10 13 10 10 11 13 11 12 11 12 12 13 12 15 12 12 13 15 13 14 13 14 14 15 14 17 14 14 15 17 15 16 15 16 16 17 16 19 16 16 17 19 17 18 17 18 18 19 18 21 18 18 19 21 19 20 19 20 20 21 20 23 20 20 21 23 21 22 21 22 22 23 22 25 22 22 23 25 23 24 23 24 24 25 24 27 24 24 25 27 25 26 25 26 26 27 26 29 26 26 27 29 27 28 27 28 28 29 28 31 28 28 29 31 29 30 29 30 30 31 30 33 30 30 31 33 31 32 31 32 32 33 32 35 32 32 33 35 33 34 33 34 34 35 34 37 34 34 35 37 35 36 35 36 36 37 36 39 36 36 37 39 37 38 37 38 38 39 38 41 38 38 39 41 39 40 39 40 40 41 40 43 40 40 41 43 41 42 41 42 42 43 42 45 42 42 43 45 43 44 43 5 44 3 44 1 44 1 45 47 45 45 45 45 46 43 46 41 46 41 47 39 47 37 47 37 48 35 48 33 48 33 49 31 49 29 49 29 50 27 50 25 50 25 51 23 51 21 51 21 52 19 52 17 52 17 53 15 53 13 53 13 54 11 54 9 54 9 55 7 55 5 55 5 56 1 56 45 56 45 57 41 57 37 57 37 58 33 58 29 58 29 59 25 59 21 59 21 60 17 60 13 60 13 61 9 61 5 61 5 62 45 62 37 62 37 63 29 63 21 63 21 64 13 64 5 64 37 65 21 65 5 65 44 66 45 66 47 66 44 67 47 67 46 67 46 68 47 68 1 68 46 69 1 69 0 69 46 70 0 70 2 70 2 71 4 71 6 71 6 72 8 72 10 72 10 73 12 73 14 73 14 74 16 74 18 74 18 75 20 75 22 75 22 76 24 76 26 76 26 77 28 77 30 77 30 78 32 78 34 78 34 79 36 79 38 79 38 80 40 80 42 80 42 81 44 81 46 81 46 82 2 82 6 82 6 83 10 83 14 83 14 84 18 84 22 84 22 85 26 85 30 85 30 86 34 86 38 86 38 87 42 87 46 87 46 88 6 88 14 88 14 89 22 89 30 89 30 90 38 90 46 90 14 91 30 91 46 91</p></triangles></mesh></geometry></library_geometries><library_visual_scenes><visual_scene id="Scene"><node id="mesh0-node"><instance_geometry url="#mesh0"><bind_material><technique_common><instance_material symbol="graphite" target="#graphite" /></technique_common></bind_material></instance_geometry></node><node id="mesh1-node"><instance_geometry url="#mesh1"><bind_material><technique_common><instance_material symbol="ivory" target="#ivory" /></technique_common></bind_material></instance_geometry></node><node id="mesh2-node"><instance_geometry url="#mesh2"><bind_material><technique_common><instance_material symbol="titanium" target="#titanium" /></technique_common></bind_material></instance_geometry></node><node id="mesh3-node"><instance_geometry url="#mesh3"><bind_material><technique_common><instance_material symbol="graphite" target="#graphite" /></technique_common></bind_material></instance_geometry></node><node id="mesh4-node"><instance_geometry url="#mesh4"><bind_material><technique_common><instance_material symbol="graphite" target="#graphite" /></technique_common></bind_material></instance_geometry></node><node id="mesh5-node"><instance_geometry url="#mesh5"><bind_material><technique_common><instance_material symbol="graphite" target="#graphite" /></technique_common></bind_material></instance_geometry></node><node id="mesh6-node"><instance_geometry url="#mesh6"><bind_material><technique_common><instance_material symbol="graphite" target="#graphite" /></technique_common></bind_material></instance_geometry></node><node id="mesh7-node"><instance_geometry url="#mesh7"><bind_material><technique_common><instance_material symbol="graphite" target="#graphite" /></technique_common></bind_material></instance_geometry></node><node id="mesh8-node"><instance_geometry url="#mesh8"><bind_material><technique_common><instance_material symbol="graphite" target="#graphite" /></technique_common></bind_material></instance_geometry></node><node id="mesh9-node"><instance_geometry url="#mesh9"><bind_material><technique_common><instance_material symbol="ivory" target="#ivory" /></technique_common></bind_material></instance_geometry></node><node id="mesh10-node"><instance_geometry url="#mesh10"><bind_material><technique_common><instance_material symbol="titanium" target="#titanium" /></technique_common></bind_material></instance_geometry></node><node id="mesh11-node"><instance_geometry url="#mesh11"><bind_material><technique_common><instance_material symbol="graphite" target="#graphite" /></technique_common></bind_material></instance_geometry></node><node id="mesh12-node"><instance_geometry url="#mesh12"><bind_material><technique_common><instance_material symbol="graphite" target="#graphite" /></technique_common></bind_material></instance_geometry></node><node id="mesh13-node"><instance_geometry url="#mesh13"><bind_material><technique_common><instance_material symbol="graphite" target="#graphite" /></technique_common></bind_material></instance_geometry></node><node id="mesh14-node"><instance_geometry url="#mesh14"><bind_material><technique_common><instance_material symbol="graphite" target="#graphite" /></technique_common></bind_material></instance_geometry></node><node id="mesh15-node"><instance_geometry url="#mesh15"><bind_material><technique_common><instance_material symbol="graphite" target="#graphite" /></technique_common></bind_material></instance_geometry></node><node id="mesh16-node"><instance_geometry url="#mesh16"><bind_material><technique_common><instance_material symbol="graphite" target="#graphite" /></technique_common></bind_material></instance_geometry></node><node id="mesh17-node"><instance_geometry url="#mesh17"><bind_material><technique_common><instance_material symbol="titanium" target="#titanium" /></technique_common></bind_material></instance_geometry></node><node id="mesh18-node"><instance_geometry url="#mesh18"><bind_material><technique_common><instance_material symbol="graphite" target="#graphite" /></technique_common></bind_material></instance_geometry></node><node id="mesh19-node"><instance_geometry url="#mesh19"><bind_material><technique_common><instance_material symbol="titanium" target="#titanium" /></technique_common></bind_material></instance_geometry></node><node id="mesh20-node"><instance_geometry url="#mesh20"><bind_material><technique_common><instance_material symbol="graphite" target="#graphite" /></technique_common></bind_material></instance_geometry></node><node id="mesh21-node"><instance_geometry url="#mesh21"><bind_material><technique_common><instance_material symbol="ivory" target="#ivory" /></technique_common></bind_material></instance_geometry></node><node id="mesh22-node"><instance_geometry url="#mesh22"><bind_material><technique_common><instance_material symbol="graphite" target="#graphite" /></technique_common></bind_material></instance_geometry></node><node id="mesh23-node"><instance_geometry url="#mesh23"><bind_material><technique_common><instance_material symbol="titanium" target="#titanium" /></technique_common></bind_material></instance_geometry></node><node id="mesh24-node"><instance_geometry url="#mesh24"><bind_material><technique_common><instance_material symbol="graphite" target="#graphite" /></technique_common></bind_material></instance_geometry></node><node id="mesh25-node"><instance_geometry url="#mesh25"><bind_material><technique_common><instance_material symbol="titanium" target="#titanium" /></technique_common></bind_material></instance_geometry></node><node id="mesh26-node"><instance_geometry url="#mesh26"><bind_material><technique_common><instance_material symbol="copper" target="#copper" /></technique_common></bind_material></instance_geometry></node></visual_scene></library_visual_scenes><scene><instance_visual_scene url="#Scene" /></scene></COLLADA>