<?xml version='1.0' encoding='utf-8'?>
<COLLADA xmlns="http://www.collada.org/2005/11/COLLADASchema" version="1.4.1"><asset><unit name="meter" meter="1" /><up_axis>Z_UP</up_axis></asset><library_effects><effect id="graphite-fx"><profile_COMMON><technique sid="common"><phong><emission><color>0 0 0 1</color></emission><ambient><color>0.065 0.075 0.085 1</color></ambient><diffuse><color>0.065 0.075 0.085 1</color></diffuse><specular><color>0.12 0.12 0.12 1</color></specular><shininess><float>25</float></shininess></phong></technique></profile_COMMON></effect><effect id="titanium-fx"><profile_COMMON><technique sid="common"><phong><emission><color>0 0 0 1</color></emission><ambient><color>0.36 0.4 0.43 1</color></ambient><diffuse><color>0.36 0.4 0.43 1</color></diffuse><specular><color>0.12 0.12 0.12 1</color></specular><shininess><float>25</float></shininess></phong></technique></profile_COMMON></effect><effect id="ivory-fx"><profile_COMMON><technique sid="common"><phong><emission><color>0 0 0 1</color></emission><ambient><color>0.72 0.72 0.65 1</color></ambient><diffuse><color>0.72 0.72 0.65 1</color></diffuse><specular><color>0.12 0.12 0.12 1</color></specular><shininess><float>25</float></shininess></phong></technique></profile_COMMON></effect><effect id="copper-fx"><profile_COMMON><technique sid="common"><phong><emission><color>0 0 0 1</color></emission><ambient><color>0.66 0.29 0.08 1</color></ambient><diffuse><color>0.66 0.29 0.08 1</color></diffuse><specular><color>0.12 0.12 0.12 1</color></specular><shininess><float>25</float></shininess></phong></technique></profile_COMMON></effect><effect id="rubber-fx"><profile_COMMON><technique sid="common"><phong><emission><color>0 0 0 1</color></emission><ambient><color>0.025 0.028 0.032 1</color></ambient><diffuse><color>0.025 0.028 0.032 1</color></diffuse><specular><color>0.12 0.12 0.12 1</color></specular><shininess><float>25</float></shininess></phong></technique></profile_COMMON></effect><effect id="lens-fx"><profile_COMMON><technique sid="common"><phong><emission><color>0 0 0 1</color></emission><ambient><color>0.05 0.26 0.33 1</color></ambient><diffuse><color>0.05 0.26 0.33 1</color></diffuse><specular><color>0.12 0.12 0.12 1</color></specular><shininess><float>25</float></shininess></phong></technique></profile_COMMON></effect></library_effects><library_materials><material id="graphite"><instance_effect url="#graphite-fx" /></material><material id="titanium"><instance_effect url="#titanium-fx" /></material><material id="ivory"><instance_effect url="#ivory-fx" /></material><material id="copper"><instance_effect url="#copper-fx" /></material><material id="rubber"><instance_effect url="#rubber-fx" /></material><material id="lens"><instance_effect url="#lens-fx" /></material></library_materials><library_geometries><geometry id="mesh0"><mesh><source id="mesh0-positions"><float_array id="mesh0-array" count="144">-5.28485388784361e-09 -0.050000011920928955 0.03500001132488251 -5.28485388784361e-09 0.05000000447034836 0.034999996423721313 -0.009058672934770584 -0.050000011920928955 0.033807411789894104 -0.009058672934770584 0.05000000447034836 0.03380740061402321 -0.017500007525086403 -0.050000011920928955 0.030310895293951035 -0.017500007525086403 0.05000000447034836 0.03031088225543499 -0.024748746305704117 -0.050000011920928955 0.024748744443058968 -0.024748746305704117 0.05000000447034836 0.024748729541897774 -0.030310897156596184 -0.050000011920928955 0.017500003799796104 -0.030310897156596184 0.05000000447034836 0.01749999076128006 -0.033807411789894104 -0.05000000819563866 0.009058669209480286 -0.033807411789894104 0.05000000819563866 0.009058655239641666 -0.03500000759959221 -0.05000000819563866 1.4330892028624476e-09 -0.03500000759959221 0.05000000819563866 -1.2002796978549668e-08 -0.033807411789894104 -0.05000000819563866 -0.009058665484189987 -0.033807411789894104 0.05000000819563866 -0.009058679454028606 -0.030310893431305885 -0.05000000447034836 -0.017500000074505806 -0.030310893431305885 0.050000011920928955 -0.01750001311302185 -0.02474873885512352 -0.05000000447034836 -0.02474873699247837 -0.02474873885512352 0.050000011920928955 -0.024748751893639565 -0.017500000074505806 -0.05000000447034836 -0.030310887843370438 -0.017500000074505806 0.050000011920928955 -0.030310900881886482 -0.009058663621544838 -0.05000000447034836 -0.03380740433931351 -0.009058663621544838 0.050000011920928955 -0.0338074155151844 5.28485388784361e-09 -0.05000000447034836 -0.034999996423721313 5.28485388784361e-09 0.050000011920928955 -0.03500001132488251 0.009058672934770584 -0.05000000447034836 -0.03380740061402321 0.009058672934770584 0.050000011920928955 -0.033807411789894104 0.017500007525086403 -0.05000000447034836 -0.03031088225543499 0.017500007525086403 0.050000011920928955 -0.030310895293951035 0.024748746305704117 -0.05000000447034836 -0.024748729541897774 0.024748746305704117 0.050000011920928955 -0.024748744443058968 0.030310897156596184 -0.05000000447034836 -0.01749999076128006 0.030310897156596184 0.050000011920928955 -0.017500003799796104 0.033807411789894104 -0.05000000819563866 -0.009058655239641666 0.033807411789894104 0.05000000819563866 -0.009058669209480286 0.03500000759959221 -0.05000000819563866 1.2002796978549668e-08 0.03500000759959221 0.05000000819563866 -1.4330892028624476e-09 0.033807411789894104 -0.05000000819563866 0.009058679454028606 0.033807411789894104 0.05000000819563866 0.009058665484189987 0.030310893431305885 -0.050000011920928955 0.01750001311302185 0.030310893431305885 0.05000000447034836 0.017500000074505806 0.02474873885512352 -0.050000011920928955 0.024748751893639565 0.02474873885512352 0.05000000447034836 0.02474873699247837 0.017500000074505806 -0.050000011920928955 0.030310900881886482 0.017500000074505806 0.05000000447034836 0.030310887843370438 0.009058663621544838 -0.050000011920928955 0.0338074155151844 0.009058663621544838 0.05000000447034836 0.03380740433931351</float_array><technique_common><accessor source="#mesh0-array" count="48" stride="3"><param name="X" type="float" /><param name="Y" type="float" /><param name="Z" type="float" /></accessor></technique_common></source><source id="mesh0-normals"><float_array id="mesh0-normals-array" count="276">-0.13052628934383392 1.3320936886884738e-07 0.9914448857307434 -0.13052628934383392 1.3320936886884738e-07 0.9914448857307434 -0.38268372416496277 1.2413136118993862e-07 0.9238795042037964 -0.38268372416496277 1.2413136118993862e-07 0.9238795042037964 -0.6087615489959717 1.0659402960300213e-07 0.7933533191680908 -0.6087615489959717 1.0659402960300213e-07 0.7933533191680908 -0.7933534383773804 8.17924572515949e-08 0.6087613105773926 -0.7933534383773804 8.17924572515949e-08 0.6087613105773926 -0.9238796234130859 5.141691161725248e-08 0.38268351554870605 -0.9238796234130859 5.141691161725248e-08 0.38268351554870605 -0.9914448857307434 1.7537322705152292e-08 0.13052602112293243 -0.9914448857307434 1.7537322705152292e-08 0.13052602112293243 -0.9914448857307434 -1.753736178500276e-08 -0.1305263191461563 -0.9914448857307434 -1.753736178500276e-08 -0.1305263191461563 -0.9238793849945068 -5.141694003896191e-08 -0.38268375396728516 -0.9238793849945068 -5.141694003896191e-08 -0.38268375396728516 -0.793353259563446 -8.179249988415904e-08 -0.6087616086006165 -0.793353259563446 -8.179249988415904e-08 -0.6087616086006165 -0.6087612509727478 -1.0659404381385684e-07 -0.7933534979820251 -0.6087612509727478 -1.0659404381385684e-07 -0.7933534979820251 -0.3826834261417389 -1.2413138961164805e-07 -0.9238796234130859 -0.3826834261417389 -1.2413138961164805e-07 -0.9238796234130859 -0.13052599132061005 -1.3320936886884738e-07 -0.9914448857307434 -0.13052599132061005 -1.3320936886884738e-07 -0.9914448857307434 0.13052628934383392 -1.3320936886884738e-07 -0.9914448857307434 0.13052628934383392 -1.3320936886884738e-07 -0.9914448857307434 0.38268372416496277 -1.2413136118993862e-07 -0.9238795042037964 0.38268372416496277 -1.2413136118993862e-07 -0.9238795042037964 0.6087615489959717 -1.0659402960300213e-07 -0.7933533191680908 0.6087615489959717 -1.0659402960300213e-07 -0.7933533191680908 0.7933534383773804 -8.17924572515949e-08 -0.6087613105773926 0.7933534383773804 -8.17924572515949e-08 -0.6087613105773926 0.9238796234130859 -5.141691161725248e-08 -0.38268351554870605 0.9238796234130859 -5.141691161725248e-08 -0.38268351554870605 0.9914448857307434 -1.7537322705152292e-08 -0.13052602112293243 0.9914448857307434 -1.7537322705152292e-08 -0.13052602112293243 0.9914448857307434 1.753736178500276e-08 0.1305263191461563 0.9914448857307434 1.753736178500276e-08 0.1305263191461563 0.9238793849945068 5.141694003896191e-08 0.38268375396728516 0.9238793849945068 5.141694003896191e-08 0.38268375396728516 0.793353259563446 8.179249988415904e-08 0.6087616086006165 0.793353259563446 8.179249988415904e-08 0.6087616086006165 0.6087612509727478 1.0659404381385684e-07 0.7933534979820251 0.6087612509727478 1.0659404381385684e-07 0.7933534979820251 -2.028761815660307e-14 1.0 1.343588280633412e-07 -2.028761815660307e-14 1.0 1.343588280633412e-07 -2.028761815660307e-14 1.0 1.343588280633412e-07 -2.028761815660307e-14 1.0 1.343588280633412e-07 -2.028761815660307e-14 1.0 1.343588280633412e-07 -2.028761815660307e-14 1.0 1.343588280633412e-07 -2.028761815660307e-14 1.0 1.343588280633412e-07 -2.028761815660307e-14 1.0 1.343588280633412e-07 -2.028761815660307e-14 1.0 1.343588280633412e-07 -2.028761815660307e-14 1.0 1.343588280633412e-07 -2.028761815660307e-14 1.0 1.343588280633412e-07 -2.028761815660307e-14 1.0 1.343588280633412e-07 -2.0287619850668966e-14 1.0 1.343588280633412e-07 -2.028761815660307e-14 1.0 1.343588280633412e-07 -2.028761815660307e-14 1.0 1.343588280633412e-07 -2.0287619850668966e-14 1.0 1.343588280633412e-07 -2.028761815660307e-14 1.0 1.343588280633412e-07 -2.028761815660307e-14 1.0 1.343588280633412e-07 -2.028761815660307e-14 1.0 1.343588280633412e-07 -2.028761815660307e-14 1.0 1.343588280633412e-07 -2.028761815660307e-14 1.0 1.343588280633412e-07 -2.028761815660307e-14 1.0 1.343588280633412e-07 0.3826834261417389 1.2413138961164805e-07 0.9238796234130859 0.3826834261417389 1.2413138961164805e-07 0.9238796234130859 0.13052599132061005 1.3320936886884738e-07 0.9914448857307434 0.13052599132061005 1.3320936886884738e-07 0.9914448857307434 2.028761815660307e-14 -1.0 -1.343588280633412e-07 2.028761815660307e-14 -1.0 -1.343588280633412e-07 2.028761815660307e-14 -1.0 -1.343588280633412e-07 2.028761815660307e-14 -1.0 -1.343588280633412e-07 2.028761815660307e-14 -1.0 -1.343588280633412e-07 2.028761815660307e-14 -1.0 -1.343588280633412e-07 2.028761815660307e-14 -1.0 -1.343588280633412e-07 2.028761815660307e-14 -1.0 -1.343588280633412e-07 2.028761815660307e-14 -1.0 -1.343588280633412e-07 2.028761815660307e-14 -1.0 -1.343588280633412e-07 2.028761815660307e-14 -1.0 -1.343588280633412e-07 2.028761815660307e-14 -1.0 -1.343588280633412e-07 2.028761815660307e-14 -1.0 -1.343588280633412e-07 2.028761815660307e-14 -1.0 -1.343588280633412e-07 2.028761815660307e-14 -1.0 -1.343588280633412e-07 2.028761815660307e-14 -1.0 -1.343588280633412e-07 2.028761815660307e-14 -1.0 -1.343588280633412e-07 2.028761815660307e-14 -1.0 -1.343588280633412e-07 2.028761815660307e-14 -1.0 -1.343588280633412e-07 2.028761815660307e-14 -1.0 -1.343588280633412e-07 2.028761815660307e-14 -1.0 -1.343588280633412e-07 2.028761815660307e-14 -1.0 -1.343588280633412e-07</float_array><technique_common><accessor source="#mesh0-normals-array" count="92" stride="3"><param name="X" type="float" /><param name="Y" type="float" /><param name="Z" type="float" /></accessor></technique_common></source><vertices id="mesh0-vertices"><input semantic="POSITION" source="#mesh0-positions" /></vertices><triangles count="92" material="graphite"><input semantic="VERTEX" source="#mesh0-vertices" offset="0" /><input semantic="NORMAL" source="#mesh0-normals" offset="1" /><p>0 0 1 0 3 0 0 1 3 1 2 1 2 2 3 2 5 2 2 3 5 3 4 3 4 4 5 4 7 4 4 5 7 5 6 5 6 6 7 6 9 6 6 7 9 7 8 7 8 8 9 8 11 8 8 9 11 9 10 9 10 10 11 10 13 10 10 11 13 11 12 11 12 12 13 12 15 12 12 13 15 13 14 13 14 14 15 14 17 14 14 15 17 15 16 15 16 16 17 16 19 16 16 17 19 17 18 17 18 18 19 18 21 18 18 19 21 19 20 19 20 20 21 20 23 20 20 21 23 21 22 21 22 22 23 22 25 22 22 23 25 23 24 23 24 24 25 24 27 24 24 25 27 25 26 25 26 26 27 26 29 26 26 27 29 27 28 27 28 28 29 28 31 28 28 29 31 29 30 29 30 30 31 30 33 30 30 31 33 31 32 31 32 32 33 32 35 32 32 33 35 33 34 33 34 34 35 34 37 34 34 35 37 35 36 35 36 36 37 36 39 36 36 37 39 37 38 37 38 38 39 38 41 38 38 39 41 39 40 39 40 40 41 40 43 40 40 41 43 41 42 41 42 42 43 42 45 42 42 43 45 43 44 43 5 44 3 44 1 44 1 45 47 45 45 45 45 46 43 46 41 46 41 47 39 47 37 47 37 48 35 48 33 48 33 49 31 49 29 49 29 50 27 50 25 50 25 51 23 51 21 51 21 52 19 52 17 52 17 53 15 53 13 53 13 54 11 54 9 54 9 55 7 55 5 55 5 56 1 56 45 56 45 57 41 57 37 57 37 58 33 58 29 58 29 59 25 59 21 59 21 60 17 60 13 60 13 61 9 61 5 61 5 62 45 62 37 62 37 63 29 63 21 63 21 64 13 64 5 64 37 65 21 65 5 65 44 66 45 66 47 66 44 67 47 67 46 67 46 68 47 68 1 68 46 69 1 69 0 69 46 70 0 70 2 70 2 71 4 71 6 71 6 72 8 72 10 72 10 73 12 73 14 73 14 74 16 74 18 74 18 75 20 75 22 75 22 76 24 76 26 76 26 77 28 77 30 77 30 78 32 78 34 78 34 79 36 79 38 79 38 80 40 80 42 80 42 81 44 81 46 81 46 82 2 82 6 82 6 83 10 83 14 83 14 84 18 84 22 84 22 85 26 85 30 85 30 86 34 86 38 86 38 87 42 87 46 87 46 88 6 88 14 88 14 89 22 89 30 89 30 90 38 90 46 90 14 91 30 91 46 91</p></triangles></mesh></geometry><geometry id="mesh1"><mesh><source id="mesh1-positions"><float_array id="mesh1-array" count="144">-4.492126226551818e-09 -0.06000000610947609 0.029750004410743713 -4.492126226551818e-09 -0.04800000414252281 0.029750004410743713 -0.007699872832745314 -0.06000000610947609 0.02873629704117775 -0.007699872832745314 -0.04800000414252281 0.0287362951785326 -0.014875007793307304 -0.06000000610947609 0.025764258578419685 -0.014875007793307304 -0.04800000414252281 0.025764256715774536 -0.021036436781287193 -0.06000000610947609 0.021036427468061447 -0.021036436781287193 -0.04800000414252281 0.021036425605416298 -0.025764264166355133 -0.06000000610947609 0.014874999411404133 -0.025764264166355133 -0.04800000041723251 0.014874997548758984 -0.028736302629113197 -0.06000000610947609 0.007699863985180855 -0.028736302629113197 -0.04800000041723251 0.007699862588196993 -0.029750008136034012 -0.06000000238418579 -3.6859728602678388e-09 -0.029750008136034012 -0.04800000041723251 -5.298279592835797e-09 -0.0287362989038229 -0.06000000238418579 -0.007699871435761452 -0.0287362989038229 -0.047999996691942215 -0.007699872832745314 -0.025764260441064835 -0.06000000238418579 -0.01487500499933958 -0.025764260441064835 -0.047999996691942215 -0.01487500686198473 -0.021036429330706596 -0.05999999865889549 -0.021036431193351746 -0.021036429330706596 -0.047999996691942215 -0.021036433055996895 -0.014875000342726707 -0.05999999865889549 -0.025764262303709984 -0.014875000342726707 -0.047999996691942215 -0.025764264166355133 -0.007699864450842142 -0.05999999865889549 -0.02873629704117775 -0.007699864450842142 -0.047999996691942215 -0.0287362989038229 4.492126226551818e-09 -0.05999999865889549 -0.029750004410743713 4.492126226551818e-09 -0.047999996691942215 -0.029750004410743713 0.007699872832745314 -0.05999999865889549 -0.0287362951785326 0.007699872832745314 -0.047999996691942215 -0.02873629704117775 0.014875007793307304 -0.05999999865889549 -0.025764256715774536 0.014875007793307304 -0.047999996691942215 -0.025764258578419685 0.021036436781287193 -0.05999999865889549 -0.021036425605416298 0.021036436781287193 -0.047999996691942215 -0.021036427468061447 0.025764264166355133 -0.06000000238418579 -0.014874997548758984 0.025764264166355133 -0.047999996691942215 -0.014874999411404133 0.028736302629113197 -0.06000000238418579 -0.007699862588196993 0.028736302629113197 -0.047999996691942215 -0.007699863985180855 0.029750008136034012 -0.06000000238418579 5.298279592835797e-09 0.029750008136034012 -0.04800000041723251 3.6859728602678388e-09 0.0287362989038229 -0.06000000610947609 0.007699872832745314 0.0287362989038229 -0.04800000041723251 0.007699871435761452 0.025764260441064835 -0.06000000610947609 0.01487500686198473 0.025764260441064835 -0.04800000041723251 0.01487500499933958 0.021036429330706596 -0.06000000610947609 0.021036433055996895 0.021036429330706596 -0.04800000414252281 0.021036431193351746 0.014875000342726707 -0.06000000610947609 0.025764264166355133 0.014875000342726707 -0.04800000414252281 0.025764262303709984 0.007699864450842142 -0.06000000610947609 0.0287362989038229 0.007699864450842142 -0.04800000414252281 0.02873629704117775</float_array><technique_common><accessor source="#mesh1-array" count="48" stride="3"><param name="X" type="float" /><param name="Y" type="float" /><param name="Z" type="float" /></accessor></technique_common></source><source id="mesh1-normals"><float_array id="mesh1-normals-array" count="276">-0.13052640855312347 1.3320936886884738e-07 0.9914448857307434 -0.13052640855312347 1.3320936886884738e-07 0.9914448857307434 -0.38268348574638367 1.2413137540079333e-07 0.9238796234130859 -0.38268348574638367 1.2413137540079333e-07 0.9238796234130859 -0.6087615489959717 1.0659402960300213e-07 0.7933533191680908 -0.6087615489959717 1.0659402960300213e-07 0.7933533191680908 -0.7933534383773804 8.17924572515949e-08 0.6087613105773926 -0.7933534383773804 8.17924572515949e-08 0.6087613105773926 -0.9238796234130859 5.1416872537402014e-08 0.3826832175254822 -0.9238796234130859 5.1416872537402014e-08 0.3826832175254822 -0.9914448857307434 1.7537338692363846e-08 0.13052614033222198 -0.9914448857307434 1.7537338692363846e-08 0.13052614033222198 -0.9914448857307434 -1.7537377772214313e-08 -0.13052643835544586 -0.9914448857307434 -1.7537377772214313e-08 -0.13052643835544586 -0.9238795042037964 -5.14169080645388e-08 -0.38268351554870605 -0.9238795042037964 -5.14169080645388e-08 -0.38268351554870605 -0.793353259563446 -8.179249988415904e-08 -0.6087616086006165 -0.793353259563446 -8.179249988415904e-08 -0.6087616086006165 -0.6087612509727478 -1.0659404381385684e-07 -0.7933534979820251 -0.6087612509727478 -1.0659404381385684e-07 -0.7933534979820251 -0.3826831877231598 -1.2413140382250276e-07 -0.9238797426223755 -0.3826831877231598 -1.2413140382250276e-07 -0.9238797426223755 -0.1305261105298996 -1.3320936886884738e-07 -0.9914448857307434 -0.1305261105298996 -1.3320936886884738e-07 -0.9914448857307434 0.13052640855312347 -1.3320936886884738e-07 -0.9914448857307434 0.13052640855312347 -1.3320936886884738e-07 -0.9914448857307434 0.38268348574638367 -1.2413137540079333e-07 -0.9238796234130859 0.38268348574638367 -1.2413137540079333e-07 -0.9238796234130859 0.6087615489959717 -1.0659402960300213e-07 -0.7933533191680908 0.6087615489959717 -1.0659402960300213e-07 -0.7933533191680908 0.7933534383773804 -8.17924572515949e-08 -0.6087613105773926 0.7933534383773804 -8.17924572515949e-08 -0.6087613105773926 0.9238796234130859 -5.1416872537402014e-08 -0.3826832175254822 0.9238796234130859 -5.1416872537402014e-08 -0.3826832175254822 0.9914448857307434 -1.7537338692363846e-08 -0.13052614033222198 0.9914448857307434 -1.7537338692363846e-08 -0.13052614033222198 0.9914448857307434 1.7537377772214313e-08 0.13052643835544586 0.9914448857307434 1.7537377772214313e-08 0.13052643835544586 0.9238795042037964 5.14169080645388e-08 0.38268351554870605 0.9238795042037964 5.14169080645388e-08 0.38268351554870605 0.793353259563446 8.179249988415904e-08 0.6087616086006165 0.793353259563446 8.179249988415904e-08 0.6087616086006165 0.6087612509727478 1.0659404381385684e-07 0.7933534979820251 0.6087612509727478 1.0659404381385684e-07 0.7933534979820251 -2.028761815660307e-14 1.0 1.343588280633412e-07 -2.028761815660307e-14 1.0 1.343588280633412e-07 -2.028761815660307e-14 1.0 1.343588280633412e-07 -2.028761815660307e-14 1.0 1.343588280633412e-07 -2.028761815660307e-14 1.0 1.343588280633412e-07 -2.028761815660307e-14 1.0 1.343588280633412e-07 -2.028761815660307e-14 1.0 1.343588280633412e-07 -2.028761815660307e-14 1.0 1.343588280633412e-07 -2.028761815660307e-14 1.0 1.343588280633412e-07 -2.028761815660307e-14 1.0 1.343588280633412e-07 -2.028761815660307e-14 1.0 1.343588280633412e-07 -2.028761815660307e-14 1.0 1.343588280633412e-07 -2.028761815660307e-14 1.0 1.343588280633412e-07 -2.028761815660307e-14 1.0 1.343588280633412e-07 -2.028761815660307e-14 1.0 1.343588280633412e-07 -2.028761815660307e-14 1.0 1.343588280633412e-07 -2.028761815660307e-14 1.0 1.343588280633412e-07 -2.028761815660307e-14 1.0 1.343588280633412e-07 -2.028761815660307e-14 1.0 1.343588280633412e-07 -2.028761815660307e-14 1.0 1.343588280633412e-07 -2.028761815660307e-14 1.0 1.343588280633412e-07 -2.028761815660307e-14 1.0 1.343588280633412e-07 0.3826831877231598 1.2413140382250276e-07 0.9238797426223755 0.3826831877231598 1.2413140382250276e-07 0.9238797426223755 0.1305261105298996 1.3320936886884738e-07 0.9914448857307434 0.1305261105298996 1.3320936886884738e-07 0.9914448857307434 2.028761815660307e-14 -1.0 -1.343588280633412e-07 2.028761815660307e-14 -1.0 -1.343588280633412e-07 2.028761815660307e-14 -1.0 -1.343588280633412e-07 2.028761815660307e-14 -1.0 -1.343588280633412e-07 2.028761815660307e-14 -1.0 -1.343588280633412e-07 2.028761815660307e-14 -1.0 -1.343588280633412e-07 2.028761815660307e-14 -1.0 -1.343588280633412e-07 2.028761815660307e-14 -1.0 -1.343588280633412e-07 2.028761815660307e-14 -1.0 -1.343588280633412e-07 2.028761815660307e-14 -1.0 -1.343588280633412e-07 2.028761815660307e-14 -1.0 -1.343588280633412e-07 2.028761815660307e-14 -1.0 -1.343588280633412e-07 2.0287619850668966e-14 -1.0 -1.343588280633412e-07 2.0287619850668966e-14 -1.0 -1.343588280633412e-07 2.028761815660307e-14 -1.0 -1.343588280633412e-07 2.0287619850668966e-14 -1.0 -1.343588280633412e-07 2.0287619850668966e-14 -1.0 -1.343588280633412e-07 2.028761815660307e-14 -1.0 -1.343588280633412e-07 2.028761815660307e-14 -1.0 -1.343588280633412e-07 2.028761815660307e-14 -1.0 -1.343588280633412e-07 2.028761815660307e-14 -1.0 -1.343588280633412e-07 2.028761815660307e-14 -1.0 -1.343588280633412e-07</float_array><technique_common><accessor source="#mesh1-normals-array" count="92" stride="3"><param name="X" type="float" /><param name="Y" type="float" /><param name="Z" type="float" /></accessor></technique_common></source><vertices id="mesh1-vertices"><input semantic="POSITION" source="#mesh1-positions" /></vertices><triangles count="92" material="ivory"><input semantic="VERTEX" source="#mesh1-vertices" offset="0" /><input semantic="NORMAL" source="#mesh1-normals" offset="1" /><p>0 0 1 0 3 0 0 1 3 1 2 1 2 2 3 2 5 2 2 3 5 3 4 3 4 4 5 4 7 4 4 5 7 5 6 5 6 6 7 6 9 6 6 7 9 7 8 7 8 8 9 8 11 8 8 9 11 9 10 9 10 10 11 10 13 10 10 11 13 11 12 11 12 12 13 12 15 12 12 13 15 13 14 13 14 14 15 14 17 14 14 15 17 15 16 15 16 16 17 16 19 16 16 17 19 17 18 17 18 18 19 18 21 18 18 19 21 19 20 19 20 20 21 20 23 20 20 21 23 21 22 21 22 22 23 22 25 22 22 23 25 23 24 23 24 24 25 24 27 24 24 25 27 25 26 25 26 26 27 26 29 26 26 27 29 27 28 27 28 28 29 28 31 28 28 29 31 29 30 29 30 30 31 30 33 30 30 31 33 31 32 31 32 32 33 32 35 32 32 33 35 33 34 33 34 34 35 34 37 34 34 35 37 35 36 35 36 36 37 36 39 36 36 37 39 37 38 37 38 38 39 38 41 38 38 39 41 39 40 39 40 40 41 40 43 40 40 41 43 41 42 41 42 42 43 42 45 42 42 43 45 43 44 43 5 44 3 44 1 44 1 45 47 45 45 45 45 46 43 46 41 46 41 47 39 47 37 47 37 48 35 48 33 48 33 49 31 49 29 49 29 50 27 50 25 50 25 51 23 51 21 51 21 52 19 52 17 52 17 53 15 53 13 53 13 54 11 54 9 54 9 55 7 55 5 55 5 56 1 56 45 56 45 57 41 57 37 57 37 58 33 58 29 58 29 59 25 59 21 59 21 60 17 60 13 60 13 61 9 61 5 61 5 62 45 62 37 62 37 63 29 63 21 63 21 64 13 64 5 64 37 65 21 65 5 65 44 66 45 66 47 66 44 67 47 67 46 67 46 68 47 68 1 68 46 69 1 69 0 69 46 70 0 70 2 70 2 71 4 71 6 71 6 72 8 72 10 72 10 73 12 73 14 73 14 74 16 74 18 74 18 75 20 75 22 75 22 76 24 76 26 76 26 77 28 77 30 77 30 78 32 78 34 78 34 79 36 79 38 79 38 80 40 80 42 80 42 81 44 81 46 81 46 82 2 82 6 82 6 83 10 83 14 83 14 84 18 84 22 84 22 85 26 85 30 85 30 86 34 86 38 86 38 87 42 87 46 87 46 88 6 88 14 88 14 89 22 89 30 89 30 90 38 90 46 90 14 91 30 91 46 91</p></triangles></mesh></geometry><geometry id="mesh2"><mesh><source id="mesh2-positions"><float_array id="mesh2-array" count="144">-2.3253357017694043e-09 -0.06300000101327896 0.015400002710521221 -2.3253357017694043e-09 -0.04500000178813934 0.015400000847876072 -0.003985816612839699 -0.06300000101327896 0.014875260181725025 -0.003985816612839699 -0.04500000178813934 0.014875257387757301 -0.007700003683567047 -0.06300000101327896 0.013336792588233948 -0.007700003683567047 -0.04500000178813934 0.013336789794266224 -0.010889449156820774 -0.06300000101327896 0.010889445431530476 -0.010889449156820774 -0.04500000178813934 0.010889442637562752 -0.013336794450879097 -0.06300000101327896 0.007699999958276749 -0.013336794450879097 -0.04500000178813934 0.007699997629970312 -0.014875262044370174 -0.06300000101327896 0.0039858128875494 -0.014875262044370174 -0.04500000178813934 0.003985810559242964 -0.015400003641843796 -0.06300000101327896 -1.1161060964326452e-09 -0.015400003641843796 -0.04500000178813934 -3.5345653071061633e-09 -0.014875260181725025 -0.06300000101327896 -0.0039858147501945496 -0.014875260181725025 -0.04500000178813934 -0.003985817078500986 -0.013336792588233948 -0.06300000101327896 -0.007700001820921898 -0.013336792588233948 -0.044999998062849045 -0.007700004149228334 -0.010889445431530476 -0.06300000101327896 -0.010889445431530476 -0.010889445431530476 -0.044999998062849045 -0.0108894482254982 -0.007699999958276749 -0.06300000101327896 -0.013336792588233948 -0.007699999958276749 -0.044999998062849045 -0.013336795382201672 -0.003985811956226826 -0.06300000101327896 -0.014875258319079876 -0.003985811956226826 -0.044999998062849045 -0.0148752611130476 2.3253357017694043e-09 -0.06300000101327896 -0.015400000847876072 2.3253357017694043e-09 -0.044999998062849045 -0.015400002710521221 0.003985816612839699 -0.06300000101327896 -0.014875257387757301 0.003985816612839699 -0.044999998062849045 -0.014875260181725025 0.007700003683567047 -0.06300000101327896 -0.013336789794266224 0.007700003683567047 -0.044999998062849045 -0.013336792588233948 0.010889449156820774 -0.06300000101327896 -0.010889442637562752 0.010889449156820774 -0.044999998062849045 -0.010889445431530476 0.013336794450879097 -0.06300000101327896 -0.007699997629970312 0.013336794450879097 -0.044999998062849045 -0.007699999958276749 0.014875262044370174 -0.06300000101327896 -0.003985810559242964 0.014875262044370174 -0.04500000178813934 -0.0039858128875494 0.015400003641843796 -0.06300000101327896 3.5345653071061633e-09 0.015400003641843796 -0.04500000178813934 1.1161060964326452e-09 0.014875260181725025 -0.06300000101327896 0.003985817078500986 0.014875260181725025 -0.04500000178813934 0.0039858147501945496 0.013336792588233948 -0.06300000101327896 0.007700004149228334 0.013336792588233948 -0.04500000178813934 0.007700001820921898 0.010889445431530476 -0.06300000101327896 0.0108894482254982 0.010889445431530476 -0.04500000178813934 0.010889445431530476 0.007699999958276749 -0.06300000101327896 0.013336795382201672 0.007699999958276749 -0.04500000178813934 0.013336792588233948 0.003985811956226826 -0.06300000101327896 0.0148752611130476 0.003985811956226826 -0.04500000178813934 0.014875258319079876</float_array><technique_common><accessor source="#mesh2-array" count="48" stride="3"><param name="X" type="float" /><param name="Y" type="float" /><param name="Z" type="float" /></accessor></technique_common></source><source id="mesh2-normals"><float_array id="mesh2-normals-array" count="276">-0.1305263787508011 1.3320936886884738e-07 0.9914448261260986 -0.1305263787508011 1.3320936886884738e-07 0.9914448261260986 -0.3826836049556732 1.2413136118993862e-07 0.9238795042037964 -0.3826836049556732 1.2413136118993862e-07 0.9238795042037964 -0.6087614297866821 1.0659402960300213e-07 0.7933533191680908 -0.6087614297866821 1.0659402960300213e-07 0.7933533191680908 -0.7933534979820251 8.179245014616754e-08 0.6087612509727478 -0.7933534979820251 8.179245014616754e-08 0.6087612509727478 -0.9238796234130859 5.141689385368409e-08 0.3826833665370941 -0.9238796234130859 5.141689385368409e-08 0.3826833665370941 -0.9914449453353882 1.7537338692363846e-08 0.1305261254310608 -0.9914449453353882 1.7537338692363846e-08 0.1305261254310608 -0.9914448261260986 -1.7537374219500634e-08 -0.13052640855312347 -0.9914448261260986 -1.7537374219500634e-08 -0.13052640855312347 -0.9238795042037964 -5.1416929380820875e-08 -0.382683664560318 -0.9238795042037964 -5.1416929380820875e-08 -0.382683664560318 -0.7933533191680908 -8.179249277873168e-08 -0.6087615489959717 -0.7933533191680908 -8.179249277873168e-08 -0.6087615489959717 -0.608761191368103 -1.0659405802471156e-07 -0.7933535575866699 -0.608761191368103 -1.0659405802471156e-07 -0.7933535575866699 -0.38268330693244934 -1.2413138961164805e-07 -0.9238796234130859 -0.38268330693244934 -1.2413138961164805e-07 -0.9238796234130859 -0.1305260956287384 -1.332093830797021e-07 -0.9914449453353882 -0.1305260956287384 -1.332093830797021e-07 -0.9914449453353882 0.1305263787508011 -1.3320936886884738e-07 -0.9914448261260986 0.1305263787508011 -1.3320936886884738e-07 -0.9914448261260986 0.3826836049556732 -1.2413136118993862e-07 -0.9238795042037964 0.3826836049556732 -1.2413136118993862e-07 -0.9238795042037964 0.6087614297866821 -1.0659402960300213e-07 -0.7933533191680908 0.6087614297866821 -1.0659402960300213e-07 -0.7933533191680908 0.7933534979820251 -8.179245014616754e-08 -0.6087612509727478 0.7933534979820251 -8.179245014616754e-08 -0.6087612509727478 0.9238796234130859 -5.141689385368409e-08 -0.3826833665370941 0.9238796234130859 -5.141689385368409e-08 -0.3826833665370941 0.9914449453353882 -1.7537338692363846e-08 -0.1305261254310608 0.9914449453353882 -1.7537338692363846e-08 -0.1305261254310608 0.9914448261260986 1.7537374219500634e-08 0.13052640855312347 0.9914448261260986 1.7537374219500634e-08 0.13052640855312347 0.9238795042037964 5.1416929380820875e-08 0.382683664560318 0.9238795042037964 5.1416929380820875e-08 0.382683664560318 0.7933533191680908 8.179249277873168e-08 0.6087615489959717 0.7933533191680908 8.179249277873168e-08 0.6087615489959717 0.608761191368103 1.0659405802471156e-07 0.7933535575866699 0.608761191368103 1.0659405802471156e-07 0.7933535575866699 -2.028761815660307e-14 1.0 1.343588280633412e-07 -2.028761815660307e-14 1.0 1.343588280633412e-07 -2.028761815660307e-14 1.0 1.343588280633412e-07 -2.028761815660307e-14 1.0 1.343588280633412e-07 -2.028761815660307e-14 1.0 1.343588280633412e-07 -2.028761815660307e-14 1.0 1.343588280633412e-07 -2.028761815660307e-14 1.0 1.343588280633412e-07 -2.028761815660307e-14 1.0 1.343588280633412e-07 -2.028761815660307e-14 1.0 1.343588280633412e-07 -2.028761815660307e-14 1.0 1.343588280633412e-07 -2.028761815660307e-14 1.0 1.343588280633412e-07 -2.028761815660307e-14 1.0 1.343588280633412e-07 -2.028761815660307e-14 1.0 1.343588280633412e-07 -2.028761815660307e-14 1.0 1.343588280633412e-07 -2.028761815660307e-14 1.0 1.343588280633412e-07 -2.028761815660307e-14 1.0 1.343588280633412e-07 -2.028761815660307e-14 1.0 1.343588280633412e-07 -2.028761815660307e-14 1.0 1.343588280633412e-07 -2.0287619850668966e-14 1.0 1.343588280633412e-07 -2.0287619850668966e-14 1.0 1.343588280633412e-07 -2.0287619850668966e-14 1.0 1.343588280633412e-07 -2.028761815660307e-14 1.0 1.343588280633412e-07 0.38268330693244934 1.2413138961164805e-07 0.9238796234130859 0.38268330693244934 1.2413138961164805e-07 0.9238796234130859 0.1305260956287384 1.332093830797021e-07 0.9914449453353882 0.1305260956287384 1.332093830797021e-07 0.9914449453353882 2.028761815660307e-14 -1.0 -1.343588280633412e-07 2.028761815660307e-14 -1.0 -1.343588280633412e-07 2.028761815660307e-14 -1.0 -1.343588280633412e-07 2.028761815660307e-14 -1.0 -1.343588280633412e-07 2.028761815660307e-14 -1.0 -1.343588280633412e-07 2.028761815660307e-14 -1.0 -1.343588280633412e-07 2.028761815660307e-14 -1.0 -1.343588280633412e-07 2.028761815660307e-14 -1.0 -1.343588280633412e-07 2.028761815660307e-14 -1.0 -1.343588280633412e-07 2.028761815660307e-14 -1.0 -1.343588280633412e-07 2.028761815660307e-14 -1.0 -1.343588280633412e-07 2.028761815660307e-14 -1.0 -1.343588280633412e-07 2.028761815660307e-14 -1.0 -1.343588280633412e-07 2.028761815660307e-14 -1.0 -1.343588280633412e-07 2.028761815660307e-14 -1.0 -1.343588280633412e-07 2.028761815660307e-14 -1.0 -1.343588280633412e-07 2.028761815660307e-14 -1.0 -1.343588280633412e-07 2.028761815660307e-14 -1.0 -1.343588280633412e-07 2.0287619850668966e-14 -1.0 -1.343588280633412e-07 2.0287619850668966e-14 -1.0 -1.343588280633412e-07 2.0287619850668966e-14 -1.0 -1.343588280633412e-07 2.028761815660307e-14 -1.0 -1.343588280633412e-07</float_array><technique_common><accessor source="#mesh2-normals-array" count="92" stride="3"><param name="X" type="float" /><param name="Y" type="float" /><param name="Z" type="float" /></accessor></technique_common></source><vertices id="mesh2-vertices"><input semantic="POSITION" source="#mesh2-positions" /></vertices><triangles count="92" material="titanium"><input semantic="VERTEX" source="#mesh2-vertices" offset="0" /><input semantic="NORMAL" source="#mesh2-normals" offset="1" /><p>0 0 1 0 3 0 0 1 3 1 2 1 2 2 3 2 5 2 2 3 5 3 4 3 4 4 5 4 7 4 4 5 7 5 6 5 6 6 7 6 9 6 6 7 9 7 8 7 8 8 9 8 11 8 8 9 11 9 10 9 10 10 11 10 13 10 10 11 13 11 12 11 12 12 13 12 15 12 12 13 15 13 14 13 14 14 15 14 17 14 14 15 17 15 16 15 16 16 17 16 19 16 16 17 19 17 18 17 18 18 19 18 21 18 18 19 21 19 20 19 20 20 21 20 23 20 20 21 23 21 22 21 22 22 23 22 25 22 22 23 25 23 24 23 24 24 25 24 27 24 24 25 27 25 26 25 26 26 27 26 29 26 26 27 29 27 28 27 28 28 29 28 31 28 28 29 31 29 30 29 30 30 31 30 33 30 30 31 33 31 32 31 32 32 33 32 35 32 32 33 35 33 34 33 34 34 35 34 37 34 34 35 37 35 36 35 36 36 37 36 39 36 36 37 39 37 38 37 38 38 39 38 41 38 38 39 41 39 40 39 40 40 41 40 43 40 40 41 43 41 42 41 42 42 43 42 45 42 42 43 45 43 44 43 5 44 3 44 1 44 1 45 47 45 45 45 45 46 43 46 41 46 41 47 39 47 37 47 37 48 35 48 33 48 33 49 31 49 29 49 29 50 27 50 25 50 25 51 23 51 21 51 21 52 19 52 17 52 17 53 15 53 13 53 13 54 11 54 9 54 9 55 7 55 5 55 5 56 1 56 45 56 45 57 41 57 37 57 37 58 33 58 29 58 29 59 25 59 21 59 21 60 17 60 13 60 13 61 9 61 5 61 5 62 45 62 37 62 37 63 29 63 21 63 21 64 13 64 5 64 37 65 21 65 5 65 44 66 45 66 47 66 44 67 47 67 46 67 46 68 47 68 1 68 46 69 1 69 0 69 46 70 0 70 2 70 2 71 4 71 6 71 6 72 8 72 10 72 10 73 12 73 14 73 14 74 16 74 18 74 18 75 20 75 22 75 22 76 24 76 26 76 26 77 28 77 30 77 30 78 32 78 34 78 34 79 36 79 38 79 38 80 40 80 42 80 42 81 44 81 46 81 46 82 2 82 6 82 6 83 10 83 14 83 14 84 18 84 22 84 22 85 26 85 30 85 30 86 34 86 38 86 38 87 42 87 46 87 46 88 6 88 14 88 14 89 22 89 30 89 30 90 38 90 46 90 14 91 30 91 46 91</p></triangles></mesh></geometry><geometry id="mesh3"><mesh><source id="mesh3-positions"><float_array id="mesh3-array" count="36">0.02345000021159649 -0.06400000303983688 0.0040000020526349545 0.02345000021159649 -0.04399999976158142 0.003999999258667231 0.019985897466540337 -0.06400000303983688 0.002000001259148121 0.019985897466540337 -0.04399999976158142 0.001999998465180397 0.019985897466540337 -0.06400000303983688 -0.0019999993965029716 0.019985897466540337 -0.04399999976158142 -0.0020000021904706955 0.02345000021159649 -0.06400000303983688 -0.003999999258667231 0.02345000021159649 -0.04399999976158142 -0.0040000020526349545 0.02691410295665264 -0.06400000303983688 -0.001999998465180397 0.02691410295665264 -0.04399999976158142 -0.002000001259148121 0.02691410295665264 -0.06400000303983688 0.0020000021904706955 0.02691410295665264 -0.04399999976158142 0.0019999993965029716</float_array><technique_common><accessor source="#mesh3-array" count="12" stride="3"><param name="X" type="float" /><param name="Y" type="float" /><param name="Z" type="float" /></accessor></technique_common></source><source id="mesh3-normals"><float_array id="mesh3-normals-array" count="60">-0.5000001192092896 1.1635816576927027e-07 0.8660253882408142 -0.5000001192092896 1.1635816576927027e-07 0.8660253882408142 -1.0 -2.028762154473486e-14 -1.5099581673894136e-07 -1.0 -2.028762154473486e-14 -1.5099581673894136e-07 -0.49999988079071045 -1.1635817998012499e-07 -0.8660255074501038 -0.49999988079071045 -1.1635817998012499e-07 -0.8660255074501038 0.5000001192092896 -1.1635816576927027e-07 -0.8660253882408142 0.5000001192092896 -1.1635816576927027e-07 -0.8660253882408142 -2.028761815660307e-14 1.0 1.343588280633412e-07 -2.028761815660307e-14 1.0 1.343588280633412e-07 -2.028761815660307e-14 1.0 1.343588280633412e-07 -2.028761815660307e-14 1.0 1.343588280633412e-07 1.0 2.028762154473486e-14 1.5099581673894136e-07 1.0 2.028762154473486e-14 1.5099581673894136e-07 0.49999988079071045 1.1635817998012499e-07 0.8660255074501038 0.49999988079071045 1.1635817998012499e-07 0.8660255074501038 2.028761815660307e-14 -1.0 -1.343588280633412e-07 2.028761815660307e-14 -1.0 -1.343588280633412e-07 2.028761815660307e-14 -1.0 -1.343588280633412e-07 2.028761815660307e-14 -1.0 -1.343588280633412e-07</float_array><technique_common><accessor source="#mesh3-normals-array" count="20" stride="3"><param name="X" type="float" /><param name="Y" type="float" /><param name="Z" type="float" /></accessor></technique_common></source><vertices id="mesh3-vertices"><input semantic="POSITION" source="#mesh3-positions" /></vertices><triangles count="20" material="graphite"><input semantic="VERTEX" source="#mesh3-vertices" offset="0" /><input semantic="NORMAL" source="#mesh3-normals" offset="1" /><p>0 0 1 0 3 0 0 1 3 1 2 1 2 2 3 2 5 2 2 3 5 3 4 3 4 4 5 4 7 4 4 5 7 5 6 5 6 6 7 6 9 6 6 7 9 7 8 7 5 8 3 8 1 8 1 9 11 9 9 9 9 10 7 10 5 10 1 11 9 11 5 11 8 12 9 12 11 12 8 13 11 13 10 13 10 14 11 14 1 14 10 15 1 15 0 15 10 16 0 16 2 16 2 17 4 17 6 17 6 18 8 18 10 18 2 19 6 19 10 19</p></triangles></mesh></geometry><geometry id="mesh4"><mesh><source id="mesh4-positions"><float_array id="mesh4-array" count="36">0.01172499917447567 -0.06400000303983688 0.024308297783136368 0.01172499917447567 -0.04399999976158142 0.02430829405784607 0.008260897360742092 -0.06400000303983688 0.022308295592665672 0.008260897360742092 -0.04399999976158142 0.022308293730020523 0.008260897360742092 -0.06400000303983688 0.01830829493701458 0.008260897360742092 -0.04399999976158142 0.01830829307436943 0.011725001037120819 -0.06400000303983688 0.016308296471834183 0.011725001037120819 -0.04399999976158142 0.016308292746543884 0.015189102850854397 -0.06400000303983688 0.01830829679965973 0.015189102850854397 -0.04399999976158142 0.01830829493701458 0.015189102850854397 -0.06400000303983688 0.02230829745531082 0.015189102850854397 -0.04399999976158142 0.022308295592665672</float_array><technique_common><accessor source="#mesh4-array" count="12" stride="3"><param name="X" type="float" /><param name="Y" type="float" /><param name="Z" type="float" /></accessor></technique_common></source><source id="mesh4-normals"><float_array id="mesh4-normals-array" count="60">-0.5000001192092896 1.1635816576927027e-07 0.8660253882408142 -0.5000001192092896 1.1635816576927027e-07 0.8660253882408142 -1.0 -2.028762154473486e-14 -1.5099581673894136e-07 -1.0 -2.028762154473486e-14 -1.5099581673894136e-07 -0.49999988079071045 -1.1635817998012499e-07 -0.8660255074501038 -0.49999988079071045 -1.1635817998012499e-07 -0.8660255074501038 0.5000001192092896 -1.1635816576927027e-07 -0.8660253882408142 0.5000001192092896 -1.1635816576927027e-07 -0.8660253882408142 -2.028761815660307e-14 1.0 1.343588280633412e-07 -2.028761815660307e-14 1.0 1.343588280633412e-07 -2.028761815660307e-14 1.0 1.343588280633412e-07 -2.028761815660307e-14 1.0 1.343588280633412e-07 1.0 2.028762154473486e-14 1.5099581673894136e-07 1.0 2.028762154473486e-14 1.5099581673894136e-07 0.49999988079071045 1.1635817998012499e-07 0.8660255074501038 0.49999988079071045 1.1635817998012499e-07 0.8660255074501038 2.028761815660307e-14 -1.0 -1.343588280633412e-07 2.028761815660307e-14 -1.0 -1.343588280633412e-07 2.028761815660307e-14 -1.0 -1.343588280633412e-07 2.028761815660307e-14 -1.0 -1.343588280633412e-07</float_array><technique_common><accessor source="#mesh4-normals-array" count="20" stride="3"><param name="X" type="float" /><param name="Y" type="float" /><param name="Z" type="float" /></accessor></technique_common></source><vertices id="mesh4-vertices"><input semantic="POSITION" source="#mesh4-positions" /></vertices><triangles count="20" material="graphite"><input semantic="VERTEX" source="#mesh4-vertices" offset="0" /><input semantic="NORMAL" source="#mesh4-normals" offset="1" /><p>0 0 1 0 3 0 0 1 3 1 2 1 2 2 3 2 5 2 2 3 5 3 4 3 4 4 5 4 7 4 4 5 7 5 6 5 6 6 7 6 9 6 6 7 9 7 8 7 5 8 3 8 1 8 1 9 11 9 9 9 9 10 7 10 5 10 1 11 9 11 5 11 8 12 9 12 11 12 8 13 11 13 10 13 10 14 11 14 1 14 10 15 1 15 0 15 10 16 0 16 2 16 2 17 4 17 6 17 6 18 8 18 10 18 2 19 6 19 10 19</p></triangles></mesh></geometry><geometry id="mesh5"><mesh><source id="mesh5-positions"><float_array id="mesh5-array" count="36">-0.011725001037120819 -0.06400000303983688 0.024308297783136368 -0.011725001037120819 -0.04399999976158142 0.02430829405784607 -0.015189102850854397 -0.06400000303983688 0.022308295592665672 -0.015189102850854397 -0.04399999976158142 0.022308293730020523 -0.015189102850854397 -0.06400000303983688 0.01830829493701458 -0.015189102850854397 -0.04399999976158142 0.01830829307436943 -0.01172499917447567 -0.06400000303983688 0.016308296471834183 -0.01172499917447567 -0.04399999976158142 0.016308292746543884 -0.008260897360742092 -0.06400000303983688 0.01830829679965973 -0.008260897360742092 -0.04399999976158142 0.01830829493701458 -0.008260897360742092 -0.06400000303983688 0.02230829745531082 -0.008260897360742092 -0.04399999976158142 0.022308295592665672</float_array><technique_common><accessor source="#mesh5-array" count="12" stride="3"><param name="X" type="float" /><param name="Y" type="float" /><param name="Z" type="float" /></accessor></technique_common></source><source id="mesh5-normals"><float_array id="mesh5-normals-array" count="60">-0.5000001192092896 1.1635816576927027e-07 0.8660253882408142 -0.5000001192092896 1.1635816576927027e-07 0.8660253882408142 -1.0 -2.028762154473486e-14 -1.5099581673894136e-07 -1.0 -2.028762154473486e-14 -1.5099581673894136e-07 -0.49999988079071045 -1.1635817998012499e-07 -0.8660255074501038 -0.49999988079071045 -1.1635817998012499e-07 -0.8660255074501038 0.5000001192092896 -1.1635816576927027e-07 -0.8660253882408142 0.5000001192092896 -1.1635816576927027e-07 -0.8660253882408142 -2.028761815660307e-14 1.0 1.343588280633412e-07 -2.028761815660307e-14 1.0 1.343588280633412e-07 -2.028761815660307e-14 1.0 1.343588280633412e-07 -2.028761815660307e-14 1.0 1.343588280633412e-07 1.0 2.028762154473486e-14 1.5099581673894136e-07 1.0 2.028762154473486e-14 1.5099581673894136e-07 0.49999988079071045 1.1635817998012499e-07 0.8660255074501038 0.49999988079071045 1.1635817998012499e-07 0.8660255074501038 2.028761815660307e-14 -1.0 -1.343588280633412e-07 2.028761815660307e-14 -1.0 -1.343588280633412e-07 2.028761815660307e-14 -1.0 -1.343588280633412e-07 2.028761815660307e-14 -1.0 -1.343588280633412e-07</float_array><technique_common><accessor source="#mesh5-normals-array" count="20" stride="3"><param name="X" type="float" /><param name="Y" type="float" /><param name="Z" type="float" /></accessor></technique_common></source><vertices id="mesh5-vertices"><input semantic="POSITION" source="#mesh5-positions" /></vertices><triangles count="20" material="graphite"><input semantic="VERTEX" source="#mesh5-vertices" offset="0" /><input semantic="NORMAL" source="#mesh5-normals" offset="1" /><p>0 0 1 0 3 0 0 1 3 1 2 1 2 2 3 2 5 2 2 3 5 3 4 3 4 4 5 4 7 4 4 5 7 5 6 5 6 6 7 6 9 6 6 7 9 7 8 7 5 8 3 8 1 8 1 9 11 9 9 9 9 10 7 10 5 10 1 11 9 11 5 11 8 12 9 12 11 12 8 13 11 13 10 13 10 14 11 14 1 14 10 15 1 15 0 15 10 16 0 16 2 16 2 17 4 17 6 17 6 18 8 18 10 18 2 19 6 19 10 19</p></triangles></mesh></geometry><geometry id="mesh6"><mesh><source id="mesh6-positions"><float_array id="mesh6-array" count="36">-0.02345000021159649 -0.06400000303983688 0.0040000020526349545 -0.02345000021159649 -0.04399999976158142 0.003999999258667231 -0.02691410295665264 -0.06400000303983688 0.002000001259148121 -0.02691410295665264 -0.04399999976158142 0.001999998465180397 -0.02691410295665264 -0.06400000303983688 -0.0019999993965029716 -0.02691410295665264 -0.04399999976158142 -0.0020000021904706955 -0.02345000021159649 -0.06400000303983688 -0.003999999258667231 -0.02345000021159649 -0.04399999976158142 -0.0040000020526349545 -0.019985897466540337 -0.06400000303983688 -0.001999998465180397 -0.019985897466540337 -0.04399999976158142 -0.002000001259148121 -0.019985897466540337 -0.06400000303983688 0.0020000021904706955 -0.019985897466540337 -0.04399999976158142 0.0019999993965029716</float_array><technique_common><accessor source="#mesh6-array" count="12" stride="3"><param name="X" type="float" /><param name="Y" type="float" /><param name="Z" type="float" /></accessor></technique_common></source><source id="mesh6-normals"><float_array id="mesh6-normals-array" count="60">-0.5000001192092896 1.1635816576927027e-07 0.8660253882408142 -0.5000001192092896 1.1635816576927027e-07 0.8660253882408142 -1.0 -2.028762154473486e-14 -1.5099581673894136e-07 -1.0 -2.028762154473486e-14 -1.5099581673894136e-07 -0.49999988079071045 -1.1635817998012499e-07 -0.8660255074501038 -0.49999988079071045 -1.1635817998012499e-07 -0.8660255074501038 0.5000001192092896 -1.1635816576927027e-07 -0.8660253882408142 0.5000001192092896 -1.1635816576927027e-07 -0.8660253882408142 -2.028761815660307e-14 1.0 1.343588280633412e-07 -2.028761815660307e-14 1.0 1.343588280633412e-07 -2.028761815660307e-14 1.0 1.343588280633412e-07 -2.028761815660307e-14 1.0 1.343588280633412e-07 1.0 2.028762154473486e-14 1.5099581673894136e-07 1.0 2.028762154473486e-14 1.5099581673894136e-07 0.49999988079071045 1.1635817998012499e-07 0.8660255074501038 0.49999988079071045 1.1635817998012499e-07 0.8660255074501038 2.028761815660307e-14 -1.0 -1.343588280633412e-07 2.028761815660307e-14 -1.0 -1.343588280633412e-07 2.028761815660307e-14 -1.0 -1.343588280633412e-07 2.028761815660307e-14 -1.0 -1.343588280633412e-07</float_array><technique_common><accessor source="#mesh6-normals-array" count="20" stride="3"><param name="X" type="float" /><param name="Y" type="float" /><param name="Z" type="float" /></accessor></technique_common></source><vertices id="mesh6-vertices"><input semantic="POSITION" source="#mesh6-positions" /></vertices><triangles count="20" material="graphite"><input semantic="VERTEX" source="#mesh6-vertices" offset="0" /><input semantic="NORMAL" source="#mesh6-normals" offset="1" /><p>0 0 1 0 3 0 0 1 3 1 2 1 2 2 3 2 5 2 2 3 5 3 4 3 4 4 5 4 7 4 4 5 7 5 6 5 6 6 7 6 9 6 6 7 9 7 8 7 5 8 3 8 1 8 1 9 11 9 9 9 9 10 7 10 5 10 1 11 9 11 5 11 8 12 9 12 11 12 8 13 11 13 10 13 10 14 11 14 1 14 10 15 1 15 0 15 10 16 0 16 2 16 2 17 4 17 6 17 6 18 8 18 10 18 2 19 6 19 10 19</p></triangles></mesh></geometry><geometry id="mesh7"><mesh><source id="mesh7-positions"><float_array id="mesh7-array" count="36">-0.011725001037120819 -0.06400000303983688 -0.016308292746543884 -0.011725001037120819 -0.04399999976158142 -0.016308296471834183 -0.015189102850854397 -0.06400000303983688 -0.01830829493701458 -0.015189102850854397 -0.04399999976158142 -0.01830829679965973 -0.015189102850854397 -0.06400000303983688 -0.022308295592665672 -0.015189102850854397 -0.04399999976158142 -0.02230829745531082 -0.01172499917447567 -0.06400000303983688 -0.02430829405784607 -0.01172499917447567 -0.04399999976158142 -0.024308297783136368 -0.008260897360742092 -0.06400000303983688 -0.022308293730020523 -0.008260897360742092 -0.04399999976158142 -0.022308295592665672 -0.008260897360742092 -0.06400000303983688 -0.01830829307436943 -0.008260897360742092 -0.04399999976158142 -0.01830829493701458</float_array><technique_common><accessor source="#mesh7-array" count="12" stride="3"><param name="X" type="float" /><param name="Y" type="float" /><param name="Z" type="float" /></accessor></technique_common></source><source id="mesh7-normals"><float_array id="mesh7-normals-array" count="60">-0.5000001192092896 1.1635816576927027e-07 0.8660253882408142 -0.5000001192092896 1.1635816576927027e-07 0.8660253882408142 -1.0 -2.028762154473486e-14 -1.5099581673894136e-07 -1.0 -2.028762154473486e-14 -1.5099581673894136e-07 -0.49999988079071045 -1.1635817998012499e-07 -0.8660255074501038 -0.49999988079071045 -1.1635817998012499e-07 -0.8660255074501038 0.5000001192092896 -1.1635816576927027e-07 -0.8660253882408142 0.5000001192092896 -1.1635816576927027e-07 -0.8660253882408142 -2.028761815660307e-14 1.0 1.343588280633412e-07 -2.028761815660307e-14 1.0 1.343588280633412e-07 -2.028761815660307e-14 1.0 1.343588280633412e-07 -2.028761815660307e-14 1.0 1.343588280633412e-07 1.0 2.028762154473486e-14 1.5099581673894136e-07 1.0 2.028762154473486e-14 1.5099581673894136e-07 0.49999988079071045 1.1635817998012499e-07 0.8660255074501038 0.49999988079071045 1.1635817998012499e-07 0.8660255074501038 2.028761815660307e-14 -1.0 -1.343588280633412e-07 2.028761815660307e-14 -1.0 -1.343588280633412e-07 2.028761815660307e-14 -1.0 -1.343588280633412e-07 2.028761815660307e-14 -1.0 -1.343588280633412e-07</float_array><technique_common><accessor source="#mesh7-normals-array" count="20" stride="3"><param name="X" type="float" /><param name="Y" type="float" /><param name="Z" type="float" /></accessor></technique_common></source><vertices id="mesh7-vertices"><input semantic="POSITION" source="#mesh7-positions" /></vertices><triangles count="20" material="graphite"><input semantic="VERTEX" source="#mesh7-vertices" offset="0" /><input semantic="NORMAL" source="#mesh7-normals" offset="1" /><p>0 0 1 0 3 0 0 1 3 1 2 1 2 2 3 2 5 2 2 3 5 3 4 3 4 4 5 4 7 4 4 5 7 5 6 5 6 6 7 6 9 6 6 7 9 7 8 7 5 8 3 8 1 8 1 9 11 9 9 9 9 10 7 10 5 10 1 11 9 11 5 11 8 12 9 12 11 12 8 13 11 13 10 13 10 14 11 14 1 14 10 15 1 15 0 15 10 16 0 16 2 16 2 17 4 17 6 17 6 18 8 18 10 18 2 19 6 19 10 19</p></triangles></mesh></geometry><geometry id="mesh8"><mesh><source id="mesh8-positions"><float_array id="mesh8-array" count="36">0.01172499917447567 -0.06400000303983688 -0.016308292746543884 0.01172499917447567 -0.04399999976158142 -0.016308296471834183 0.008260897360742092 -0.06400000303983688 -0.01830829493701458 0.008260897360742092 -0.04399999976158142 -0.01830829679965973 0.008260897360742092 -0.06400000303983688 -0.022308295592665672 0.008260897360742092 -0.04399999976158142 -0.02230829745531082 0.011725001037120819 -0.06400000303983688 -0.02430829405784607 0.011725001037120819 -0.04399999976158142 -0.024308297783136368 0.015189102850854397 -0.06400000303983688 -0.022308293730020523 0.015189102850854397 -0.04399999976158142 -0.022308295592665672 0.015189102850854397 -0.06400000303983688 -0.01830829307436943 0.015189102850854397 -0.04399999976158142 -0.01830829493701458</float_array><technique_common><accessor source="#mesh8-array" count="12" stride="3"><param name="X" type="float" /><param name="Y" type="float" /><param name="Z" type="float" /></accessor></technique_common></source><source id="mesh8-normals"><float_array id="mesh8-normals-array" count="60">-0.5000001192092896 1.1635816576927027e-07 0.8660253882408142 -0.5000001192092896 1.1635816576927027e-07 0.8660253882408142 -1.0 -2.028762154473486e-14 -1.5099581673894136e-07 -1.0 -2.028762154473486e-14 -1.5099581673894136e-07 -0.49999988079071045 -1.1635817998012499e-07 -0.8660255074501038 -0.49999988079071045 -1.1635817998012499e-07 -0.8660255074501038 0.5000001192092896 -1.1635816576927027e-07 -0.8660253882408142 0.5000001192092896 -1.1635816576927027e-07 -0.8660253882408142 -2.028761815660307e-14 1.0 1.343588280633412e-07 -2.028761815660307e-14 1.0 1.343588280633412e-07 -2.028761815660307e-14 1.0 1.343588280633412e-07 -2.028761815660307e-14 1.0 1.343588280633412e-07 1.0 2.028762154473486e-14 1.5099581673894136e-07 1.0 2.028762154473486e-14 1.5099581673894136e-07 0.49999988079071045 1.1635817998012499e-07 0.8660255074501038 0.49999988079071045 1.1635817998012499e-07 0.8660255074501038 2.028761815660307e-14 -1.0 -1.343588280633412e-07 2.028761815660307e-14 -1.0 -1.343588280633412e-07 2.028761815660307e-14 -1.0 -1.343588280633412e-07 2.028761815660307e-14 -1.0 -1.343588280633412e-07</float_array><technique_common><accessor source="#mesh8-normals-array" count="20" stride="3"><param name="X" type="float" /><param name="Y" type="float" /><param name="Z" type="float" /></accessor></technique_common></source><vertices id="mesh8-vertices"><input semantic="POSITION" source="#mesh8-positions" /></vertices><triangles count="20" material="graphite"><input semantic="VERTEX" source="#mesh8-vertices" offset="0" /><input semantic="NORMAL" source="#mesh8-normals" offset="1" /><p>0 0 1 0 3 0 0 1 3 1 2 1 2 2 3 2 5 2 2 3 5 3 4 3 4 4 5 4 7 4 4 5 7 5 6 5 6 6 7 6 9 6 6 7 9 7 8 7 5 8 3 8 1 8 1 9 11 9 9 9 9 10 7 10 5 10 1 11 9 11 5 11 8 12 9 12 11 12 8 13 11 13 10 13 10 14 11 14 1 14 10 15 1 15 0 15 10 16 0 16 2 16 2 17 4 17 6 17 6 18 8 18 10 18 2 19 6 19 10 19</p></triangles></mesh></geometry><geometry id="mesh9"><mesh><source id="mesh9-positions"><float_array id="mesh9-array" count="144">-4.492126226551818e-09 0.047999996691942215 0.029750004410743713 -4.492126226551818e-09 0.05999999865889549 0.029750004410743713 -0.007699872832745314 0.047999996691942215 0.02873629704117775 -0.007699872832745314 0.05999999865889549 0.0287362951785326 -0.014875007793307304 0.047999996691942215 0.025764258578419685 -0.014875007793307304 0.05999999865889549 0.025764256715774536 -0.021036436781287193 0.047999996691942215 0.021036427468061447 -0.021036436781287193 0.05999999865889549 0.021036425605416298 -0.025764264166355133 0.047999996691942215 0.014874999411404133 -0.025764264166355133 0.06000000238418579 0.014874997548758984 -0.028736302629113197 0.047999996691942215 0.007699863985180855 -0.028736302629113197 0.06000000238418579 0.007699862588196993 -0.029750008136034012 0.04800000041723251 -3.6859728602678388e-09 -0.029750008136034012 0.06000000238418579 -5.298279592835797e-09 -0.0287362989038229 0.04800000041723251 -0.007699871435761452 -0.0287362989038229 0.06000000610947609 -0.007699872832745314 -0.025764260441064835 0.04800000041723251 -0.01487500499933958 -0.025764260441064835 0.06000000610947609 -0.01487500686198473 -0.021036429330706596 0.04800000414252281 -0.021036431193351746 -0.021036429330706596 0.06000000610947609 -0.021036433055996895 -0.014875000342726707 0.04800000414252281 -0.025764262303709984 -0.014875000342726707 0.06000000610947609 -0.025764264166355133 -0.007699864450842142 0.04800000414252281 -0.02873629704117775 -0.007699864450842142 0.06000000610947609 -0.0287362989038229 4.492126226551818e-09 0.04800000414252281 -0.029750004410743713 4.492126226551818e-09 0.06000000610947609 -0.029750004410743713 0.007699872832745314 0.04800000414252281 -0.0287362951785326 0.007699872832745314 0.06000000610947609 -0.02873629704117775 0.014875007793307304 0.04800000414252281 -0.025764256715774536 0.014875007793307304 0.06000000610947609 -0.025764258578419685 0.021036436781287193 0.04800000414252281 -0.021036425605416298 0.021036436781287193 0.06000000610947609 -0.021036427468061447 0.025764264166355133 0.04800000041723251 -0.014874997548758984 0.025764264166355133 0.06000000610947609 -0.014874999411404133 0.028736302629113197 0.04800000041723251 -0.007699862588196993 0.028736302629113197 0.06000000610947609 -0.007699863985180855 0.029750008136034012 0.04800000041723251 5.298279592835797e-09 0.029750008136034012 0.06000000238418579 3.6859728602678388e-09 0.0287362989038229 0.047999996691942215 0.007699872832745314 0.0287362989038229 0.06000000238418579 0.007699871435761452 0.025764260441064835 0.047999996691942215 0.01487500686198473 0.025764260441064835 0.06000000238418579 0.01487500499933958 0.021036429330706596 0.047999996691942215 0.021036433055996895 0.021036429330706596 0.05999999865889549 0.021036431193351746 0.014875000342726707 0.047999996691942215 0.025764264166355133 0.014875000342726707 0.05999999865889549 0.025764262303709984 0.007699864450842142 0.047999996691942215 0.0287362989038229 0.007699864450842142 0.05999999865889549 0.02873629704117775</float_array><technique_common><accessor source="#mesh9-array" count="48" stride="3"><param name="X" type="float" /><param name="Y" type="float" /><param name="Z" type="float" /></accessor></technique_common></source><source id="mesh9-normals"><float_array id="mesh9-normals-array" count="276">-0.13052640855312347 1.3320936886884738e-07 0.9914448857307434 -0.13052640855312347 1.3320936886884738e-07 0.9914448857307434 -0.38268348574638367 1.2413137540079333e-07 0.9238796234130859 -0.38268348574638367 1.2413137540079333e-07 0.9238796234130859 -0.6087615489959717 1.0659402960300213e-07 0.7933533191680908 -0.6087615489959717 1.0659402960300213e-07 0.7933533191680908 -0.7933534383773804 8.17924572515949e-08 0.6087613105773926 -0.7933534383773804 8.17924572515949e-08 0.6087613105773926 -0.9238796234130859 5.1416872537402014e-08 0.3826832175254822 -0.9238796234130859 5.1416872537402014e-08 0.3826832175254822 -0.9914448857307434 1.7537338692363846e-08 0.13052614033222198 -0.9914448857307434 1.7537338692363846e-08 0.13052614033222198 -0.9914448857307434 -1.7537377772214313e-08 -0.13052643835544586 -0.9914448857307434 -1.7537377772214313e-08 -0.13052643835544586 -0.9238795042037964 -5.14169080645388e-08 -0.38268351554870605 -0.9238795042037964 -5.14169080645388e-08 -0.38268351554870605 -0.793353259563446 -8.179249988415904e-08 -0.6087616086006165 -0.793353259563446 -8.179249988415904e-08 -0.6087616086006165 -0.6087612509727478 -1.0659404381385684e-07 -0.7933534979820251 -0.6087612509727478 -1.0659404381385684e-07 -0.7933534979820251 -0.3826831877231598 -1.2413140382250276e-07 -0.9238797426223755 -0.3826831877231598 -1.2413140382250276e-07 -0.9238797426223755 -0.1305261105298996 -1.3320936886884738e-07 -0.9914448857307434 -0.1305261105298996 -1.3320936886884738e-07 -0.9914448857307434 0.13052640855312347 -1.3320936886884738e-07 -0.9914448857307434 0.13052640855312347 -1.3320936886884738e-07 -0.9914448857307434 0.38268348574638367 -1.2413137540079333e-07 -0.9238796234130859 0.38268348574638367 -1.2413137540079333e-07 -0.9238796234130859 0.6087615489959717 -1.0659402960300213e-07 -0.7933533191680908 0.6087615489959717 -1.0659402960300213e-07 -0.7933533191680908 0.7933534383773804 -8.17924572515949e-08 -0.6087613105773926 0.7933534383773804 -8.17924572515949e-08 -0.6087613105773926 0.9238796234130859 -5.1416872537402014e-08 -0.3826832175254822 0.9238796234130859 -5.1416872537402014e-08 -0.3826832175254822 0.9914448857307434 -1.7537338692363846e-08 -0.13052614033222198 0.9914448857307434 -1.7537338692363846e-08 -0.13052614033222198 0.9914448857307434 1.7537377772214313e-08 0.13052643835544586 0.9914448857307434 1.7537377772214313e-08 0.13052643835544586 0.9238795042037964 5.14169080645388e-08 0.38268351554870605 0.9238795042037964 5.14169080645388e-08 0.38268351554870605 0.793353259563446 8.179249988415904e-08 0.6087616086006165 0.793353259563446 8.179249988415904e-08 0.6087616086006165 0.6087612509727478 1.0659404381385684e-07 0.7933534979820251 0.6087612509727478 1.0659404381385684e-07 0.7933534979820251 -2.028761815660307e-14 1.0 1.343588280633412e-07 -2.028761815660307e-14 1.0 1.343588280633412e-07 -2.028761815660307e-14 1.0 1.343588280633412e-07 -2.028761815660307e-14 1.0 1.343588280633412e-07 -2.028761815660307e-14 1.0 1.343588280633412e-07 -2.028761815660307e-14 1.0 1.343588280633412e-07 -2.028761815660307e-14 1.0 1.343588280633412e-07 -2.028761815660307e-14 1.0 1.343588280633412e-07 -2.028761815660307e-14 1.0 1.343588280633412e-07 -2.028761815660307e-14 1.0 1.343588280633412e-07 -2.028761815660307e-14 1.0 1.343588280633412e-07 -2.028761815660307e-14 1.0 1.343588280633412e-07 -2.028761815660307e-14 1.0 1.343588280633412e-07 -2.028761815660307e-14 1.0 1.343588280633412e-07 -2.028761815660307e-14 1.0 1.343588280633412e-07 -2.028761815660307e-14 1.0 1.343588280633412e-07 -2.028761815660307e-14 1.0 1.343588280633412e-07 -2.028761815660307e-14 1.0 1.343588280633412e-07 -2.028761815660307e-14 1.0 1.343588280633412e-07 -2.028761815660307e-14 1.0 1.343588280633412e-07 -2.028761815660307e-14 1.0 1.343588280633412e-07 -2.028761815660307e-14 1.0 1.343588280633412e-07 0.3826831877231598 1.2413140382250276e-07 0.9238797426223755 0.3826831877231598 1.2413140382250276e-07 0.9238797426223755 0.1305261105298996 1.3320936886884738e-07 0.9914448857307434 0.1305261105298996 1.3320936886884738e-07 0.9914448857307434 2.028761815660307e-14 -1.0 -1.343588280633412e-07 2.028761815660307e-14 -1.0 -1.343588280633412e-07 2.028761815660307e-14 -1.0 -1.343588280633412e-07 2.028761815660307e-14 -1.0 -1.343588280633412e-07 2.028761815660307e-14 -1.0 -1.343588280633412e-07 2.028761815660307e-14 -1.0 -1.343588280633412e-07 2.028761815660307e-14 -1.0 -1.343588280633412e-07 2.028761815660307e-14 -1.0 -1.343588280633412e-07 2.028761815660307e-14 -1.0 -1.343588280633412e-07 2.028761815660307e-14 -1.0 -1.343588280633412e-07 2.028761815660307e-14 -1.0 -1.343588280633412e-07 2.028761815660307e-14 -1.0 -1.343588280633412e-07 2.0287619850668966e-14 -1.0 -1.343588280633412e-07 2.0287619850668966e-14 -1.0 -1.343588280633412e-07 2.028761815660307e-14 -1.0 -1.343588280633412e-07 2.0287619850668966e-14 -1.0 -1.343588280633412e-07 2.0287619850668966e-14 -1.0 -1.343588280633412e-07 2.028761815660307e-14 -1.0 -1.343588280633412e-07 2.028761815660307e-14 -1.0 -1.343588280633412e-07 2.028761815660307e-14 -1.0 -1.343588280633412e-07 2.028761815660307e-14 -1.0 -1.343588280633412e-07 2.028761815660307e-14 -1.0 -1.343588280633412e-07</float_array><technique_common><accessor source="#mesh9-normals-array" count="92" stride="3"><param name="X" type="float" /><param name="Y" type="float" /><param name="Z" type="float" /></accessor></technique_common></source><vertices id="mesh9-vertices"><input semantic="POSITION" source="#mesh9-positions" /></vertices><triangles count="92" material="ivory"><input semantic="VERTEX" source="#mesh9-vertices" offset="0" /><input semantic="NORMAL" source="#mesh9-normals" offset="1" /><p>0 0 1 0 3 0 0 1 3 1 2 1 2 2 3 2 5 2 2 3 5 3 4 3 4 4 5 4 7 4 4 5 7 5 6 5 6 6 7 6 9 6 6 7 9 7 8 7 8 8 9 8 11 8 8 9 11 9 10 9 10 10 11 10 13 10 10 11 13 11 12 11 12 12 13 12 15 12 12 13 15 13 14 13 14 14 15 14 17 14 14 15 17 15 16 15 16 16 17 16 19 16 16 17 19 17 18 17 18 18 19 18 21 18 18 19 21 19 20 19 20 20 21 20 23 20 20 21 23 21 22 21 22 22 23 22 25 22 22 23 25 23 24 23 24 24 25 24 27 24 24 25 27 25 26 25 26 26 27 26 29 26 26 27 29 27 28 27 28 28 29 28 31 28 28 29 31 29 30 29 30 30 31 30 33 30 30 31 33 31 32 31 32 32 33 32 35 32 32 33 35 33 34 33 34 34 35 34 37 34 34 35 37 35 36 35 36 36 37 36 39 36 36 37 39 37 38 37 38 38 39 38 41 38 38 39 41 39 40 39 40 40 41 40 43 40 40 41 43 41 42 41 42 42 43 42 45 42 42 43 45 43 44 43 5 44 3 44 1 44 1 45 47 45 45 45 45 46 43 46 41 46 41 47 39 47 37 47 37 48 35 48 33 48 33 49 31 49 29 49 29 50 27 50 25 50 25 51 23 51 21 51 21 52 19 52 17 52 17 53 15 53 13 53 13 54 11 54 9 54 9 55 7 55 5 55 5 56 1 56 45 56 45 57 41 57 37 57 37 58 33 58 29 58 29 59 25 59 21 59 21 60 17 60 13 60 13 61 9 61 5 61 5 62 45 62 37 62 37 63 29 63 21 63 21 64 13 64 5 64 37 65 21 65 5 65 44 66 45 66 47 66 44 67 47 67 46 67 46 68 47 68 1 68 46 69 1 69 0 69 46 70 0 70 2 70 2 71 4 71 6 71 6 72 8 72 10 72 10 73 12 73 14 73 14 74 16 74 18 74 18 75 20 75 22 75 22 76 24 76 26 76 26 77 28 77 30 77 30 78 32 78 34 78 34 79 36 79 38 79 38 80 40 80 42 80 42 81 44 81 46 81 46 82 2 82 6 82 6 83 10 83 14 83 14 84 18 84 22 84 22 85 26 85 30 85 30 86 34 86 38 86 38 87 42 87 46 87 46 88 6 88 14 88 14 89 22 89 30 89 30 90 38 90 46 90 14 91 30 91 46 91</p></triangles></mesh></geometry><geometry id="mesh10"><mesh><source id="mesh10-positions"><float_array id="mesh10-array" count="144">-2.3253357017694043e-09 0.044999998062849045 0.015400002710521221 -2.3253357017694043e-09 0.06300000101327896 0.015400000847876072 -0.003985816612839699 0.044999998062849045 0.014875260181725025 -0.003985816612839699 0.06300000101327896 0.014875257387757301 -0.007700003683567047 0.044999998062849045 0.013336792588233948 -0.007700003683567047 0.06300000101327896 0.013336789794266224 -0.010889449156820774 0.044999998062849045 0.010889445431530476 -0.010889449156820774 0.06300000101327896 0.010889442637562752 -0.013336794450879097 0.044999998062849045 0.007699999958276749 -0.013336794450879097 0.06300000101327896 0.007699997629970312 -0.014875262044370174 0.04500000178813934 0.0039858128875494 -0.014875262044370174 0.06300000101327896 0.003985810559242964 -0.015400003641843796 0.04500000178813934 -1.1161060964326452e-09 -0.015400003641843796 0.06300000101327896 -3.5345653071061633e-09 -0.014875260181725025 0.04500000178813934 -0.0039858147501945496 -0.014875260181725025 0.06300000101327896 -0.003985817078500986 -0.013336792588233948 0.04500000178813934 -0.007700001820921898 -0.013336792588233948 0.06300000101327896 -0.007700004149228334 -0.010889445431530476 0.04500000178813934 -0.010889445431530476 -0.010889445431530476 0.06300000101327896 -0.0108894482254982 -0.007699999958276749 0.04500000178813934 -0.013336792588233948 -0.007699999958276749 0.06300000101327896 -0.013336795382201672 -0.003985811956226826 0.04500000178813934 -0.014875258319079876 -0.003985811956226826 0.06300000101327896 -0.0148752611130476 2.3253357017694043e-09 0.04500000178813934 -0.015400000847876072 2.3253357017694043e-09 0.06300000101327896 -0.015400002710521221 0.003985816612839699 0.04500000178813934 -0.014875257387757301 0.003985816612839699 0.06300000101327896 -0.014875260181725025 0.007700003683567047 0.04500000178813934 -0.013336789794266224 0.007700003683567047 0.06300000101327896 -0.013336792588233948 0.010889449156820774 0.04500000178813934 -0.010889442637562752 0.010889449156820774 0.06300000101327896 -0.010889445431530476 0.013336794450879097 0.04500000178813934 -0.007699997629970312 0.013336794450879097 0.06300000101327896 -0.007699999958276749 0.014875262044370174 0.04500000178813934 -0.003985810559242964 0.014875262044370174 0.06300000101327896 -0.0039858128875494 0.015400003641843796 0.04500000178813934 3.5345653071061633e-09 0.015400003641843796 0.06300000101327896 1.1161060964326452e-09 0.014875260181725025 0.04500000178813934 0.003985817078500986 0.014875260181725025 0.06300000101327896 0.0039858147501945496 0.013336792588233948 0.044999998062849045 0.007700004149228334 0.013336792588233948 0.06300000101327896 0.007700001820921898 0.010889445431530476 0.044999998062849045 0.0108894482254982 0.010889445431530476 0.06300000101327896 0.010889445431530476 0.007699999958276749 0.044999998062849045 0.013336795382201672 0.007699999958276749 0.06300000101327896 0.013336792588233948 0.003985811956226826 0.044999998062849045 0.0148752611130476 0.003985811956226826 0.06300000101327896 0.014875258319079876</float_array><technique_common><accessor source="#mesh10-array" count="48" stride="3"><param name="X" type="float" /><param name="Y" type="float" /><param name="Z" type="float" /></accessor></technique_common></source><source id="mesh10-normals"><float_array id="mesh10-normals-array" count="276">-0.1305263787508011 1.3320936886884738e-07 0.9914448261260986 -0.1305263787508011 1.3320936886884738e-07 0.9914448261260986 -0.3826836049556732 1.2413136118993862e-07 0.9238795042037964 -0.3826836049556732 1.2413136118993862e-07 0.9238795042037964 -0.6087614297866821 1.0659402960300213e-07 0.7933533191680908 -0.6087614297866821 1.0659402960300213e-07 0.7933533191680908 -0.7933534979820251 8.179245014616754e-08 0.6087612509727478 -0.7933534979820251 8.179245014616754e-08 0.6087612509727478 -0.9238796234130859 5.141689385368409e-08 0.3826833665370941 -0.9238796234130859 5.141689385368409e-08 0.3826833665370941 -0.9914449453353882 1.7537338692363846e-08 0.1305261254310608 -0.9914449453353882 1.7537338692363846e-08 0.1305261254310608 -0.9914448261260986 -1.7537374219500634e-08 -0.13052640855312347 -0.9914448261260986 -1.7537374219500634e-08 -0.13052640855312347 -0.9238795042037964 -5.1416929380820875e-08 -0.382683664560318 -0.9238795042037964 -5.1416929380820875e-08 -0.382683664560318 -0.7933533191680908 -8.179249277873168e-08 -0.6087615489959717 -0.7933533191680908 -8.179249277873168e-08 -0.6087615489959717 -0.608761191368103 -1.0659405802471156e-07 -0.7933535575866699 -0.608761191368103 -1.0659405802471156e-07 -0.7933535575866699 -0.38268330693244934 -1.2413138961164805e-07 -0.9238796234130859 -0.38268330693244934 -1.2413138961164805e-07 -0.9238796234130859 -0.1305260956287384 -1.332093830797021e-07 -0.9914449453353882 -0.1305260956287384 -1.332093830797021e-07 -0.9914449453353882 0.1305263787508011 -1.3320936886884738e-07 -0.9914448261260986 0.1305263787508011 -1.3320936886884738e-07 -0.9914448261260986 0.3826836049556732 -1.2413136118993862e-07 -0.9238795042037964 0.3826836049556732 -1.2413136118993862e-07 -0.9238795042037964 0.6087614297866821 -1.0659402960300213e-07 -0.7933533191680908 0.6087614297866821 -1.0659402960300213e-07 -0.7933533191680908 0.7933534979820251 -8.179245014616754e-08 -0.6087612509727478 0.7933534979820251 -8.179245014616754e-08 -0.6087612509727478 0.9238796234130859 -5.141689385368409e-08 -0.3826833665370941 0.9238796234130859 -5.141689385368409e-08 -0.3826833665370941 0.9914449453353882 -1.7537338692363846e-08 -0.1305261254310608 0.9914449453353882 -1.7537338692363846e-08 -0.1305261254310608 0.9914448261260986 1.7537374219500634e-08 0.13052640855312347 0.9914448261260986 1.7537374219500634e-08 0.13052640855312347 0.9238795042037964 5.1416929380820875e-08 0.382683664560318 0.9238795042037964 5.1416929380820875e-08 0.382683664560318 0.7933533191680908 8.179249277873168e-08 0.6087615489959717 0.7933533191680908 8.179249277873168e-08 0.6087615489959717 0.608761191368103 1.0659405802471156e-07 0.7933535575866699 0.608761191368103 1.0659405802471156e-07 0.7933535575866699 -2.028761815660307e-14 1.0 1.343588280633412e-07 -2.028761815660307e-14 1.0 1.343588280633412e-07 -2.028761815660307e-14 1.0 1.343588280633412e-07 -2.028761815660307e-14 1.0 1.343588280633412e-07 -2.028761815660307e-14 1.0 1.343588280633412e-07 -2.028761815660307e-14 1.0 1.343588280633412e-07 -2.028761815660307e-14 1.0 1.343588280633412e-07 -2.028761815660307e-14 1.0 1.343588280633412e-07 -2.028761815660307e-14 1.0 1.343588280633412e-07 -2.028761815660307e-14 1.0 1.343588280633412e-07 -2.028761815660307e-14 1.0 1.343588280633412e-07 -2.028761815660307e-14 1.0 1.343588280633412e-07 -2.028761815660307e-14 1.0 1.343588280633412e-07 -2.028761815660307e-14 1.0 1.343588280633412e-07 -2.028761815660307e-14 1.0 1.343588280633412e-07 -2.028761815660307e-14 1.0 1.343588280633412e-07 -2.028761815660307e-14 1.0 1.343588280633412e-07 -2.028761815660307e-14 1.0 1.343588280633412e-07 -2.0287619850668966e-14 1.0 1.343588280633412e-07 -2.0287619850668966e-14 1.0 1.343588280633412e-07 -2.0287619850668966e-14 1.0 1.343588280633412e-07 -2.028761815660307e-14 1.0 1.343588280633412e-07 0.38268330693244934 1.2413138961164805e-07 0.9238796234130859 0.38268330693244934 1.2413138961164805e-07 0.9238796234130859 0.1305260956287384 1.332093830797021e-07 0.9914449453353882 0.1305260956287384 1.332093830797021e-07 0.9914449453353882 2.028761815660307e-14 -1.0 -1.343588280633412e-07 2.028761815660307e-14 -1.0 -1.343588280633412e-07 2.028761815660307e-14 -1.0 -1.343588280633412e-07 2.028761815660307e-14 -1.0 -1.343588280633412e-07 2.028761815660307e-14 -1.0 -1.343588280633412e-07 2.028761815660307e-14 -1.0 -1.343588280633412e-07 2.028761815660307e-14 -1.0 -1.343588280633412e-07 2.028761815660307e-14 -1.0 -1.343588280633412e-07 2.028761815660307e-14 -1.0 -1.343588280633412e-07 2.028761815660307e-14 -1.0 -1.343588280633412e-07 2.028761815660307e-14 -1.0 -1.343588280633412e-07 2.028761815660307e-14 -1.0 -1.343588280633412e-07 2.028761815660307e-14 -1.0 -1.343588280633412e-07 2.028761815660307e-14 -1.0 -1.343588280633412e-07 2.028761815660307e-14 -1.0 -1.343588280633412e-07 2.028761815660307e-14 -1.0 -1.343588280633412e-07 2.028761815660307e-14 -1.0 -1.343588280633412e-07 2.028761815660307e-14 -1.0 -1.343588280633412e-07 2.0287619850668966e-14 -1.0 -1.343588280633412e-07 2.0287619850668966e-14 -1.0 -1.343588280633412e-07 2.0287619850668966e-14 -1.0 -1.343588280633412e-07 2.028761815660307e-14 -1.0 -1.343588280633412e-07</float_array><technique_common><accessor source="#mesh10-normals-array" count="92" stride="3"><param name="X" type="float" /><param name="Y" type="float" /><param name="Z" type="float" /></accessor></technique_common></source><vertices id="mesh10-vertices"><input semantic="POSITION" source="#mesh10-positions" /></vertices><triangles count="92" material="titanium"><input semantic="VERTEX" source="#mesh10-vertices" offset="0" /><input semantic="NORMAL" source="#mesh10-normals" offset="1" /><p>0 0 1 0 3 0 0 1 3 1 2 1 2 2 3 2 5 2 2 3 5 3 4 3 4 4 5 4 7 4 4 5 7 5 6 5 6 6 7 6 9 6 6 7 9 7 8 7 8 8 9 8 11 8 8 9 11 9 10 9 10 10 11 10 13 10 10 11 13 11 12 11 12 12 13 12 15 12 12 13 15 13 14 13 14 14 15 14 17 14 14 15 17 15 16 15 16 16 17 16 19 16 16 17 19 17 18 17 18 18 19 18 21 18 18 19 21 19 20 19 20 20 21 20 23 20 20 21 23 21 22 21 22 22 23 22 25 22 22 23 25 23 24 23 24 24 25 24 27 24 24 25 27 25 26 25 26 26 27 26 29 26 26 27 29 27 28 27 28 28 29 28 31 28 28 29 31 29 30 29 30 30 31 30 33 30 30 31 33 31 32 31 32 32 33 32 35 32 32 33 35 33 34 33 34 34 35 34 37 34 34 35 37 35 36 35 36 36 37 36 39 36 36 37 39 37 38 37 38 38 39 38 41 38 38 39 41 39 40 39 40 40 41 40 43 40 40 41 43 41 42 41 42 42 43 42 45 42 42 43 45 43 44 43 5 44 3 44 1 44 1 45 47 45 45 45 45 46 43 46 41 46 41 47 39 47 37 47 37 48 35 48 33 48 33 49 31 49 29 49 29 50 27 50 25 50 25 51 23 51 21 51 21 52 19 52 17 52 17 53 15 53 13 53 13 54 11 54 9 54 9 55 7 55 5 55 5 56 1 56 45 56 45 57 41 57 37 57 37 58 33 58 29 58 29 59 25 59 21 59 21 60 17 60 13 60 13 61 9 61 5 61 5 62 45 62 37 62 37 63 29 63 21 63 21 64 13 64 5 64 37 65 21 65 5 65 44 66 45 66 47 66 44 67 47 67 46 67 46 68 47 68 1 68 46 69 1 69 0 69 46 70 0 70 2 70 2 71 4 71 6 71 6 72 8 72 10 72 10 73 12 73 14 73 14 74 16 74 18 74 18 75 20 75 22 75 22 76 24 76 26 76 26 77 28 77 30 77 30 78 32 78 34 78 34 79 36 79 38 79 38 80 40 80 42 80 42 81 44 81 46 81 46 82 2 82 6 82 6 83 10 83 14 83 14 84 18 84 22 84 22 85 26 85 30 85 30 86 34 86 38 86 38 87 42 87 46 87 46 88 6 88 14 88 14 89 22 89 30 89 30 90 38 90 46 90 14 91 30 91 46 91</p></triangles></mesh></geometry><geometry id="mesh11"><mesh><source id="mesh11-positions"><float_array id="mesh11-array" count="36">0.02345000021159649 0.04399999976158142 0.0040000020526349545 0.02345000021159649 0.06400000303983688 0.003999999258667231 0.019985897466540337 0.04399999976158142 0.002000001259148121 0.019985897466540337 0.06400000303983688 0.001999998465180397 0.019985897466540337 0.04399999976158142 -0.0019999993965029716 0.019985897466540337 0.06400000303983688 -0.0020000021904706955 0.02345000021159649 0.04399999976158142 -0.003999999258667231 0.02345000021159649 0.06400000303983688 -0.0040000020526349545 0.02691410295665264 0.04399999976158142 -0.001999998465180397 0.02691410295665264 0.06400000303983688 -0.002000001259148121 0.02691410295665264 0.04399999976158142 0.0020000021904706955 0.02691410295665264 0.06400000303983688 0.0019999993965029716</float_array><technique_common><accessor source="#mesh11-array" count="12" stride="3"><param name="X" type="float" /><param name="Y" type="float" /><param name="Z" type="float" /></accessor></technique_common></source><source id="mesh11-normals"><float_array id="mesh11-normals-array" count="60">-0.5000001192092896 1.1635816576927027e-07 0.8660253882408142 -0.5000001192092896 1.1635816576927027e-07 0.8660253882408142 -1.0 -2.028762154473486e-14 -1.5099581673894136e-07 -1.0 -2.028762154473486e-14 -1.5099581673894136e-07 -0.49999988079071045 -1.1635817998012499e-07 -0.8660255074501038 -0.49999988079071045 -1.1635817998012499e-07 -0.8660255074501038 0.5000001192092896 -1.1635816576927027e-07 -0.8660253882408142 0.5000001192092896 -1.1635816576927027e-07 -0.8660253882408142 -2.028761815660307e-14 1.0 1.343588280633412e-07 -2.028761815660307e-14 1.0 1.343588280633412e-07 -2.028761815660307e-14 1.0 1.343588280633412e-07 -2.028761815660307e-14 1.0 1.343588280633412e-07 1.0 2.028762154473486e-14 1.5099581673894136e-07 1.0 2.028762154473486e-14 1.5099581673894136e-07 0.49999988079071045 1.1635817998012499e-07 0.8660255074501038 0.49999988079071045 1.1635817998012499e-07 0.8660255074501038 2.028761815660307e-14 -1.0 -1.343588280633412e-07 2.028761815660307e-14 -1.0 -1.343588280633412e-07 2.028761815660307e-14 -1.0 -1.343588280633412e-07 2.028761815660307e-14 -1.0 -1.343588280633412e-07</float_array><technique_common><accessor source="#mesh11-normals-array" count="20" stride="3"><param name="X" type="float" /><param name="Y" type="float" /><param name="Z" type="float" /></accessor></technique_common></source><vertices id="mesh11-vertices"><input semantic="POSITION" source="#mesh11-positions" /></vertices><triangles count="20" material="graphite"><input semantic="VERTEX" source="#mesh11-vertices" offset="0" /><input semantic="NORMAL" source="#mesh11-normals" offset="1" /><p>0 0 1 0 3 0 0 1 3 1 2 1 2 2 3 2 5 2 2 3 5 3 4 3 4 4 5 4 7 4 4 5 7 5 6 5 6 6 7 6 9 6 6 7 9 7 8 7 5 8 3 8 1 8 1 9 11 9 9 9 9 10 7 10 5 10 1 11 9 11 5 11 8 12 9 12 11 12 8 13 11 13 10 13 10 14 11 14 1 14 10 15 1 15 0 15 10 16 0 16 2 16 2 17 4 17 6 17 6 18 8 18 10 18 2 19 6 19 10 19</p></triangles></mesh></geometry><geometry id="mesh12"><mesh><source id="mesh12-positions"><float_array id="mesh12-array" count="36">0.01172499917447567 0.04399999976158142 0.024308297783136368 0.01172499917447567 0.06400000303983688 0.02430829405784607 0.008260897360742092 0.04399999976158142 0.022308295592665672 0.008260897360742092 0.06400000303983688 0.022308293730020523 0.008260897360742092 0.04399999976158142 0.01830829493701458 0.008260897360742092 0.06400000303983688 0.01830829307436943 0.011725001037120819 0.04399999976158142 0.016308296471834183 0.011725001037120819 0.06400000303983688 0.016308292746543884 0.015189102850854397 0.04399999976158142 0.01830829679965973 0.015189102850854397 0.06400000303983688 0.01830829493701458 0.015189102850854397 0.04399999976158142 0.02230829745531082 0.015189102850854397 0.06400000303983688 0.022308295592665672</float_array><technique_common><accessor source="#mesh12-array" count="12" stride="3"><param name="X" type="float" /><param name="Y" type="float" /><param name="Z" type="float" /></accessor></technique_common></source><source id="mesh12-normals"><float_array id="mesh12-normals-array" count="60">-0.5000001192092896 1.1635816576927027e-07 0.8660253882408142 -0.5000001192092896 1.1635816576927027e-07 0.8660253882408142 -1.0 -2.028762154473486e-14 -1.5099581673894136e-07 -1.0 -2.028762154473486e-14 -1.5099581673894136e-07 -0.49999988079071045 -1.1635817998012499e-07 -0.8660255074501038 -0.49999988079071045 -1.1635817998012499e-07 -0.8660255074501038 0.5000001192092896 -1.1635816576927027e-07 -0.8660253882408142 0.5000001192092896 -1.1635816576927027e-07 -0.8660253882408142 -2.028761815660307e-14 1.0 1.343588280633412e-07 -2.028761815660307e-14 1.0 1.343588280633412e-07 -2.028761815660307e-14 1.0 1.343588280633412e-07 -2.028761815660307e-14 1.0 1.343588280633412e-07 1.0 2.028762154473486e-14 1.5099581673894136e-07 1.0 2.028762154473486e-14 1.5099581673894136e-07 0.49999988079071045 1.1635817998012499e-07 0.8660255074501038 0.49999988079071045 1.1635817998012499e-07 0.8660255074501038 2.028761815660307e-14 -1.0 -1.343588280633412e-07 2.028761815660307e-14 -1.0 -1.343588280633412e-07 2.028761815660307e-14 -1.0 -1.343588280633412e-07 2.028761815660307e-14 -1.0 -1.343588280633412e-07</float_array><technique_common><accessor source="#mesh12-normals-array" count="20" stride="3"><param name="X" type="float" /><param name="Y" type="float" /><param name="Z" type="float" /></accessor></technique_common></source><vertices id="mesh12-vertices"><input semantic="POSITION" source="#mesh12-positions" /></vertices><triangles count="20" material="graphite"><input semantic="VERTEX" source="#mesh12-vertices" offset="0" /><input semantic="NORMAL" source="#mesh12-normals" offset="1" /><p>0 0 1 0 3 0 0 1 3 1 2 1 2 2 3 2 5 2 2 3 5 3 4 3 4 4 5 4 7 4 4 5 7 5 6 5 6 6 7 6 9 6 6 7 9 7 8 7 5 8 3 8 1 8 1 9 11 9 9 9 9 10 7 10 5 10 1 11 9 11 5 11 8 12 9 12 11 12 8 13 11 13 10 13 10 14 11 14 1 14 10 15 1 15 0 15 10 16 0 16 2 16 2 17 4 17 6 17 6 18 8 18 10 18 2 19 6 19 10 19</p></triangles></mesh></geometry><geometry id="mesh13"><mesh><source id="mesh13-positions"><float_array id="mesh13-array" count="36">-0.011725001037120819 0.04399999976158142 0.024308297783136368 -0.011725001037120819 0.06400000303983688 0.02430829405784607 -0.015189102850854397 0.04399999976158142 0.022308295592665672 -0.015189102850854397 0.06400000303983688 0.022308293730020523 -0.015189102850854397 0.04399999976158142 0.01830829493701458 -0.015189102850854397 0.06400000303983688 0.01830829307436943 -0.01172499917447567 0.04399999976158142 0.016308296471834183 -0.01172499917447567 0.06400000303983688 0.016308292746543884 -0.008260897360742092 0.04399999976158142 0.01830829679965973 -0.008260897360742092 0.06400000303983688 0.01830829493701458 -0.008260897360742092 0.04399999976158142 0.02230829745531082 -0.008260897360742092 0.06400000303983688 0.022308295592665672</float_array><technique_common><accessor source="#mesh13-array" count="12" stride="3"><param name="X" type="float" /><param name="Y" type="float" /><param name="Z" type="float" /></accessor></technique_common></source><source id="mesh13-normals"><float_array id="mesh13-normals-array" count="60">-0.5000001192092896 1.1635816576927027e-07 0.8660253882408142 -0.5000001192092896 1.1635816576927027e-07 0.8660253882408142 -1.0 -2.028762154473486e-14 -1.5099581673894136e-07 -1.0 -2.028762154473486e-14 -1.5099581673894136e-07 -0.49999988079071045 -1.1635817998012499e-07 -0.8660255074501038 -0.49999988079071045 -1.1635817998012499e-07 -0.8660255074501038 0.5000001192092896 -1.1635816576927027e-07 -0.8660253882408142 0.5000001192092896 -1.1635816576927027e-07 -0.8660253882408142 -2.028761815660307e-14 1.0 1.343588280633412e-07 -2.028761815660307e-14 1.0 1.343588280633412e-07 -2.028761815660307e-14 1.0 1.343588280633412e-07 -2.028761815660307e-14 1.0 1.343588280633412e-07 1.0 2.028762154473486e-14 1.5099581673894136e-07 1.0 2.028762154473486e-14 1.5099581673894136e-07 0.49999988079071045 1.1635817998012499e-07 0.8660255074501038 0.49999988079071045 1.1635817998012499e-07 0.8660255074501038 2.028761815660307e-14 -1.0 -1.343588280633412e-07 2.028761815660307e-14 -1.0 -1.343588280633412e-07 2.028761815660307e-14 -1.0 -1.343588280633412e-07 2.028761815660307e-14 -1.0 -1.343588280633412e-07</float_array><technique_common><accessor source="#mesh13-normals-array" count="20" stride="3"><param name="X" type="float" /><param name="Y" type="float" /><param name="Z" type="float" /></accessor></technique_common></source><vertices id="mesh13-vertices"><input semantic="POSITION" source="#mesh13-positions" /></vertices><triangles count="20" material="graphite"><input semantic="VERTEX" source="#mesh13-vertices" offset="0" /><input semantic="NORMAL" source="#mesh13-normals" offset="1" /><p>0 0 1 0 3 0 0 1 3 1 2 1 2 2 3 2 5 2 2 3 5 3 4 3 4 4 5 4 7 4 4 5 7 5 6 5 6 6 7 6 9 6 6 7 9 7 8 7 5 8 3 8 1 8 1 9 11 9 9 9 9 10 7 10 5 10 1 11 9 11 5 11 8 12 9 12 11 12 8 13 11 13 10 13 10 14 11 14 1 14 10 15 1 15 0 15 10 16 0 16 2 16 2 17 4 17 6 17 6 18 8 18 10 18 2 19 6 19 10 19</p></triangles></mesh></geometry><geometry id="mesh14"><mesh><source id="mesh14-positions"><float_array id="mesh14-array" count="36">-0.02345000021159649 0.04399999976158142 0.0040000020526349545 -0.02345000021159649 0.06400000303983688 0.003999999258667231 -0.02691410295665264 0.04399999976158142 0.002000001259148121 -0.02691410295665264 0.06400000303983688 0.001999998465180397 -0.02691410295665264 0.04399999976158142 -0.0019999993965029716 -0.02691410295665264 0.06400000303983688 -0.0020000021904706955 -0.02345000021159649 0.04399999976158142 -0.003999999258667231 -0.02345000021159649 0.06400000303983688 -0.0040000020526349545 -0.019985897466540337 0.04399999976158142 -0.001999998465180397 -0.019985897466540337 0.06400000303983688 -0.002000001259148121 -0.019985897466540337 0.04399999976158142 0.0020000021904706955 -0.019985897466540337 0.06400000303983688 0.0019999993965029716</float_array><technique_common><accessor source="#mesh14-array" count="12" stride="3"><param name="X" type="float" /><param name="Y" type="float" /><param name="Z" type="float" /></accessor></technique_common></source><source id="mesh14-normals"><float_array id="mesh14-normals-array" count="60">-0.5000001192092896 1.1635816576927027e-07 0.8660253882408142 -0.5000001192092896 1.1635816576927027e-07 0.8660253882408142 -1.0 -2.028762154473486e-14 -1.5099581673894136e-07 -1.0 -2.028762154473486e-14 -1.5099581673894136e-07 -0.49999988079071045 -1.1635817998012499e-07 -0.8660255074501038 -0.49999988079071045 -1.1635817998012499e-07 -0.8660255074501038 0.5000001192092896 -1.1635816576927027e-07 -0.8660253882408142 0.5000001192092896 -1.1635816576927027e-07 -0.8660253882408142 -2.028761815660307e-14 1.0 1.343588280633412e-07 -2.028761815660307e-14 1.0 1.343588280633412e-07 -2.028761815660307e-14 1.0 1.343588280633412e-07 -2.028761815660307e-14 1.0 1.343588280633412e-07 1.0 2.028762154473486e-14 1.5099581673894136e-07 1.0 2.028762154473486e-14 1.5099581673894136e-07 0.49999988079071045 1.1635817998012499e-07 0.8660255074501038 0.49999988079071045 1.1635817998012499e-07 0.8660255074501038 2.028761815660307e-14 -1.0 -1.343588280633412e-07 2.028761815660307e-14 -1.0 -1.343588280633412e-07 2.028761815660307e-14 -1.0 -1.343588280633412e-07 2.028761815660307e-14 -1.0 -1.343588280633412e-07</float_array><technique_common><accessor source="#mesh14-normals-array" count="20" stride="3"><param name="X" type="float" /><param name="Y" type="float" /><param name="Z" type="float" /></accessor></technique_common></source><vertices id="mesh14-vertices"><input semantic="POSITION" source="#mesh14-positions" /></vertices><triangles count="20" material="graphite"><input semantic="VERTEX" source="#mesh14-vertices" offset="0" /><input semantic="NORMAL" source="#mesh14-normals" offset="1" /><p>0 0 1 0 3 0 0 1 3 1 2 1 2 2 3 2 5 2 2 3 5 3 4 3 4 4 5 4 7 4 4 5 7 5 6 5 6 6 7 6 9 6 6 7 9 7 8 7 5 8 3 8 1 8 1 9 11 9 9 9 9 10 7 10 5 10 1 11 9 11 5 11 8 12 9 12 11 12 8 13 11 13 10 13 10 14 11 14 1 14 10 15 1 15 0 15 10 16 0 16 2 16 2 17 4 17 6 17 6 18 8 18 10 18 2 19 6 19 10 19</p></triangles></mesh></geometry><geometry id="mesh15"><mesh><source id="mesh15-positions"><float_array id="mesh15-array" count="36">-0.011725001037120819 0.04399999976158142 -0.016308292746543884 -0.011725001037120819 0.06400000303983688 -0.016308296471834183 -0.015189102850854397 0.04399999976158142 -0.01830829493701458 -0.015189102850854397 0.06400000303983688 -0.01830829679965973 -0.015189102850854397 0.04399999976158142 -0.022308295592665672 -0.015189102850854397 0.06400000303983688 -0.02230829745531082 -0.01172499917447567 0.04399999976158142 -0.02430829405784607 -0.01172499917447567 0.06400000303983688 -0.024308297783136368 -0.008260897360742092 0.04399999976158142 -0.022308293730020523 -0.008260897360742092 0.06400000303983688 -0.022308295592665672 -0.008260897360742092 0.04399999976158142 -0.01830829307436943 -0.008260897360742092 0.06400000303983688 -0.01830829493701458</float_array><technique_common><accessor source="#mesh15-array" count="12" stride="3"><param name="X" type="float" /><param name="Y" type="float" /><param name="Z" type="float" /></accessor></technique_common></source><source id="mesh15-normals"><float_array id="mesh15-normals-array" count="60">-0.5000001192092896 1.1635816576927027e-07 0.8660253882408142 -0.5000001192092896 1.1635816576927027e-07 0.8660253882408142 -1.0 -2.028762154473486e-14 -1.5099581673894136e-07 -1.0 -2.028762154473486e-14 -1.5099581673894136e-07 -0.49999988079071045 -1.1635817998012499e-07 -0.8660255074501038 -0.49999988079071045 -1.1635817998012499e-07 -0.8660255074501038 0.5000001192092896 -1.1635816576927027e-07 -0.8660253882408142 0.5000001192092896 -1.1635816576927027e-07 -0.8660253882408142 -2.028761815660307e-14 1.0 1.343588280633412e-07 -2.028761815660307e-14 1.0 1.343588280633412e-07 -2.028761815660307e-14 1.0 1.343588280633412e-07 -2.028761815660307e-14 1.0 1.343588280633412e-07 1.0 2.028762154473486e-14 1.5099581673894136e-07 1.0 2.028762154473486e-14 1.5099581673894136e-07 0.49999988079071045 1.1635817998012499e-07 0.8660255074501038 0.49999988079071045 1.1635817998012499e-07 0.8660255074501038 2.028761815660307e-14 -1.0 -1.343588280633412e-07 2.028761815660307e-14 -1.0 -1.343588280633412e-07 2.028761815660307e-14 -1.0 -1.343588280633412e-07 2.028761815660307e-14 -1.0 -1.343588280633412e-07</float_array><technique_common><accessor source="#mesh15-normals-array" count="20" stride="3"><param name="X" type="float" /><param name="Y" type="float" /><param name="Z" type="float" /></accessor></technique_common></source><vertices id="mesh15-vertices"><input semantic="POSITION" source="#mesh15-positions" /></vertices><triangles count="20" material="graphite"><input semantic="VERTEX" source="#mesh15-vertices" offset="0" /><input semantic="NORMAL" source="#mesh15-normals" offset="1" /><p>0 0 1 0 3 0 0 1 3 1 2 1 2 2 3 2 5 2 2 3 5 3 4 3 4 4 5 4 7 4 4 5 7 5 6 5 6 6 7 6 9 6 6 7 9 7 8 7 5 8 3 8 1 8 1 9 11 9 9 9 9 10 7 10 5 10 1 11 9 11 5 11 8 12 9 12 11 12 8 13 11 13 10 13 10 14 11 14 1 14 10 15 1 15 0 15 10 16 0 16 2 16 2 17 4 17 6 17 6 18 8 18 10 18 2 19 6 19 10 19</p></triangles></mesh></geometry><geometry id="mesh16"><mesh><source id="mesh16-positions"><float_array id="mesh16-array" count="36">0.01172499917447567 0.04399999976158142 -0.016308292746543884 0.01172499917447567 0.06400000303983688 -0.016308296471834183 0.008260897360742092 0.04399999976158142 -0.01830829493701458 0.008260897360742092 0.06400000303983688 -0.01830829679965973 0.008260897360742092 0.04399999976158142 -0.022308295592665672 0.008260897360742092 0.06400000303983688 -0.02230829745531082 0.011725001037120819 0.04399999976158142 -0.02430829405784607 0.011725001037120819 0.06400000303983688 -0.024308297783136368 0.015189102850854397 0.04399999976158142 -0.022308293730020523 0.015189102850854397 0.06400000303983688 -0.022308295592665672 0.015189102850854397 0.04399999976158142 -0.01830829307436943 0.015189102850854397 0.06400000303983688 -0.01830829493701458</float_array><technique_common><accessor source="#mesh16-array" count="12" stride="3"><param name="X" type="float" /><param name="Y" type="float" /><param name="Z" type="float" /></accessor></technique_common></source><source id="mesh16-normals"><float_array id="mesh16-normals-array" count="60">-0.5000001192092896 1.1635816576927027e-07 0.8660253882408142 -0.5000001192092896 1.1635816576927027e-07 0.8660253882408142 -1.0 -2.028762154473486e-14 -1.5099581673894136e-07 -1.0 -2.028762154473486e-14 -1.5099581673894136e-07 -0.49999988079071045 -1.1635817998012499e-07 -0.8660255074501038 -0.49999988079071045 -1.1635817998012499e-07 -0.8660255074501038 0.5000001192092896 -1.1635816576927027e-07 -0.8660253882408142 0.5000001192092896 -1.1635816576927027e-07 -0.8660253882408142 -2.028761815660307e-14 1.0 1.343588280633412e-07 -2.028761815660307e-14 1.0 1.343588280633412e-07 -2.028761815660307e-14 1.0 1.343588280633412e-07 -2.028761815660307e-14 1.0 1.343588280633412e-07 1.0 2.028762154473486e-14 1.5099581673894136e-07 1.0 2.028762154473486e-14 1.5099581673894136e-07 0.49999988079071045 1.1635817998012499e-07 0.8660255074501038 0.49999988079071045 1.1635817998012499e-07 0.8660255074501038 2.028761815660307e-14 -1.0 -1.343588280633412e-07 2.028761815660307e-14 -1.0 -1.343588280633412e-07 2.028761815660307e-14 -1.0 -1.343588280633412e-07 2.028761815660307e-14 -1.0 -1.343588280633412e-07</float_array><technique_common><accessor source="#mesh16-normals-array" count="20" stride="3"><param name="X" type="float" /><param name="Y" type="float" /><param name="Z" type="float" /></accessor></technique_common></source><vertices id="mesh16-vertices"><input semantic="POSITION" source="#mesh16-positions" /></vertices><triangles count="20" material="graphite"><input semantic="VERTEX" source="#mesh16-vertices" offset="0" /><input semantic="NORMAL" source="#mesh16-normals" offset="1" /><p>0 0 1 0 3 0 0 1 3 1 2 1 2 2 3 2 5 2 2 3 5 3 4 3 4 4 5 4 7 4 4 5 7 5 6 5 6 6 7 6 9 6 6 7 9 7 8 7 5 8 3 8 1 8 1 9 11 9 9 9 9 10 7 10 5 10 1 11 9 11 5 11 8 12 9 12 11 12 8 13 11 13 10 13 10 14 11 14 1 14 10 15 1 15 0 15 10 16 0 16 2 16 2 17 4 17 6 17 6 18 8 18 10 18 2 19 6 19 10 19</p></triangles></mesh></geometry><geometry id="mesh17"><mesh><source id="mesh17-positions"><float_array id="mesh17-array" count="168">-0.05250000208616257 -0.044499997049570084 -0.053999997675418854 -0.05250000208616257 -0.05249999836087227 -0.04599999636411667 -0.06050000339746475 -0.044499997049570084 -0.04599999636411667 -0.05250000208616257 -0.0501568578183651 -0.051656849682331085 -0.05711880326271057 -0.049118805676698685 -0.05061879754066467 -0.058156855404376984 -0.0501568578183651 -0.04599999636411667 -0.058156855404376984 -0.04450000077486038 -0.051656849682331085 -0.05250000208616257 -0.05249999836087227 -0.026000000536441803 -0.05250000208616257 -0.044499997049570084 -0.017999999225139618 -0.06050000339746475 -0.044499997049570084 -0.025999998673796654 -0.05250000208616257 -0.0501568578183651 -0.020343147218227386 -0.05711880326271057 -0.049118805676698685 -0.0213811993598938 -0.058156855404376984 -0.04450000077486038 -0.020343147218227386 -0.058156855404376984 -0.0501568578183651 -0.026000000536441803 -0.05250000208616257 0.044499997049570084 -0.053999997675418854 -0.06050000339746475 0.044499997049570084 -0.04599999636411667 -0.05250000208616257 0.05249999836087227 -0.04599999636411667 -0.058156855404376984 0.04450000077486038 -0.051656853407621384 -0.05711880326271057 0.049118805676698685 -0.05061880126595497 -0.058156855404376984 0.0501568578183651 -0.04599999636411667 -0.05250000208616257 0.0501568578183651 -0.051656853407621384 -0.05250000208616257 0.044499997049570084 -0.017999999225139618 -0.05250000208616257 0.05249999836087227 -0.026000000536441803 -0.06050000339746475 0.044499997049570084 -0.025999998673796654 -0.05250000208616257 0.0501568578183651 -0.020343147218227386 -0.05711880326271057 0.049118805676698685 -0.0213811993598938 -0.058156855404376984 0.0501568578183651 -0.026000000536441803 -0.058156855404376984 0.04450000077486038 -0.020343147218227386 0.0065000019967556 -0.044499997049570084 -0.053999997675418854 0.014500001445412636 -0.044499997049570084 -0.04599999636411667 0.006500000134110451 -0.05249999836087227 -0.04599999636411667 0.012156853452324867 -0.04450000077486038 -0.051656853407621384 0.011118801310658455 -0.049118805676698685 -0.05061880126595497 0.012156853452324867 -0.0501568578183651 -0.04599999636411667 0.006500000134110451 -0.0501568578183651 -0.051656853407621384 0.0065000019967556 -0.044499997049570084 -0.017999999225139618 0.006500000134110451 -0.05249999836087227 -0.026000000536441803 0.014500001445412636 -0.044499997049570084 -0.025999998673796654 0.006500000134110451 -0.0501568578183651 -0.020343147218227386 0.011118801310658455 -0.049118805676698685 -0.0213811993598938 0.012156853452324867 -0.0501568578183651 -0.026000000536441803 0.012156853452324867 -0.04450000077486038 -0.020343147218227386 0.0065000019967556 0.044499997049570084 -0.053999997675418854 0.006500000134110451 0.05249999836087227 -0.04599999636411667 0.014500001445412636 0.044499997049570084 -0.04599999636411667 0.006500000134110451 0.0501568578183651 -0.051656849682331085 0.011118801310658455 0.049118805676698685 -0.05061879754066467 0.012156853452324867 0.0501568578183651 -0.04599999636411667 0.012156853452324867 0.04450000077486038 -0.051656849682331085 0.0065000019967556 0.044499997049570084 -0.017999999225139618 0.014500001445412636 0.044499997049570084 -0.025999998673796654 0.006500000134110451 0.05249999836087227 -0.026000000536441803 0.012156853452324867 0.04450000077486038 -0.020343143492937088 0.011118801310658455 0.049118805676698685 -0.0213811956346035 0.012156853452324867 0.0501568578183651 -0.025999998673796654 0.006500000134110451 0.0501568578183651 -0.020343143492937088</float_array><technique_common><accessor source="#mesh17-array" count="56" stride="3"><param name="X" type="float" /><param name="Y" type="float" /><param name="Z" type="float" /></accessor></technique_common></source><source id="mesh17-normals"><float_array id="mesh17-normals-array" count="324">-0.28174734115600586 -0.3671804368495941 -0.8864519000053406 -0.3671807050704956 -0.28174710273742676 -0.8864518404006958 -0.367179811000824 -0.8864521384239197 -0.28174737095832825 -0.28174734115600586 -0.8864520788192749 -0.36717984080314636 -0.8864519000053406 -0.2817472517490387 -0.367180734872818 -0.8864519000053406 -0.36718037724494934 -0.281747430562973 -0.28174734115600586 -0.8864521980285645 0.36717984080314636 -0.367179811000824 -0.8864521384239197 0.28174737095832825 -0.367180734872818 -0.28174716234207153 0.8864519000053406 -0.28174734115600586 -0.36718040704727173 0.8864519000053406 -0.8864519000053406 -0.36718040704727173 0.2817474603652954 -0.886451780796051 -0.2817472219467163 0.367180734872818 -0.367180198431015 0.281747430562973 -0.8864519596099854 -0.28174760937690735 0.3671799302101135 -0.8864520192146301 -0.8864519596099854 0.36718034744262695 -0.2817474603652954 -0.8864518404006958 0.28174734115600586 -0.3671805262565613 -0.2817474901676178 0.8864522576332092 -0.36717960238456726 -0.3671797215938568 0.8864521980285645 -0.28174737095832825 -0.28174734115600586 0.3671804368495941 0.8864519000053406 -0.3671807050704956 0.28174710273742676 0.8864518404006958 -0.367179811000824 0.8864521384239197 0.28174737095832825 -0.28174734115600586 0.8864520788192749 0.36717984080314636 -0.8864519000053406 0.2817472517490387 0.367180734872818 -0.8864519000053406 0.36718037724494934 0.281747430562973 0.367180198431015 -0.281747430562973 -0.8864519596099854 0.28174760937690735 -0.3671799302101135 -0.8864520192146301 0.8864519596099854 -0.36718034744262695 -0.2817474603652954 0.8864518404006958 -0.28174734115600586 -0.3671805262565613 0.2817474901676178 -0.8864522576332092 -0.36717960238456726 0.3671797215938568 -0.8864521980285645 -0.28174737095832825 0.28174734115600586 -0.3671804368495941 0.8864519000053406 0.3671807050704956 -0.28174710273742676 0.8864518404006958 0.367179811000824 -0.8864521384239197 0.28174737095832825 0.28174734115600586 -0.8864520788192749 0.36717984080314636 0.8864519000053406 -0.2817472517490387 0.367180734872818 0.8864519000053406 -0.36718037724494934 0.281747430562973 0.28174734115600586 0.3671804368495941 -0.8864519000053406 0.3671807050704956 0.28174710273742676 -0.8864518404006958 0.367179811000824 0.8864521384239197 -0.28174737095832825 0.28174734115600586 0.8864520788192749 -0.36717984080314636 0.8864519000053406 0.2817472517490387 -0.367180734872818 0.8864519000053406 0.36718037724494934 -0.281747430562973 0.367180198431015 0.281747430562973 0.8864519596099854 0.28174760937690735 0.3671799302101135 0.8864520192146301 0.8864519596099854 0.36718034744262695 0.2817474603652954 0.8864518404006958 0.28174734115600586 0.3671805262565613 0.2817474901676178 0.8864522576332092 0.36717960238456726 0.3671797215938568 0.8864521980285645 0.28174737095832825 -0.3826839029788971 0.0 -0.9238793253898621 -0.3826834559440613 -3.867100772936283e-08 -0.9238796234130859 -0.9238793253898621 -1.6018075754686834e-08 -0.3826839327812195 -0.9238794445991516 0.0 -0.38268372416496277 -0.38268280029296875 -0.923879861831665 0.0 -0.38268277049064636 -0.9238798022270203 0.0 -0.9238795638084412 -0.3826833963394165 0.0 -0.9238796234130859 -0.3826834261417389 0.0 -0.3826839029788971 0.0 0.9238793253898621 -0.3826839327812195 0.0 0.9238793253898621 -0.9238793253898621 0.0 0.3826839327812195 -0.9238793253898621 0.0 0.3826839029788971 -0.38268280029296875 0.923879861831665 0.0 -0.38268280029296875 0.923879861831665 0.0 -0.9238795638084412 0.3826833963394165 0.0 -0.9238796234130859 0.3826834261417389 0.0 0.0 0.3826828598976135 -0.9238797426223755 5.833423344370203e-08 0.3826833963394165 -0.9238796234130859 2.4162774892033667e-08 0.923879861831665 -0.38268256187438965 0.0 0.9238798022270203 -0.38268280029296875 0.0 0.3826828598976135 0.9238797426223755 -5.833423344370203e-08 0.3826833963394165 0.9238796234130859 -2.4162774892033667e-08 0.923879861831665 0.38268256187438965 0.0 0.9238798022270203 0.38268280029296875 0.9238796234130859 0.3826834261417389 0.0 0.9238795638084412 0.3826833963394165 0.0 0.38268280029296875 0.923879861831665 0.0 0.38268280029296875 0.923879861831665 0.0 0.3826839029788971 0.0 -0.9238793253898621 0.3826834559440613 3.867100772936283e-08 -0.9238796234130859 0.9238793253898621 1.6018075754686834e-08 -0.3826839327812195 0.9238794445991516 0.0 -0.38268372416496277 0.3826839029788971 0.0 0.9238793253898621 0.3826834559440613 -3.867100772936283e-08 0.9238796234130859 0.9238793253898621 -1.6018075754686834e-08 0.3826839327812195 0.9238794445991516 0.0 0.38268372416496277 0.38268280029296875 -0.923879861831665 0.0 0.38268280029296875 -0.923879861831665 0.0 0.9238795638084412 -0.3826833963394165 0.0 0.9238796234130859 -0.3826834261417389 0.0 0.0 -0.3826828598976135 -0.9238797426223755 -5.833423344370203e-08 -0.3826833963394165 -0.9238796234130859 -2.4162774892033667e-08 -0.923879861831665 -0.38268256187438965 0.0 -0.9238798022270203 -0.38268280029296875 0.0 -0.3826833963394165 0.9238796234130859 0.0 -0.3826833963394165 0.9238796234130859 0.0 -0.9238798022270203 0.38268280029296875 0.0 -0.9238798022270203 0.38268280029296875 0.0 0.0 -1.0 0.0 0.0 -1.0 -1.0 0.0 0.0 -1.0 0.0 0.0 0.0 -1.0 0.0 0.0 -1.0 0.0 0.0 0.0 1.0 0.0 0.0 1.0 0.0 1.0 0.0 0.0 1.0 0.0 1.0 0.0 0.0 1.0 0.0 0.0</float_array><technique_common><accessor source="#mesh17-normals-array" count="108" stride="3"><param name="X" type="float" /><param name="Y" type="float" /><param name="Z" type="float" /></accessor></technique_common></source><vertices id="mesh17-vertices"><input semantic="POSITION" source="#mesh17-positions" /></vertices><triangles count="108" material="rubber"><input semantic="VERTEX" source="#mesh17-vertices" offset="0" /><input semantic="NORMAL" source="#mesh17-normals" offset="1" /><p>0 0 3 0 4 0 0 1 4 1 6 1 1 2 5 2 4 2 1 3 4 3 3 3 2 4 6 4 4 4 2 5 4 5 5 5 7 6 10 6 11 6 7 7 11 7 13 7 8 8 12 8 11 8 8 9 11 9 10 9 9 10 13 10 11 10 9 11 11 11 12 11 14 12 17 12 18 12 14 13 18 13 20 13 15 14 19 14 18 14 15 15 18 15 17 15 16 16 20 16 18 16 16 17 18 17 19 17 21 18 24 18 25 18 21 19 25 19 27 19 22 20 26 20 25 20 22 21 25 21 24 21 23 22 27 22 25 22 23 23 25 23 26 23 28 24 31 24 32 24 28 25 32 25 34 25 29 26 33 26 32 26 29 27 32 27 31 27 30 28 34 28 32 28 30 29 32 29 33 29 35 30 38 30 39 30 35 31 39 31 41 31 36 32 40 32 39 32 36 33 39 33 38 33 37 34 41 34 39 34 37 35 39 35 40 35 42 36 45 36 46 36 42 37 46 37 48 37 43 38 47 38 46 38 43 39 46 39 45 39 44 40 48 40 46 40 44 41 46 41 47 41 49 42 52 42 53 42 49 43 53 43 55 43 50 44 54 44 53 44 50 45 53 45 52 45 51 46 55 46 53 46 51 47 53 47 54 47 14 48 0 48 6 48 14 49 6 49 17 49 17 50 6 50 2 50 17 51 2 51 15 51 1 52 7 52 13 52 1 53 13 53 5 53 5 54 13 54 9 54 5 55 9 55 2 55 8 56 21 56 27 56 8 57 27 57 12 57 12 58 27 58 23 58 12 59 23 59 9 59 22 60 16 60 19 60 22 61 19 61 26 61 26 62 19 62 15 62 26 63 15 63 23 63 42 64 14 64 20 64 42 65 20 65 45 65 45 66 20 66 16 66 45 67 16 67 43 67 21 68 49 68 55 68 21 69 55 69 24 69 24 70 55 70 51 70 24 71 51 71 22 71 50 72 44 72 47 72 50 73 47 73 54 73 54 74 47 74 43 74 54 75 43 75 51 75 28 76 42 76 48 76 28 77 48 77 31 77 31 78 48 78 44 78 31 79 44 79 29 79 49 80 35 80 41 80 49 81 41 81 52 81 52 82 41 82 37 82 52 83 37 83 50 83 36 84 30 84 33 84 36 85 33 85 40 85 40 86 33 86 29 86 40 87 29 87 37 87 0 88 28 88 34 88 0 89 34 89 3 89 3 90 34 90 30 90 3 91 30 91 1 91 35 92 8 92 10 92 35 93 10 93 38 93 38 94 10 94 7 94 38 95 7 95 36 95 14 96 42 96 28 96 14 97 28 97 0 97 2 98 9 98 23 98 2 99 23 99 15 99 30 100 36 100 7 100 30 101 7 101 1 101 49 102 21 102 8 102 49 103 8 103 35 103 16 104 22 104 51 104 16 105 51 105 43 105 44 106 50 106 37 106 44 107 37 107 29 107</p></triangles></mesh></geometry><geometry id="mesh18"><mesh><source id="mesh18-positions"><float_array id="mesh18-array" count="144">0.00662694638594985 -0.04000000283122063 -0.01311079878360033 0.10162694752216339 -0.03999999538064003 -0.026110805571079254 0.006571509409695864 -0.03689417615532875 -0.013515913859009743 0.10157150775194168 -0.036894168704748154 -0.026515919715166092 0.00640897685661912 -0.03400000184774399 -0.01470364909619093 0.10140897333621979 -0.03399999812245369 -0.027703654021024704 0.00615042494609952 -0.031514722853899 -0.01659306511282921 0.10115042328834534 -0.031514715403318405 -0.029593070968985558 0.0058134738355875015 -0.029607698321342468 -0.019055398181080818 0.10081347078084946 -0.02960769273340702 -0.03205540403723717 0.005421086214482784 -0.028408892452716827 -0.021922845393419266 0.10042108595371246 -0.02840888686478138 -0.034922853112220764 0.00500000175088644 -0.0280000027269125 -0.02499999664723873 0.10000000149011612 -0.0279999952763319 -0.03800000250339508 0.004578918218612671 -0.028408892452716827 -0.028077147901058197 0.09957891702651978 -0.02840888686478138 -0.0410771518945694 0.004186530131846666 -0.02960769645869732 -0.030944596976041794 0.09918653219938278 -0.02960769087076187 -0.043944600969552994 0.0038495794869959354 -0.031514719128608704 -0.033406928181648254 0.0988495796918869 -0.031514715403318405 -0.04640693590044975 0.003591027809306979 -0.03400000184774399 -0.03529634699225426 0.09859102964401245 -0.03399999439716339 -0.04829635098576546 0.0034284957218915224 -0.03689417243003845 -0.03648408129811287 0.09842849522829056 -0.036894164979457855 -0.04948408529162407 0.0033730589784681797 -0.04000000283122063 -0.03688919544219971 0.09837305545806885 -0.03999999538064003 -0.049889203161001205 0.0034284961875528097 -0.0431058295071125 -0.03648408129811287 0.09842849522829056 -0.043105822056531906 -0.04948408901691437 0.003591028740629554 -0.04600000008940697 -0.03529634699225426 0.09859102964401245 -0.04599999636411667 -0.04829635098576546 0.00384958041831851 -0.04848528280854225 -0.03340693190693855 0.0988495796918869 -0.048485275357961655 -0.04640693590044975 0.004186531528830528 -0.050392307341098785 -0.030944596976041794 0.09918653219938278 -0.05039229989051819 -0.04394460469484329 0.0045789191499352455 -0.051591113209724426 -0.028077149763703346 0.09957891702651978 -0.05159110575914383 -0.041077155619859695 0.0050000036135315895 -0.052000001072883606 -0.02499999850988388 0.10000000149011612 -0.05199999734759331 -0.03800000250339508 0.005421087145805359 -0.051591113209724426 -0.021922847256064415 0.10042108595371246 -0.05159110575914383 -0.034922853112220764 0.0058134752325713634 -0.050392307341098785 -0.019055398181080818 0.10081347078084946 -0.05039229989051819 -0.03205540403723717 0.006150425877422094 -0.04848528280854225 -0.01659306511282921 0.10115042328834534 -0.04848527908325195 -0.029593070968985558 0.006408977322280407 -0.046000003814697266 -0.01470364909619093 0.10140897333621979 -0.04599999636411667 -0.027703655883669853 0.006571509409695864 -0.0431058332324028 -0.013515913859009743 0.10157150775194168 -0.043105825781822205 -0.026515919715166092</float_array><technique_common><accessor source="#mesh18-array" count="48" stride="3"><param name="X" type="float" /><param name="Y" type="float" /><param name="Z" type="float" /></accessor></technique_common></source><source id="mesh18-normals"><float_array id="mesh18-normals-array" count="276">0.13441875576972961 0.1305263191461563 0.9822904467582703 0.13441875576972961 0.1305263191461563 0.9822904467582703 0.12525832653045654 0.3826833665370941 0.9153490662574768 0.12525832653045654 0.3826833665370941 0.9153490662574768 0.10756172239780426 0.6087614297866821 0.7860279083251953 0.10756172239780426 0.6087614297866821 0.7860279083251953 0.082535021007061 0.793353259563446 0.603140652179718 0.082535021007061 0.793353259563446 0.603140652179718 0.051883649080991745 0.9238796234130859 0.37915000319480896 0.051883649080991745 0.9238796234130859 0.37915000319480896 0.01769653521478176 0.9914448857307434 0.12932124733924866 0.01769653521478176 0.9914448857307434 0.12932124733924866 -0.017696643248200417 0.9914448857307434 -0.12932109832763672 -0.017696643248200417 0.9914448857307434 -0.12932109832763672 -0.0518837533891201 0.9238796234130859 -0.3791498839855194 -0.0518837533891201 0.9238796234130859 -0.3791498839855194 -0.08253510296344757 0.793353259563446 -0.6031404733657837 -0.08253510296344757 0.793353259563446 -0.6031404733657837 -0.10756179690361023 0.6087616086006165 -0.7860279083251953 -0.10756179690361023 0.6087616086006165 -0.7860279083251953 -0.12525834143161774 0.3826834261417389 -0.9153489470481873 -0.12525834143161774 0.3826834261417389 -0.9153489470481873 -0.13441875576972961 0.13052643835544586 -0.9822904467582703 -0.13441875576972961 0.13052643835544586 -0.9822904467582703 -0.13441875576972961 -0.1305263191461563 -0.9822904467582703 -0.13441875576972961 -0.1305263191461563 -0.9822904467582703 -0.12525832653045654 -0.3826833665370941 -0.9153490662574768 -0.12525832653045654 -0.3826833665370941 -0.9153490662574768 -0.10756172239780426 -0.6087614297866821 -0.7860279083251953 -0.10756172239780426 -0.6087614297866821 -0.7860279083251953 -0.082535021007061 -0.793353259563446 -0.603140652179718 -0.082535021007061 -0.793353259563446 -0.603140652179718 -0.051883649080991745 -0.9238796234130859 -0.37915000319480896 -0.051883649080991745 -0.9238796234130859 -0.37915000319480896 -0.01769653521478176 -0.9914448857307434 -0.12932124733924866 -0.01769653521478176 -0.9914448857307434 -0.12932124733924866 0.017696643248200417 -0.9914448857307434 0.12932109832763672 0.017696643248200417 -0.9914448857307434 0.12932109832763672 0.0518837533891201 -0.9238796234130859 0.3791498839855194 0.0518837533891201 -0.9238796234130859 0.3791498839855194 0.08253510296344757 -0.793353259563446 0.6031404733657837 0.08253510296344757 -0.793353259563446 0.6031404733657837 0.10756179690361023 -0.6087616086006165 0.7860279083251953 0.10756179690361023 -0.6087616086006165 0.7860279083251953 0.9907665848731995 6.786209638676155e-08 -0.13557863235473633 0.9907665848731995 6.786209638676155e-08 -0.13557863235473633 0.9907665848731995 6.786209638676155e-08 -0.13557863235473633 0.9907665848731995 6.786209638676155e-08 -0.13557863235473633 0.9907665848731995 6.786209638676155e-08 -0.13557863235473633 0.9907665848731995 6.786209638676155e-08 -0.13557863235473633 0.9907665848731995 6.786209638676155e-08 -0.13557863235473633 0.9907665848731995 6.786209638676155e-08 -0.13557863235473633 0.9907665848731995 6.786209638676155e-08 -0.13557863235473633 0.9907665848731995 6.786209638676155e-08 -0.13557863235473633 0.9907665848731995 6.786209638676155e-08 -0.13557863235473633 0.9907665848731995 6.786209638676155e-08 -0.13557863235473633 0.9907665848731995 6.786209638676155e-08 -0.13557863235473633 0.9907665848731995 6.786209638676155e-08 -0.13557863235473633 0.9907665848731995 6.786209638676155e-08 -0.13557863235473633 0.9907665848731995 6.786209638676155e-08 -0.13557863235473633 0.9907665848731995 6.786209638676155e-08 -0.13557863235473633 0.9907665848731995 6.786209638676155e-08 -0.13557863235473633 0.9907665848731995 6.786209638676155e-08 -0.13557863235473633 0.9907665848731995 6.786209638676155e-08 -0.13557863235473633 0.9907665848731995 6.786209638676155e-08 -0.13557863235473633 0.9907665848731995 6.786209638676155e-08 -0.13557863235473633 0.12525834143161774 -0.3826834261417389 0.9153489470481873 0.12525834143161774 -0.3826834261417389 0.9153489470481873 0.13441875576972961 -0.13052643835544586 0.9822904467582703 0.13441875576972961 -0.13052643835544586 0.9822904467582703 -0.9907665848731995 -6.786209638676155e-08 0.13557863235473633 -0.9907665848731995 -6.786209638676155e-08 0.13557863235473633 -0.9907665848731995 -6.786209638676155e-08 0.13557863235473633 -0.9907665848731995 -6.786209638676155e-08 0.13557863235473633 -0.9907665848731995 -6.786209638676155e-08 0.13557863235473633 -0.9907665848731995 -6.786209638676155e-08 0.13557863235473633 -0.9907665848731995 -6.786209638676155e-08 0.13557863235473633 -0.9907665848731995 -6.786209638676155e-08 0.13557863235473633 -0.9907665848731995 -6.786209638676155e-08 0.13557863235473633 -0.9907665848731995 -6.786209638676155e-08 0.13557863235473633 -0.9907665848731995 -6.786209638676155e-08 0.13557863235473633 -0.9907665848731995 -6.786209638676155e-08 0.13557863235473633 -0.9907665848731995 -6.786209638676155e-08 0.13557863235473633 -0.9907665848731995 -6.786209638676155e-08 0.13557863235473633 -0.9907665848731995 -6.786209638676155e-08 0.13557863235473633 -0.9907665848731995 -6.786209638676155e-08 0.13557863235473633 -0.9907665848731995 -6.786209638676155e-08 0.13557863235473633 -0.9907665848731995 -6.786209638676155e-08 0.13557863235473633 -0.9907665848731995 -6.786209638676155e-08 0.13557863235473633 -0.9907665848731995 -6.786209638676155e-08 0.13557863235473633 -0.9907665848731995 -6.786209638676155e-08 0.13557863235473633 -0.9907665848731995 -6.786209638676155e-08 0.13557863235473633</float_array><technique_common><accessor source="#mesh18-normals-array" count="92" stride="3"><param name="X" type="float" /><param name="Y" type="float" /><param name="Z" type="float" /></accessor></technique_common></source><vertices id="mesh18-vertices"><input semantic="POSITION" source="#mesh18-positions" /></vertices><triangles count="92" material="titanium"><input semantic="VERTEX" source="#mesh18-vertices" offset="0" /><input semantic="NORMAL" source="#mesh18-normals" offset="1" /><p>0 0 1 0 3 0 0 1 3 1 2 1 2 2 3 2 5 2 2 3 5 3 4 3 4 4 5 4 7 4 4 5 7 5 6 5 6 6 7 6 9 6 6 7 9 7 8 7 8 8 9 8 11 8 8 9 11 9 10 9 10 10 11 10 13 10 10 11 13 11 12 11 12 12 13 12 15 12 12 13 15 13 14 13 14 14 15 14 17 14 14 15 17 15 16 15 16 16 17 16 19 16 16 17 19 17 18 17 18 18 19 18 21 18 18 19 21 19 20 19 20 20 21 20 23 20 20 21 23 21 22 21 22 22 23 22 25 22 22 23 25 23 24 23 24 24 25 24 27 24 24 25 27 25 26 25 26 26 27 26 29 26 26 27 29 27 28 27 28 28 29 28 31 28 28 29 31 29 30 29 30 30 31 30 33 30 30 31 33 31 32 31 32 32 33 32 35 32 32 33 35 33 34 33 34 34 35 34 37 34 34 35 37 35 36 35 36 36 37 36 39 36 36 37 39 37 38 37 38 38 39 38 41 38 38 39 41 39 40 39 40 40 41 40 43 40 40 41 43 41 42 41 42 42 43 42 45 42 42 43 45 43 44 43 5 44 3 44 1 44 1 45 47 45 45 45 45 46 43 46 41 46 41 47 39 47 37 47 37 48 35 48 33 48 33 49 31 49 29 49 29 50 27 50 25 50 25 51 23 51 21 51 21 52 19 52 17 52 17 53 15 53 13 53 13 54 11 54 9 54 9 55 7 55 5 55 5 56 1 56 45 56 45 57 41 57 37 57 37 58 33 58 29 58 29 59 25 59 21 59 21 60 17 60 13 60 13 61 9 61 5 61 5 62 45 62 37 62 37 63 29 63 21 63 21 64 13 64 5 64 37 65 21 65 5 65 44 66 45 66 47 66 44 67 47 67 46 67 46 68 47 68 1 68 46 69 1 69 0 69 46 70 0 70 2 70 2 71 4 71 6 71 6 72 8 72 10 72 10 73 12 73 14 73 14 74 16 74 18 74 18 75 20 75 22 75 22 76 24 76 26 76 26 77 28 77 30 77 30 78 32 78 34 78 34 79 36 79 38 79 38 80 40 80 42 80 42 81 44 81 46 81 46 82 2 82 6 82 6 83 10 83 14 83 14 84 18 84 22 84 22 85 26 85 30 85 30 86 34 86 38 86 38 87 42 87 46 87 46 88 6 88 14 88 14 89 22 89 30 89 30 90 38 90 46 90 14 91 30 91 46 91</p></triangles></mesh></geometry><geometry id="mesh19"><mesh><source id="mesh19-positions"><float_array id="mesh19-array" count="168">0.07799999415874481 -0.045499999076128006 -0.05849999934434891 0.07799999415874481 -0.05350000038743019 -0.05049999803304672 0.06999999284744263 -0.045499999076128006 -0.05049999803304672 0.07799999415874481 -0.05115685611963272 -0.05615685135126114 0.07338118553161621 -0.05011880397796631 -0.05511879920959473 0.0723431408405304 -0.05115685239434242 -0.05049999803304672 0.0723431408405304 -0.045499999076128006 -0.05615685135126114 0.07799999415874481 -0.05350000038743019 -0.04349999874830246 0.07799999415874481 -0.045499999076128006 -0.035499997437000275 0.06999999284744263 -0.045499999076128006 -0.04349999874830246 0.07799999415874481 -0.05115685611963272 -0.03784314543008804 0.07338118553161621 -0.05011880397796631 -0.038881197571754456 0.0723431408405304 -0.045499999076128006 -0.03784314543008804 0.0723431408405304 -0.05115685611963272 -0.04349999874830246 0.07799999415874481 -0.03449999913573265 -0.05849999934434891 0.06999999284744263 -0.03449999913573265 -0.05049999803304672 0.07799999415874481 -0.026499997824430466 -0.05049999803304672 0.0723431408405304 -0.03449999913573265 -0.05615685135126114 0.07338118553161621 -0.029881196096539497 -0.05511879920959473 0.0723431408405304 -0.028843143954873085 -0.05049999803304672 0.07799999415874481 -0.028843143954873085 -0.05615685135126114 0.07799999415874481 -0.03449999913573265 -0.035499997437000275 0.07799999415874481 -0.026499997824430466 -0.04349999874830246 0.06999999284744263 -0.03449999913573265 -0.04349999874830246 0.07799999415874481 -0.028843143954873085 -0.03784314543008804 0.07338118553161621 -0.029881196096539497 -0.038881197571754456 0.0723431408405304 -0.028843145817518234 -0.04349999874830246 0.0723431408405304 -0.03449999913573265 -0.03784314543008804 0.16200000047683716 -0.045499999076128006 -0.05849999934434891 0.17000000178813934 -0.045499999076128006 -0.05049999803304672 0.16200000047683716 -0.05350000038743019 -0.05049999803304672 0.16765685379505157 -0.045499999076128006 -0.05615685135126114 0.16661880910396576 -0.05011880397796631 -0.05511879920959473 0.16765685379505157 -0.05115685611963272 -0.05049999803304672 0.16200000047683716 -0.05115685611963272 -0.05615685135126114 0.16200000047683716 -0.045499999076128006 -0.035499997437000275 0.16200000047683716 -0.05350000038743019 -0.04349999874830246 0.17000000178813934 -0.045499999076128006 -0.04349999874830246 0.16200000047683716 -0.05115685611963272 -0.03784314543008804 0.16661880910396576 -0.05011880397796631 -0.038881197571754456 0.16765685379505157 -0.05115685239434242 -0.04349999874830246 0.16765685379505157 -0.045499999076128006 -0.03784314543008804 0.16200000047683716 -0.03449999913573265 -0.05849999934434891 0.16200000047683716 -0.026499997824430466 -0.05049999803304672 0.17000000178813934 -0.03449999913573265 -0.05049999803304672 0.16200000047683716 -0.028843143954873085 -0.05615685135126114 0.16661880910396576 -0.029881196096539497 -0.05511879920959473 0.16765685379505157 -0.028843145817518234 -0.05049999803304672 0.16765685379505157 -0.03449999913573265 -0.05615685135126114 0.16200000047683716 -0.03449999913573265 -0.035499997437000275 0.17000000178813934 -0.03449999913573265 -0.04349999874830246 0.16200000047683716 -0.026499997824430466 -0.04349999874830246 0.16765685379505157 -0.03449999913573265 -0.03784314543008804 0.16661880910396576 -0.029881196096539497 -0.038881197571754456 0.16765685379505157 -0.028843143954873085 -0.04349999874830246 0.16200000047683716 -0.028843143954873085 -0.03784314543008804</float_array><technique_common><accessor source="#mesh19-array" count="56" stride="3"><param name="X" type="float" /><param name="Y" type="float" /><param name="Z" type="float" /></accessor></technique_common></source><source id="mesh19-normals"><float_array id="mesh19-normals-array" count="324">-0.2817472815513611 -0.367180198431015 -0.8864520788192749 -0.3671799600124359 -0.28174734115600586 -0.8864520788192749 -0.36718010902404785 -0.8864520788192749 -0.28174713253974915 -0.2817472517490387 -0.8864520192146301 -0.36718010902404785 -0.8864522576332092 -0.28174734115600586 -0.3671795725822449 -0.8864522576332092 -0.3671796917915344 -0.2817472219467163 -0.2817472517490387 -0.8864520788192749 0.36718007922172546 -0.3671799600124359 -0.8864521980285645 0.28174731135368347 -0.3671799302101135 -0.28174734115600586 0.8864520788192749 -0.2817472517490387 -0.36718010902404785 0.8864520192146301 -0.8864522576332092 -0.3671797215938568 0.2817472815513611 -0.8864522576332092 -0.28174734115600586 0.36717966198921204 -0.3671799302101135 0.28174734115600586 -0.8864520788192749 -0.2817472517490387 0.36718010902404785 -0.8864520192146301 -0.8864522576332092 0.3671797215938568 -0.2817472815513611 -0.8864522576332092 0.28174734115600586 -0.36717966198921204 -0.2817472517490387 0.8864520788192749 -0.36718007922172546 -0.3671799600124359 0.8864521980285645 -0.28174731135368347 -0.2817472815513611 0.367180198431015 0.8864520788192749 -0.3671799600124359 0.28174734115600586 0.8864520788192749 -0.36718010902404785 0.8864520788192749 0.28174713253974915 -0.2817472517490387 0.8864520192146301 0.36718010902404785 -0.8864522576332092 0.28174734115600586 0.3671795725822449 -0.8864522576332092 0.3671796917915344 0.2817472219467163 0.3671799302101135 -0.28174734115600586 -0.8864520788192749 0.2817472517490387 -0.36718010902404785 -0.8864520192146301 0.8864522576332092 -0.3671797215938568 -0.2817472815513611 0.8864522576332092 -0.28174734115600586 -0.36717966198921204 0.2817472517490387 -0.8864520788192749 -0.36718007922172546 0.3671799600124359 -0.8864521980285645 -0.28174731135368347 0.2817472815513611 -0.367180198431015 0.8864520788192749 0.3671799600124359 -0.28174734115600586 0.8864520788192749 0.36718010902404785 -0.8864520788192749 0.28174713253974915 0.2817472517490387 -0.8864520192146301 0.36718010902404785 0.8864522576332092 -0.28174734115600586 0.3671795725822449 0.8864522576332092 -0.3671796917915344 0.2817472219467163 0.2817472815513611 0.367180198431015 -0.8864520788192749 0.3671799600124359 0.28174734115600586 -0.8864520788192749 0.36718010902404785 0.8864520788192749 -0.28174713253974915 0.2817472517490387 0.8864520192146301 -0.36718010902404785 0.8864522576332092 0.28174734115600586 -0.3671795725822449 0.8864522576332092 0.3671796917915344 -0.2817472219467163 0.3671799302101135 0.28174734115600586 0.8864520788192749 0.2817472517490387 0.36718010902404785 0.8864520192146301 0.8864522576332092 0.3671797215938568 0.2817472815513611 0.8864522576332092 0.28174734115600586 0.36717966198921204 0.2817472517490387 0.8864520788192749 0.36718007922172546 0.3671799600124359 0.8864521980285645 0.28174731135368347 -0.3826829791069031 0.0 -0.9238797426223755 -0.3826829791069031 0.0 -0.9238797426223755 -0.923879861831665 0.0 -0.38268259167671204 -0.923879861831665 -3.240008794591631e-08 -0.3826826214790344 -0.3826829791069031 -0.9238797426223755 0.0 -0.382683128118515 -0.9238796830177307 -1.2291859263768856e-07 -0.9238799214363098 -0.3826827108860016 -5.091444421623237e-08 -0.9238798022270203 -0.3826827108860016 0.0 -0.3826829791069031 0.0 0.9238797426223755 -0.3826829791069031 0.0 0.9238797426223755 -0.923879861831665 0.0 0.38268259167671204 -0.923879861831665 3.240008794591631e-08 0.3826826214790344 -0.3826829791069031 0.9238797426223755 0.0 -0.382683128118515 0.9238796830177307 1.2291859263768856e-07 -0.9238799214363098 0.3826827108860016 5.091444421623237e-08 -0.9238798022270203 0.3826827108860016 0.0 -4.242876272542162e-09 0.38268333673477173 -0.9238796234130859 0.0 0.3826833665370941 -0.9238795638084412 0.0 0.9238796234130859 -0.38268327713012695 -4.242876272542162e-09 0.9238796234130859 -0.38268333673477173 4.242876272542162e-09 0.38268333673477173 0.9238796234130859 0.0 0.3826833665370941 0.9238795638084412 0.0 0.9238796234130859 0.38268327713012695 4.242876272542162e-09 0.9238796234130859 0.38268333673477173 0.9238798022270203 0.3826827108860016 0.0 0.9238799214363098 0.3826827108860016 -5.091444421623237e-08 0.3826830983161926 0.9238796830177307 -1.2291859263768856e-07 0.3826829791069031 0.9238797426223755 0.0 0.3826829791069031 0.0 -0.9238797426223755 0.3826829791069031 0.0 -0.9238797426223755 0.923879861831665 0.0 -0.38268259167671204 0.923879861831665 3.240008794591631e-08 -0.3826826214790344 0.3826829791069031 0.0 0.9238797426223755 0.3826829791069031 0.0 0.9238797426223755 0.923879861831665 0.0 0.38268259167671204 0.923879861831665 -3.240008794591631e-08 0.3826826214790344 0.3826829791069031 -0.9238797426223755 0.0 0.382683128118515 -0.9238796830177307 1.2291859263768856e-07 0.9238799214363098 -0.3826827108860016 5.091444421623237e-08 0.9238798022270203 -0.3826827108860016 0.0 4.242876272542162e-09 -0.38268333673477173 -0.9238796234130859 0.0 -0.3826833665370941 -0.9238795638084412 0.0 -0.9238796234130859 -0.38268327713012695 4.242876272542162e-09 -0.9238796234130859 -0.38268333673477173 -4.242876272542162e-09 -0.38268333673477173 0.9238796234130859 0.0 -0.3826833665370941 0.9238795638084412 0.0 -0.9238796234130859 0.38268327713012695 -4.242876272542162e-09 -0.9238796234130859 0.38268333673477173 0.0 0.0 -1.0 0.0 0.0 -1.0 -1.0 0.0 0.0 -1.0 0.0 0.0 0.0 -1.0 0.0 0.0 -1.0 0.0 0.0 0.0 1.0 0.0 0.0 1.0 0.0 1.0 0.0 0.0 1.0 0.0 1.0 0.0 0.0 1.0 0.0 0.0</float_array><technique_common><accessor source="#mesh19-normals-array" count="108" stride="3"><param name="X" type="float" /><param name="Y" type="float" /><param name="Z" type="float" /></accessor></technique_common></source><vertices id="mesh19-vertices"><input semantic="POSITION" source="#mesh19-positions" /></vertices><triangles count="108" material="rubber"><input semantic="VERTEX" source="#mesh19-vertices" offset="0" /><input semantic="NORMAL" source="#mesh19-normals" offset="1" /><p>0 0 3 0 4 0 0 1 4 1 6 1 1 2 5 2 4 2 1 3 4 3 3 3 2 4 6 4 4 4 2 5 4 5 5 5 7 6 10 6 11 6 7 7 11 7 13 7 8 8 12 8 11 8 8 9 11 9 10 9 9 10 13 10 11 10 9 11 11 11 12 11 14 12 17 12 18 12 14 13 18 13 20 13 15 14 19 14 18 14 15 15 18 15 17 15 16 16 20 16 18 16 16 17 18 17 19 17 21 18 24 18 25 18 21 19 25 19 27 19 22 20 26 20 25 20 22 21 25 21 24 21 23 22 27 22 25 22 23 23 25 23 26 23 28 24 31 24 32 24 28 25 32 25 34 25 29 26 33 26 32 26 29 27 32 27 31 27 30 28 34 28 32 28 30 29 32 29 33 29 35 30 38 30 39 30 35 31 39 31 41 31 36 32 40 32 39 32 36 33 39 33 38 33 37 34 41 34 39 34 37 35 39 35 40 35 42 36 45 36 46 36 42 37 46 37 48 37 43 38 47 38 46 38 43 39 46 39 45 39 44 40 48 40 46 40 44 41 46 41 47 41 49 42 52 42 53 42 49 43 53 43 55 43 50 44 54 44 53 44 50 45 53 45 52 45 51 46 55 46 53 46 51 47 53 47 54 47 14 48 0 48 6 48 14 49 6 49 17 49 17 50 6 50 2 50 17 51 2 51 15 51 1 52 7 52 13 52 1 53 13 53 5 53 5 54 13 54 9 54 5 55 9 55 2 55 8 56 21 56 27 56 8 57 27 57 12 57 12 58 27 58 23 58 12 59 23 59 9 59 22 60 16 60 19 60 22 61 19 61 26 61 26 62 19 62 15 62 26 63 15 63 23 63 42 64 14 64 20 64 42 65 20 65 45 65 45 66 20 66 16 66 45 67 16 67 43 67 21 68 49 68 55 68 21 69 55 69 24 69 24 70 55 70 51 70 24 71 51 71 22 71 50 72 44 72 47 72 50 73 47 73 54 73 54 74 47 74 43 74 54 75 43 75 51 75 28 76 42 76 48 76 28 77 48 77 31 77 31 78 48 78 44 78 31 79 44 79 29 79 49 80 35 80 41 80 49 81 41 81 52 81 52 82 41 82 37 82 52 83 37 83 50 83 36 84 30 84 33 84 36 85 33 85 40 85 40 86 33 86 29 86 40 87 29 87 37 87 0 88 28 88 34 88 0 89 34 89 3 89 3 90 34 90 30 90 3 91 30 91 1 91 35 92 8 92 10 92 35 93 10 93 38 93 38 94 10 94 7 94 38 95 7 95 36 95 14 96 42 96 28 96 14 97 28 97 0 97 2 98 9 98 23 98 2 99 23 99 15 99 30 100 36 100 7 100 30 101 7 101 1 101 49 102 21 102 8 102 49 103 8 103 35 103 16 104 22 104 51 104 16 105 51 105 43 105 44 106 50 106 37 106 44 107 37 107 29 107</p></triangles></mesh></geometry><geometry id="mesh20"><mesh><source id="mesh20-positions"><float_array id="mesh20-array" count="144">0.07500000298023224 -0.05300000309944153 -0.010999996215105057 0.07500000298023224 -0.027000000700354576 -0.010999999940395355 0.07060007750988007 -0.05300000309944153 -0.011579257436096668 0.07060007750988007 -0.027000000700354576 -0.011579261161386967 0.06650000065565109 -0.05300000309944153 -0.013277566991746426 0.06650000065565109 -0.027000000700354576 -0.01327756978571415 0.06297918409109116 -0.05300000309944153 -0.015979183837771416 0.06297918409109116 -0.026999998837709427 -0.015979185700416565 0.06027756631374359 -0.05300000309944153 -0.019500000402331352 0.06027756631374359 -0.026999998837709427 -0.01950000412762165 0.05857925862073898 -0.05299999937415123 -0.023600077256560326 0.05857925862073898 -0.026999998837709427 -0.023600080981850624 0.057999998331069946 -0.05299999937415123 -0.02800000086426735 0.057999998331069946 -0.026999998837709427 -0.028000004589557648 0.05857925862073898 -0.05299999937415123 -0.03239992633461952 0.05857925862073898 -0.026999996975064278 -0.03239993005990982 0.06027757003903389 -0.05299999937415123 -0.036500003188848495 0.06027757003903389 -0.026999996975064278 -0.036500006914138794 0.06297918409109116 -0.05299999937415123 -0.04002081975340843 0.06297918409109116 -0.026999996975064278 -0.04002082347869873 0.06650000065565109 -0.05299999937415123 -0.0427224338054657 0.06650000065565109 -0.02699999511241913 -0.042722437530756 0.07060007750988007 -0.05299999937415123 -0.044420741498470306 0.07060007750988007 -0.02699999511241913 -0.044420745223760605 0.07500000298023224 -0.05299999937415123 -0.04500000178813934 0.07500000298023224 -0.02699999511241913 -0.04500000551342964 0.07939992845058441 -0.05299999937415123 -0.044420741498470306 0.07939992845058441 -0.02699999511241913 -0.044420745223760605 0.08350000530481339 -0.05299999937415123 -0.0427224300801754 0.08350000530481339 -0.02699999511241913 -0.0427224338054657 0.08702082186937332 -0.05299999937415123 -0.040020816028118134 0.08702082186937332 -0.026999996975064278 -0.04002081975340843 0.08972243964672089 -0.05299999937415123 -0.0364999994635582 0.08972243964672089 -0.026999996975064278 -0.036500003188848495 0.0914207473397255 -0.05299999937415123 -0.032399922609329224 0.0914207473397255 -0.026999996975064278 -0.03239992633461952 0.09200000762939453 -0.05299999937415123 -0.02799999713897705 0.09200000762939453 -0.026999998837709427 -0.02800000086426735 0.0914207473397255 -0.05299999937415123 -0.023600071668624878 0.0914207473397255 -0.026999998837709427 -0.023600075393915176 0.08972243964672089 -0.05300000309944153 -0.019499994814395905 0.08972243964672089 -0.026999998837709427 -0.019499998539686203 0.08702082186937332 -0.05300000309944153 -0.015979180112481117 0.08702082186937332 -0.026999998837709427 -0.015979181975126266 0.08350000530481339 -0.05300000309944153 -0.013277564197778702 0.08350000530481339 -0.027000000700354576 -0.013277566991746426 0.07939992845058441 -0.05300000309944153 -0.011579255573451519 0.07939992845058441 -0.027000000700354576 -0.011579259298741817</float_array><technique_common><accessor source="#mesh20-array" count="48" stride="3"><param name="X" type="float" /><param name="Y" type="float" /><param name="Z" type="float" /></accessor></technique_common></source><source id="mesh20-normals"><float_array id="mesh20-normals-array" count="276">-0.13052618503570557 1.332093830797021e-07 0.9914449453353882 -0.13052618503570557 1.332093830797021e-07 0.9914449453353882 -0.3826838433742523 1.241313469790839e-07 0.9238794445991516 -0.3826838433742523 1.241313469790839e-07 0.9238794445991516 -0.6087613701820374 1.0659404381385684e-07 0.7933533787727356 -0.6087613701820374 1.0659404381385684e-07 0.7933533787727356 -0.7933535575866699 8.179245014616754e-08 0.608761191368103 -0.7933535575866699 8.179245014616754e-08 0.608761191368103 -0.9238795638084412 5.1416925828107196e-08 0.3826836347579956 -0.9238795638084412 5.1416925828107196e-08 0.3826836347579956 -0.9914449453353882 1.7537310270654416e-08 0.13052591681480408 -0.9914449453353882 1.7537310270654416e-08 0.13052591681480408 -0.9914449453353882 -1.7537349350504883e-08 -0.13052621483802795 -0.9914449453353882 -1.7537349350504883e-08 -0.13052621483802795 -0.9238794445991516 -5.1416961355243984e-08 -0.3826839327812195 -0.9238794445991516 -5.1416961355243984e-08 -0.3826839327812195 -0.7933533191680908 -8.179247856787697e-08 -0.6087614297866821 -0.7933533191680908 -8.179247856787697e-08 -0.6087614297866821 -0.6087611317634583 -1.0659407223556627e-07 -0.7933536171913147 -0.6087611317634583 -1.0659407223556627e-07 -0.7933536171913147 -0.38268354535102844 -1.2413137540079333e-07 -0.9238795638084412 -0.38268354535102844 -1.2413137540079333e-07 -0.9238795638084412 -0.1305258870124817 -1.332093830797021e-07 -0.9914449453353882 -0.1305258870124817 -1.332093830797021e-07 -0.9914449453353882 0.13052618503570557 -1.332093830797021e-07 -0.9914449453353882 0.13052618503570557 -1.332093830797021e-07 -0.9914449453353882 0.3826838433742523 -1.241313469790839e-07 -0.9238794445991516 0.3826838433742523 -1.241313469790839e-07 -0.9238794445991516 0.6087613701820374 -1.0659404381385684e-07 -0.7933533787727356 0.6087613701820374 -1.0659404381385684e-07 -0.7933533787727356 0.7933535575866699 -8.179245014616754e-08 -0.608761191368103 0.7933535575866699 -8.179245014616754e-08 -0.608761191368103 0.9238795638084412 -5.1416925828107196e-08 -0.3826836347579956 0.9238795638084412 -5.1416925828107196e-08 -0.3826836347579956 0.9914449453353882 -1.7537310270654416e-08 -0.13052591681480408 0.9914449453353882 -1.7537310270654416e-08 -0.13052591681480408 0.9914449453353882 1.7537349350504883e-08 0.13052621483802795 0.9914449453353882 1.7537349350504883e-08 0.13052621483802795 0.9238794445991516 5.1416961355243984e-08 0.3826839327812195 0.9238794445991516 5.1416961355243984e-08 0.3826839327812195 0.7933533191680908 8.179247856787697e-08 0.6087614297866821 0.7933533191680908 8.179247856787697e-08 0.6087614297866821 0.6087611317634583 1.0659407223556627e-07 0.7933536171913147 0.6087611317634583 1.0659407223556627e-07 0.7933536171913147 -2.028761815660307e-14 1.0 1.343588280633412e-07 -2.028761815660307e-14 1.0 1.343588280633412e-07 -2.028761815660307e-14 1.0 1.343588280633412e-07 -2.028761815660307e-14 1.0 1.343588280633412e-07 -2.028761815660307e-14 1.0 1.343588280633412e-07 -2.028761815660307e-14 1.0 1.343588280633412e-07 -2.028761815660307e-14 1.0 1.343588280633412e-07 -2.028761815660307e-14 1.0 1.343588280633412e-07 -2.028761815660307e-14 1.0 1.343588280633412e-07 -2.028761815660307e-14 1.0 1.343588280633412e-07 -2.028761815660307e-14 1.0 1.343588280633412e-07 -2.028761815660307e-14 1.0 1.343588280633412e-07 -2.0287619850668966e-14 1.0 1.343588280633412e-07 -2.028761815660307e-14 1.0 1.343588280633412e-07 -2.028761815660307e-14 1.0 1.343588280633412e-07 -2.0287619850668966e-14 1.0 1.343588280633412e-07 -2.028761815660307e-14 1.0 1.343588280633412e-07 -2.028761815660307e-14 1.0 1.343588280633412e-07 -2.028761815660307e-14 1.0 1.343588280633412e-07 -2.028761815660307e-14 1.0 1.343588280633412e-07 -2.028761815660307e-14 1.0 1.343588280633412e-07 -2.028761815660307e-14 1.0 1.343588280633412e-07 0.38268354535102844 1.2413137540079333e-07 0.9238795638084412 0.38268354535102844 1.2413137540079333e-07 0.9238795638084412 0.1305258870124817 1.332093830797021e-07 0.9914449453353882 0.1305258870124817 1.332093830797021e-07 0.9914449453353882 2.028761815660307e-14 -1.0 -1.343588280633412e-07 2.028761815660307e-14 -1.0 -1.343588280633412e-07 2.028761815660307e-14 -1.0 -1.343588280633412e-07 2.028761815660307e-14 -1.0 -1.343588280633412e-07 2.028761815660307e-14 -1.0 -1.343588280633412e-07 2.028761815660307e-14 -1.0 -1.343588280633412e-07 2.028761815660307e-14 -1.0 -1.343588280633412e-07 2.028761815660307e-14 -1.0 -1.343588280633412e-07 2.028761815660307e-14 -1.0 -1.343588280633412e-07 2.028761815660307e-14 -1.0 -1.343588280633412e-07 2.028761815660307e-14 -1.0 -1.343588280633412e-07 2.028761815660307e-14 -1.0 -1.343588280633412e-07 2.028761815660307e-14 -1.0 -1.343588280633412e-07 2.028761815660307e-14 -1.0 -1.343588280633412e-07 2.0287619850668966e-14 -1.0 -1.343588280633412e-07 2.028761815660307e-14 -1.0 -1.343588280633412e-07 2.028761815660307e-14 -1.0 -1.343588280633412e-07 2.0287619850668966e-14 -1.0 -1.343588280633412e-07 2.028761815660307e-14 -1.0 -1.343588280633412e-07 2.028761815660307e-14 -1.0 -1.343588280633412e-07 2.028761815660307e-14 -1.0 -1.343588280633412e-07 2.028761815660307e-14 -1.0 -1.343588280633412e-07</float_array><technique_common><accessor source="#mesh20-normals-array" count="92" stride="3"><param name="X" type="float" /><param name="Y" type="float" /><param name="Z" type="float" /></accessor></technique_common></source><vertices id="mesh20-vertices"><input semantic="POSITION" source="#mesh20-positions" /></vertices><triangles count="92" material="graphite"><input semantic="VERTEX" source="#mesh20-vertices" offset="0" /><input semantic="NORMAL" source="#mesh20-normals" offset="1" /><p>0 0 1 0 3 0 0 1 3 1 2 1 2 2 3 2 5 2 2 3 5 3 4 3 4 4 5 4 7 4 4 5 7 5 6 5 6 6 7 6 9 6 6 7 9 7 8 7 8 8 9 8 11 8 8 9 11 9 10 9 10 10 11 10 13 10 10 11 13 11 12 11 12 12 13 12 15 12 12 13 15 13 14 13 14 14 15 14 17 14 14 15 17 15 16 15 16 16 17 16 19 16 16 17 19 17 18 17 18 18 19 18 21 18 18 19 21 19 20 19 20 20 21 20 23 20 20 21 23 21 22 21 22 22 23 22 25 22 22 23 25 23 24 23 24 24 25 24 27 24 24 25 27 25 26 25 26 26 27 26 29 26 26 27 29 27 28 27 28 28 29 28 31 28 28 29 31 29 30 29 30 30 31 30 33 30 30 31 33 31 32 31 32 32 33 32 35 32 32 33 35 33 34 33 34 34 35 34 37 34 34 35 37 35 36 35 36 36 37 36 39 36 36 37 39 37 38 37 38 38 39 38 41 38 38 39 41 39 40 39 40 40 41 40 43 40 40 41 43 41 42 41 42 42 43 42 45 42 42 43 45 43 44 43 5 44 3 44 1 44 1 45 47 45 45 45 45 46 43 46 41 46 41 47 39 47 37 47 37 48 35 48 33 48 33 49 31 49 29 49 29 50 27 50 25 50 25 51 23 51 21 51 21 52 19 52 17 52 17 53 15 53 13 53 13 54 11 54 9 54 9 55 7 55 5 55 5 56 1 56 45 56 45 57 41 57 37 57 37 58 33 58 29 58 29 59 25 59 21 59 21 60 17 60 13 60 13 61 9 61 5 61 5 62 45 62 37 62 37 63 29 63 21 63 21 64 13 64 5 64 37 65 21 65 5 65 44 66 45 66 47 66 44 67 47 67 46 67 46 68 47 68 1 68 46 69 1 69 0 69 46 70 0 70 2 70 2 71 4 71 6 71 6 72 8 72 10 72 10 73 12 73 14 73 14 74 16 74 18 74 18 75 20 75 22 75 22 76 24 76 26 76 26 77 28 77 30 77 30 78 32 78 34 78 34 79 36 79 38 79 38 80 40 80 42 80 42 81 44 81 46 81 46 82 2 82 6 82 6 83 10 83 14 83 14 84 18 84 22 84 22 85 26 85 30 85 30 86 34 86 38 86 38 87 42 87 46 87 46 88 6 88 14 88 14 89 22 89 30 89 30 90 38 90 46 90 14 91 30 91 46 91</p></triangles></mesh></geometry><geometry id="mesh21"><mesh><source id="mesh21-positions"><float_array id="mesh21-array" count="144">0.00662694638594985 -3.76279940539348e-09 -0.01311079878360033 0.10162694752216339 2.3275330551797424e-09 -0.026110805571079254 0.006571509409695864 0.003105824813246727 -0.013515913859009743 0.10157150775194168 0.003105830866843462 -0.026515919715166092 0.00640897685661912 0.005999996326863766 -0.01470364909619093 0.10140897333621979 0.006000002380460501 -0.027703654021024704 0.00615042494609952 0.008485277183353901 -0.01659306511282921 0.10115042328834534 0.008485283702611923 -0.029593070968985558 0.0058134738355875015 0.01039230078458786 -0.019055398181080818 0.10081347078084946 0.010392307303845882 -0.03205540403723717 0.005421086214482784 0.011591106653213501 -0.021922845393419266 0.10042108595371246 0.011591112241148949 -0.034922853112220764 0.00500000175088644 0.011999997310340405 -0.02499999664723873 0.10000000149011612 0.012000002898275852 -0.03800000250339508 0.004578918218612671 0.011591106653213501 -0.028077147901058197 0.09957891702651978 0.011591112241148949 -0.0410771518945694 0.004186530131846666 0.010392301715910435 -0.030944596976041794 0.09918653219938278 0.010392308235168457 -0.043944600969552994 0.0038495794869959354 0.008485278114676476 -0.033406928181648254 0.0988495796918869 0.008485284633934498 -0.04640693590044975 0.003591027809306979 0.005999997723847628 -0.03529634699225426 0.09859102964401245 0.006000003777444363 -0.04829635098576546 0.0034284957218915224 0.003105826210230589 -0.03648408129811287 0.09842849522829056 0.003105832263827324 -0.04948408529162407 0.0033730589784681797 -2.3275330551797424e-09 -0.03688919544219971 0.09837305545806885 3.76279940539348e-09 -0.049889203161001205 0.0034284961875528097 -0.003105830866843462 -0.03648408129811287 0.09842849522829056 -0.003105824813246727 -0.04948408901691437 0.003591028740629554 -0.006000002380460501 -0.03529634699225426 0.09859102964401245 -0.005999996326863766 -0.04829635098576546 0.00384958041831851 -0.008485283702611923 -0.03340693190693855 0.0988495796918869 -0.008485277183353901 -0.04640693590044975 0.004186531528830528 -0.010392307303845882 -0.030944596976041794 0.09918653219938278 -0.01039230078458786 -0.04394460469484329 0.0045789191499352455 -0.011591112241148949 -0.028077149763703346 0.09957891702651978 -0.011591106653213501 -0.041077155619859695 0.0050000036135315895 -0.012000002898275852 -0.02499999850988388 0.10000000149011612 -0.011999997310340405 -0.03800000250339508 0.005421087145805359 -0.011591112241148949 -0.021922847256064415 0.10042108595371246 -0.011591106653213501 -0.034922853112220764 0.0058134752325713634 -0.010392308235168457 -0.019055398181080818 0.10081347078084946 -0.010392301715910435 -0.03205540403723717 0.006150425877422094 -0.008485284633934498 -0.01659306511282921 0.10115042328834534 -0.008485278114676476 -0.029593070968985558 0.006408977322280407 -0.006000003777444363 -0.01470364909619093 0.10140897333621979 -0.005999997723847628 -0.027703655883669853 0.006571509409695864 -0.003105832263827324 -0.013515913859009743 0.10157150775194168 -0.003105826210230589 -0.026515919715166092</float_array><technique_common><accessor source="#mesh21-array" count="48" stride="3"><param name="X" type="float" /><param name="Y" type="float" /><param name="Z" type="float" /></accessor></technique_common></source><source id="mesh21-normals"><float_array id="mesh21-normals-array" count="276">0.13441875576972961 0.1305263191461563 0.9822904467582703 0.13441875576972961 0.1305263191461563 0.9822904467582703 0.12525832653045654 0.3826833665370941 0.9153490662574768 0.12525832653045654 0.3826833665370941 0.9153490662574768 0.10756172239780426 0.6087614297866821 0.7860279083251953 0.10756172239780426 0.6087614297866821 0.7860279083251953 0.082535021007061 0.793353259563446 0.603140652179718 0.082535021007061 0.793353259563446 0.603140652179718 0.051883649080991745 0.9238796234130859 0.37915000319480896 0.051883649080991745 0.9238796234130859 0.37915000319480896 0.01769653521478176 0.9914448857307434 0.12932124733924866 0.01769653521478176 0.9914448857307434 0.12932124733924866 -0.017696643248200417 0.9914448857307434 -0.12932109832763672 -0.017696643248200417 0.9914448857307434 -0.12932109832763672 -0.0518837533891201 0.9238796234130859 -0.3791498839855194 -0.0518837533891201 0.9238796234130859 -0.3791498839855194 -0.08253510296344757 0.793353259563446 -0.6031404733657837 -0.08253510296344757 0.793353259563446 -0.6031404733657837 -0.10756179690361023 0.6087616086006165 -0.7860279083251953 -0.10756179690361023 0.6087616086006165 -0.7860279083251953 -0.12525834143161774 0.3826834261417389 -0.9153489470481873 -0.12525834143161774 0.3826834261417389 -0.9153489470481873 -0.13441875576972961 0.13052643835544586 -0.9822904467582703 -0.13441875576972961 0.13052643835544586 -0.9822904467582703 -0.13441875576972961 -0.1305263191461563 -0.9822904467582703 -0.13441875576972961 -0.1305263191461563 -0.9822904467582703 -0.12525832653045654 -0.3826833665370941 -0.9153490662574768 -0.12525832653045654 -0.3826833665370941 -0.9153490662574768 -0.10756172239780426 -0.6087614297866821 -0.7860279083251953 -0.10756172239780426 -0.6087614297866821 -0.7860279083251953 -0.082535021007061 -0.793353259563446 -0.603140652179718 -0.082535021007061 -0.793353259563446 -0.603140652179718 -0.051883649080991745 -0.9238796234130859 -0.37915000319480896 -0.051883649080991745 -0.9238796234130859 -0.37915000319480896 -0.01769653521478176 -0.9914448857307434 -0.12932124733924866 -0.01769653521478176 -0.9914448857307434 -0.12932124733924866 0.017696643248200417 -0.9914448857307434 0.12932109832763672 0.017696643248200417 -0.9914448857307434 0.12932109832763672 0.0518837533891201 -0.9238796234130859 0.3791498839855194 0.0518837533891201 -0.9238796234130859 0.3791498839855194 0.08253510296344757 -0.793353259563446 0.6031404733657837 0.08253510296344757 -0.793353259563446 0.6031404733657837 0.10756179690361023 -0.6087616086006165 0.7860279083251953 0.10756179690361023 -0.6087616086006165 0.7860279083251953 0.9907665848731995 6.786209638676155e-08 -0.13557863235473633 0.9907665848731995 6.786209638676155e-08 -0.13557863235473633 0.9907665848731995 6.786209638676155e-08 -0.13557863235473633 0.9907665848731995 6.786209638676155e-08 -0.13557863235473633 0.9907665848731995 6.786209638676155e-08 -0.13557863235473633 0.9907665848731995 6.786209638676155e-08 -0.13557863235473633 0.9907665848731995 6.786209638676155e-08 -0.13557863235473633 0.9907665848731995 6.786209638676155e-08 -0.13557863235473633 0.9907665848731995 6.786209638676155e-08 -0.13557863235473633 0.9907665848731995 6.786209638676155e-08 -0.13557863235473633 0.9907665848731995 6.786209638676155e-08 -0.13557863235473633 0.9907665848731995 6.786209638676155e-08 -0.13557863235473633 0.9907665848731995 6.786209638676155e-08 -0.13557863235473633 0.9907665848731995 6.786209638676155e-08 -0.13557863235473633 0.9907665848731995 6.786209638676155e-08 -0.13557863235473633 0.9907665848731995 6.786209638676155e-08 -0.13557863235473633 0.9907665848731995 6.786209638676155e-08 -0.13557863235473633 0.9907665848731995 6.786209638676155e-08 -0.13557863235473633 0.9907665848731995 6.786209638676155e-08 -0.13557863235473633 0.9907665848731995 6.786209638676155e-08 -0.13557863235473633 0.9907665848731995 6.786209638676155e-08 -0.13557863235473633 0.9907665848731995 6.786209638676155e-08 -0.13557863235473633 0.12525834143161774 -0.3826834261417389 0.9153489470481873 0.12525834143161774 -0.3826834261417389 0.9153489470481873 0.13441875576972961 -0.13052643835544586 0.9822904467582703 0.13441875576972961 -0.13052643835544586 0.9822904467582703 -0.9907665848731995 -6.786209638676155e-08 0.13557863235473633 -0.9907665848731995 -6.786209638676155e-08 0.13557863235473633 -0.9907665848731995 -6.786209638676155e-08 0.13557863235473633 -0.9907665848731995 -6.786209638676155e-08 0.13557863235473633 -0.9907665848731995 -6.786209638676155e-08 0.13557863235473633 -0.9907665848731995 -6.786209638676155e-08 0.13557863235473633 -0.9907665848731995 -6.786209638676155e-08 0.13557863235473633 -0.9907665848731995 -6.786209638676155e-08 0.13557863235473633 -0.9907665848731995 -6.786209638676155e-08 0.13557863235473633 -0.9907665848731995 -6.786209638676155e-08 0.13557863235473633 -0.9907665848731995 -6.786209638676155e-08 0.13557863235473633 -0.9907665848731995 -6.786209638676155e-08 0.13557863235473633 -0.9907665848731995 -6.786209638676155e-08 0.13557863235473633 -0.9907665848731995 -6.786209638676155e-08 0.13557863235473633 -0.9907665848731995 -6.786209638676155e-08 0.13557863235473633 -0.9907665848731995 -6.786209638676155e-08 0.13557863235473633 -0.9907665848731995 -6.786209638676155e-08 0.13557863235473633 -0.9907665848731995 -6.786209638676155e-08 0.13557863235473633 -0.9907665848731995 -6.786209638676155e-08 0.13557863235473633 -0.9907665848731995 -6.786209638676155e-08 0.13557863235473633 -0.9907665848731995 -6.786209638676155e-08 0.13557863235473633 -0.9907665848731995 -6.786209638676155e-08 0.13557863235473633</float_array><technique_common><accessor source="#mesh21-normals-array" count="92" stride="3"><param name="X" type="float" /><param name="Y" type="float" /><param name="Z" type="float" /></accessor></technique_common></source><vertices id="mesh21-vertices"><input semantic="POSITION" source="#mesh21-positions" /></vertices><triangles count="92" material="titanium"><input semantic="VERTEX" source="#mesh21-vertices" offset="0" /><input semantic="NORMAL" source="#mesh21-normals" offset="1" /><p>0 0 1 0 3 0 0 1 3 1 2 1 2 2 3 2 5 2 2 3 5 3 4 3 4 4 5 4 7 4 4 5 7 5 6 5 6 6 7 6 9 6 6 7 9 7 8 7 8 8 9 8 11 8 8 9 11 9 10 9 10 10 11 10 13 10 10 11 13 11 12 11 12 12 13 12 15 12 12 13 15 13 14 13 14 14 15 14 17 14 14 15 17 15 16 15 16 16 17 16 19 16 16 17 19 17 18 17 18 18 19 18 21 18 18 19 21 19 20 19 20 20 21 20 23 20 20 21 23 21 22 21 22 22 23 22 25 22 22 23 25 23 24 23 24 24 25 24 27 24 24 25 27 25 26 25 26 26 27 26 29 26 26 27 29 27 28 27 28 28 29 28 31 28 28 29 31 29 30 29 30 30 31 30 33 30 30 31 33 31 32 31 32 32 33 32 35 32 32 33 35 33 34 33 34 34 35 34 37 34 34 35 37 35 36 35 36 36 37 36 39 36 36 37 39 37 38 37 38 38 39 38 41 38 38 39 41 39 40 39 40 40 41 40 43 40 40 41 43 41 42 41 42 42 43 42 45 42 42 43 45 43 44 43 5 44 3 44 1 44 1 45 47 45 45 45 45 46 43 46 41 46 41 47 39 47 37 47 37 48 35 48 33 48 33 49 31 49 29 49 29 50 27 50 25 50 25 51 23 51 21 51 21 52 19 52 17 52 17 53 15 53 13 53 13 54 11 54 9 54 9 55 7 55 5 55 5 56 1 56 45 56 45 57 41 57 37 57 37 58 33 58 29 58 29 59 25 59 21 59 21 60 17 60 13 60 13 61 9 61 5 61 5 62 45 62 37 62 37 63 29 63 21 63 21 64 13 64 5 64 37 65 21 65 5 65 44 66 45 66 47 66 44 67 47 67 46 67 46 68 47 68 1 68 46 69 1 69 0 69 46 70 0 70 2 70 2 71 4 71 6 71 6 72 8 72 10 72 10 73 12 73 14 73 14 74 16 74 18 74 18 75 20 75 22 75 22 76 24 76 26 76 26 77 28 77 30 77 30 78 32 78 34 78 34 79 36 79 38 79 38 80 40 80 42 80 42 81 44 81 46 81 46 82 2 82 6 82 6 83 10 83 14 83 14 84 18 84 22 84 22 85 26 85 30 85 30 86 34 86 38 86 38 87 42 87 46 87 46 88 6 88 14 88 14 89 22 89 30 89 30 90 38 90 46 90 14 91 30 91 46 91</p></triangles></mesh></geometry><geometry id="mesh22"><mesh><source id="mesh22-positions"><float_array id="mesh22-array" count="168">0.07799999415874481 -0.005500000901520252 -0.05849999934434891 0.07799999415874481 -0.013500000350177288 -0.05049999803304672 0.06999999284744263 -0.005499999970197678 -0.05049999803304672 0.07799999415874481 -0.011156855151057243 -0.05615685135126114 0.07338118553161621 -0.010118803009390831 -0.05511879920959473 0.0723431408405304 -0.011156854219734669 -0.05049999803304672 0.0723431408405304 -0.005500000435858965 -0.05615685135126114 0.07799999415874481 -0.013500000350177288 -0.04349999874830246 0.07799999415874481 -0.005499999970197678 -0.035499997437000275 0.06999999284744263 -0.005499999970197678 -0.04349999874830246 0.07799999415874481 -0.011156855151057243 -0.03784314543008804 0.07338118553161621 -0.010118803009390831 -0.038881197571754456 0.0723431408405304 -0.005500000435858965 -0.03784314543008804 0.0723431408405304 -0.011156855151057243 -0.04349999874830246 0.07799999415874481 0.005499999970197678 -0.05849999934434891 0.06999999284744263 0.005499999970197678 -0.05049999803304672 0.07799999415874481 0.013500000350177288 -0.05049999803304672 0.0723431408405304 0.005500000435858965 -0.05615685135126114 0.07338118553161621 0.010118803009390831 -0.05511879920959473 0.0723431408405304 0.011156855151057243 -0.05049999803304672 0.07799999415874481 0.011156855151057243 -0.05615685135126114 0.07799999415874481 0.005500000901520252 -0.035499997437000275 0.07799999415874481 0.013500000350177288 -0.04349999874830246 0.06999999284744263 0.005499999970197678 -0.04349999874830246 0.07799999415874481 0.011156855151057243 -0.03784314543008804 0.07338118553161621 0.010118803009390831 -0.038881197571754456 0.0723431408405304 0.011156854219734669 -0.04349999874830246 0.0723431408405304 0.005500000435858965 -0.03784314543008804 0.16200000047683716 -0.005499999970197678 -0.05849999934434891 0.17000000178813934 -0.005499999970197678 -0.05049999803304672 0.16200000047683716 -0.013500000350177288 -0.05049999803304672 0.16765685379505157 -0.005500000435858965 -0.05615685135126114 0.16661880910396576 -0.010118803009390831 -0.05511879920959473 0.16765685379505157 -0.011156855151057243 -0.05049999803304672 0.16200000047683716 -0.011156855151057243 -0.05615685135126114 0.16200000047683716 -0.005500000901520252 -0.035499997437000275 0.16200000047683716 -0.013500000350177288 -0.04349999874830246 0.17000000178813934 -0.005499999970197678 -0.04349999874830246 0.16200000047683716 -0.011156855151057243 -0.03784314543008804 0.16661880910396576 -0.010118803009390831 -0.038881197571754456 0.16765685379505157 -0.011156854219734669 -0.04349999874830246 0.16765685379505157 -0.005500000435858965 -0.03784314543008804 0.16200000047683716 0.005500000901520252 -0.05849999934434891 0.16200000047683716 0.013500000350177288 -0.05049999803304672 0.17000000178813934 0.005499999970197678 -0.05049999803304672 0.16200000047683716 0.011156855151057243 -0.05615685135126114 0.16661880910396576 0.010118803009390831 -0.05511879920959473 0.16765685379505157 0.011156854219734669 -0.05049999803304672 0.16765685379505157 0.005500000435858965 -0.05615685135126114 0.16200000047683716 0.005499999970197678 -0.035499997437000275 0.17000000178813934 0.005499999970197678 -0.04349999874830246 0.16200000047683716 0.013500000350177288 -0.04349999874830246 0.16765685379505157 0.005500000435858965 -0.03784314543008804 0.16661880910396576 0.010118803009390831 -0.038881197571754456 0.16765685379505157 0.011156855151057243 -0.04349999874830246 0.16200000047683716 0.011156855151057243 -0.03784314543008804</float_array><technique_common><accessor source="#mesh22-array" count="56" stride="3"><param name="X" type="float" /><param name="Y" type="float" /><param name="Z" type="float" /></accessor></technique_common></source><source id="mesh22-normals"><float_array id="mesh22-normals-array" count="324">-0.2817472815513611 -0.367180198431015 -0.8864520788192749 -0.3671799600124359 -0.28174734115600586 -0.8864520788192749 -0.36718010902404785 -0.8864520788192749 -0.28174713253974915 -0.2817472517490387 -0.8864520192146301 -0.36718010902404785 -0.8864522576332092 -0.28174734115600586 -0.3671795725822449 -0.8864522576332092 -0.3671796917915344 -0.2817472219467163 -0.2817472517490387 -0.8864520788192749 0.36718007922172546 -0.3671799600124359 -0.8864521980285645 0.28174731135368347 -0.3671799302101135 -0.28174734115600586 0.8864520788192749 -0.2817472517490387 -0.36718010902404785 0.8864520192146301 -0.8864522576332092 -0.3671797215938568 0.2817472815513611 -0.8864522576332092 -0.28174734115600586 0.36717966198921204 -0.3671799302101135 0.28174734115600586 -0.8864520788192749 -0.2817472517490387 0.36718010902404785 -0.8864520192146301 -0.8864522576332092 0.3671797215938568 -0.2817472815513611 -0.8864522576332092 0.28174734115600586 -0.36717966198921204 -0.2817472517490387 0.8864520788192749 -0.36718007922172546 -0.3671799600124359 0.8864521980285645 -0.28174731135368347 -0.2817472815513611 0.367180198431015 0.8864520788192749 -0.3671799600124359 0.28174734115600586 0.8864520788192749 -0.36718010902404785 0.8864520788192749 0.28174713253974915 -0.2817472517490387 0.8864520192146301 0.36718010902404785 -0.8864522576332092 0.28174734115600586 0.3671795725822449 -0.8864522576332092 0.3671796917915344 0.2817472219467163 0.3671799302101135 -0.28174734115600586 -0.8864520788192749 0.2817472517490387 -0.36718010902404785 -0.8864520192146301 0.8864522576332092 -0.3671797215938568 -0.2817472815513611 0.8864522576332092 -0.28174734115600586 -0.36717966198921204 0.2817472517490387 -0.8864520788192749 -0.36718007922172546 0.3671799600124359 -0.8864521980285645 -0.28174731135368347 0.2817472815513611 -0.367180198431015 0.8864520788192749 0.3671799600124359 -0.28174734115600586 0.8864520788192749 0.36718010902404785 -0.8864520788192749 0.28174713253974915 0.2817472517490387 -0.8864520192146301 0.36718010902404785 0.8864522576332092 -0.28174734115600586 0.3671795725822449 0.8864522576332092 -0.3671796917915344 0.2817472219467163 0.2817472815513611 0.367180198431015 -0.8864520788192749 0.3671799600124359 0.28174734115600586 -0.8864520788192749 0.36718010902404785 0.8864520788192749 -0.28174713253974915 0.2817472517490387 0.8864520192146301 -0.36718010902404785 0.8864522576332092 0.28174734115600586 -0.3671795725822449 0.8864522576332092 0.3671796917915344 -0.2817472219467163 0.3671799302101135 0.28174734115600586 0.8864520788192749 0.2817472517490387 0.36718010902404785 0.8864520192146301 0.8864522576332092 0.3671797215938568 0.2817472815513611 0.8864522576332092 0.28174734115600586 0.36717966198921204 0.2817472517490387 0.8864520788192749 0.36718007922172546 0.3671799600124359 0.8864521980285645 0.28174731135368347 -0.3826829791069031 0.0 -0.9238797426223755 -0.3826829791069031 0.0 -0.9238797426223755 -0.923879861831665 0.0 -0.38268259167671204 -0.923879861831665 -3.240008794591631e-08 -0.3826826214790344 -0.3826829791069031 -0.9238797426223755 0.0 -0.382683128118515 -0.9238796830177307 -1.2291859263768856e-07 -0.9238799214363098 -0.3826827108860016 -5.091444421623237e-08 -0.9238798022270203 -0.3826827108860016 0.0 -0.3826829791069031 0.0 0.9238797426223755 -0.3826829791069031 0.0 0.9238797426223755 -0.923879861831665 0.0 0.38268259167671204 -0.923879861831665 3.240008794591631e-08 0.3826826214790344 -0.3826829791069031 0.9238797426223755 0.0 -0.382683128118515 0.9238796830177307 1.2291859263768856e-07 -0.9238799214363098 0.3826827108860016 5.091444421623237e-08 -0.9238798022270203 0.3826827108860016 0.0 -4.242876272542162e-09 0.38268333673477173 -0.9238796234130859 0.0 0.3826833665370941 -0.9238795638084412 0.0 0.9238796234130859 -0.38268327713012695 -4.242876272542162e-09 0.9238796234130859 -0.38268333673477173 4.242876272542162e-09 0.38268333673477173 0.9238796234130859 0.0 0.3826833665370941 0.9238795638084412 0.0 0.9238796234130859 0.38268327713012695 4.242876272542162e-09 0.9238796234130859 0.38268333673477173 0.9238798022270203 0.3826827108860016 0.0 0.9238799214363098 0.3826827108860016 -5.091444421623237e-08 0.3826830983161926 0.9238796830177307 -1.2291859263768856e-07 0.3826829791069031 0.9238797426223755 0.0 0.3826829791069031 0.0 -0.9238797426223755 0.3826829791069031 0.0 -0.9238797426223755 0.923879861831665 0.0 -0.38268259167671204 0.923879861831665 3.240008794591631e-08 -0.3826826214790344 0.3826829791069031 0.0 0.9238797426223755 0.3826829791069031 0.0 0.9238797426223755 0.923879861831665 0.0 0.38268259167671204 0.923879861831665 -3.240008794591631e-08 0.3826826214790344 0.3826829791069031 -0.9238797426223755 0.0 0.382683128118515 -0.9238796830177307 1.2291859263768856e-07 0.9238799214363098 -0.3826827108860016 5.091444421623237e-08 0.9238798022270203 -0.3826827108860016 0.0 4.242876272542162e-09 -0.38268333673477173 -0.9238796234130859 0.0 -0.3826833665370941 -0.9238795638084412 0.0 -0.9238796234130859 -0.38268327713012695 4.242876272542162e-09 -0.9238796234130859 -0.38268333673477173 -4.242876272542162e-09 -0.38268333673477173 0.9238796234130859 0.0 -0.3826833665370941 0.9238795638084412 0.0 -0.9238796234130859 0.38268327713012695 -4.242876272542162e-09 -0.9238796234130859 0.38268333673477173 0.0 0.0 -1.0 0.0 0.0 -1.0 -1.0 0.0 0.0 -1.0 0.0 0.0 0.0 -1.0 0.0 0.0 -1.0 0.0 0.0 0.0 1.0 0.0 0.0 1.0 0.0 1.0 0.0 0.0 1.0 0.0 1.0 0.0 0.0 1.0 0.0 0.0</float_array><technique_common><accessor source="#mesh22-normals-array" count="108" stride="3"><param name="X" type="float" /><param name="Y" type="float" /><param name="Z" type="float" /></accessor></technique_common></source><vertices id="mesh22-vertices"><input semantic="POSITION" source="#mesh22-positions" /></vertices><triangles count="108" material="rubber"><input semantic="VERTEX" source="#mesh22-vertices" offset="0" /><input semantic="NORMAL" source="#mesh22-normals" offset="1" /><p>0 0 3 0 4 0 0 1 4 1 6 1 1 2 5 2 4 2 1 3 4 3 3 3 2 4 6 4 4 4 2 5 4 5 5 5 7 6 10 6 11 6 7 7 11 7 13 7 8 8 12 8 11 8 8 9 11 9 10 9 9 10 13 10 11 10 9 11 11 11 12 11 14 12 17 12 18 12 14 13 18 13 20 13 15 14 19 14 18 14 15 15 18 15 17 15 16 16 20 16 18 16 16 17 18 17 19 17 21 18 24 18 25 18 21 19 25 19 27 19 22 20 26 20 25 20 22 21 25 21 24 21 23 22 27 22 25 22 23 23 25 23 26 23 28 24 31 24 32 24 28 25 32 25 34 25 29 26 33 26 32 26 29 27 32 27 31 27 30 28 34 28 32 28 30 29 32 29 33 29 35 30 38 30 39 30 35 31 39 31 41 31 36 32 40 32 39 32 36 33 39 33 38 33 37 34 41 34 39 34 37 35 39 35 40 35 42 36 45 36 46 36 42 37 46 37 48 37 43 38 47 38 46 38 43 39 46 39 45 39 44 40 48 40 46 40 44 41 46 41 47 41 49 42 52 42 53 42 49 43 53 43 55 43 50 44 54 44 53 44 50 45 53 45 52 45 51 46 55 46 53 46 51 47 53 47 54 47 14 48 0 48 6 48 14 49 6 49 17 49 17 50 6 50 2 50 17 51 2 51 15 51 1 52 7 52 13 52 1 53 13 53 5 53 5 54 13 54 9 54 5 55 9 55 2 55 8 56 21 56 27 56 8 57 27 57 12 57 12 58 27 58 23 58 12 59 23 59 9 59 22 60 16 60 19 60 22 61 19 61 26 61 26 62 19 62 15 62 26 63 15 63 23 63 42 64 14 64 20 64 42 65 20 65 45 65 45 66 20 66 16 66 45 67 16 67 43 67 21 68 49 68 55 68 21 69 55 69 24 69 24 70 55 70 51 70 24 71 51 71 22 71 50 72 44 72 47 72 50 73 47 73 54 73 54 74 47 74 43 74 54 75 43 75 51 75 28 76 42 76 48 76 28 77 48 77 31 77 31 78 48 78 44 78 31 79 44 79 29 79 49 80 35 80 41 80 49 81 41 81 52 81 52 82 41 82 37 82 52 83 37 83 50 83 36 84 30 84 33 84 36 85 33 85 40 85 40 86 33 86 29 86 40 87 29 87 37 87 0 88 28 88 34 88 0 89 34 89 3 89 3 90 34 90 30 90 3 91 30 91 1 91 35 92 8 92 10 92 35 93 10 93 38 93 38 94 10 94 7 94 38 95 7 95 36 95 14 96 42 96 28 96 14 97 28 97 0 97 2 98 9 98 23 98 2 99 23 99 15 99 30 100 36 100 7 100 30 101 7 101 1 101 49 102 21 102 8 102 49 103 8 103 35 103 16 104 22 104 51 104 16 105 51 105 43 105 44 106 50 106 37 106 44 107 37 107 29 107</p></triangles></mesh></geometry><geometry id="mesh23"><mesh><source id="mesh23-positions"><float_array id="mesh23-array" count="144">0.07500000298023224 -0.012999994680285454 -0.011000001803040504 0.07500000298023224 0.01300000213086605 -0.011000001803040504 0.07060007750988007 -0.012999994680285454 -0.011579263024032116 0.07060007750988007 0.01300000213086605 -0.011579262092709541 0.06650000065565109 -0.012999995611608028 -0.013277572579681873 0.06650000065565109 0.013000001199543476 -0.013277571648359299 0.06297919154167175 -0.012999995611608028 -0.015979189425706863 0.06297919154167175 0.013000001199543476 -0.015979187563061714 0.06027757376432419 -0.012999996542930603 -0.01950000412762165 0.06027757376432419 0.013000000268220901 -0.0195000022649765 0.05857926607131958 -0.012999997474253178 -0.023600080981850624 0.05857926607131958 0.012999999336898327 -0.023600079119205475 0.05800000578165054 -0.012999998405575752 -0.028000004589557648 0.05800000578165054 0.012999998405575752 -0.0280000027269125 0.05857926607131958 -0.012999999336898327 -0.03239992633461952 0.05857926607131958 0.012999997474253178 -0.03239992633461952 0.06027757748961449 -0.013000000268220901 -0.036500003188848495 0.06027757748961449 0.012999996542930603 -0.036500003188848495 0.06297919154167175 -0.013000001199543476 -0.040020816028118134 0.06297919154167175 0.012999995611608028 -0.040020816028118134 0.06650000810623169 -0.013000001199543476 -0.0427224338054657 0.06650000810623169 0.012999995611608028 -0.0427224300801754 0.07060008496046066 -0.01300000213086605 -0.044420741498470306 0.07060008496046066 0.012999994680285454 -0.044420741498470306 0.07500000298023224 -0.01300000213086605 -0.04500000178813934 0.07500000298023224 0.012999994680285454 -0.044999998062849045 0.07939992845058441 -0.01300000213086605 -0.04442073777318001 0.07939992845058441 0.012999994680285454 -0.04442073777318001 0.08350000530481339 -0.013000001199543476 -0.0427224300801754 0.08350000530481339 0.012999995611608028 -0.0427224300801754 0.08702081441879272 -0.013000001199543476 -0.040020812302827835 0.08702081441879272 0.012999995611608028 -0.040020812302827835 0.08972243219614029 -0.013000000268220901 -0.0364999994635582 0.08972243219614029 0.012999996542930603 -0.0364999994635582 0.0914207398891449 -0.012999999336898327 -0.032399922609329224 0.0914207398891449 0.012999997474253178 -0.032399922609329224 0.09200000017881393 -0.012999998405575752 -0.0279999990016222 0.09200000017881393 0.012999998405575752 -0.02799999713897705 0.0914207398891449 -0.012999997474253178 -0.023600075393915176 0.0914207398891449 0.012999999336898327 -0.023600073531270027 0.08972243219614029 -0.012999996542930603 -0.019500000402331352 0.08972243219614029 0.013000000268220901 -0.019499998539686203 0.08702081441879272 -0.012999995611608028 -0.015979185700416565 0.08702081441879272 0.013000001199543476 -0.015979183837771416 0.08349999785423279 -0.012999995611608028 -0.01327756978571415 0.08349999785423279 0.013000001199543476 -0.013277568854391575 0.07939992100000381 -0.012999994680285454 -0.011579262092709541 0.07939992100000381 0.01300000213086605 -0.011579261161386967</float_array><technique_common><accessor source="#mesh23-array" count="48" stride="3"><param name="X" type="float" /><param name="Y" type="float" /><param name="Z" type="float" /></accessor></technique_common></source><source id="mesh23-normals"><float_array id="mesh23-normals-array" count="276">-0.13052619993686676 -3.393570935372736e-08 0.9914448857307434 -0.13052619993686676 -3.393570935372736e-08 0.9914448857307434 -0.3826838433742523 -3.1623038410089066e-08 0.9238793253898621 -0.3826838433742523 -3.1623038410089066e-08 0.9238793253898621 -0.6087614297866821 -2.7155319770599817e-08 0.7933533191680908 -0.6087614297866821 -2.7155319770599817e-08 0.7933533191680908 -0.7933536171913147 -2.0836997904893906e-08 0.6087611317634583 -0.7933536171913147 -2.0836997904893906e-08 0.6087611317634583 -0.9238794445991516 -1.3098686579837704e-08 0.38268348574638367 -0.9238794445991516 -1.3098686579837704e-08 0.38268348574638367 -0.9914448857307434 -4.467699099564015e-09 0.1305258721113205 -0.9914448857307434 -4.467699099564015e-09 0.1305258721113205 -0.9914448857307434 4.467731962165544e-09 -0.13052617013454437 -0.9914448857307434 4.467731962165544e-09 -0.13052617013454437 -0.9238793253898621 1.3098716777903974e-08 -0.38268378376960754 -0.9238793253898621 1.3098716777903974e-08 -0.38268378376960754 -0.7933533787727356 2.0837022773889657e-08 -0.6087613701820374 -0.7933533787727356 2.0837022773889657e-08 -0.6087613701820374 -0.608761191368103 2.715534108688189e-08 -0.7933535575866699 -0.608761191368103 2.715534108688189e-08 -0.7933535575866699 -0.38268354535102844 3.162305262094378e-08 -0.9238794445991516 -0.38268354535102844 3.162305262094378e-08 -0.9238794445991516 -0.13052590191364288 3.393571645915472e-08 -0.9914448857307434 -0.13052590191364288 3.393571645915472e-08 -0.9914448857307434 0.13052619993686676 3.393570935372736e-08 -0.9914448857307434 0.13052619993686676 3.393570935372736e-08 -0.9914448857307434 0.3826838433742523 3.1623038410089066e-08 -0.9238793253898621 0.3826838433742523 3.1623038410089066e-08 -0.9238793253898621 0.6087614297866821 2.7155319770599817e-08 -0.7933533191680908 0.6087614297866821 2.7155319770599817e-08 -0.7933533191680908 0.7933536171913147 2.0836997904893906e-08 -0.6087611317634583 0.7933536171913147 2.0836997904893906e-08 -0.6087611317634583 0.9238794445991516 1.3098686579837704e-08 -0.38268348574638367 0.9238794445991516 1.3098686579837704e-08 -0.38268348574638367 0.9914448857307434 4.467699099564015e-09 -0.1305258721113205 0.9914448857307434 4.467699099564015e-09 -0.1305258721113205 0.9914448857307434 -4.467731962165544e-09 0.13052617013454437 0.9914448857307434 -4.467731962165544e-09 0.13052617013454437 0.9238793253898621 -1.3098716777903974e-08 0.38268378376960754 0.9238793253898621 -1.3098716777903974e-08 0.38268378376960754 0.7933533787727356 -2.0837022773889657e-08 0.6087613701820374 0.7933533787727356 -2.0837022773889657e-08 0.6087613701820374 0.608761191368103 -2.715534108688189e-08 0.7933535575866699 0.608761191368103 -2.715534108688189e-08 0.7933535575866699 2.92846632089349e-14 1.0 -2.0281595425331034e-07 2.92846632089349e-14 1.0 -2.0281595425331034e-07 2.92846632089349e-14 1.0 -2.0281595425331034e-07 2.92846632089349e-14 1.0 -2.0281595425331034e-07 2.92846632089349e-14 1.0 -2.0281595425331034e-07 2.92846632089349e-14 1.0 -2.0281595425331034e-07 2.92846632089349e-14 1.0 -2.0281595425331034e-07 2.92846632089349e-14 1.0 -2.0281595425331034e-07 2.92846632089349e-14 1.0 -2.0281595425331034e-07 2.92846632089349e-14 1.0 -2.0281595425331034e-07 2.92846632089349e-14 1.0 -2.0281595425331034e-07 2.92846632089349e-14 1.0 -2.0281595425331034e-07 2.92846632089349e-14 1.0 -2.0281596846416505e-07 2.92846632089349e-14 1.0 -2.0281595425331034e-07 2.92846632089349e-14 1.0 -2.0281595425331034e-07 2.92846632089349e-14 1.0 -2.0281596846416505e-07 2.92846632089349e-14 1.0 -2.0281595425331034e-07 2.92846632089349e-14 1.0 -2.0281595425331034e-07 2.92846632089349e-14 1.0 -2.0281595425331034e-07 2.92846632089349e-14 1.0 -2.0281595425331034e-07 2.92846632089349e-14 1.0 -2.0281595425331034e-07 2.92846632089349e-14 1.0 -2.0281595425331034e-07 0.38268354535102844 -3.162305262094378e-08 0.9238794445991516 0.38268354535102844 -3.162305262094378e-08 0.9238794445991516 0.13052590191364288 -3.393571645915472e-08 0.9914448857307434 0.13052590191364288 -3.393571645915472e-08 0.9914448857307434 -2.92846632089349e-14 -1.0 2.0281595425331034e-07 -2.92846632089349e-14 -1.0 2.0281595425331034e-07 -2.92846632089349e-14 -1.0 2.0281595425331034e-07 -2.92846632089349e-14 -1.0 2.0281595425331034e-07 -2.92846632089349e-14 -1.0 2.0281595425331034e-07 -2.92846632089349e-14 -1.0 2.0281595425331034e-07 -2.92846632089349e-14 -1.0 2.0281595425331034e-07 -2.92846632089349e-14 -1.0 2.0281595425331034e-07 -2.92846632089349e-14 -1.0 2.0281595425331034e-07 -2.92846632089349e-14 -1.0 2.0281595425331034e-07 -2.92846632089349e-14 -1.0 2.0281595425331034e-07 -2.92846632089349e-14 -1.0 2.0281595425331034e-07 -2.92846632089349e-14 -1.0 2.0281595425331034e-07 -2.92846632089349e-14 -1.0 2.0281595425331034e-07 -2.92846632089349e-14 -1.0 2.0281596846416505e-07 -2.92846632089349e-14 -1.0 2.0281595425331034e-07 -2.92846632089349e-14 -1.0 2.0281595425331034e-07 -2.92846632089349e-14 -1.0 2.0281596846416505e-07 -2.92846632089349e-14 -1.0 2.0281595425331034e-07 -2.92846632089349e-14 -1.0 2.0281595425331034e-07 -2.92846632089349e-14 -1.0 2.0281595425331034e-07 -2.92846632089349e-14 -1.0 2.0281595425331034e-07</float_array><technique_common><accessor source="#mesh23-normals-array" count="92" stride="3"><param name="X" type="float" /><param name="Y" type="float" /><param name="Z" type="float" /></accessor></technique_common></source><vertices id="mesh23-vertices"><input semantic="POSITION" source="#mesh23-positions" /></vertices><triangles count="92" material="graphite"><input semantic="VERTEX" source="#mesh23-vertices" offset="0" /><input semantic="NORMAL" source="#mesh23-normals" offset="1" /><p>0 0 1 0 3 0 0 1 3 1 2 1 2 2 3 2 5 2 2 3 5 3 4 3 4 4 5 4 7 4 4 5 7 5 6 5 6 6 7 6 9 6 6 7 9 7 8 7 8 8 9 8 11 8 8 9 11 9 10 9 10 10 11 10 13 10 10 11 13 11 12 11 12 12 13 12 15 12 12 13 15 13 14 13 14 14 15 14 17 14 14 15 17 15 16 15 16 16 17 16 19 16 16 17 19 17 18 17 18 18 19 18 21 18 18 19 21 19 20 19 20 20 21 20 23 20 20 21 23 21 22 21 22 22 23 22 25 22 22 23 25 23 24 23 24 24 25 24 27 24 24 25 27 25 26 25 26 26 27 26 29 26 26 27 29 27 28 27 28 28 29 28 31 28 28 29 31 29 30 29 30 30 31 30 33 30 30 31 33 31 32 31 32 32 33 32 35 32 32 33 35 33 34 33 34 34 35 34 37 34 34 35 37 35 36 35 36 36 37 36 39 36 36 37 39 37 38 37 38 38 39 38 41 38 38 39 41 39 40 39 40 40 41 40 43 40 40 41 43 41 42 41 42 42 43 42 45 42 42 43 45 43 44 43 5 44 3 44 1 44 1 45 47 45 45 45 45 46 43 46 41 46 41 47 39 47 37 47 37 48 35 48 33 48 33 49 31 49 29 49 29 50 27 50 25 50 25 51 23 51 21 51 21 52 19 52 17 52 17 53 15 53 13 53 13 54 11 54 9 54 9 55 7 55 5 55 5 56 1 56 45 56 45 57 41 57 37 57 37 58 33 58 29 58 29 59 25 59 21 59 21 60 17 60 13 60 13 61 9 61 5 61 5 62 45 62 37 62 37 63 29 63 21 63 21 64 13 64 5 64 37 65 21 65 5 65 44 66 45 66 47 66 44 67 47 67 46 67 46 68 47 68 1 68 46 69 1 69 0 69 46 70 0 70 2 70 2 71 4 71 6 71 6 72 8 72 10 72 10 73 12 73 14 73 14 74 16 74 18 74 18 75 20 75 22 75 22 76 24 76 26 76 26 77 28 77 30 77 30 78 32 78 34 78 34 79 36 79 38 79 38 80 40 80 42 80 42 81 44 81 46 81 46 82 2 82 6 82 6 83 10 83 14 83 14 84 18 84 22 84 22 85 26 85 30 85 30 86 34 86 38 86 38 87 42 87 46 87 46 88 6 88 14 88 14 89 22 89 30 89 30 90 38 90 46 90 14 91 30 91 46 91</p></triangles></mesh></geometry><geometry id="mesh24"><mesh><source id="mesh24-positions"><float_array id="mesh24-array" count="144">0.00662694638594985 0.03999999538064003 -0.01311079878360033 0.10162694752216339 0.04000000283122063 -0.026110805571079254 0.006571509409695864 0.043105822056531906 -0.013515913859009743 0.10157150775194168 0.0431058295071125 -0.026515919715166092 0.00640897685661912 0.04599999636411667 -0.01470364909619093 0.10140897333621979 0.04600000008940697 -0.027703654021024704 0.00615042494609952 0.048485275357961655 -0.01659306511282921 0.10115042328834534 0.04848528280854225 -0.029593070968985558 0.0058134738355875015 0.05039229989051819 -0.019055398181080818 0.10081347078084946 0.050392307341098785 -0.03205540403723717 0.005421086214482784 0.05159110575914383 -0.021922845393419266 0.10042108595371246 0.051591113209724426 -0.034922853112220764 0.00500000175088644 0.05199999734759331 -0.02499999664723873 0.10000000149011612 0.052000001072883606 -0.03800000250339508 0.004578918218612671 0.05159110575914383 -0.028077147901058197 0.09957891702651978 0.051591113209724426 -0.0410771518945694 0.004186530131846666 0.05039229989051819 -0.030944596976041794 0.09918653219938278 0.050392307341098785 -0.043944600969552994 0.0038495794869959354 0.04848527908325195 -0.033406928181648254 0.0988495796918869 0.04848528280854225 -0.04640693590044975 0.003591027809306979 0.04599999636411667 -0.03529634699225426 0.09859102964401245 0.046000003814697266 -0.04829635098576546 0.0034284957218915224 0.043105825781822205 -0.03648408129811287 0.09842849522829056 0.0431058332324028 -0.04948408529162407 0.0033730589784681797 0.03999999538064003 -0.03688919544219971 0.09837305545806885 0.04000000283122063 -0.049889203161001205 0.0034284961875528097 0.036894168704748154 -0.03648408129811287 0.09842849522829056 0.03689417615532875 -0.04948408901691437 0.003591028740629554 0.03399999812245369 -0.03529634699225426 0.09859102964401245 0.03400000184774399 -0.04829635098576546 0.00384958041831851 0.031514715403318405 -0.03340693190693855 0.0988495796918869 0.031514722853899 -0.04640693590044975 0.004186531528830528 0.02960769273340702 -0.030944596976041794 0.09918653219938278 0.029607698321342468 -0.04394460469484329 0.0045789191499352455 0.02840888686478138 -0.028077149763703346 0.09957891702651978 0.028408892452716827 -0.041077155619859695 0.0050000036135315895 0.0279999952763319 -0.02499999850988388 0.10000000149011612 0.0280000027269125 -0.03800000250339508 0.005421087145805359 0.02840888686478138 -0.021922847256064415 0.10042108595371246 0.028408892452716827 -0.034922853112220764 0.0058134752325713634 0.02960769087076187 -0.019055398181080818 0.10081347078084946 0.02960769645869732 -0.03205540403723717 0.006150425877422094 0.031514715403318405 -0.01659306511282921 0.10115042328834534 0.031514719128608704 -0.029593070968985558 0.006408977322280407 0.03399999439716339 -0.01470364909619093 0.10140897333621979 0.03400000184774399 -0.027703655883669853 0.006571509409695864 0.036894164979457855 -0.013515913859009743 0.10157150775194168 0.03689417243003845 -0.026515919715166092</float_array><technique_common><accessor source="#mesh24-array" count="48" stride="3"><param name="X" type="float" /><param name="Y" type="float" /><param name="Z" type="float" /></accessor></technique_common></source><source id="mesh24-normals"><float_array id="mesh24-normals-array" count="276">0.13441875576972961 0.1305263191461563 0.9822904467582703 0.13441875576972961 0.1305263191461563 0.9822904467582703 0.12525832653045654 0.3826833665370941 0.9153490662574768 0.12525832653045654 0.3826833665370941 0.9153490662574768 0.10756172239780426 0.6087614297866821 0.7860279083251953 0.10756172239780426 0.6087614297866821 0.7860279083251953 0.082535021007061 0.793353259563446 0.603140652179718 0.082535021007061 0.793353259563446 0.603140652179718 0.051883649080991745 0.9238796234130859 0.37915000319480896 0.051883649080991745 0.9238796234130859 0.37915000319480896 0.01769653521478176 0.9914448857307434 0.12932124733924866 0.01769653521478176 0.9914448857307434 0.12932124733924866 -0.017696643248200417 0.9914448857307434 -0.12932109832763672 -0.017696643248200417 0.9914448857307434 -0.12932109832763672 -0.0518837533891201 0.9238796234130859 -0.3791498839855194 -0.0518837533891201 0.9238796234130859 -0.3791498839855194 -0.08253510296344757 0.793353259563446 -0.6031404733657837 -0.08253510296344757 0.793353259563446 -0.6031404733657837 -0.10756179690361023 0.6087616086006165 -0.7860279083251953 -0.10756179690361023 0.6087616086006165 -0.7860279083251953 -0.12525834143161774 0.3826834261417389 -0.9153489470481873 -0.12525834143161774 0.3826834261417389 -0.9153489470481873 -0.13441875576972961 0.13052643835544586 -0.9822904467582703 -0.13441875576972961 0.13052643835544586 -0.9822904467582703 -0.13441875576972961 -0.1305263191461563 -0.9822904467582703 -0.13441875576972961 -0.1305263191461563 -0.9822904467582703 -0.12525832653045654 -0.3826833665370941 -0.9153490662574768 -0.12525832653045654 -0.3826833665370941 -0.9153490662574768 -0.10756172239780426 -0.6087614297866821 -0.7860279083251953 -0.10756172239780426 -0.6087614297866821 -0.7860279083251953 -0.082535021007061 -0.793353259563446 -0.603140652179718 -0.082535021007061 -0.793353259563446 -0.603140652179718 -0.051883649080991745 -0.9238796234130859 -0.37915000319480896 -0.051883649080991745 -0.9238796234130859 -0.37915000319480896 -0.01769653521478176 -0.9914448857307434 -0.12932124733924866 -0.01769653521478176 -0.9914448857307434 -0.12932124733924866 0.017696643248200417 -0.9914448857307434 0.12932109832763672 0.017696643248200417 -0.9914448857307434 0.12932109832763672 0.0518837533891201 -0.9238796234130859 0.3791498839855194 0.0518837533891201 -0.9238796234130859 0.3791498839855194 0.08253510296344757 -0.793353259563446 0.6031404733657837 0.08253510296344757 -0.793353259563446 0.6031404733657837 0.10756179690361023 -0.6087616086006165 0.7860279083251953 0.10756179690361023 -0.6087616086006165 0.7860279083251953 0.9907665848731995 6.786209638676155e-08 -0.13557863235473633 0.9907665848731995 6.786209638676155e-08 -0.13557863235473633 0.9907665848731995 6.786209638676155e-08 -0.13557863235473633 0.9907665848731995 6.786209638676155e-08 -0.13557863235473633 0.9907665848731995 6.786209638676155e-08 -0.13557863235473633 0.9907665848731995 6.786209638676155e-08 -0.13557863235473633 0.9907665848731995 6.786209638676155e-08 -0.13557863235473633 0.9907665848731995 6.786209638676155e-08 -0.13557863235473633 0.9907665848731995 6.786209638676155e-08 -0.13557863235473633 0.9907665848731995 6.786209638676155e-08 -0.13557863235473633 0.9907665848731995 6.786209638676155e-08 -0.13557863235473633 0.9907665848731995 6.786209638676155e-08 -0.13557863235473633 0.9907665848731995 6.786209638676155e-08 -0.13557863235473633 0.9907665848731995 6.786209638676155e-08 -0.13557863235473633 0.9907665848731995 6.786209638676155e-08 -0.13557863235473633 0.9907665848731995 6.786209638676155e-08 -0.13557863235473633 0.9907665848731995 6.786209638676155e-08 -0.13557863235473633 0.9907665848731995 6.786209638676155e-08 -0.13557863235473633 0.9907665848731995 6.786209638676155e-08 -0.13557863235473633 0.9907665848731995 6.786209638676155e-08 -0.13557863235473633 0.9907665848731995 6.786209638676155e-08 -0.13557863235473633 0.9907665848731995 6.786209638676155e-08 -0.13557863235473633 0.12525834143161774 -0.3826834261417389 0.9153489470481873 0.12525834143161774 -0.3826834261417389 0.9153489470481873 0.13441875576972961 -0.13052643835544586 0.9822904467582703 0.13441875576972961 -0.13052643835544586 0.9822904467582703 -0.9907665848731995 -6.786209638676155e-08 0.13557863235473633 -0.9907665848731995 -6.786209638676155e-08 0.13557863235473633 -0.9907665848731995 -6.786209638676155e-08 0.13557863235473633 -0.9907665848731995 -6.786209638676155e-08 0.13557863235473633 -0.9907665848731995 -6.786209638676155e-08 0.13557863235473633 -0.9907665848731995 -6.786209638676155e-08 0.13557863235473633 -0.9907665848731995 -6.786209638676155e-08 0.13557863235473633 -0.9907665848731995 -6.786209638676155e-08 0.13557863235473633 -0.9907665848731995 -6.786209638676155e-08 0.13557863235473633 -0.9907665848731995 -6.786209638676155e-08 0.13557863235473633 -0.9907665848731995 -6.786209638676155e-08 0.13557863235473633 -0.9907665848731995 -6.786209638676155e-08 0.13557863235473633 -0.9907665848731995 -6.786209638676155e-08 0.13557863235473633 -0.9907665848731995 -6.786209638676155e-08 0.13557863235473633 -0.9907665848731995 -6.786209638676155e-08 0.13557863235473633 -0.9907665848731995 -6.786209638676155e-08 0.13557863235473633 -0.9907665848731995 -6.786209638676155e-08 0.13557863235473633 -0.9907665848731995 -6.786209638676155e-08 0.13557863235473633 -0.9907665848731995 -6.786209638676155e-08 0.13557863235473633 -0.9907665848731995 -6.786209638676155e-08 0.13557863235473633 -0.9907665848731995 -6.786209638676155e-08 0.13557863235473633 -0.9907665848731995 -6.786209638676155e-08 0.13557863235473633</float_array><technique_common><accessor source="#mesh24-normals-array" count="92" stride="3"><param name="X" type="float" /><param name="Y" type="float" /><param name="Z" type="float" /></accessor></technique_common></source><vertices id="mesh24-vertices"><input semantic="POSITION" source="#mesh24-positions" /></vertices><triangles count="92" material="titanium"><input semantic="VERTEX" source="#mesh24-vertices" offset="0" /><input semantic="NORMAL" source="#mesh24-normals" offset="1" /><p>0 0 1 0 3 0 0 1 3 1 2 1 2 2 3 2 5 2 2 3 5 3 4 3 4 4 5 4 7 4 4 5 7 5 6 5 6 6 7 6 9 6 6 7 9 7 8 7 8 8 9 8 11 8 8 9 11 9 10 9 10 10 11 10 13 10 10 11 13 11 12 11 12 12 13 12 15 12 12 13 15 13 14 13 14 14 15 14 17 14 14 15 17 15 16 15 16 16 17 16 19 16 16 17 19 17 18 17 18 18 19 18 21 18 18 19 21 19 20 19 20 20 21 20 23 20 20 21 23 21 22 21 22 22 23 22 25 22 22 23 25 23 24 23 24 24 25 24 27 24 24 25 27 25 26 25 26 26 27 26 29 26 26 27 29 27 28 27 28 28 29 28 31 28 28 29 31 29 30 29 30 30 31 30 33 30 30 31 33 31 32 31 32 32 33 32 35 32 32 33 35 33 34 33 34 34 35 34 37 34 34 35 37 35 36 35 36 36 37 36 39 36 36 37 39 37 38 37 38 38 39 38 41 38 38 39 41 39 40 39 40 40 41 40 43 40 40 41 43 41 42 41 42 42 43 42 45 42 42 43 45 43 44 43 5 44 3 44 1 44 1 45 47 45 45 45 45 46 43 46 41 46 41 47 39 47 37 47 37 48 35 48 33 48 33 49 31 49 29 49 29 50 27 50 25 50 25 51 23 51 21 51 21 52 19 52 17 52 17 53 15 53 13 53 13 54 11 54 9 54 9 55 7 55 5 55 5 56 1 56 45 56 45 57 41 57 37 57 37 58 33 58 29 58 29 59 25 59 21 59 21 60 17 60 13 60 13 61 9 61 5 61 5 62 45 62 37 62 37 63 29 63 21 63 21 64 13 64 5 64 37 65 21 65 5 65 44 66 45 66 47 66 44 67 47 67 46 67 46 68 47 68 1 68 46 69 1 69 0 69 46 70 0 70 2 70 2 71 4 71 6 71 6 72 8 72 10 72 10 73 12 73 14 73 14 74 16 74 18 74 18 75 20 75 22 75 22 76 24 76 26 76 26 77 28 77 30 77 30 78 32 78 34 78 34 79 36 79 38 79 38 80 40 80 42 80 42 81 44 81 46 81 46 82 2 82 6 82 6 83 10 83 14 83 14 84 18 84 22 84 22 85 26 85 30 85 30 86 34 86 38 86 38 87 42 87 46 87 46 88 6 88 14 88 14 89 22 89 30 89 30 90 38 90 46 90 14 91 30 91 46 91</p></triangles></mesh></geometry><geometry id="mesh25"><mesh><source id="mesh25-positions"><float_array id="mesh25-array" count="168">0.07799999415874481 0.03449999913573265 -0.05849999934434891 0.07799999415874481 0.026499997824430466 -0.05049999803304672 0.06999999284744263 0.03449999913573265 -0.05049999803304672 0.07799999415874481 0.028843143954873085 -0.05615685135126114 0.07338118553161621 0.029881196096539497 -0.05511879920959473 0.0723431408405304 0.028843145817518234 -0.05049999803304672 0.0723431408405304 0.03449999913573265 -0.05615685135126114 0.07799999415874481 0.026499997824430466 -0.04349999874830246 0.07799999415874481 0.03449999913573265 -0.035499997437000275 0.06999999284744263 0.03449999913573265 -0.04349999874830246 0.07799999415874481 0.028843143954873085 -0.03784314543008804 0.07338118553161621 0.029881196096539497 -0.038881197571754456 0.0723431408405304 0.03449999913573265 -0.03784314543008804 0.0723431408405304 0.028843143954873085 -0.04349999874830246 0.07799999415874481 0.045499999076128006 -0.05849999934434891 0.06999999284744263 0.045499999076128006 -0.05049999803304672 0.07799999415874481 0.05350000038743019 -0.05049999803304672 0.0723431408405304 0.045499999076128006 -0.05615685135126114 0.07338118553161621 0.05011880397796631 -0.05511879920959473 0.0723431408405304 0.05115685611963272 -0.05049999803304672 0.07799999415874481 0.05115685611963272 -0.05615685135126114 0.07799999415874481 0.045499999076128006 -0.035499997437000275 0.07799999415874481 0.05350000038743019 -0.04349999874830246 0.06999999284744263 0.045499999076128006 -0.04349999874830246 0.07799999415874481 0.05115685611963272 -0.03784314543008804 0.07338118553161621 0.05011880397796631 -0.038881197571754456 0.0723431408405304 0.05115685239434242 -0.04349999874830246 0.0723431408405304 0.045499999076128006 -0.03784314543008804 0.16200000047683716 0.03449999913573265 -0.05849999934434891 0.17000000178813934 0.03449999913573265 -0.05049999803304672 0.16200000047683716 0.026499997824430466 -0.05049999803304672 0.16765685379505157 0.03449999913573265 -0.05615685135126114 0.16661880910396576 0.029881196096539497 -0.05511879920959473 0.16765685379505157 0.028843143954873085 -0.05049999803304672 0.16200000047683716 0.028843143954873085 -0.05615685135126114 0.16200000047683716 0.03449999913573265 -0.035499997437000275 0.16200000047683716 0.026499997824430466 -0.04349999874830246 0.17000000178813934 0.03449999913573265 -0.04349999874830246 0.16200000047683716 0.028843143954873085 -0.03784314543008804 0.16661880910396576 0.029881196096539497 -0.038881197571754456 0.16765685379505157 0.028843145817518234 -0.04349999874830246 0.16765685379505157 0.03449999913573265 -0.03784314543008804 0.16200000047683716 0.045499999076128006 -0.05849999934434891 0.16200000047683716 0.05350000038743019 -0.05049999803304672 0.17000000178813934 0.045499999076128006 -0.05049999803304672 0.16200000047683716 0.05115685611963272 -0.05615685135126114 0.16661880910396576 0.05011880397796631 -0.05511879920959473 0.16765685379505157 0.05115685239434242 -0.05049999803304672 0.16765685379505157 0.045499999076128006 -0.05615685135126114 0.16200000047683716 0.045499999076128006 -0.035499997437000275 0.17000000178813934 0.045499999076128006 -0.04349999874830246 0.16200000047683716 0.05350000038743019 -0.04349999874830246 0.16765685379505157 0.045499999076128006 -0.03784314543008804 0.16661880910396576 0.05011880397796631 -0.038881197571754456 0.16765685379505157 0.05115685611963272 -0.04349999874830246 0.16200000047683716 0.05115685611963272 -0.03784314543008804</float_array><technique_common><accessor source="#mesh25-array" count="56" stride="3"><param name="X" type="float" /><param name="Y" type="float" /><param name="Z" type="float" /></accessor></technique_common></source><source id="mesh25-normals"><float_array id="mesh25-normals-array" count="324">-0.2817472815513611 -0.367180198431015 -0.8864520788192749 -0.3671799600124359 -0.28174734115600586 -0.8864520788192749 -0.36718010902404785 -0.8864520788192749 -0.28174713253974915 -0.2817472517490387 -0.8864520192146301 -0.36718010902404785 -0.8864522576332092 -0.28174734115600586 -0.3671795725822449 -0.8864522576332092 -0.3671796917915344 -0.2817472219467163 -0.2817472517490387 -0.8864520788192749 0.36718007922172546 -0.3671799600124359 -0.8864521980285645 0.28174731135368347 -0.3671799302101135 -0.28174734115600586 0.8864520788192749 -0.2817472517490387 -0.36718010902404785 0.8864520192146301 -0.8864522576332092 -0.3671797215938568 0.2817472815513611 -0.8864522576332092 -0.28174734115600586 0.36717966198921204 -0.3671799302101135 0.28174734115600586 -0.8864520788192749 -0.2817472517490387 0.36718010902404785 -0.8864520192146301 -0.8864522576332092 0.3671797215938568 -0.2817472815513611 -0.8864522576332092 0.28174734115600586 -0.36717966198921204 -0.2817472517490387 0.8864520788192749 -0.36718007922172546 -0.3671799600124359 0.8864521980285645 -0.28174731135368347 -0.2817472815513611 0.367180198431015 0.8864520788192749 -0.3671799600124359 0.28174734115600586 0.8864520788192749 -0.36718010902404785 0.8864520788192749 0.28174713253974915 -0.2817472517490387 0.8864520192146301 0.36718010902404785 -0.8864522576332092 0.28174734115600586 0.3671795725822449 -0.8864522576332092 0.3671796917915344 0.2817472219467163 0.3671799302101135 -0.28174734115600586 -0.8864520788192749 0.2817472517490387 -0.36718010902404785 -0.8864520192146301 0.8864522576332092 -0.3671797215938568 -0.2817472815513611 0.8864522576332092 -0.28174734115600586 -0.36717966198921204 0.2817472517490387 -0.8864520788192749 -0.36718007922172546 0.3671799600124359 -0.8864521980285645 -0.28174731135368347 0.2817472815513611 -0.367180198431015 0.8864520788192749 0.3671799600124359 -0.28174734115600586 0.8864520788192749 0.36718010902404785 -0.8864520788192749 0.28174713253974915 0.2817472517490387 -0.8864520192146301 0.36718010902404785 0.8864522576332092 -0.28174734115600586 0.3671795725822449 0.8864522576332092 -0.3671796917915344 0.2817472219467163 0.2817472815513611 0.367180198431015 -0.8864520788192749 0.3671799600124359 0.28174734115600586 -0.8864520788192749 0.36718010902404785 0.8864520788192749 -0.28174713253974915 0.2817472517490387 0.8864520192146301 -0.36718010902404785 0.8864522576332092 0.28174734115600586 -0.3671795725822449 0.8864522576332092 0.3671796917915344 -0.2817472219467163 0.3671799302101135 0.28174734115600586 0.8864520788192749 0.2817472517490387 0.36718010902404785 0.8864520192146301 0.8864522576332092 0.3671797215938568 0.2817472815513611 0.8864522576332092 0.28174734115600586 0.36717966198921204 0.2817472517490387 0.8864520788192749 0.36718007922172546 0.3671799600124359 0.8864521980285645 0.28174731135368347 -0.3826829791069031 0.0 -0.9238797426223755 -0.3826829791069031 0.0 -0.9238797426223755 -0.923879861831665 0.0 -0.38268259167671204 -0.923879861831665 -3.240008794591631e-08 -0.3826826214790344 -0.3826829791069031 -0.9238797426223755 0.0 -0.382683128118515 -0.9238796830177307 -1.2291859263768856e-07 -0.9238799214363098 -0.3826827108860016 -5.091444421623237e-08 -0.9238798022270203 -0.3826827108860016 0.0 -0.3826829791069031 0.0 0.9238797426223755 -0.3826829791069031 0.0 0.9238797426223755 -0.923879861831665 0.0 0.38268259167671204 -0.923879861831665 3.240008794591631e-08 0.3826826214790344 -0.3826829791069031 0.9238797426223755 0.0 -0.382683128118515 0.9238796830177307 1.2291859263768856e-07 -0.9238799214363098 0.3826827108860016 5.091444421623237e-08 -0.9238798022270203 0.3826827108860016 0.0 -4.242876272542162e-09 0.38268333673477173 -0.9238796234130859 0.0 0.3826833665370941 -0.9238795638084412 0.0 0.9238796234130859 -0.38268327713012695 -4.242876272542162e-09 0.9238796234130859 -0.38268333673477173 4.242876272542162e-09 0.38268333673477173 0.9238796234130859 0.0 0.3826833665370941 0.9238795638084412 0.0 0.9238796234130859 0.38268327713012695 4.242876272542162e-09 0.9238796234130859 0.38268333673477173 0.9238798022270203 0.3826827108860016 0.0 0.9238799214363098 0.3826827108860016 -5.091444421623237e-08 0.3826830983161926 0.9238796830177307 -1.2291859263768856e-07 0.3826829791069031 0.9238797426223755 0.0 0.3826829791069031 0.0 -0.9238797426223755 0.3826829791069031 0.0 -0.9238797426223755 0.923879861831665 0.0 -0.38268259167671204 0.923879861831665 3.240008794591631e-08 -0.3826826214790344 0.3826829791069031 0.0 0.9238797426223755 0.3826829791069031 0.0 0.9238797426223755 0.923879861831665 0.0 0.38268259167671204 0.923879861831665 -3.240008794591631e-08 0.3826826214790344 0.3826829791069031 -0.9238797426223755 0.0 0.382683128118515 -0.9238796830177307 1.2291859263768856e-07 0.9238799214363098 -0.3826827108860016 5.091444421623237e-08 0.9238798022270203 -0.3826827108860016 0.0 4.242876272542162e-09 -0.38268333673477173 -0.9238796234130859 0.0 -0.3826833665370941 -0.9238795638084412 0.0 -0.9238796234130859 -0.38268327713012695 4.242876272542162e-09 -0.9238796234130859 -0.38268333673477173 -4.242876272542162e-09 -0.38268333673477173 0.9238796234130859 0.0 -0.3826833665370941 0.9238795638084412 0.0 -0.9238796234130859 0.38268327713012695 -4.242876272542162e-09 -0.9238796234130859 0.38268333673477173 0.0 0.0 -1.0 0.0 0.0 -1.0 -1.0 0.0 0.0 -1.0 0.0 0.0 0.0 -1.0 0.0 0.0 -1.0 0.0 0.0 0.0 1.0 0.0 0.0 1.0 0.0 1.0 0.0 0.0 1.0 0.0 1.0 0.0 0.0 1.0 0.0 0.0</float_array><technique_common><accessor source="#mesh25-normals-array" count="108" stride="3"><param name="X" type="float" /><param name="Y" type="float" /><param name="Z" type="float" /></accessor></technique_common></source><vertices id="mesh25-vertices"><input semantic="POSITION" source="#mesh25-positions" /></vertices><triangles count="108" material="rubber"><input semantic="VERTEX" source="#mesh25-vertices" offset="0" /><input semantic="NORMAL" source="#mesh25-normals" offset="1" /><p>0 0 3 0 4 0 0 1 4 1 6 1 1 2 5 2 4 2 1 3 4 3 3 3 2 4 6 4 4 4 2 5 4 5 5 5 7 6 10 6 11 6 7 7 11 7 13 7 8 8 12 8 11 8 8 9 11 9 10 9 9 10 13 10 11 10 9 11 11 11 12 11 14 12 17 12 18 12 14 13 18 13 20 13 15 14 19 14 18 14 15 15 18 15 17 15 16 16 20 16 18 16 16 17 18 17 19 17 21 18 24 18 25 18 21 19 25 19 27 19 22 20 26 20 25 20 22 21 25 21 24 21 23 22 27 22 25 22 23 23 25 23 26 23 28 24 31 24 32 24 28 25 32 25 34 25 29 26 33 26 32 26 29 27 32 27 31 27 30 28 34 28 32 28 30 29 32 29 33 29 35 30 38 30 39 30 35 31 39 31 41 31 36 32 40 32 39 32 36 33 39 33 38 33 37 34 41 34 39 34 37 35 39 35 40 35 42 36 45 36 46 36 42 37 46 37 48 37 43 38 47 38 46 38 43 39 46 39 45 39 44 40 48 40 46 40 44 41 46 41 47 41 49 42 52 42 53 42 49 43 53 43 55 43 50 44 54 44 53 44 50 45 53 45 52 45 51 46 55 46 53 46 51 47 53 47 54 47 14 48 0 48 6 48 14 49 6 49 17 49 17 50 6 50 2 50 17 51 2 51 15 51 1 52 7 52 13 52 1 53 13 53 5 53 5 54 13 54 9 54 5 55 9 55 2 55 8 56 21 56 27 56 8 57 27 57 12 57 12 58 27 58 23 58 12 59 23 59 9 59 22 60 16 60 19 60 22 61 19 61 26 61 26 62 19 62 15 62 26 63 15 63 23 63 42 64 14 64 20 64 42 65 20 65 45 65 45 66 20 66 16 66 45 67 16 67 43 67 21 68 49 68 55 68 21 69 55 69 24 69 24 70 55 70 51 70 24 71 51 71 22 71 50 72 44 72 47 72 50 73 47 73 54 73 54 74 47 74 43 74 54 75 43 75 51 75 28 76 42 76 48 76 28 77 48 77 31 77 31 78 48 78 44 78 31 79 44 79 29 79 49 80 35 80 41 80 49 81 41 81 52 81 52 82 41 82 37 82 52 83 37 83 50 83 36 84 30 84 33 84 36 85 33 85 40 85 40 86 33 86 29 86 40 87 29 87 37 87 0 88 28 88 34 88 0 89 34 89 3 89 3 90 34 90 30 90 3 91 30 91 1 91 35 92 8 92 10 92 35 93 10 93 38 93 38 94 10 94 7 94 38 95 7 95 36 95 14 96 42 96 28 96 14 97 28 97 0 97 2 98 9 98 23 98 2 99 23 99 15 99 30 100 36 100 7 100 30 101 7 101 1 101 49 102 21 102 8 102 49 103 8 103 35 103 16 104 22 104 51 104 16 105 51 105 43 105 44 106 50 106 37 106 44 107 37 107 29 107</p></triangles></mesh></geometry><geometry id="mesh26"><mesh><source id="mesh26-positions"><float_array id="mesh26-array" count="144">0.07500000298023224 0.02699999511241913 -0.010999996215105057 0.07500000298023224 0.05299999937415123 -0.010999999940395355 0.07060007750988007 0.02699999511241913 -0.011579257436096668 0.07060007750988007 0.05299999937415123 -0.011579261161386967 0.06650000065565109 0.02699999511241913 -0.013277566991746426 0.06650000065565109 0.05299999937415123 -0.01327756978571415 0.06297918409109116 0.026999996975064278 -0.015979183837771416 0.06297918409109116 0.05299999937415123 -0.015979185700416565 0.06027756631374359 0.026999996975064278 -0.019500000402331352 0.06027756631374359 0.05299999937415123 -0.01950000412762165 0.05857925862073898 0.026999996975064278 -0.023600077256560326 0.05857925862073898 0.05299999937415123 -0.023600080981850624 0.057999998331069946 0.026999998837709427 -0.02800000086426735 0.057999998331069946 0.05299999937415123 -0.028000004589557648 0.05857925862073898 0.026999998837709427 -0.03239992633461952 0.05857925862073898 0.05299999937415123 -0.03239993005990982 0.06027757003903389 0.026999998837709427 -0.036500003188848495 0.06027757003903389 0.05300000309944153 -0.036500006914138794 0.06297918409109116 0.026999998837709427 -0.04002081975340843 0.06297918409109116 0.05300000309944153 -0.04002082347869873 0.06650000065565109 0.027000000700354576 -0.0427224338054657 0.06650000065565109 0.05300000309944153 -0.042722437530756 0.07060007750988007 0.027000000700354576 -0.044420741498470306 0.07060007750988007 0.05300000309944153 -0.044420745223760605 0.07500000298023224 0.027000000700354576 -0.04500000178813934 0.07500000298023224 0.05300000309944153 -0.04500000551342964 0.07939992845058441 0.027000000700354576 -0.044420741498470306 0.07939992845058441 0.05300000309944153 -0.044420745223760605 0.08350000530481339 0.027000000700354576 -0.0427224300801754 0.08350000530481339 0.05300000309944153 -0.0427224338054657 0.08702082186937332 0.026999998837709427 -0.040020816028118134 0.08702082186937332 0.05300000309944153 -0.04002081975340843 0.08972243964672089 0.026999998837709427 -0.0364999994635582 0.08972243964672089 0.05300000309944153 -0.036500003188848495 0.0914207473397255 0.026999998837709427 -0.032399922609329224 0.0914207473397255 0.05299999937415123 -0.03239992633461952 0.09200000762939453 0.026999998837709427 -0.02799999713897705 0.09200000762939453 0.05299999937415123 -0.02800000086426735 0.0914207473397255 0.026999996975064278 -0.023600071668624878 0.0914207473397255 0.05299999937415123 -0.023600075393915176 0.08972243964672089 0.026999996975064278 -0.019499994814395905 0.08972243964672089 0.05299999937415123 -0.019499998539686203 0.08702082186937332 0.026999996975064278 -0.015979180112481117 0.08702082186937332 0.05299999937415123 -0.015979181975126266 0.08350000530481339 0.02699999511241913 -0.013277564197778702 0.08350000530481339 0.05299999937415123 -0.013277566991746426 0.07939992845058441 0.02699999511241913 -0.011579255573451519 0.07939992845058441 0.05299999937415123 -0.011579259298741817</float_array><technique_common><accessor source="#mesh26-array" count="48" stride="3"><param name="X" type="float" /><param name="Y" type="float" /><param name="Z" type="float" /></accessor></technique_common></source><source id="mesh26-normals"><float_array id="mesh26-normals-array" count="276">-0.13052618503570557 1.332093830797021e-07 0.9914449453353882 -0.13052618503570557 1.332093830797021e-07 0.9914449453353882 -0.3826838433742523 1.241313469790839e-07 0.9238794445991516 -0.3826838433742523 1.241313469790839e-07 0.9238794445991516 -0.6087613701820374 1.0659404381385684e-07 0.7933533787727356 -0.6087613701820374 1.0659404381385684e-07 0.7933533787727356 -0.7933535575866699 8.179245014616754e-08 0.608761191368103 -0.7933535575866699 8.179245014616754e-08 0.608761191368103 -0.9238795638084412 5.1416925828107196e-08 0.3826836347579956 -0.9238795638084412 5.1416925828107196e-08 0.3826836347579956 -0.9914449453353882 1.7537310270654416e-08 0.13052591681480408 -0.9914449453353882 1.7537310270654416e-08 0.13052591681480408 -0.9914449453353882 -1.7537349350504883e-08 -0.13052621483802795 -0.9914449453353882 -1.7537349350504883e-08 -0.13052621483802795 -0.9238794445991516 -5.1416961355243984e-08 -0.3826839327812195 -0.9238794445991516 -5.1416961355243984e-08 -0.3826839327812195 -0.7933533191680908 -8.179247856787697e-08 -0.6087614297866821 -0.7933533191680908 -8.179247856787697e-08 -0.6087614297866821 -0.6087611317634583 -1.0659407223556627e-07 -0.7933536171913147 -0.6087611317634583 -1.0659407223556627e-07 -0.7933536171913147 -0.38268354535102844 -1.2413137540079333e-07 -0.9238795638084412 -0.38268354535102844 -1.2413137540079333e-07 -0.9238795638084412 -0.1305258870124817 -1.332093830797021e-07 -0.9914449453353882 -0.1305258870124817 -1.332093830797021e-07 -0.9914449453353882 0.13052618503570557 -1.332093830797021e-07 -0.9914449453353882 0.13052618503570557 -1.332093830797021e-07 -0.9914449453353882 0.3826838433742523 -1.241313469790839e-07 -0.9238794445991516 0.3826838433742523 -1.241313469790839e-07 -0.9238794445991516 0.6087613701820374 -1.0659404381385684e-07 -0.7933533787727356 0.6087613701820374 -1.0659404381385684e-07 -0.7933533787727356 0.7933535575866699 -8.179245014616754e-08 -0.608761191368103 0.7933535575866699 -8.179245014616754e-08 -0.608761191368103 0.9238795638084412 -5.1416925828107196e-08 -0.3826836347579956 0.9238795638084412 -5.1416925828107196e-08 -0.3826836347579956 0.9914449453353882 -1.7537310270654416e-08 -0.13052591681480408 0.9914449453353882 -1.7537310270654416e-08 -0.13052591681480408 0.9914449453353882 1.7537349350504883e-08 0.13052621483802795 0.9914449453353882 1.7537349350504883e-08 0.13052621483802795 0.9238794445991516 5.1416961355243984e-08 0.3826839327812195 0.9238794445991516 5.1416961355243984e-08 0.3826839327812195 0.7933533191680908 8.179247856787697e-08 0.6087614297866821 0.7933533191680908 8.179247856787697e-08 0.6087614297866821 0.6087611317634583 1.0659407223556627e-07 0.7933536171913147 0.6087611317634583 1.0659407223556627e-07 0.7933536171913147 -2.028761815660307e-14 1.0 1.343588280633412e-07 -2.028761815660307e-14 1.0 1.343588280633412e-07 -2.028761815660307e-14 1.0 1.343588280633412e-07 -2.028761815660307e-14 1.0 1.343588280633412e-07 -2.028761815660307e-14 1.0 1.343588280633412e-07 -2.028761815660307e-14 1.0 1.343588280633412e-07 -2.028761815660307e-14 1.0 1.343588280633412e-07 -2.028761815660307e-14 1.0 1.343588280633412e-07 -2.028761815660307e-14 1.0 1.343588280633412e-07 -2.028761815660307e-14 1.0 1.343588280633412e-07 -2.028761815660307e-14 1.0 1.343588280633412e-07 -2.028761815660307e-14 1.0 1.343588280633412e-07 -2.0287619850668966e-14 1.0 1.343588280633412e-07 -2.028761815660307e-14 1.0 1.343588280633412e-07 -2.028761815660307e-14 1.0 1.343588280633412e-07 -2.0287619850668966e-14 1.0 1.343588280633412e-07 -2.028761815660307e-14 1.0 1.343588280633412e-07 -2.028761815660307e-14 1.0 1.343588280633412e-07 -2.028761815660307e-14 1.0 1.343588280633412e-07 -2.028761815660307e-14 1.0 1.343588280633412e-07 -2.028761815660307e-14 1.0 1.343588280633412e-07 -2.028761815660307e-14 1.0 1.343588280633412e-07 0.38268354535102844 1.2413137540079333e-07 0.9238795638084412 0.38268354535102844 1.2413137540079333e-07 0.9238795638084412 0.1305258870124817 1.332093830797021e-07 0.9914449453353882 0.1305258870124817 1.332093830797021e-07 0.9914449453353882 2.028761815660307e-14 -1.0 -1.343588280633412e-07 2.028761815660307e-14 -1.0 -1.343588280633412e-07 2.028761815660307e-14 -1.0 -1.343588280633412e-07 2.028761815660307e-14 -1.0 -1.343588280633412e-07 2.028761815660307e-14 -1.0 -1.343588280633412e-07 2.028761815660307e-14 -1.0 -1.343588280633412e-07 2.028761815660307e-14 -1.0 -1.343588280633412e-07 2.028761815660307e-14 -1.0 -1.343588280633412e-07 2.028761815660307e-14 -1.0 -1.343588280633412e-07 2.028761815660307e-14 -1.0 -1.343588280633412e-07 2.028761815660307e-14 -1.0 -1.343588280633412e-07 2.028761815660307e-14 -1.0 -1.343588280633412e-07 2.028761815660307e-14 -1.0 -1.343588280633412e-07 2.028761815660307e-14 -1.0 -1.343588280633412e-07 2.0287619850668966e-14 -1.0 -1.343588280633412e-07 2.028761815660307e-14 -1.0 -1.343588280633412e-07 2.028761815660307e-14 -1.0 -1.343588280633412e-07 2.0287619850668966e-14 -1.0 -1.343588280633412e-07 2.028761815660307e-14 -1.0 -1.343588280633412e-07 2.028761815660307e-14 -1.0 -1.343588280633412e-07 2.028761815660307e-14 -1.0 -1.343588280633412e-07 2.028761815660307e-14 -1.0 -1.343588280633412e-07</float_array><technique_common><accessor source="#mesh26-normals-array" count="92" stride="3"><param name="X" type="float" /><param name="Y" type="float" /><param name="Z" type="float" /></accessor></technique_common></source><vertices id="mesh26-vertices"><input semantic="POSITION" source="#mesh26-positions" /></vertices><triangles count="92" material="graphite"><input semantic="VERTEX" source="#mesh26-vertices" offset="0" /><input semantic="NORMAL" source="#mesh26-normals" offset="1" /><p>0 0 1 0 3 0 0 1 3 1 2 1 2 2 3 2 5 2 2 3 5 3 4 3 4 4 5 4 7 4 4 5 7 5 6 5 6 6 7 6 9 6 6 7 9 7 8 7 8 8 9 8 11 8 8 9 11 9 10 9 10 10 11 10 13 10 10 11 13 11 12 11 12 12 13 12 15 12 12 13 15 13 14 13 14 14 15 14 17 14 14 15 17 15 16 15 16 16 17 16 19 16 16 17 19 17 18 17 18 18 19 18 21 18 18 19 21 19 20 19 20 20 21 20 23 20 20 21 23 21 22 21 22 22 23 22 25 22 22 23 25 23 24 23 24 24 25 24 27 24 24 25 27 25 26 25 26 26 27 26 29 26 26 27 29 27 28 27 28 28 29 28 31 28 28 29 31 29 30 29 30 30 31 30 33 30 30 31 33 31 32 31 32 32 33 32 35 32 32 33 35 33 34 33 34 34 35 34 37 34 34 35 37 35 36 35 36 36 37 36 39 36 36 37 39 37 38 37 38 38 39 38 41 38 38 39 41 39 40 39 40 40 41 40 43 40 40 41 43 41 42 41 42 42 43 42 45 42 42 43 45 43 44 43 5 44 3 44 1 44 1 45 47 45 45 45 45 46 43 46 41 46 41 47 39 47 37 47 37 48 35 48 33 48 33 49 31 49 29 49 29 50 27 50 25 50 25 51 23 51 21 51 21 52 19 52 17 52 17 53 15 53 13 53 13 54 11 54 9 54 9 55 7 55 5 55 5 56 1 56 45 56 45 57 41 57 37 57 37 58 33 58 29 58 29 59 25 59 21 59 21 60 17 60 13 60 13 61 9 61 5 61 5 62 45 62 37 62 37 63 29 63 21 63 21 64 13 64 5 64 37 65 21 65 5 65 44 66 45 66 47 66 44 67 47 67 46 67 46 68 47 68 1 68 46 69 1 69 0 69 46 70 0 70 2 70 2 71 4 71 6 71 6 72 8 72 10 72 10 73 12 73 14 73 14 74 16 74 18 74 18 75 20 75 22 75 22 76 24 76 26 76 26 77 28 77 30 77 30 78 32 78 34 78 34 79 36 79 38 79 38 80 40 80 42 80 42 81 44 81 46 81 46 82 2 82 6 82 6 83 10 83 14 83 14 84 18 84 22 84 22 85 26 85 30 85 30 86 34 86 38 86 38 87 42 87 46 87 46 88 6 88 14 88 14 89 22 89 30 89 30 90 38 90 46 90 14 91 30 91 46 91</p></triangles></mesh></geometry></library_geometries><library_visual_scenes><visual_scene id="Scene"><node id="mesh0-node"><instance_geometry url="#mesh0"><bind_material><technique_common><instance_material symbol="graphite" target="#graphite" /></technique_common></bind_material></instance_geometry></node><node id="mesh1-node"><instance_geometry url="#mesh1"><bind_material><technique_common><instance_material symbol="ivory" target="#ivory" /></technique_common></bind_material></instance_geometry></node><node id="mesh2-node"><instance_geometry url="#mesh2"><bind_material><technique_common><instance_material symbol="titanium" target="#titanium" /></technique_common></bind_material></instance_geometry></node><node id="mesh3-node"><instance_geometry url="#mesh3"><bind_material><technique_common><instance_material symbol="graphite" target="#graphite" /></technique_common></bind_material></instance_geometry></node><node id="mesh4-node"><instance_geometry url="#mesh4"><bind_material><technique_common><instance_material symbol="graphite" target="#graphite" /></technique_common></bind_material></instance_geometry></node><node id="mesh5-node"><instance_geometry url="#mesh5"><bind_material><technique_common><instance_material symbol="graphite" target="#graphite" /></technique_common></bind_material></instance_geometry></node><node id="mesh6-node"><instance_geometry url="#mesh6"><bind_material><technique_common><instance_material symbol="graphite" target="#graphite" /></technique_common></bind_material></instance_geometry></node><node id="mesh7-node"><instance_geometry url="#mesh7"><bind_material><technique_common><instance_material symbol="graphite" target="#graphite" /></technique_common></bind_material></instance_geometry></node><node id="mesh8-node"><instance_geometry url="#mesh8"><bind_material><technique_common><instance_material symbol="graphite" target="#graphite" /></technique_common></bind_material></instance_geometry></node><node id="mesh9-node"><instance_geometry url="#mesh9"><bind_material><technique_common><instance_material symbol="ivory" target="#ivory" /></technique_common></bind_material></instance_geometry></node><node id="mesh10-node"><instance_geometry url="#mesh10"><bind_material><technique_common><instance_material symbol="titanium" target="#titanium" /></technique_common></bind_material></instance_geometry></node><node id="mesh11-node"><instance_geometry url="#mesh11"><bind_material><technique_common><instance_material symbol="graphite" target="#graphite" /></technique_common></bind_material></instance_geometry></node><node id="mesh12-node"><instance_geometry url="#mesh12"><bind_material><technique_common><instance_material symbol="graphite" target="#graphite" /></technique_common></bind_material></instance_geometry></node><node id="mesh13-node"><instance_geometry url="#mesh13"><bind_material><technique_common><instance_material symbol="graphite" target="#graphite" /></technique_common></bind_material></instance_geometry></node><node id="mesh14-node"><instance_geometry url="#mesh14"><bind_material><technique_common><instance_material symbol="graphite" target="#graphite" /></technique_common></bind_material></instance_geometry></node><node id="mesh15-node"><instance_geometry url="#mesh15"><bind_material><technique_common><instance_material symbol="graphite" target="#graphite" /></technique_common></bind_material></instance_geometry></node><node id="mesh16-node"><instance_geometry url="#mesh16"><bind_material><technique_common><instance_material symbol="graphite" target="#graphite" /></technique_common></bind_material></instance_geometry></node><node id="mesh17-node"><instance_geometry url="#mesh17"><bind_material><technique_common><instance_material symbol="rubber" target="#rubber" /></technique_common></bind_material></instance_geometry></node><node id="mesh18-node"><instance_geometry url="#mesh18"><bind_material><technique_common><instance_material symbol="titanium" target="#titanium" /></technique_common></bind_material></instance_geometry></node><node id="mesh19-node"><instance_geometry url="#mesh19"><bind_material><technique_common><instance_material symbol="rubber" target="#rubber" /></technique_common></bind_material></instance_geometry></node><node id="mesh20-node"><instance_geometry url="#mesh20"><bind_material><technique_common><instance_material symbol="graphite" target="#graphite" /></technique_common></bind_material></instance_geometry></node><node id="mesh21-node"><instance_geometry url="#mesh21"><bind_material><technique_common><instance_material symbol="titanium" target="#titanium" /></technique_common></bind_material></instance_geometry></node><node id="mesh22-node"><instance_geometry url="#mesh22"><bind_material><technique_common><instance_material symbol="rubber" target="#rubber" /></technique_common></bind_material></instance_geometry></node><node id="mesh23-node"><instance_geometry url="#mesh23"><bind_material><technique_common><instance_material symbol="graphite" target="#graphite" /></technique_common></bind_material></instance_geometry></node><node id="mesh24-node"><instance_geometry url="#mesh24"><bind_material><technique_common><instance_material symbol="titanium" target="#titanium" /></technique_common></bind_material></instance_geometry></node><node id="mesh25-node"><instance_geometry url="#mesh25"><bind_material><technique_common><instance_material symbol="rubber" target="#rubber" /></technique_common></bind_material></instance_geometry></node><node id="mesh26-node"><instance_geometry url="#mesh26"><bind_material><technique_common><instance_material symbol="graphite" target="#graphite" /></technique_common></bind_material></instance_geometry></node></visual_scene></library_visual_scenes><scene><instance_visual_scene url="#Scene" /></scene></COLLADA>