<?xml version='1.0' encoding='utf-8'?>
<COLLADA xmlns="http://www.collada.org/2005/11/COLLADASchema" version="1.4.1"><asset><unit name="meter" meter="1" /><up_axis>Z_UP</up_axis></asset><library_effects><effect id="graphite-fx"><profile_COMMON><technique sid="common"><phong><emission><color>0 0 0 1</color></emission><ambient><color>0.065 0.075 0.085 1</color></ambient><diffuse><color>0.065 0.075 0.085 1</color></diffuse><specular><color>0.12 0.12 0.12 1</color></specular><shininess><float>25</float></shininess></phong></technique></profile_COMMON></effect><effect id="titanium-fx"><profile_COMMON><technique sid="common"><phong><emission><color>0 0 0 1</color></emission><ambient><color>0.36 0.4 0.43 1</color></ambient><diffuse><color>0.36 0.4 0.43 1</color></diffuse><specular><color>0.12 0.12 0.12 1</color></specular><shininess><float>25</float></shininess></phong></technique></profile_COMMON></effect><effect id="ivory-fx"><profile_COMMON><technique sid="common"><phong><emission><color>0 0 0 1</color></emission><ambient><color>0.72 0.72 0.65 1</color></ambient><diffuse><color>0.72 0.72 0.65 1</color></diffuse><specular><color>0.12 0.12 0.12 1</color></specular><shininess><float>25</float></shininess></phong></technique></profile_COMMON></effect><effect id="copper-fx"><profile_COMMON><technique sid="common"><phong><emission><color>0 0 0 1</color></emission><ambient><color>0.66 0.29 0.08 1</color></ambient><diffuse><color>0.66 0.29 0.08 1</color></diffuse><specular><color>0.12 0.12 0.12 1</color></specular><shininess><float>25</float></shininess></phong></technique></profile_COMMON></effect><effect id="rubber-fx"><profile_COMMON><technique sid="common"><phong><emission><color>0 0 0 1</color></emission><ambient><color>0.025 0.028 0.032 1</color></ambient><diffuse><color>0.025 0.028 0.032 1</color></diffuse><specular><color>0.12 0.12 0.12 1</color></specular><shininess><float>25</float></shininess></phong></technique></profile_COMMON></effect><effect id="lens-fx"><profile_COMMON><technique sid="common"><phong><emission><color>0 0 0 1</color></emission><ambient><color>0.05 0.26 0.33 1</color></ambient><diffuse><color>0.05 0.26 0.33 1</color></diffuse><specular><color>0.12 0.12 0.12 1</color></specular><shininess><float>25</float></shininess></phong></technique></profile_COMMON></effect></library_effects><library_materials><material id="graphite"><instance_effect url="#graphite-fx" /></material><material id="titanium"><instance_effect url="#titanium-fx" /></material><material id="ivory"><instance_effect url="#ivory-fx" /></material><material id="copper"><instance_effect url="#copper-fx" /></material><material id="rubber"><instance_effect url="#rubber-fx" /></material><material id="lens"><instance_effect url="#lens-fx" /></material></library_materials><library_geometries><geometry id="mesh0"><mesh><source id="mesh0-positions"><float_array id="mesh0-array" count="144">-0.05999999865889549 -1.4432898790731443e-17 0.019999995827674866 0.05999999865889549 -1.4432898790731443e-17 0.019999995827674866 -0.05999999865889549 0.016823237761855125 0.017785176634788513 0.05999999865889549 0.016823237761855125 0.017785176634788513 -0.05999999865889549 0.032499998807907104 0.011291645467281342 0.05999999865889549 0.032499998807907104 0.011291645467281342 -0.05999999865889549 0.04596193879842758 0.0009619370102882385 0.05999999865889549 0.04596193879842758 0.0009619370102882385 -0.05999999865889549 0.056291647255420685 -0.012500002980232239 0.05999999865889549 0.056291647255420685 -0.012500002980232239 -0.05999999865889549 0.06278517842292786 -0.028176764026284218 0.05999999865889549 0.06278517842292786 -0.028176764026284218 -0.05999999865889549 0.06499999761581421 -0.04500000178813934 0.05999999865889549 0.06499999761581421 -0.04500000178813934 -0.05999999865889549 0.06278517842292786 -0.06182323768734932 0.05999999865889549 0.06278517842292786 -0.06182324141263962 -0.05999999865889549 0.056291647255420685 -0.07750000059604645 0.05999999865889549 0.056291647255420685 -0.07750000059604645 -0.05999999865889549 0.04596193879842758 -0.09096194058656693 0.05999999865889549 0.04596193879842758 -0.09096194058656693 -0.05999999865889549 0.032499998807907104 -0.10129164904356003 0.05999999865889549 0.032499998807907104 -0.10129164904356003 -0.05999999865889549 0.016823237761855125 -0.1077851802110672 0.05999999865889549 0.016823237761855125 -0.1077851802110672 -0.05999999865889549 1.4432898790731443e-17 -0.10999999940395355 0.05999999865889549 1.4432898790731443e-17 -0.10999999940395355 -0.05999999865889549 -0.016823237761855125 -0.1077851802110672 0.05999999865889549 -0.016823237761855125 -0.1077851802110672 -0.05999999865889549 -0.032499998807907104 -0.10129164904356003 0.05999999865889549 -0.032499998807907104 -0.10129164904356003 -0.05999999865889549 -0.04596193879842758 -0.09096194058656693 0.05999999865889549 -0.04596193879842758 -0.09096194058656693 -0.05999999865889549 -0.056291647255420685 -0.07750000059604645 0.05999999865889549 -0.056291647255420685 -0.07750000059604645 -0.05999999865889549 -0.06278517842292786 -0.06182323768734932 0.05999999865889549 -0.06278517842292786 -0.06182324141263962 -0.05999999865889549 -0.06499999761581421 -0.04500000178813934 0.05999999865889549 -0.06499999761581421 -0.04500000178813934 -0.05999999865889549 -0.06278517842292786 -0.028176764026284218 0.05999999865889549 -0.06278517842292786 -0.028176764026284218 -0.05999999865889549 -0.056291647255420685 -0.012500002980232239 0.05999999865889549 -0.056291647255420685 -0.012500002980232239 -0.05999999865889549 -0.04596193879842758 0.0009619370102882385 0.05999999865889549 -0.04596193879842758 0.0009619370102882385 -0.05999999865889549 -0.032499998807907104 0.011291645467281342 0.05999999865889549 -0.032499998807907104 0.011291645467281342 -0.05999999865889549 -0.016823237761855125 0.017785176634788513 0.05999999865889549 -0.016823237761855125 0.017785176634788513</float_array><technique_common><accessor source="#mesh0-array" count="48" stride="3"><param name="X" type="float" /><param name="Y" type="float" /><param name="Z" type="float" /></accessor></technique_common></source><source id="mesh0-normals"><float_array id="mesh0-normals-array" count="276">2.2014500119191553e-16 0.1305260807275772 0.9914449453353882 2.2014500119191553e-16 0.1305260807275772 0.9914449453353882 2.0514245950926577e-16 0.3826836943626404 0.9238795042037964 2.0514245950926577e-16 0.3826836943626404 0.9238795042037964 1.761598375555308e-16 0.6087613701820374 0.7933533787727356 1.761598375555308e-16 0.6087613701820374 0.7933533787727356 1.3517217793569122e-16 0.7933533787727356 0.6087613701820374 1.3517217793569122e-16 0.7933533787727356 0.6087613701820374 8.497284972600391e-17 0.9238795042037964 0.3826836943626404 8.497284972600391e-17 0.9238795042037964 0.3826836943626404 2.8982612027567625e-17 0.9914449453353882 0.1305260807275772 2.8982612027567625e-17 0.9914449453353882 0.1305260807275772 -2.8982612027567625e-17 0.9914449453353882 -0.1305260807275772 -2.8982612027567625e-17 0.9914449453353882 -0.1305260807275772 -8.497284972600391e-17 0.9238795042037964 -0.3826836943626404 -8.497284972600391e-17 0.9238795042037964 -0.3826836943626404 -1.3517217793569122e-16 0.7933533787727356 -0.6087613701820374 -1.3517217793569122e-16 0.7933533787727356 -0.6087613701820374 -1.761598375555308e-16 0.6087613701820374 -0.7933533787727356 -1.761598375555308e-16 0.6087613701820374 -0.7933533787727356 -2.0514245950926577e-16 0.3826836943626404 -0.9238795042037964 -2.0514245950926577e-16 0.3826836943626404 -0.9238795042037964 -2.2014500119191553e-16 0.1305260807275772 -0.9914449453353882 -2.2014500119191553e-16 0.1305260807275772 -0.9914449453353882 -2.2014500119191553e-16 -0.1305260807275772 -0.9914449453353882 -2.2014500119191553e-16 -0.1305260807275772 -0.9914449453353882 -2.0514245950926577e-16 -0.3826836943626404 -0.9238795042037964 -2.0514245950926577e-16 -0.3826836943626404 -0.9238795042037964 -1.761598375555308e-16 -0.6087613701820374 -0.7933533787727356 -1.761598375555308e-16 -0.6087613701820374 -0.7933533787727356 -1.3517217793569122e-16 -0.7933533787727356 -0.6087613701820374 -1.3517217793569122e-16 -0.7933533787727356 -0.6087613701820374 -8.497284972600391e-17 -0.9238795042037964 -0.3826836943626404 -8.497284972600391e-17 -0.9238795042037964 -0.3826836943626404 -2.8982612027567625e-17 -0.9914449453353882 -0.1305260807275772 -2.8982612027567625e-17 -0.9914449453353882 -0.1305260807275772 2.8982612027567625e-17 -0.9914449453353882 0.1305260807275772 2.8982612027567625e-17 -0.9914449453353882 0.1305260807275772 8.497284972600391e-17 -0.9238795042037964 0.3826836943626404 8.497284972600391e-17 -0.9238795042037964 0.3826836943626404 1.3517217793569122e-16 -0.7933533787727356 0.6087613701820374 1.3517217793569122e-16 -0.7933533787727356 0.6087613701820374 1.761598375555308e-16 -0.6087613701820374 0.7933533787727356 1.761598375555308e-16 -0.6087613701820374 0.7933533787727356 1.0 2.220446049250313e-16 4.930380657631324e-32 1.0 2.220446049250313e-16 4.930380657631324e-32 1.0 2.220446049250313e-16 4.930380657631324e-32 1.0 2.220446049250313e-16 4.930380657631324e-32 1.0 2.220446049250313e-16 4.930380657631324e-32 1.0 2.220446049250313e-16 4.930380657631324e-32 1.0 2.220446049250313e-16 4.930380657631324e-32 1.0 2.220446049250313e-16 4.930380657631324e-32 1.0 2.220446049250313e-16 4.930380657631324e-32 1.0 2.220446049250313e-16 4.930380657631324e-32 1.0 2.220446049250313e-16 4.930380657631324e-32 1.0 2.220446049250313e-16 4.930380657631324e-32 1.0 2.220446049250313e-16 4.930380657631324e-32 1.0 2.220446049250313e-16 4.930380657631324e-32 1.0 2.220446049250313e-16 4.930380657631324e-32 1.0 2.220446049250313e-16 4.930380657631324e-32 1.0 2.220446049250313e-16 4.930380657631324e-32 1.0 2.220446049250313e-16 4.930380657631324e-32 1.0 2.220446049250313e-16 4.930380657631324e-32 1.0 2.220446049250313e-16 4.930380657631324e-32 1.0 2.220446049250313e-16 4.930380657631324e-32 1.0 2.220446049250313e-16 4.930380657631324e-32 2.0514245950926577e-16 -0.3826836943626404 0.9238795042037964 2.0514245950926577e-16 -0.3826836943626404 0.9238795042037964 2.2014500119191553e-16 -0.1305260807275772 0.9914449453353882 2.2014500119191553e-16 -0.1305260807275772 0.9914449453353882 -1.0 -2.220446049250313e-16 -4.930380657631324e-32 -1.0 -2.220446049250313e-16 -4.930380657631324e-32 -1.0 -2.220446049250313e-16 -4.930380657631324e-32 -1.0 -2.220446049250313e-16 -4.930380657631324e-32 -1.0 -2.220446049250313e-16 -4.930380657631324e-32 -1.0 -2.220446049250313e-16 -4.930380657631324e-32 -1.0 -2.220446049250313e-16 -4.930380657631324e-32 -1.0 -2.220446049250313e-16 -4.930380657631324e-32 -1.0 -2.220446049250313e-16 -4.930380657631324e-32 -1.0 -2.220446049250313e-16 -4.930380657631324e-32 -1.0 -2.220446049250313e-16 -4.930380657631324e-32 -1.0 -2.220446049250313e-16 -4.930380657631324e-32 -1.0 -2.220446049250313e-16 -4.930380657631324e-32 -1.0 -2.220446049250313e-16 -4.930380657631324e-32 -1.0 -2.220446049250313e-16 -4.930380657631324e-32 -1.0 -2.220446049250313e-16 -4.930380657631324e-32 -1.0 -2.220446049250313e-16 -4.930380657631324e-32 -1.0 -2.220446049250313e-16 -4.930380657631324e-32 -1.0 -2.220446049250313e-16 -4.930380657631324e-32 -1.0 -2.220446049250313e-16 -4.930380657631324e-32 -1.0 -2.220446049250313e-16 -4.930380657631324e-32 -1.0 -2.220446049250313e-16 -4.930380657631324e-32</float_array><technique_common><accessor source="#mesh0-normals-array" count="92" stride="3"><param name="X" type="float" /><param name="Y" type="float" /><param name="Z" type="float" /></accessor></technique_common></source><vertices id="mesh0-vertices"><input semantic="POSITION" source="#mesh0-positions" /></vertices><triangles count="92" material="graphite"><input semantic="VERTEX" source="#mesh0-vertices" offset="0" /><input semantic="NORMAL" source="#mesh0-normals" offset="1" /><p>0 0 1 0 3 0 0 1 3 1 2 1 2 2 3 2 5 2 2 3 5 3 4 3 4 4 5 4 7 4 4 5 7 5 6 5 6 6 7 6 9 6 6 7 9 7 8 7 8 8 9 8 11 8 8 9 11 9 10 9 10 10 11 10 13 10 10 11 13 11 12 11 12 12 13 12 15 12 12 13 15 13 14 13 14 14 15 14 17 14 14 15 17 15 16 15 16 16 17 16 19 16 16 17 19 17 18 17 18 18 19 18 21 18 18 19 21 19 20 19 20 20 21 20 23 20 20 21 23 21 22 21 22 22 23 22 25 22 22 23 25 23 24 23 24 24 25 24 27 24 24 25 27 25 26 25 26 26 27 26 29 26 26 27 29 27 28 27 28 28 29 28 31 28 28 29 31 29 30 29 30 30 31 30 33 30 30 31 33 31 32 31 32 32 33 32 35 32 32 33 35 33 34 33 34 34 35 34 37 34 34 35 37 35 36 35 36 36 37 36 39 36 36 37 39 37 38 37 38 38 39 38 41 38 38 39 41 39 40 39 40 40 41 40 43 40 40 41 43 41 42 41 42 42 43 42 45 42 42 43 45 43 44 43 5 44 3 44 1 44 1 45 47 45 45 45 45 46 43 46 41 46 41 47 39 47 37 47 37 48 35 48 33 48 33 49 31 49 29 49 29 50 27 50 25 50 25 51 23 51 21 51 21 52 19 52 17 52 17 53 15 53 13 53 13 54 11 54 9 54 9 55 7 55 5 55 5 56 1 56 45 56 45 57 41 57 37 57 37 58 33 58 29 58 29 59 25 59 21 59 21 60 17 60 13 60 13 61 9 61 5 61 5 62 45 62 37 62 37 63 29 63 21 63 21 64 13 64 5 64 37 65 21 65 5 65 44 66 45 66 47 66 44 67 47 67 46 67 46 68 47 68 1 68 46 69 1 69 0 69 46 70 0 70 2 70 2 71 4 71 6 71 6 72 8 72 10 72 10 73 12 73 14 73 14 74 16 74 18 74 18 75 20 75 22 75 22 76 24 76 26 76 26 77 28 77 30 77 30 78 32 78 34 78 34 79 36 79 38 79 38 80 40 80 42 80 42 81 44 81 46 81 46 82 2 82 6 82 6 83 10 83 14 83 14 84 18 84 22 84 22 85 26 85 30 85 30 86 34 86 38 86 38 87 42 87 46 87 46 88 6 88 14 88 14 89 22 89 30 89 30 90 38 90 46 90 14 91 30 91 46 91</p></triangles></mesh></geometry><geometry id="mesh1"><mesh><source id="mesh1-positions"><float_array id="mesh1-array" count="144">-0.07000000029802322 -1.2267964468430094e-17 0.010249998420476913 -0.05800000578165054 -1.2267964468430094e-17 0.010249998420476913 -0.07000000029802322 0.014299752190709114 0.008367400616407394 -0.05800000578165054 0.014299752190709114 0.008367400616407394 -0.07000000029802322 0.02762500010430813 0.002847902476787567 -0.05800000578165054 0.02762500010430813 0.002847902476787567 -0.07000000029802322 0.039067648351192474 -0.005932353436946869 -0.05800000578165054 0.039067648351192474 -0.005932353436946869 -0.07000000029802322 0.04784790426492691 -0.017375001683831215 -0.05800000578165054 0.04784790426492691 -0.017375001683831215 -0.07000000029802322 0.05336740240454674 -0.03070024959743023 -0.05800000578165054 0.05336740240454674 -0.03070024959743023 -0.07000000029802322 0.05525000020861626 -0.04500000178813934 -0.05800000578165054 0.05525000020861626 -0.04500000178813934 -0.07000000029802322 0.05336740240454674 -0.05929975211620331 -0.05800000578165054 0.05336740240454674 -0.05929975211620331 -0.07000000029802322 0.04784790426492691 -0.07262500375509262 -0.05800000578165054 0.04784790426492691 -0.07262500375509262 -0.07000000029802322 0.039067648351192474 -0.08406765013933182 -0.05800000578165054 0.039067648351192474 -0.08406765013933182 -0.07000000029802322 0.02762500010430813 -0.09284790605306625 -0.05800000578165054 0.02762500010430813 -0.09284790605306625 -0.07000000029802322 0.014299752190709114 -0.09836740791797638 -0.05800000578165054 0.014299752190709114 -0.09836740791797638 -0.07000000029802322 1.2267964468430094e-17 -0.1002500057220459 -0.05800000578165054 1.2267964468430094e-17 -0.1002500057220459 -0.07000000029802322 -0.014299752190709114 -0.09836740791797638 -0.05800000578165054 -0.014299752190709114 -0.09836740791797638 -0.07000000029802322 -0.02762500010430813 -0.09284790605306625 -0.058000002056360245 -0.02762500010430813 -0.09284790605306625 -0.07000000029802322 -0.039067648351192474 -0.08406765013933182 -0.058000002056360245 -0.039067648351192474 -0.08406765013933182 -0.07000000029802322 -0.04784790426492691 -0.07262500375509262 -0.058000002056360245 -0.04784790426492691 -0.07262500375509262 -0.07000000029802322 -0.05336740240454674 -0.05929975211620331 -0.058000002056360245 -0.05336740240454674 -0.05929975211620331 -0.07000000029802322 -0.05525000020861626 -0.04500000178813934 -0.058000002056360245 -0.05525000020861626 -0.04500000178813934 -0.07000000029802322 -0.05336740240454674 -0.03070024959743023 -0.058000002056360245 -0.05336740240454674 -0.03070024959743023 -0.07000000029802322 -0.04784790426492691 -0.017375001683831215 -0.058000002056360245 -0.04784790426492691 -0.017375001683831215 -0.07000000029802322 -0.039067648351192474 -0.005932353436946869 -0.058000002056360245 -0.039067648351192474 -0.005932353436946869 -0.07000000029802322 -0.02762500010430813 0.002847902476787567 -0.058000002056360245 -0.02762500010430813 0.002847902476787567 -0.07000000029802322 -0.014299752190709114 0.008367400616407394 -0.05800000578165054 -0.014299752190709114 0.008367400616407394</float_array><technique_common><accessor source="#mesh1-array" count="48" stride="3"><param name="X" type="float" /><param name="Y" type="float" /><param name="Z" type="float" /></accessor></technique_common></source><source id="mesh1-normals"><float_array id="mesh1-normals-array" count="276">2.2014498795702573e-16 0.13052617013454437 0.9914448857307434 2.2014498795702573e-16 0.13052617013454437 0.9914448857307434 2.0514247274415557e-16 0.3826834261417389 0.9238795638084412 2.0514247274415557e-16 0.3826834261417389 0.9238795638084412 1.761598110857512e-16 0.6087616086006165 0.793353259563446 1.761598110857512e-16 0.6087616086006165 0.793353259563446 1.3517223087525042e-16 0.793353259563446 0.6087616086006165 1.3517223087525042e-16 0.793353259563446 0.6087616086006165 8.497279016899981e-17 0.9238795638084412 0.3826834261417389 8.497279016899981e-17 0.9238795638084412 0.3826834261417389 2.8982631879902326e-17 0.9914448857307434 0.13052617013454437 2.8982631879902326e-17 0.9914448857307434 0.13052617013454437 -2.8982631879902326e-17 0.9914448857307434 -0.13052617013454437 -2.8982631879902326e-17 0.9914448857307434 -0.13052617013454437 -8.497279016899981e-17 0.9238795638084412 -0.3826834261417389 -8.497279016899981e-17 0.9238795638084412 -0.3826834261417389 -1.3517223087525042e-16 0.793353259563446 -0.6087616086006165 -1.3517223087525042e-16 0.793353259563446 -0.6087616086006165 -1.761598110857512e-16 0.6087616086006165 -0.793353259563446 -1.761598110857512e-16 0.6087616086006165 -0.793353259563446 -2.0514247274415557e-16 0.3826834261417389 -0.9238795638084412 -2.0514247274415557e-16 0.3826834261417389 -0.9238795638084412 -2.2014498795702573e-16 0.13052617013454437 -0.9914448857307434 -2.2014498795702573e-16 0.13052617013454437 -0.9914448857307434 -2.2014498795702573e-16 -0.13052617013454437 -0.9914448857307434 -2.2014498795702573e-16 -0.13052617013454437 -0.9914448857307434 -2.0514247274415557e-16 -0.3826834261417389 -0.9238795638084412 -2.0514247274415557e-16 -0.3826834261417389 -0.9238795638084412 -1.761598110857512e-16 -0.6087616086006165 -0.793353259563446 -1.761598110857512e-16 -0.6087616086006165 -0.793353259563446 -1.3517223087525042e-16 -0.793353259563446 -0.6087616086006165 -1.3517223087525042e-16 -0.793353259563446 -0.6087616086006165 -8.497279016899981e-17 -0.9238795638084412 -0.3826834261417389 -8.497279016899981e-17 -0.9238795638084412 -0.3826834261417389 -2.8982631879902326e-17 -0.9914448857307434 -0.13052617013454437 -2.8982631879902326e-17 -0.9914448857307434 -0.13052617013454437 2.8982631879902326e-17 -0.9914448857307434 0.13052617013454437 2.8982631879902326e-17 -0.9914448857307434 0.13052617013454437 8.497279016899981e-17 -0.9238795638084412 0.3826834261417389 8.497279016899981e-17 -0.9238795638084412 0.3826834261417389 1.3517223087525042e-16 -0.793353259563446 0.6087616086006165 1.3517223087525042e-16 -0.793353259563446 0.6087616086006165 1.761598110857512e-16 -0.6087616086006165 0.793353259563446 1.761598110857512e-16 -0.6087616086006165 0.793353259563446 1.0 2.220446049250313e-16 4.930380657631324e-32 1.0 2.220446049250313e-16 4.930380657631324e-32 1.0 2.220446049250313e-16 4.930380657631324e-32 1.0 2.220446049250313e-16 4.930380657631324e-32 1.0 2.220446049250313e-16 4.930380657631324e-32 1.0 2.220446049250313e-16 4.930380657631324e-32 1.0 2.220446049250313e-16 4.930380657631324e-32 1.0 2.220446049250313e-16 4.930380657631324e-32 1.0 2.220446049250313e-16 4.930380657631324e-32 1.0 2.220446049250313e-16 4.930380657631324e-32 1.0 2.220446049250313e-16 4.930380657631324e-32 1.0 2.220446049250313e-16 4.930380657631324e-32 1.0 2.220446049250313e-16 4.930380657631324e-32 1.0 2.220446049250313e-16 4.930380657631324e-32 1.0 2.220446049250313e-16 4.930380657631324e-32 1.0 2.220446049250313e-16 4.930380657631324e-32 1.0 2.220446049250313e-16 4.930380657631324e-32 1.0 2.220446049250313e-16 4.930380657631324e-32 1.0 2.220446049250313e-16 4.930380657631324e-32 1.0 2.220446049250313e-16 4.930380657631324e-32 1.0 2.220446049250313e-16 4.930380657631324e-32 1.0 2.220446049250313e-16 4.930380657631324e-32 2.0514247274415557e-16 -0.3826834261417389 0.9238795638084412 2.0514247274415557e-16 -0.3826834261417389 0.9238795638084412 2.2014498795702573e-16 -0.13052617013454437 0.9914448857307434 2.2014498795702573e-16 -0.13052617013454437 0.9914448857307434 -1.0 -2.220446049250313e-16 -4.930380657631324e-32 -1.0 -2.220446049250313e-16 -4.930380657631324e-32 -1.0 -2.220446049250313e-16 -4.930380657631324e-32 -1.0 -2.220446049250313e-16 -4.930380657631324e-32 -1.0 -2.220446049250313e-16 -4.930380657631324e-32 -1.0 -2.220446049250313e-16 -4.930380657631324e-32 -1.0 -2.220446049250313e-16 -4.930380657631324e-32 -1.0 -2.220446049250313e-16 -4.930380657631324e-32 -1.0 -2.220446049250313e-16 -4.930380657631324e-32 -1.0 -2.220446049250313e-16 -4.930380657631324e-32 -1.0 -2.220446049250313e-16 -4.930380657631324e-32 -1.0 -2.220446049250313e-16 -4.930380657631324e-32 -1.0 -2.220446049250313e-16 -4.930380657631324e-32 -1.0 -2.220446049250313e-16 -4.930380657631324e-32 -1.0 -2.220446049250313e-16 -4.930380657631324e-32 -1.0 -2.220446049250313e-16 -4.930380657631324e-32 -1.0 -2.220446049250313e-16 -4.930380657631324e-32 -1.0 -2.220446049250313e-16 -4.930380657631324e-32 -1.0 -2.220446049250313e-16 -4.930380657631324e-32 -1.0 -2.220446049250313e-16 -4.930380657631324e-32 -1.0 -2.220446049250313e-16 -4.930380657631324e-32 -1.0 -2.220446049250313e-16 -4.930380657631324e-32</float_array><technique_common><accessor source="#mesh1-normals-array" count="92" stride="3"><param name="X" type="float" /><param name="Y" type="float" /><param name="Z" type="float" /></accessor></technique_common></source><vertices id="mesh1-vertices"><input semantic="POSITION" source="#mesh1-positions" /></vertices><triangles count="92" material="ivory"><input semantic="VERTEX" source="#mesh1-vertices" offset="0" /><input semantic="NORMAL" source="#mesh1-normals" offset="1" /><p>0 0 1 0 3 0 0 1 3 1 2 1 2 2 3 2 5 2 2 3 5 3 4 3 4 4 5 4 7 4 4 5 7 5 6 5 6 6 7 6 9 6 6 7 9 7 8 7 8 8 9 8 11 8 8 9 11 9 10 9 10 10 11 10 13 10 10 11 13 11 12 11 12 12 13 12 15 12 12 13 15 13 14 13 14 14 15 14 17 14 14 15 17 15 16 15 16 16 17 16 19 16 16 17 19 17 18 17 18 18 19 18 21 18 18 19 21 19 20 19 20 20 21 20 23 20 20 21 23 21 22 21 22 22 23 22 25 22 22 23 25 23 24 23 24 24 25 24 27 24 24 25 27 25 26 25 26 26 27 26 29 26 26 27 29 27 28 27 28 28 29 28 31 28 28 29 31 29 30 29 30 30 31 30 33 30 30 31 33 31 32 31 32 32 33 32 35 32 32 33 35 33 34 33 34 34 35 34 37 34 34 35 37 35 36 35 36 36 37 36 39 36 36 37 39 37 38 37 38 38 39 38 41 38 38 39 41 39 40 39 40 40 41 40 43 40 40 41 43 41 42 41 42 42 43 42 45 42 42 43 45 43 44 43 5 44 3 44 1 44 1 45 47 45 45 45 45 46 43 46 41 46 41 47 39 47 37 47 37 48 35 48 33 48 33 49 31 49 29 49 29 50 27 50 25 50 25 51 23 51 21 51 21 52 19 52 17 52 17 53 15 53 13 53 13 54 11 54 9 54 9 55 7 55 5 55 5 56 1 56 45 56 45 57 41 57 37 57 37 58 33 58 29 58 29 59 25 59 21 59 21 60 17 60 13 60 13 61 9 61 5 61 5 62 45 62 37 62 37 63 29 63 21 63 21 64 13 64 5 64 37 65 21 65 5 65 44 66 45 66 47 66 44 67 47 67 46 67 46 68 47 68 1 68 46 69 1 69 0 69 46 70 0 70 2 70 2 71 4 71 6 71 6 72 8 72 10 72 10 73 12 73 14 73 14 74 16 74 18 74 18 75 20 75 22 75 22 76 24 76 26 76 26 77 28 77 30 77 30 78 32 78 34 78 34 79 36 79 38 79 38 80 40 80 42 80 42 81 44 81 46 81 46 82 2 82 6 82 6 83 10 83 14 83 14 84 18 84 22 84 22 85 26 85 30 85 30 86 34 86 38 86 38 87 42 87 46 87 46 88 6 88 14 88 14 89 22 89 30 89 30 90 38 90 46 90 14 91 30 91 46 91</p></triangles></mesh></geometry><geometry id="mesh2"><mesh><source id="mesh2-positions"><float_array id="mesh2-array" count="144">-0.0729999989271164 -6.350475666445182e-18 -0.01640000194311142 -0.05500000715255737 -6.350475666445182e-18 -0.01640000194311142 -0.0729999989271164 0.007402224466204643 -0.017374522984027863 -0.05500000715255737 0.007402224466204643 -0.017374522984027863 -0.0729999989271164 0.014299999922513962 -0.02023167535662651 -0.05500000715255737 0.014299999922513962 -0.02023167535662651 -0.0729999989271164 0.020223254337906837 -0.024776747450232506 -0.05500000715255737 0.020223254337906837 -0.024776747450232506 -0.0729999989271164 0.024768326431512833 -0.03070000186562538 -0.05500000715255737 0.024768326431512833 -0.03070000186562538 -0.0729999989271164 0.02762547880411148 -0.03759777545928955 -0.05500000715255737 0.02762547880411148 -0.03759777545928955 -0.0729999989271164 0.028599999845027924 -0.04500000178813934 -0.05500000715255737 0.028599999845027924 -0.04500000178813934 -0.0729999989271164 0.02762547880411148 -0.052402228116989136 -0.05500000715255737 0.02762547880411148 -0.052402228116989136 -0.0729999989271164 0.024768326431512833 -0.059300001710653305 -0.05500000715255737 0.024768326431512833 -0.059300001710653305 -0.0729999989271164 0.020223254337906837 -0.06522325426340103 -0.05500000715255737 0.020223254337906837 -0.06522325426340103 -0.0729999989271164 0.014299999922513962 -0.06976832449436188 -0.05500000715255737 0.014299999922513962 -0.06976832449436188 -0.0729999989271164 0.007402224466204643 -0.07262548059225082 -0.05500000715255737 0.007402224466204643 -0.07262548059225082 -0.0729999989271164 6.350475666445182e-18 -0.07360000163316727 -0.05500000715255737 6.350475666445182e-18 -0.07360000163316727 -0.0729999989271164 -0.007402224466204643 -0.07262548059225082 -0.05500000715255737 -0.007402224466204643 -0.07262548059225082 -0.0729999989271164 -0.014299999922513962 -0.06976832449436188 -0.05500000715255737 -0.014299999922513962 -0.06976832449436188 -0.0729999989271164 -0.020223254337906837 -0.06522325426340103 -0.055000003427267075 -0.020223254337906837 -0.06522325426340103 -0.0729999989271164 -0.024768326431512833 -0.059300001710653305 -0.055000003427267075 -0.024768326431512833 -0.059300001710653305 -0.0729999989271164 -0.02762547880411148 -0.052402228116989136 -0.055000003427267075 -0.02762547880411148 -0.052402228116989136 -0.0729999989271164 -0.028599999845027924 -0.04500000178813934 -0.055000003427267075 -0.028599999845027924 -0.04500000178813934 -0.0729999989271164 -0.02762547880411148 -0.03759777545928955 -0.055000003427267075 -0.02762547880411148 -0.03759777545928955 -0.0729999989271164 -0.024768326431512833 -0.03070000186562538 -0.055000003427267075 -0.024768326431512833 -0.03070000186562538 -0.0729999989271164 -0.020223254337906837 -0.024776747450232506 -0.055000003427267075 -0.020223254337906837 -0.024776747450232506 -0.0729999989271164 -0.014299999922513962 -0.02023167535662651 -0.05500000715255737 -0.014299999922513962 -0.02023167535662651 -0.0729999989271164 -0.007402224466204643 -0.017374522984027863 -0.05500000715255737 -0.007402224466204643 -0.017374522984027863</float_array><technique_common><accessor source="#mesh2-array" count="48" stride="3"><param name="X" type="float" /><param name="Y" type="float" /><param name="Z" type="float" /></accessor></technique_common></source><source id="mesh2-normals"><float_array id="mesh2-normals-array" count="276">2.2014498795702573e-16 0.13052615523338318 0.9914448857307434 2.2014498795702573e-16 0.13052615523338318 0.9914448857307434 2.0514247274415557e-16 0.38268348574638367 0.9238795638084412 2.0514247274415557e-16 0.38268348574638367 0.9238795638084412 1.761598507904206e-16 0.6087613701820374 0.7933534383773804 1.761598507904206e-16 0.6087613701820374 0.7933534383773804 1.3517217793569122e-16 0.7933534383773804 0.6087613701820374 1.3517217793569122e-16 0.7933534383773804 0.6087613701820374 8.497280340388961e-17 0.9238795638084412 0.38268348574638367 8.497280340388961e-17 0.9238795638084412 0.38268348574638367 2.8982628571179876e-17 0.9914448857307434 0.13052615523338318 2.8982628571179876e-17 0.9914448857307434 0.13052615523338318 -2.8982628571179876e-17 0.9914448857307434 -0.13052615523338318 -2.8982628571179876e-17 0.9914448857307434 -0.13052615523338318 -8.497280340388961e-17 0.9238795638084412 -0.38268348574638367 -8.497280340388961e-17 0.9238795638084412 -0.38268348574638367 -1.3517217793569122e-16 0.7933534383773804 -0.6087613701820374 -1.3517217793569122e-16 0.7933534383773804 -0.6087613701820374 -1.761598507904206e-16 0.6087613701820374 -0.7933534383773804 -1.761598507904206e-16 0.6087613701820374 -0.7933534383773804 -2.0514247274415557e-16 0.38268348574638367 -0.9238795638084412 -2.0514247274415557e-16 0.38268348574638367 -0.9238795638084412 -2.2014498795702573e-16 0.13052615523338318 -0.9914448857307434 -2.2014498795702573e-16 0.13052615523338318 -0.9914448857307434 -2.2014498795702573e-16 -0.13052615523338318 -0.9914448857307434 -2.2014498795702573e-16 -0.13052615523338318 -0.9914448857307434 -2.0514247274415557e-16 -0.38268348574638367 -0.9238795638084412 -2.0514247274415557e-16 -0.38268348574638367 -0.9238795638084412 -1.761598507904206e-16 -0.6087613701820374 -0.7933534383773804 -1.761598507904206e-16 -0.6087613701820374 -0.7933534383773804 -1.3517217793569122e-16 -0.7933534383773804 -0.6087613701820374 -1.3517217793569122e-16 -0.7933534383773804 -0.6087613701820374 -8.497280340388961e-17 -0.9238795638084412 -0.38268348574638367 -8.497280340388961e-17 -0.9238795638084412 -0.38268348574638367 -2.8982628571179876e-17 -0.9914448857307434 -0.13052615523338318 -2.8982628571179876e-17 -0.9914448857307434 -0.13052615523338318 2.8982628571179876e-17 -0.9914448857307434 0.13052615523338318 2.8982628571179876e-17 -0.9914448857307434 0.13052615523338318 8.497280340388961e-17 -0.9238795638084412 0.38268348574638367 8.497280340388961e-17 -0.9238795638084412 0.38268348574638367 1.3517217793569122e-16 -0.7933534383773804 0.6087613701820374 1.3517217793569122e-16 -0.7933534383773804 0.6087613701820374 1.761598507904206e-16 -0.6087613701820374 0.7933534383773804 1.761598507904206e-16 -0.6087613701820374 0.7933534383773804 1.0 2.220446049250313e-16 4.930380657631324e-32 1.0 2.220446049250313e-16 4.930380657631324e-32 1.0 2.220446049250313e-16 4.930380657631324e-32 1.0 2.220446049250313e-16 4.930380657631324e-32 1.0 2.220446049250313e-16 4.930380657631324e-32 1.0 2.220446049250313e-16 4.930380657631324e-32 1.0 2.220446049250313e-16 4.930380657631324e-32 1.0 2.220446049250313e-16 4.930380657631324e-32 1.0 2.220446049250313e-16 4.930380657631324e-32 1.0 2.220446049250313e-16 4.930380657631324e-32 1.0 2.220446049250313e-16 4.930380657631324e-32 1.0 2.220446049250313e-16 4.930380657631324e-32 1.0 2.220446049250313e-16 4.930380657631324e-32 1.0 2.220446049250313e-16 4.930380657631324e-32 1.0 2.220446049250313e-16 4.930380657631324e-32 1.0 2.220446049250313e-16 4.930380657631324e-32 1.0 2.220446049250313e-16 4.930380657631324e-32 1.0 2.220446049250313e-16 4.930380657631324e-32 1.0 2.220446049250313e-16 4.930380657631324e-32 1.0 2.220446049250313e-16 4.930380657631324e-32 1.0 2.220446049250313e-16 4.930380657631324e-32 1.0 2.220446049250313e-16 4.930380657631324e-32 2.0514247274415557e-16 -0.38268348574638367 0.9238795638084412 2.0514247274415557e-16 -0.38268348574638367 0.9238795638084412 2.2014498795702573e-16 -0.13052615523338318 0.9914448857307434 2.2014498795702573e-16 -0.13052615523338318 0.9914448857307434 -1.0 -2.220446049250313e-16 -4.930380657631324e-32 -1.0 -2.220446049250313e-16 -4.930380657631324e-32 -1.0 -2.220446049250313e-16 -4.930380657631324e-32 -1.0 -2.220446049250313e-16 -4.930380657631324e-32 -1.0 -2.220446049250313e-16 -4.930380657631324e-32 -1.0 -2.220446049250313e-16 -4.930380657631324e-32 -1.0 -2.220446049250313e-16 -4.930380657631324e-32 -1.0 -2.220446049250313e-16 -4.930380657631324e-32 -1.0 -2.220446049250313e-16 -4.930380657631324e-32 -1.0 -2.220446049250313e-16 -4.930380657631324e-32 -1.0 -2.220446049250313e-16 -4.930380657631324e-32 -1.0 -2.220446049250313e-16 -4.930380657631324e-32 -1.0 -2.220446049250313e-16 -4.930380657631324e-32 -1.0 -2.220446049250313e-16 -4.930380657631324e-32 -1.0 -2.220446049250313e-16 -4.930380657631324e-32 -1.0 -2.220446049250313e-16 -4.930380657631324e-32 -1.0 -2.220446049250313e-16 -4.930380657631324e-32 -1.0 -2.220446049250313e-16 -4.930380657631324e-32 -1.0 -2.220446049250313e-16 -4.930380657631324e-32 -1.0 -2.220446049250313e-16 -4.930380657631324e-32 -1.0 -2.220446049250313e-16 -4.930380657631324e-32 -1.0 -2.220446049250313e-16 -4.930380657631324e-32</float_array><technique_common><accessor source="#mesh2-normals-array" count="92" stride="3"><param name="X" type="float" /><param name="Y" type="float" /><param name="Z" type="float" /></accessor></technique_common></source><vertices id="mesh2-vertices"><input semantic="POSITION" source="#mesh2-positions" /></vertices><triangles count="92" material="titanium"><input semantic="VERTEX" source="#mesh2-vertices" offset="0" /><input semantic="NORMAL" source="#mesh2-normals" offset="1" /><p>0 0 1 0 3 0 0 1 3 1 2 1 2 2 3 2 5 2 2 3 5 3 4 3 4 4 5 4 7 4 4 5 7 5 6 5 6 6 7 6 9 6 6 7 9 7 8 7 8 8 9 8 11 8 8 9 11 9 10 9 10 10 11 10 13 10 10 11 13 11 12 11 12 12 13 12 15 12 12 13 15 13 14 13 14 14 15 14 17 14 14 15 17 15 16 15 16 16 17 16 19 16 16 17 19 17 18 17 18 18 19 18 21 18 18 19 21 19 20 19 20 20 21 20 23 20 20 21 23 21 22 21 22 22 23 22 25 22 22 23 25 23 24 23 24 24 25 24 27 24 24 25 27 25 26 25 26 26 27 26 29 26 26 27 29 27 28 27 28 28 29 28 31 28 28 29 31 29 30 29 30 30 31 30 33 30 30 31 33 31 32 31 32 32 33 32 35 32 32 33 35 33 34 33 34 34 35 34 37 34 34 35 37 35 36 35 36 36 37 36 39 36 36 37 39 37 38 37 38 38 39 38 41 38 38 39 41 39 40 39 40 40 41 40 43 40 40 41 43 41 42 41 42 42 43 42 45 42 42 43 45 43 44 43 5 44 3 44 1 44 1 45 47 45 45 45 45 46 43 46 41 46 41 47 39 47 37 47 37 48 35 48 33 48 33 49 31 49 29 49 29 50 27 50 25 50 25 51 23 51 21 51 21 52 19 52 17 52 17 53 15 53 13 53 13 54 11 54 9 54 9 55 7 55 5 55 5 56 1 56 45 56 45 57 41 57 37 57 37 58 33 58 29 58 29 59 25 59 21 59 21 60 17 60 13 60 13 61 9 61 5 61 5 62 45 62 37 62 37 63 29 63 21 63 21 64 13 64 5 64 37 65 21 65 5 65 44 66 45 66 47 66 44 67 47 67 46 67 46 68 47 68 1 68 46 69 1 69 0 69 46 70 0 70 2 70 2 71 4 71 6 71 6 72 8 72 10 72 10 73 12 73 14 73 14 74 16 74 18 74 18 75 20 75 22 75 22 76 24 76 26 76 26 77 28 77 30 77 30 78 32 78 34 78 34 79 36 79 38 79 38 80 40 80 42 80 42 81 44 81 46 81 46 82 2 82 6 82 6 83 10 83 14 83 14 84 18 84 22 84 22 85 26 85 30 85 30 86 34 86 38 86 38 87 42 87 46 87 46 88 6 88 14 88 14 89 22 89 30 89 30 90 38 90 46 90 14 91 30 91 46 91</p></triangles></mesh></geometry><geometry id="mesh3"><mesh><source id="mesh3-positions"><float_array id="mesh3-array" count="36">-0.07400000095367432 0.043549999594688416 -0.04100000113248825 -0.05400000512599945 0.043549999594688416 -0.04100000113248825 -0.07400000095367432 0.04701410233974457 -0.0430000014603138 -0.05400000512599945 0.04701410233974457 -0.0430000014603138 -0.07400000095367432 0.04701410233974457 -0.04700000211596489 -0.05400000512599945 0.04701410233974457 -0.04700000211596489 -0.07400000095367432 0.043549999594688416 -0.049000002443790436 -0.05400000512599945 0.043549999594688416 -0.049000002443790436 -0.07400000095367432 0.04008589684963226 -0.04700000211596489 -0.05400000512599945 0.04008589684963226 -0.04700000211596489 -0.07400000095367432 0.04008589684963226 -0.0430000014603138 -0.05400000512599945 0.04008589684963226 -0.0430000014603138</float_array><technique_common><accessor source="#mesh3-array" count="12" stride="3"><param name="X" type="float" /><param name="Y" type="float" /><param name="Z" type="float" /></accessor></technique_common></source><source id="mesh3-normals"><float_array id="mesh3-normals-array" count="60">1.9229626518697845e-16 0.4999999701976776 0.8660253882408142 1.9229626518697845e-16 0.4999999701976776 0.8660253882408142 4.930380657631324e-32 1.0 2.220446049250313e-16 4.930380657631324e-32 1.0 2.220446049250313e-16 -1.9229626518697845e-16 0.4999999701976776 -0.8660253882408142 -1.9229626518697845e-16 0.4999999701976776 -0.8660253882408142 -1.9229626518697845e-16 -0.4999999701976776 -0.8660253882408142 -1.9229626518697845e-16 -0.4999999701976776 -0.8660253882408142 1.0 2.220446049250313e-16 4.930380657631324e-32 1.0 2.220446049250313e-16 4.930380657631324e-32 1.0 2.220446049250313e-16 4.930380657631324e-32 1.0 2.220446049250313e-16 4.930380657631324e-32 -4.930380657631324e-32 -1.0 -2.220446049250313e-16 -4.930380657631324e-32 -1.0 -2.220446049250313e-16 1.9229626518697845e-16 -0.4999999701976776 0.8660253882408142 1.9229626518697845e-16 -0.4999999701976776 0.8660253882408142 -1.0 -2.220446049250313e-16 -4.930380657631324e-32 -1.0 -2.220446049250313e-16 -4.930380657631324e-32 -1.0 -2.220446049250313e-16 -4.930380657631324e-32 -1.0 -2.220446049250313e-16 -4.930380657631324e-32</float_array><technique_common><accessor source="#mesh3-normals-array" count="20" stride="3"><param name="X" type="float" /><param name="Y" type="float" /><param name="Z" type="float" /></accessor></technique_common></source><vertices id="mesh3-vertices"><input semantic="POSITION" source="#mesh3-positions" /></vertices><triangles count="20" material="graphite"><input semantic="VERTEX" source="#mesh3-vertices" offset="0" /><input semantic="NORMAL" source="#mesh3-normals" offset="1" /><p>0 0 1 0 3 0 0 1 3 1 2 1 2 2 3 2 5 2 2 3 5 3 4 3 4 4 5 4 7 4 4 5 7 5 6 5 6 6 7 6 9 6 6 7 9 7 8 7 5 8 3 8 1 8 1 9 11 9 9 9 9 10 7 10 5 10 1 11 9 11 5 11 8 12 9 12 11 12 8 13 11 13 10 13 10 14 11 14 1 14 10 15 1 15 0 15 10 16 0 16 2 16 2 17 4 17 6 17 6 18 8 18 10 18 2 19 6 19 10 19</p></triangles></mesh></geometry><geometry id="mesh4"><mesh><source id="mesh4-positions"><float_array id="mesh4-array" count="36">-0.07400000095367432 0.021774999797344208 -0.003284596372395754 -0.05400000512599945 0.021774999797344208 -0.003284596372395754 -0.07400000095367432 0.02523910254240036 -0.005284596234560013 -0.05400000512599945 0.02523910254240036 -0.0052845967002213 -0.07400000095367432 0.02523910254240036 -0.009284596890211105 -0.05400000512599945 0.02523910254240036 -0.009284596890211105 -0.07400000095367432 0.021774999797344208 -0.011284596286714077 -0.05400000512599945 0.021774999797344208 -0.011284597218036652 -0.07400000095367432 0.018310897052288055 -0.009284596890211105 -0.05400000512599945 0.018310897052288055 -0.009284596890211105 -0.07400000095367432 0.018310897052288055 -0.005284596234560013 -0.05400000512599945 0.018310897052288055 -0.0052845967002213</float_array><technique_common><accessor source="#mesh4-array" count="12" stride="3"><param name="X" type="float" /><param name="Y" type="float" /><param name="Z" type="float" /></accessor></technique_common></source><source id="mesh4-normals"><float_array id="mesh4-normals-array" count="60">1.9229626518697845e-16 0.4999999701976776 0.8660253882408142 1.9229626518697845e-16 0.4999999701976776 0.8660253882408142 4.930380657631324e-32 1.0 2.220446049250313e-16 4.930380657631324e-32 1.0 2.220446049250313e-16 -1.9229626518697845e-16 0.4999999701976776 -0.8660253882408142 -1.9229626518697845e-16 0.4999999701976776 -0.8660253882408142 -1.9229626518697845e-16 -0.4999999701976776 -0.8660253882408142 -1.9229626518697845e-16 -0.4999999701976776 -0.8660253882408142 1.0 2.220446049250313e-16 4.930380657631324e-32 1.0 2.220446049250313e-16 4.930380657631324e-32 1.0 2.220446049250313e-16 4.930380657631324e-32 1.0 2.220446049250313e-16 4.930380657631324e-32 -4.930380657631324e-32 -1.0 -2.220446049250313e-16 -4.930380657631324e-32 -1.0 -2.220446049250313e-16 1.9229626518697845e-16 -0.4999999701976776 0.8660253882408142 1.9229626518697845e-16 -0.4999999701976776 0.8660253882408142 -1.0 -2.220446049250313e-16 -4.930380657631324e-32 -1.0 -2.220446049250313e-16 -4.930380657631324e-32 -1.0 -2.220446049250313e-16 -4.930380657631324e-32 -1.0 -2.220446049250313e-16 -4.930380657631324e-32</float_array><technique_common><accessor source="#mesh4-normals-array" count="20" stride="3"><param name="X" type="float" /><param name="Y" type="float" /><param name="Z" type="float" /></accessor></technique_common></source><vertices id="mesh4-vertices"><input semantic="POSITION" source="#mesh4-positions" /></vertices><triangles count="20" material="graphite"><input semantic="VERTEX" source="#mesh4-vertices" offset="0" /><input semantic="NORMAL" source="#mesh4-normals" offset="1" /><p>0 0 1 0 3 0 0 1 3 1 2 1 2 2 3 2 5 2 2 3 5 3 4 3 4 4 5 4 7 4 4 5 7 5 6 5 6 6 7 6 9 6 6 7 9 7 8 7 5 8 3 8 1 8 1 9 11 9 9 9 9 10 7 10 5 10 1 11 9 11 5 11 8 12 9 12 11 12 8 13 11 13 10 13 10 14 11 14 1 14 10 15 1 15 0 15 10 16 0 16 2 16 2 17 4 17 6 17 6 18 8 18 10 18 2 19 6 19 10 19</p></triangles></mesh></geometry><geometry id="mesh5"><mesh><source id="mesh5-positions"><float_array id="mesh5-array" count="36">-0.07400000095367432 -0.021774999797344208 -0.003284596372395754 -0.05400000512599945 -0.021774999797344208 -0.003284596372395754 -0.07400000095367432 -0.018310897052288055 -0.005284596234560013 -0.05400000512599945 -0.018310897052288055 -0.0052845967002213 -0.07400000095367432 -0.018310897052288055 -0.009284596890211105 -0.05400000512599945 -0.018310897052288055 -0.009284596890211105 -0.07400000095367432 -0.021774999797344208 -0.011284596286714077 -0.05400000512599945 -0.021774999797344208 -0.011284597218036652 -0.07400000095367432 -0.02523910254240036 -0.009284596890211105 -0.05400000512599945 -0.02523910254240036 -0.009284596890211105 -0.07400000095367432 -0.02523910254240036 -0.005284596234560013 -0.05400000512599945 -0.02523910254240036 -0.0052845967002213</float_array><technique_common><accessor source="#mesh5-array" count="12" stride="3"><param name="X" type="float" /><param name="Y" type="float" /><param name="Z" type="float" /></accessor></technique_common></source><source id="mesh5-normals"><float_array id="mesh5-normals-array" count="60">1.9229626518697845e-16 0.4999999701976776 0.8660253882408142 1.9229626518697845e-16 0.4999999701976776 0.8660253882408142 4.930380657631324e-32 1.0 2.220446049250313e-16 4.930380657631324e-32 1.0 2.220446049250313e-16 -1.9229626518697845e-16 0.4999999701976776 -0.8660253882408142 -1.9229626518697845e-16 0.4999999701976776 -0.8660253882408142 -1.9229626518697845e-16 -0.4999999701976776 -0.8660253882408142 -1.9229626518697845e-16 -0.4999999701976776 -0.8660253882408142 1.0 2.220446049250313e-16 4.930380657631324e-32 1.0 2.220446049250313e-16 4.930380657631324e-32 1.0 2.220446049250313e-16 4.930380657631324e-32 1.0 2.220446049250313e-16 4.930380657631324e-32 -4.930380657631324e-32 -1.0 -2.220446049250313e-16 -4.930380657631324e-32 -1.0 -2.220446049250313e-16 1.9229626518697845e-16 -0.4999999701976776 0.8660253882408142 1.9229626518697845e-16 -0.4999999701976776 0.8660253882408142 -1.0 -2.220446049250313e-16 -4.930380657631324e-32 -1.0 -2.220446049250313e-16 -4.930380657631324e-32 -1.0 -2.220446049250313e-16 -4.930380657631324e-32 -1.0 -2.220446049250313e-16 -4.930380657631324e-32</float_array><technique_common><accessor source="#mesh5-normals-array" count="20" stride="3"><param name="X" type="float" /><param name="Y" type="float" /><param name="Z" type="float" /></accessor></technique_common></source><vertices id="mesh5-vertices"><input semantic="POSITION" source="#mesh5-positions" /></vertices><triangles count="20" material="graphite"><input semantic="VERTEX" source="#mesh5-vertices" offset="0" /><input semantic="NORMAL" source="#mesh5-normals" offset="1" /><p>0 0 1 0 3 0 0 1 3 1 2 1 2 2 3 2 5 2 2 3 5 3 4 3 4 4 5 4 7 4 4 5 7 5 6 5 6 6 7 6 9 6 6 7 9 7 8 7 5 8 3 8 1 8 1 9 11 9 9 9 9 10 7 10 5 10 1 11 9 11 5 11 8 12 9 12 11 12 8 13 11 13 10 13 10 14 11 14 1 14 10 15 1 15 0 15 10 16 0 16 2 16 2 17 4 17 6 17 6 18 8 18 10 18 2 19 6 19 10 19</p></triangles></mesh></geometry><geometry id="mesh6"><mesh><source id="mesh6-positions"><float_array id="mesh6-array" count="36">-0.07400000095367432 -0.043549999594688416 -0.04100000113248825 -0.05400000512599945 -0.043549999594688416 -0.04100000113248825 -0.07400000095367432 -0.04008589684963226 -0.0430000014603138 -0.05400000512599945 -0.04008589684963226 -0.0430000014603138 -0.07400000095367432 -0.04008589684963226 -0.04700000211596489 -0.05400000512599945 -0.04008589684963226 -0.04700000211596489 -0.07400000095367432 -0.043549999594688416 -0.049000002443790436 -0.05400000512599945 -0.043549999594688416 -0.049000002443790436 -0.07400000095367432 -0.04701410233974457 -0.04700000211596489 -0.05400000512599945 -0.04701410233974457 -0.04700000211596489 -0.07400000095367432 -0.04701410233974457 -0.0430000014603138 -0.05400000512599945 -0.04701410233974457 -0.0430000014603138</float_array><technique_common><accessor source="#mesh6-array" count="12" stride="3"><param name="X" type="float" /><param name="Y" type="float" /><param name="Z" type="float" /></accessor></technique_common></source><source id="mesh6-normals"><float_array id="mesh6-normals-array" count="60">1.9229626518697845e-16 0.4999999701976776 0.8660253882408142 1.9229626518697845e-16 0.4999999701976776 0.8660253882408142 4.930380657631324e-32 1.0 2.220446049250313e-16 4.930380657631324e-32 1.0 2.220446049250313e-16 -1.9229626518697845e-16 0.4999999701976776 -0.8660253882408142 -1.9229626518697845e-16 0.4999999701976776 -0.8660253882408142 -1.9229626518697845e-16 -0.4999999701976776 -0.8660253882408142 -1.9229626518697845e-16 -0.4999999701976776 -0.8660253882408142 1.0 2.220446049250313e-16 4.930380657631324e-32 1.0 2.220446049250313e-16 4.930380657631324e-32 1.0 2.220446049250313e-16 4.930380657631324e-32 1.0 2.220446049250313e-16 4.930380657631324e-32 -4.930380657631324e-32 -1.0 -2.220446049250313e-16 -4.930380657631324e-32 -1.0 -2.220446049250313e-16 1.9229626518697845e-16 -0.4999999701976776 0.8660253882408142 1.9229626518697845e-16 -0.4999999701976776 0.8660253882408142 -1.0 -2.220446049250313e-16 -4.930380657631324e-32 -1.0 -2.220446049250313e-16 -4.930380657631324e-32 -1.0 -2.220446049250313e-16 -4.930380657631324e-32 -1.0 -2.220446049250313e-16 -4.930380657631324e-32</float_array><technique_common><accessor source="#mesh6-normals-array" count="20" stride="3"><param name="X" type="float" /><param name="Y" type="float" /><param name="Z" type="float" /></accessor></technique_common></source><vertices id="mesh6-vertices"><input semantic="POSITION" source="#mesh6-positions" /></vertices><triangles count="20" material="graphite"><input semantic="VERTEX" source="#mesh6-vertices" offset="0" /><input semantic="NORMAL" source="#mesh6-normals" offset="1" /><p>0 0 1 0 3 0 0 1 3 1 2 1 2 2 3 2 5 2 2 3 5 3 4 3 4 4 5 4 7 4 4 5 7 5 6 5 6 6 7 6 9 6 6 7 9 7 8 7 5 8 3 8 1 8 1 9 11 9 9 9 9 10 7 10 5 10 1 11 9 11 5 11 8 12 9 12 11 12 8 13 11 13 10 13 10 14 11 14 1 14 10 15 1 15 0 15 10 16 0 16 2 16 2 17 4 17 6 17 6 18 8 18 10 18 2 19 6 19 10 19</p></triangles></mesh></geometry><geometry id="mesh7"><mesh><source id="mesh7-positions"><float_array id="mesh7-array" count="36">-0.07400000095367432 -0.021774999797344208 -0.07871540635824203 -0.05400000512599945 -0.021774999797344208 -0.07871540635824203 -0.07400000095367432 -0.018310897052288055 -0.08071541041135788 -0.05400000512599945 -0.018310897052288055 -0.08071541041135788 -0.07400000095367432 -0.018310897052288055 -0.08471540361642838 -0.05400000512599945 -0.018310897052288055 -0.08471540361642838 -0.07400000095367432 -0.021774999797344208 -0.08671540766954422 -0.05400000512599945 -0.021774999797344208 -0.08671540766954422 -0.07400000095367432 -0.02523910254240036 -0.08471540361642838 -0.05400000512599945 -0.02523910254240036 -0.08471540361642838 -0.07400000095367432 -0.02523910254240036 -0.08071541041135788 -0.05400000512599945 -0.02523910254240036 -0.08071541041135788</float_array><technique_common><accessor source="#mesh7-array" count="12" stride="3"><param name="X" type="float" /><param name="Y" type="float" /><param name="Z" type="float" /></accessor></technique_common></source><source id="mesh7-normals"><float_array id="mesh7-normals-array" count="60">1.9229626518697845e-16 0.4999999701976776 0.8660253882408142 1.9229626518697845e-16 0.4999999701976776 0.8660253882408142 4.930380657631324e-32 1.0 2.220446049250313e-16 4.930380657631324e-32 1.0 2.220446049250313e-16 -1.9229626518697845e-16 0.4999999701976776 -0.8660253882408142 -1.9229626518697845e-16 0.4999999701976776 -0.8660253882408142 -1.9229626518697845e-16 -0.4999999701976776 -0.8660253882408142 -1.9229626518697845e-16 -0.4999999701976776 -0.8660253882408142 1.0 2.220446049250313e-16 4.930380657631324e-32 1.0 2.220446049250313e-16 4.930380657631324e-32 1.0 2.220446049250313e-16 4.930380657631324e-32 1.0 2.220446049250313e-16 4.930380657631324e-32 -4.930380657631324e-32 -1.0 -2.220446049250313e-16 -4.930380657631324e-32 -1.0 -2.220446049250313e-16 1.9229626518697845e-16 -0.4999999701976776 0.8660253882408142 1.9229626518697845e-16 -0.4999999701976776 0.8660253882408142 -1.0 -2.220446049250313e-16 -4.930380657631324e-32 -1.0 -2.220446049250313e-16 -4.930380657631324e-32 -1.0 -2.220446049250313e-16 -4.930380657631324e-32 -1.0 -2.220446049250313e-16 -4.930380657631324e-32</float_array><technique_common><accessor source="#mesh7-normals-array" count="20" stride="3"><param name="X" type="float" /><param name="Y" type="float" /><param name="Z" type="float" /></accessor></technique_common></source><vertices id="mesh7-vertices"><input semantic="POSITION" source="#mesh7-positions" /></vertices><triangles count="20" material="graphite"><input semantic="VERTEX" source="#mesh7-vertices" offset="0" /><input semantic="NORMAL" source="#mesh7-normals" offset="1" /><p>0 0 1 0 3 0 0 1 3 1 2 1 2 2 3 2 5 2 2 3 5 3 4 3 4 4 5 4 7 4 4 5 7 5 6 5 6 6 7 6 9 6 6 7 9 7 8 7 5 8 3 8 1 8 1 9 11 9 9 9 9 10 7 10 5 10 1 11 9 11 5 11 8 12 9 12 11 12 8 13 11 13 10 13 10 14 11 14 1 14 10 15 1 15 0 15 10 16 0 16 2 16 2 17 4 17 6 17 6 18 8 18 10 18 2 19 6 19 10 19</p></triangles></mesh></geometry><geometry id="mesh8"><mesh><source id="mesh8-positions"><float_array id="mesh8-array" count="36">-0.07400000095367432 0.021774999797344208 -0.07871540635824203 -0.05400000512599945 0.021774999797344208 -0.07871540635824203 -0.07400000095367432 0.02523910254240036 -0.08071541041135788 -0.05400000512599945 0.02523910254240036 -0.08071541041135788 -0.07400000095367432 0.02523910254240036 -0.08471540361642838 -0.05400000512599945 0.02523910254240036 -0.08471540361642838 -0.07400000095367432 0.021774999797344208 -0.08671540766954422 -0.05400000512599945 0.021774999797344208 -0.08671540766954422 -0.07400000095367432 0.018310897052288055 -0.08471540361642838 -0.05400000512599945 0.018310897052288055 -0.08471540361642838 -0.07400000095367432 0.018310897052288055 -0.08071541041135788 -0.05400000512599945 0.018310897052288055 -0.08071541041135788</float_array><technique_common><accessor source="#mesh8-array" count="12" stride="3"><param name="X" type="float" /><param name="Y" type="float" /><param name="Z" type="float" /></accessor></technique_common></source><source id="mesh8-normals"><float_array id="mesh8-normals-array" count="60">1.9229626518697845e-16 0.4999999701976776 0.8660253882408142 1.9229626518697845e-16 0.4999999701976776 0.8660253882408142 4.930380657631324e-32 1.0 2.220446049250313e-16 4.930380657631324e-32 1.0 2.220446049250313e-16 -1.9229626518697845e-16 0.4999999701976776 -0.8660253882408142 -1.9229626518697845e-16 0.4999999701976776 -0.8660253882408142 -1.9229626518697845e-16 -0.4999999701976776 -0.8660253882408142 -1.9229626518697845e-16 -0.4999999701976776 -0.8660253882408142 1.0 2.220446049250313e-16 4.930380657631324e-32 1.0 2.220446049250313e-16 4.930380657631324e-32 1.0 2.220446049250313e-16 4.930380657631324e-32 1.0 2.220446049250313e-16 4.930380657631324e-32 -4.930380657631324e-32 -1.0 -2.220446049250313e-16 -4.930380657631324e-32 -1.0 -2.220446049250313e-16 1.9229626518697845e-16 -0.4999999701976776 0.8660253882408142 1.9229626518697845e-16 -0.4999999701976776 0.8660253882408142 -1.0 -2.220446049250313e-16 -4.930380657631324e-32 -1.0 -2.220446049250313e-16 -4.930380657631324e-32 -1.0 -2.220446049250313e-16 -4.930380657631324e-32 -1.0 -2.220446049250313e-16 -4.930380657631324e-32</float_array><technique_common><accessor source="#mesh8-normals-array" count="20" stride="3"><param name="X" type="float" /><param name="Y" type="float" /><param name="Z" type="float" /></accessor></technique_common></source><vertices id="mesh8-vertices"><input semantic="POSITION" source="#mesh8-positions" /></vertices><triangles count="20" material="graphite"><input semantic="VERTEX" source="#mesh8-vertices" offset="0" /><input semantic="NORMAL" source="#mesh8-normals" offset="1" /><p>0 0 1 0 3 0 0 1 3 1 2 1 2 2 3 2 5 2 2 3 5 3 4 3 4 4 5 4 7 4 4 5 7 5 6 5 6 6 7 6 9 6 6 7 9 7 8 7 5 8 3 8 1 8 1 9 11 9 9 9 9 10 7 10 5 10 1 11 9 11 5 11 8 12 9 12 11 12 8 13 11 13 10 13 10 14 11 14 1 14 10 15 1 15 0 15 10 16 0 16 2 16 2 17 4 17 6 17 6 18 8 18 10 18 2 19 6 19 10 19</p></triangles></mesh></geometry><geometry id="mesh9"><mesh><source id="mesh9-positions"><float_array id="mesh9-array" count="144">0.05800000578165054 -1.2267964468430094e-17 0.010249998420476913 0.07000000029802322 -1.2267964468430094e-17 0.010249998420476913 0.05800000578165054 0.014299752190709114 0.008367400616407394 0.07000000029802322 0.014299752190709114 0.008367400616407394 0.058000002056360245 0.02762500010430813 0.002847902476787567 0.07000000029802322 0.02762500010430813 0.002847902476787567 0.058000002056360245 0.039067648351192474 -0.005932353436946869 0.07000000029802322 0.039067648351192474 -0.005932353436946869 0.058000002056360245 0.04784790426492691 -0.017375001683831215 0.07000000029802322 0.04784790426492691 -0.017375001683831215 0.058000002056360245 0.05336740240454674 -0.03070024959743023 0.07000000029802322 0.05336740240454674 -0.03070024959743023 0.058000002056360245 0.05525000020861626 -0.04500000178813934 0.07000000029802322 0.05525000020861626 -0.04500000178813934 0.058000002056360245 0.05336740240454674 -0.05929975211620331 0.07000000029802322 0.05336740240454674 -0.05929975211620331 0.058000002056360245 0.04784790426492691 -0.07262500375509262 0.07000000029802322 0.04784790426492691 -0.07262500375509262 0.058000002056360245 0.039067648351192474 -0.08406765013933182 0.07000000029802322 0.039067648351192474 -0.08406765013933182 0.058000002056360245 0.02762500010430813 -0.09284790605306625 0.07000000029802322 0.02762500010430813 -0.09284790605306625 0.05800000578165054 0.014299752190709114 -0.09836740791797638 0.07000000029802322 0.014299752190709114 -0.09836740791797638 0.05800000578165054 1.2267964468430094e-17 -0.1002500057220459 0.07000000029802322 1.2267964468430094e-17 -0.1002500057220459 0.05800000578165054 -0.014299752190709114 -0.09836740791797638 0.07000000029802322 -0.014299752190709114 -0.09836740791797638 0.05800000578165054 -0.02762500010430813 -0.09284790605306625 0.07000000029802322 -0.02762500010430813 -0.09284790605306625 0.05800000578165054 -0.039067648351192474 -0.08406765013933182 0.07000000029802322 -0.039067648351192474 -0.08406765013933182 0.05800000578165054 -0.04784790426492691 -0.07262500375509262 0.07000000029802322 -0.04784790426492691 -0.07262500375509262 0.05800000578165054 -0.05336740240454674 -0.05929975211620331 0.07000000029802322 -0.05336740240454674 -0.05929975211620331 0.05800000578165054 -0.05525000020861626 -0.04500000178813934 0.07000000029802322 -0.05525000020861626 -0.04500000178813934 0.05800000578165054 -0.05336740240454674 -0.03070024959743023 0.07000000029802322 -0.05336740240454674 -0.03070024959743023 0.05800000578165054 -0.04784790426492691 -0.017375001683831215 0.07000000029802322 -0.04784790426492691 -0.017375001683831215 0.05800000578165054 -0.039067648351192474 -0.005932353436946869 0.07000000029802322 -0.039067648351192474 -0.005932353436946869 0.05800000578165054 -0.02762500010430813 0.002847902476787567 0.07000000029802322 -0.02762500010430813 0.002847902476787567 0.05800000578165054 -0.014299752190709114 0.008367400616407394 0.07000000029802322 -0.014299752190709114 0.008367400616407394</float_array><technique_common><accessor source="#mesh9-array" count="48" stride="3"><param name="X" type="float" /><param name="Y" type="float" /><param name="Z" type="float" /></accessor></technique_common></source><source id="mesh9-normals"><float_array id="mesh9-normals-array" count="276">2.2014498795702573e-16 0.13052617013454437 0.9914448857307434 2.2014498795702573e-16 0.13052617013454437 0.9914448857307434 2.0514247274415557e-16 0.3826834261417389 0.9238795638084412 2.0514247274415557e-16 0.3826834261417389 0.9238795638084412 1.761598110857512e-16 0.6087616086006165 0.793353259563446 1.761598110857512e-16 0.6087616086006165 0.793353259563446 1.3517223087525042e-16 0.793353259563446 0.6087616086006165 1.3517223087525042e-16 0.793353259563446 0.6087616086006165 8.497279016899981e-17 0.9238795638084412 0.3826834261417389 8.497279016899981e-17 0.9238795638084412 0.3826834261417389 2.8982631879902326e-17 0.9914448857307434 0.13052617013454437 2.8982631879902326e-17 0.9914448857307434 0.13052617013454437 -2.8982631879902326e-17 0.9914448857307434 -0.13052617013454437 -2.8982631879902326e-17 0.9914448857307434 -0.13052617013454437 -8.497279016899981e-17 0.9238795638084412 -0.3826834261417389 -8.497279016899981e-17 0.9238795638084412 -0.3826834261417389 -1.3517223087525042e-16 0.793353259563446 -0.6087616086006165 -1.3517223087525042e-16 0.793353259563446 -0.6087616086006165 -1.761598110857512e-16 0.6087616086006165 -0.793353259563446 -1.761598110857512e-16 0.6087616086006165 -0.793353259563446 -2.0514247274415557e-16 0.3826834261417389 -0.9238795638084412 -2.0514247274415557e-16 0.3826834261417389 -0.9238795638084412 -2.2014498795702573e-16 0.13052617013454437 -0.9914448857307434 -2.2014498795702573e-16 0.13052617013454437 -0.9914448857307434 -2.2014498795702573e-16 -0.13052617013454437 -0.9914448857307434 -2.2014498795702573e-16 -0.13052617013454437 -0.9914448857307434 -2.0514247274415557e-16 -0.3826834261417389 -0.9238795638084412 -2.0514247274415557e-16 -0.3826834261417389 -0.9238795638084412 -1.761598110857512e-16 -0.6087616086006165 -0.793353259563446 -1.761598110857512e-16 -0.6087616086006165 -0.793353259563446 -1.3517223087525042e-16 -0.793353259563446 -0.6087616086006165 -1.3517223087525042e-16 -0.793353259563446 -0.6087616086006165 -8.497279016899981e-17 -0.9238795638084412 -0.3826834261417389 -8.497279016899981e-17 -0.9238795638084412 -0.3826834261417389 -2.8982631879902326e-17 -0.9914448857307434 -0.13052617013454437 -2.8982631879902326e-17 -0.9914448857307434 -0.13052617013454437 2.8982631879902326e-17 -0.9914448857307434 0.13052617013454437 2.8982631879902326e-17 -0.9914448857307434 0.13052617013454437 8.497279016899981e-17 -0.9238795638084412 0.3826834261417389 8.497279016899981e-17 -0.9238795638084412 0.3826834261417389 1.3517223087525042e-16 -0.793353259563446 0.6087616086006165 1.3517223087525042e-16 -0.793353259563446 0.6087616086006165 1.761598110857512e-16 -0.6087616086006165 0.793353259563446 1.761598110857512e-16 -0.6087616086006165 0.793353259563446 1.0 2.220446049250313e-16 4.930380657631324e-32 1.0 2.220446049250313e-16 4.930380657631324e-32 1.0 2.220446049250313e-16 4.930380657631324e-32 1.0 2.220446049250313e-16 4.930380657631324e-32 1.0 2.220446049250313e-16 4.930380657631324e-32 1.0 2.220446049250313e-16 4.930380657631324e-32 1.0 2.220446049250313e-16 4.930380657631324e-32 1.0 2.220446049250313e-16 4.930380657631324e-32 1.0 2.220446049250313e-16 4.930380657631324e-32 1.0 2.220446049250313e-16 4.930380657631324e-32 1.0 2.220446049250313e-16 4.930380657631324e-32 1.0 2.220446049250313e-16 4.930380657631324e-32 1.0 2.220446049250313e-16 4.930380657631324e-32 1.0 2.220446049250313e-16 4.930380657631324e-32 1.0 2.220446049250313e-16 4.930380657631324e-32 1.0 2.220446049250313e-16 4.930380657631324e-32 1.0 2.220446049250313e-16 4.930380657631324e-32 1.0 2.220446049250313e-16 4.930380657631324e-32 1.0 2.220446049250313e-16 4.930380657631324e-32 1.0 2.220446049250313e-16 4.930380657631324e-32 1.0 2.220446049250313e-16 4.930380657631324e-32 1.0 2.220446049250313e-16 4.930380657631324e-32 2.0514247274415557e-16 -0.3826834261417389 0.9238795638084412 2.0514247274415557e-16 -0.3826834261417389 0.9238795638084412 2.2014498795702573e-16 -0.13052617013454437 0.9914448857307434 2.2014498795702573e-16 -0.13052617013454437 0.9914448857307434 -1.0 -2.220446049250313e-16 -4.930380657631324e-32 -1.0 -2.220446049250313e-16 -4.930380657631324e-32 -1.0 -2.220446049250313e-16 -4.930380657631324e-32 -1.0 -2.220446049250313e-16 -4.930380657631324e-32 -1.0 -2.220446049250313e-16 -4.930380657631324e-32 -1.0 -2.220446049250313e-16 -4.930380657631324e-32 -1.0 -2.220446049250313e-16 -4.930380657631324e-32 -1.0 -2.220446049250313e-16 -4.930380657631324e-32 -1.0 -2.220446049250313e-16 -4.930380657631324e-32 -1.0 -2.220446049250313e-16 -4.930380657631324e-32 -1.0 -2.220446049250313e-16 -4.930380657631324e-32 -1.0 -2.220446049250313e-16 -4.930380657631324e-32 -1.0 -2.220446049250313e-16 -4.930380657631324e-32 -1.0 -2.220446049250313e-16 -4.930380657631324e-32 -1.0 -2.220446049250313e-16 -4.930380657631324e-32 -1.0 -2.220446049250313e-16 -4.930380657631324e-32 -1.0 -2.220446049250313e-16 -4.930380657631324e-32 -1.0 -2.220446049250313e-16 -4.930380657631324e-32 -1.0 -2.220446049250313e-16 -4.930380657631324e-32 -1.0 -2.220446049250313e-16 -4.930380657631324e-32 -1.0 -2.220446049250313e-16 -4.930380657631324e-32 -1.0 -2.220446049250313e-16 -4.930380657631324e-32</float_array><technique_common><accessor source="#mesh9-normals-array" count="92" stride="3"><param name="X" type="float" /><param name="Y" type="float" /><param name="Z" type="float" /></accessor></technique_common></source><vertices id="mesh9-vertices"><input semantic="POSITION" source="#mesh9-positions" /></vertices><triangles count="92" material="ivory"><input semantic="VERTEX" source="#mesh9-vertices" offset="0" /><input semantic="NORMAL" source="#mesh9-normals" offset="1" /><p>0 0 1 0 3 0 0 1 3 1 2 1 2 2 3 2 5 2 2 3 5 3 4 3 4 4 5 4 7 4 4 5 7 5 6 5 6 6 7 6 9 6 6 7 9 7 8 7 8 8 9 8 11 8 8 9 11 9 10 9 10 10 11 10 13 10 10 11 13 11 12 11 12 12 13 12 15 12 12 13 15 13 14 13 14 14 15 14 17 14 14 15 17 15 16 15 16 16 17 16 19 16 16 17 19 17 18 17 18 18 19 18 21 18 18 19 21 19 20 19 20 20 21 20 23 20 20 21 23 21 22 21 22 22 23 22 25 22 22 23 25 23 24 23 24 24 25 24 27 24 24 25 27 25 26 25 26 26 27 26 29 26 26 27 29 27 28 27 28 28 29 28 31 28 28 29 31 29 30 29 30 30 31 30 33 30 30 31 33 31 32 31 32 32 33 32 35 32 32 33 35 33 34 33 34 34 35 34 37 34 34 35 37 35 36 35 36 36 37 36 39 36 36 37 39 37 38 37 38 38 39 38 41 38 38 39 41 39 40 39 40 40 41 40 43 40 40 41 43 41 42 41 42 42 43 42 45 42 42 43 45 43 44 43 5 44 3 44 1 44 1 45 47 45 45 45 45 46 43 46 41 46 41 47 39 47 37 47 37 48 35 48 33 48 33 49 31 49 29 49 29 50 27 50 25 50 25 51 23 51 21 51 21 52 19 52 17 52 17 53 15 53 13 53 13 54 11 54 9 54 9 55 7 55 5 55 5 56 1 56 45 56 45 57 41 57 37 57 37 58 33 58 29 58 29 59 25 59 21 59 21 60 17 60 13 60 13 61 9 61 5 61 5 62 45 62 37 62 37 63 29 63 21 63 21 64 13 64 5 64 37 65 21 65 5 65 44 66 45 66 47 66 44 67 47 67 46 67 46 68 47 68 1 68 46 69 1 69 0 69 46 70 0 70 2 70 2 71 4 71 6 71 6 72 8 72 10 72 10 73 12 73 14 73 14 74 16 74 18 74 18 75 20 75 22 75 22 76 24 76 26 76 26 77 28 77 30 77 30 78 32 78 34 78 34 79 36 79 38 79 38 80 40 80 42 80 42 81 44 81 46 81 46 82 2 82 6 82 6 83 10 83 14 83 14 84 18 84 22 84 22 85 26 85 30 85 30 86 34 86 38 86 38 87 42 87 46 87 46 88 6 88 14 88 14 89 22 89 30 89 30 90 38 90 46 90 14 91 30 91 46 91</p></triangles></mesh></geometry><geometry id="mesh10"><mesh><source id="mesh10-positions"><float_array id="mesh10-array" count="144">0.05500000715255737 -6.350475666445182e-18 -0.01640000194311142 0.0729999989271164 -6.350475666445182e-18 -0.01640000194311142 0.05500000715255737 0.007402224466204643 -0.017374522984027863 0.0729999989271164 0.007402224466204643 -0.017374522984027863 0.05500000715255737 0.014299999922513962 -0.02023167535662651 0.0729999989271164 0.014299999922513962 -0.02023167535662651 0.055000003427267075 0.020223254337906837 -0.024776747450232506 0.0729999989271164 0.020223254337906837 -0.024776747450232506 0.055000003427267075 0.024768326431512833 -0.03070000186562538 0.0729999989271164 0.024768326431512833 -0.03070000186562538 0.055000003427267075 0.02762547880411148 -0.03759777545928955 0.0729999989271164 0.02762547880411148 -0.03759777545928955 0.055000003427267075 0.028599999845027924 -0.04500000178813934 0.0729999989271164 0.028599999845027924 -0.04500000178813934 0.055000003427267075 0.02762547880411148 -0.052402228116989136 0.0729999989271164 0.02762547880411148 -0.052402228116989136 0.055000003427267075 0.024768326431512833 -0.059300001710653305 0.0729999989271164 0.024768326431512833 -0.059300001710653305 0.055000003427267075 0.020223254337906837 -0.06522325426340103 0.0729999989271164 0.020223254337906837 -0.06522325426340103 0.05500000715255737 0.014299999922513962 -0.06976832449436188 0.0729999989271164 0.014299999922513962 -0.06976832449436188 0.05500000715255737 0.007402224466204643 -0.07262548059225082 0.0729999989271164 0.007402224466204643 -0.07262548059225082 0.05500000715255737 6.350475666445182e-18 -0.07360000163316727 0.0729999989271164 6.350475666445182e-18 -0.07360000163316727 0.05500000715255737 -0.007402224466204643 -0.07262548059225082 0.0729999989271164 -0.007402224466204643 -0.07262548059225082 0.05500000715255737 -0.014299999922513962 -0.06976832449436188 0.0729999989271164 -0.014299999922513962 -0.06976832449436188 0.05500000715255737 -0.020223254337906837 -0.06522325426340103 0.0729999989271164 -0.020223254337906837 -0.06522325426340103 0.05500000715255737 -0.024768326431512833 -0.059300001710653305 0.0729999989271164 -0.024768326431512833 -0.059300001710653305 0.05500000715255737 -0.02762547880411148 -0.052402228116989136 0.0729999989271164 -0.02762547880411148 -0.052402228116989136 0.05500000715255737 -0.028599999845027924 -0.04500000178813934 0.0729999989271164 -0.028599999845027924 -0.04500000178813934 0.05500000715255737 -0.02762547880411148 -0.03759777545928955 0.0729999989271164 -0.02762547880411148 -0.03759777545928955 0.05500000715255737 -0.024768326431512833 -0.03070000186562538 0.0729999989271164 -0.024768326431512833 -0.03070000186562538 0.05500000715255737 -0.020223254337906837 -0.024776747450232506 0.0729999989271164 -0.020223254337906837 -0.024776747450232506 0.05500000715255737 -0.014299999922513962 -0.02023167535662651 0.0729999989271164 -0.014299999922513962 -0.02023167535662651 0.05500000715255737 -0.007402224466204643 -0.017374522984027863 0.0729999989271164 -0.007402224466204643 -0.017374522984027863</float_array><technique_common><accessor source="#mesh10-array" count="48" stride="3"><param name="X" type="float" /><param name="Y" type="float" /><param name="Z" type="float" /></accessor></technique_common></source><source id="mesh10-normals"><float_array id="mesh10-normals-array" count="276">2.2014498795702573e-16 0.13052615523338318 0.9914448857307434 2.2014498795702573e-16 0.13052615523338318 0.9914448857307434 2.0514247274415557e-16 0.38268348574638367 0.9238795638084412 2.0514247274415557e-16 0.38268348574638367 0.9238795638084412 1.761598507904206e-16 0.6087613701820374 0.7933534383773804 1.761598507904206e-16 0.6087613701820374 0.7933534383773804 1.3517217793569122e-16 0.7933534383773804 0.6087613701820374 1.3517217793569122e-16 0.7933534383773804 0.6087613701820374 8.497280340388961e-17 0.9238795638084412 0.38268348574638367 8.497280340388961e-17 0.9238795638084412 0.38268348574638367 2.8982628571179876e-17 0.9914448857307434 0.13052615523338318 2.8982628571179876e-17 0.9914448857307434 0.13052615523338318 -2.8982628571179876e-17 0.9914448857307434 -0.13052615523338318 -2.8982628571179876e-17 0.9914448857307434 -0.13052615523338318 -8.497280340388961e-17 0.9238795638084412 -0.38268348574638367 -8.497280340388961e-17 0.9238795638084412 -0.38268348574638367 -1.3517217793569122e-16 0.7933534383773804 -0.6087613701820374 -1.3517217793569122e-16 0.7933534383773804 -0.6087613701820374 -1.761598507904206e-16 0.6087613701820374 -0.7933534383773804 -1.761598507904206e-16 0.6087613701820374 -0.7933534383773804 -2.0514247274415557e-16 0.38268348574638367 -0.9238795638084412 -2.0514247274415557e-16 0.38268348574638367 -0.9238795638084412 -2.2014498795702573e-16 0.13052615523338318 -0.9914448857307434 -2.2014498795702573e-16 0.13052615523338318 -0.9914448857307434 -2.2014498795702573e-16 -0.13052615523338318 -0.9914448857307434 -2.2014498795702573e-16 -0.13052615523338318 -0.9914448857307434 -2.0514247274415557e-16 -0.38268348574638367 -0.9238795638084412 -2.0514247274415557e-16 -0.38268348574638367 -0.9238795638084412 -1.761598507904206e-16 -0.6087613701820374 -0.7933534383773804 -1.761598507904206e-16 -0.6087613701820374 -0.7933534383773804 -1.3517217793569122e-16 -0.7933534383773804 -0.6087613701820374 -1.3517217793569122e-16 -0.7933534383773804 -0.6087613701820374 -8.497280340388961e-17 -0.9238795638084412 -0.38268348574638367 -8.497280340388961e-17 -0.9238795638084412 -0.38268348574638367 -2.8982628571179876e-17 -0.9914448857307434 -0.13052615523338318 -2.8982628571179876e-17 -0.9914448857307434 -0.13052615523338318 2.8982628571179876e-17 -0.9914448857307434 0.13052615523338318 2.8982628571179876e-17 -0.9914448857307434 0.13052615523338318 8.497280340388961e-17 -0.9238795638084412 0.38268348574638367 8.497280340388961e-17 -0.9238795638084412 0.38268348574638367 1.3517217793569122e-16 -0.7933534383773804 0.6087613701820374 1.3517217793569122e-16 -0.7933534383773804 0.6087613701820374 1.761598507904206e-16 -0.6087613701820374 0.7933534383773804 1.761598507904206e-16 -0.6087613701820374 0.7933534383773804 1.0 2.220446049250313e-16 4.930380657631324e-32 1.0 2.220446049250313e-16 4.930380657631324e-32 1.0 2.220446049250313e-16 4.930380657631324e-32 1.0 2.220446049250313e-16 4.930380657631324e-32 1.0 2.220446049250313e-16 4.930380657631324e-32 1.0 2.220446049250313e-16 4.930380657631324e-32 1.0 2.220446049250313e-16 4.930380657631324e-32 1.0 2.220446049250313e-16 4.930380657631324e-32 1.0 2.220446049250313e-16 4.930380657631324e-32 1.0 2.220446049250313e-16 4.930380657631324e-32 1.0 2.220446049250313e-16 4.930380657631324e-32 1.0 2.220446049250313e-16 4.930380657631324e-32 1.0 2.220446049250313e-16 4.930380657631324e-32 1.0 2.220446049250313e-16 4.930380657631324e-32 1.0 2.220446049250313e-16 4.930380657631324e-32 1.0 2.220446049250313e-16 4.930380657631324e-32 1.0 2.220446049250313e-16 4.930380657631324e-32 1.0 2.220446049250313e-16 4.930380657631324e-32 1.0 2.220446049250313e-16 4.930380657631324e-32 1.0 2.220446049250313e-16 4.930380657631324e-32 1.0 2.220446049250313e-16 4.930380657631324e-32 1.0 2.220446049250313e-16 4.930380657631324e-32 2.0514247274415557e-16 -0.38268348574638367 0.9238795638084412 2.0514247274415557e-16 -0.38268348574638367 0.9238795638084412 2.2014498795702573e-16 -0.13052615523338318 0.9914448857307434 2.2014498795702573e-16 -0.13052615523338318 0.9914448857307434 -1.0 -2.220446049250313e-16 -4.930380657631324e-32 -1.0 -2.220446049250313e-16 -4.930380657631324e-32 -1.0 -2.220446049250313e-16 -4.930380657631324e-32 -1.0 -2.220446049250313e-16 -4.930380657631324e-32 -1.0 -2.220446049250313e-16 -4.930380657631324e-32 -1.0 -2.220446049250313e-16 -4.930380657631324e-32 -1.0 -2.220446049250313e-16 -4.930380657631324e-32 -1.0 -2.220446049250313e-16 -4.930380657631324e-32 -1.0 -2.220446049250313e-16 -4.930380657631324e-32 -1.0 -2.220446049250313e-16 -4.930380657631324e-32 -1.0 -2.220446049250313e-16 -4.930380657631324e-32 -1.0 -2.220446049250313e-16 -4.930380657631324e-32 -1.0 -2.220446049250313e-16 -4.930380657631324e-32 -1.0 -2.220446049250313e-16 -4.930380657631324e-32 -1.0 -2.220446049250313e-16 -4.930380657631324e-32 -1.0 -2.220446049250313e-16 -4.930380657631324e-32 -1.0 -2.220446049250313e-16 -4.930380657631324e-32 -1.0 -2.220446049250313e-16 -4.930380657631324e-32 -1.0 -2.220446049250313e-16 -4.930380657631324e-32 -1.0 -2.220446049250313e-16 -4.930380657631324e-32 -1.0 -2.220446049250313e-16 -4.930380657631324e-32 -1.0 -2.220446049250313e-16 -4.930380657631324e-32</float_array><technique_common><accessor source="#mesh10-normals-array" count="92" stride="3"><param name="X" type="float" /><param name="Y" type="float" /><param name="Z" type="float" /></accessor></technique_common></source><vertices id="mesh10-vertices"><input semantic="POSITION" source="#mesh10-positions" /></vertices><triangles count="92" material="titanium"><input semantic="VERTEX" source="#mesh10-vertices" offset="0" /><input semantic="NORMAL" source="#mesh10-normals" offset="1" /><p>0 0 1 0 3 0 0 1 3 1 2 1 2 2 3 2 5 2 2 3 5 3 4 3 4 4 5 4 7 4 4 5 7 5 6 5 6 6 7 6 9 6 6 7 9 7 8 7 8 8 9 8 11 8 8 9 11 9 10 9 10 10 11 10 13 10 10 11 13 11 12 11 12 12 13 12 15 12 12 13 15 13 14 13 14 14 15 14 17 14 14 15 17 15 16 15 16 16 17 16 19 16 16 17 19 17 18 17 18 18 19 18 21 18 18 19 21 19 20 19 20 20 21 20 23 20 20 21 23 21 22 21 22 22 23 22 25 22 22 23 25 23 24 23 24 24 25 24 27 24 24 25 27 25 26 25 26 26 27 26 29 26 26 27 29 27 28 27 28 28 29 28 31 28 28 29 31 29 30 29 30 30 31 30 33 30 30 31 33 31 32 31 32 32 33 32 35 32 32 33 35 33 34 33 34 34 35 34 37 34 34 35 37 35 36 35 36 36 37 36 39 36 36 37 39 37 38 37 38 38 39 38 41 38 38 39 41 39 40 39 40 40 41 40 43 40 40 41 43 41 42 41 42 42 43 42 45 42 42 43 45 43 44 43 5 44 3 44 1 44 1 45 47 45 45 45 45 46 43 46 41 46 41 47 39 47 37 47 37 48 35 48 33 48 33 49 31 49 29 49 29 50 27 50 25 50 25 51 23 51 21 51 21 52 19 52 17 52 17 53 15 53 13 53 13 54 11 54 9 54 9 55 7 55 5 55 5 56 1 56 45 56 45 57 41 57 37 57 37 58 33 58 29 58 29 59 25 59 21 59 21 60 17 60 13 60 13 61 9 61 5 61 5 62 45 62 37 62 37 63 29 63 21 63 21 64 13 64 5 64 37 65 21 65 5 65 44 66 45 66 47 66 44 67 47 67 46 67 46 68 47 68 1 68 46 69 1 69 0 69 46 70 0 70 2 70 2 71 4 71 6 71 6 72 8 72 10 72 10 73 12 73 14 73 14 74 16 74 18 74 18 75 20 75 22 75 22 76 24 76 26 76 26 77 28 77 30 77 30 78 32 78 34 78 34 79 36 79 38 79 38 80 40 80 42 80 42 81 44 81 46 81 46 82 2 82 6 82 6 83 10 83 14 83 14 84 18 84 22 84 22 85 26 85 30 85 30 86 34 86 38 86 38 87 42 87 46 87 46 88 6 88 14 88 14 89 22 89 30 89 30 90 38 90 46 90 14 91 30 91 46 91</p></triangles></mesh></geometry><geometry id="mesh11"><mesh><source id="mesh11-positions"><float_array id="mesh11-array" count="36">0.05400000512599945 0.043549999594688416 -0.04100000113248825 0.07400000095367432 0.043549999594688416 -0.04100000113248825 0.05400000512599945 0.04701410233974457 -0.0430000014603138 0.07400000095367432 0.04701410233974457 -0.0430000014603138 0.05400000512599945 0.04701410233974457 -0.04700000211596489 0.07400000095367432 0.04701410233974457 -0.04700000211596489 0.05400000512599945 0.043549999594688416 -0.049000002443790436 0.07400000095367432 0.043549999594688416 -0.049000002443790436 0.05400000512599945 0.04008589684963226 -0.04700000211596489 0.07400000095367432 0.04008589684963226 -0.04700000211596489 0.05400000512599945 0.04008589684963226 -0.0430000014603138 0.07400000095367432 0.04008589684963226 -0.0430000014603138</float_array><technique_common><accessor source="#mesh11-array" count="12" stride="3"><param name="X" type="float" /><param name="Y" type="float" /><param name="Z" type="float" /></accessor></technique_common></source><source id="mesh11-normals"><float_array id="mesh11-normals-array" count="60">1.9229626518697845e-16 0.4999999701976776 0.8660253882408142 1.9229626518697845e-16 0.4999999701976776 0.8660253882408142 4.930380657631324e-32 1.0 2.220446049250313e-16 4.930380657631324e-32 1.0 2.220446049250313e-16 -1.9229626518697845e-16 0.4999999701976776 -0.8660253882408142 -1.9229626518697845e-16 0.4999999701976776 -0.8660253882408142 -1.9229626518697845e-16 -0.4999999701976776 -0.8660253882408142 -1.9229626518697845e-16 -0.4999999701976776 -0.8660253882408142 1.0 2.220446049250313e-16 4.930380657631324e-32 1.0 2.220446049250313e-16 4.930380657631324e-32 1.0 2.220446049250313e-16 4.930380657631324e-32 1.0 2.220446049250313e-16 4.930380657631324e-32 -4.930380657631324e-32 -1.0 -2.220446049250313e-16 -4.930380657631324e-32 -1.0 -2.220446049250313e-16 1.9229626518697845e-16 -0.4999999701976776 0.8660253882408142 1.9229626518697845e-16 -0.4999999701976776 0.8660253882408142 -1.0 -2.220446049250313e-16 -4.930380657631324e-32 -1.0 -2.220446049250313e-16 -4.930380657631324e-32 -1.0 -2.220446049250313e-16 -4.930380657631324e-32 -1.0 -2.220446049250313e-16 -4.930380657631324e-32</float_array><technique_common><accessor source="#mesh11-normals-array" count="20" stride="3"><param name="X" type="float" /><param name="Y" type="float" /><param name="Z" type="float" /></accessor></technique_common></source><vertices id="mesh11-vertices"><input semantic="POSITION" source="#mesh11-positions" /></vertices><triangles count="20" material="graphite"><input semantic="VERTEX" source="#mesh11-vertices" offset="0" /><input semantic="NORMAL" source="#mesh11-normals" offset="1" /><p>0 0 1 0 3 0 0 1 3 1 2 1 2 2 3 2 5 2 2 3 5 3 4 3 4 4 5 4 7 4 4 5 7 5 6 5 6 6 7 6 9 6 6 7 9 7 8 7 5 8 3 8 1 8 1 9 11 9 9 9 9 10 7 10 5 10 1 11 9 11 5 11 8 12 9 12 11 12 8 13 11 13 10 13 10 14 11 14 1 14 10 15 1 15 0 15 10 16 0 16 2 16 2 17 4 17 6 17 6 18 8 18 10 18 2 19 6 19 10 19</p></triangles></mesh></geometry><geometry id="mesh12"><mesh><source id="mesh12-positions"><float_array id="mesh12-array" count="36">0.05400000512599945 0.021774999797344208 -0.003284596372395754 0.07400000095367432 0.021774999797344208 -0.003284596372395754 0.05400000512599945 0.02523910254240036 -0.005284596234560013 0.07400000095367432 0.02523910254240036 -0.0052845967002213 0.05400000512599945 0.02523910254240036 -0.009284596890211105 0.07400000095367432 0.02523910254240036 -0.009284596890211105 0.05400000512599945 0.021774999797344208 -0.011284596286714077 0.07400000095367432 0.021774999797344208 -0.011284597218036652 0.05400000512599945 0.018310897052288055 -0.009284596890211105 0.07400000095367432 0.018310897052288055 -0.009284596890211105 0.05400000512599945 0.018310897052288055 -0.005284596234560013 0.07400000095367432 0.018310897052288055 -0.0052845967002213</float_array><technique_common><accessor source="#mesh12-array" count="12" stride="3"><param name="X" type="float" /><param name="Y" type="float" /><param name="Z" type="float" /></accessor></technique_common></source><source id="mesh12-normals"><float_array id="mesh12-normals-array" count="60">1.9229626518697845e-16 0.4999999701976776 0.8660253882408142 1.9229626518697845e-16 0.4999999701976776 0.8660253882408142 4.930380657631324e-32 1.0 2.220446049250313e-16 4.930380657631324e-32 1.0 2.220446049250313e-16 -1.9229626518697845e-16 0.4999999701976776 -0.8660253882408142 -1.9229626518697845e-16 0.4999999701976776 -0.8660253882408142 -1.9229626518697845e-16 -0.4999999701976776 -0.8660253882408142 -1.9229626518697845e-16 -0.4999999701976776 -0.8660253882408142 1.0 2.220446049250313e-16 4.930380657631324e-32 1.0 2.220446049250313e-16 4.930380657631324e-32 1.0 2.220446049250313e-16 4.930380657631324e-32 1.0 2.220446049250313e-16 4.930380657631324e-32 -4.930380657631324e-32 -1.0 -2.220446049250313e-16 -4.930380657631324e-32 -1.0 -2.220446049250313e-16 1.9229626518697845e-16 -0.4999999701976776 0.8660253882408142 1.9229626518697845e-16 -0.4999999701976776 0.8660253882408142 -1.0 -2.220446049250313e-16 -4.930380657631324e-32 -1.0 -2.220446049250313e-16 -4.930380657631324e-32 -1.0 -2.220446049250313e-16 -4.930380657631324e-32 -1.0 -2.220446049250313e-16 -4.930380657631324e-32</float_array><technique_common><accessor source="#mesh12-normals-array" count="20" stride="3"><param name="X" type="float" /><param name="Y" type="float" /><param name="Z" type="float" /></accessor></technique_common></source><vertices id="mesh12-vertices"><input semantic="POSITION" source="#mesh12-positions" /></vertices><triangles count="20" material="graphite"><input semantic="VERTEX" source="#mesh12-vertices" offset="0" /><input semantic="NORMAL" source="#mesh12-normals" offset="1" /><p>0 0 1 0 3 0 0 1 3 1 2 1 2 2 3 2 5 2 2 3 5 3 4 3 4 4 5 4 7 4 4 5 7 5 6 5 6 6 7 6 9 6 6 7 9 7 8 7 5 8 3 8 1 8 1 9 11 9 9 9 9 10 7 10 5 10 1 11 9 11 5 11 8 12 9 12 11 12 8 13 11 13 10 13 10 14 11 14 1 14 10 15 1 15 0 15 10 16 0 16 2 16 2 17 4 17 6 17 6 18 8 18 10 18 2 19 6 19 10 19</p></triangles></mesh></geometry><geometry id="mesh13"><mesh><source id="mesh13-positions"><float_array id="mesh13-array" count="36">0.05400000512599945 -0.021774999797344208 -0.003284596372395754 0.07400000095367432 -0.021774999797344208 -0.003284596372395754 0.05400000512599945 -0.018310897052288055 -0.005284596234560013 0.07400000095367432 -0.018310897052288055 -0.0052845967002213 0.05400000512599945 -0.018310897052288055 -0.009284596890211105 0.07400000095367432 -0.018310897052288055 -0.009284596890211105 0.05400000512599945 -0.021774999797344208 -0.011284596286714077 0.07400000095367432 -0.021774999797344208 -0.011284597218036652 0.05400000512599945 -0.02523910254240036 -0.009284596890211105 0.07400000095367432 -0.02523910254240036 -0.009284596890211105 0.05400000512599945 -0.02523910254240036 -0.005284596234560013 0.07400000095367432 -0.02523910254240036 -0.0052845967002213</float_array><technique_common><accessor source="#mesh13-array" count="12" stride="3"><param name="X" type="float" /><param name="Y" type="float" /><param name="Z" type="float" /></accessor></technique_common></source><source id="mesh13-normals"><float_array id="mesh13-normals-array" count="60">1.9229626518697845e-16 0.4999999701976776 0.8660253882408142 1.9229626518697845e-16 0.4999999701976776 0.8660253882408142 4.930380657631324e-32 1.0 2.220446049250313e-16 4.930380657631324e-32 1.0 2.220446049250313e-16 -1.9229626518697845e-16 0.4999999701976776 -0.8660253882408142 -1.9229626518697845e-16 0.4999999701976776 -0.8660253882408142 -1.9229626518697845e-16 -0.4999999701976776 -0.8660253882408142 -1.9229626518697845e-16 -0.4999999701976776 -0.8660253882408142 1.0 2.220446049250313e-16 4.930380657631324e-32 1.0 2.220446049250313e-16 4.930380657631324e-32 1.0 2.220446049250313e-16 4.930380657631324e-32 1.0 2.220446049250313e-16 4.930380657631324e-32 -4.930380657631324e-32 -1.0 -2.220446049250313e-16 -4.930380657631324e-32 -1.0 -2.220446049250313e-16 1.9229626518697845e-16 -0.4999999701976776 0.8660253882408142 1.9229626518697845e-16 -0.4999999701976776 0.8660253882408142 -1.0 -2.220446049250313e-16 -4.930380657631324e-32 -1.0 -2.220446049250313e-16 -4.930380657631324e-32 -1.0 -2.220446049250313e-16 -4.930380657631324e-32 -1.0 -2.220446049250313e-16 -4.930380657631324e-32</float_array><technique_common><accessor source="#mesh13-normals-array" count="20" stride="3"><param name="X" type="float" /><param name="Y" type="float" /><param name="Z" type="float" /></accessor></technique_common></source><vertices id="mesh13-vertices"><input semantic="POSITION" source="#mesh13-positions" /></vertices><triangles count="20" material="graphite"><input semantic="VERTEX" source="#mesh13-vertices" offset="0" /><input semantic="NORMAL" source="#mesh13-normals" offset="1" /><p>0 0 1 0 3 0 0 1 3 1 2 1 2 2 3 2 5 2 2 3 5 3 4 3 4 4 5 4 7 4 4 5 7 5 6 5 6 6 7 6 9 6 6 7 9 7 8 7 5 8 3 8 1 8 1 9 11 9 9 9 9 10 7 10 5 10 1 11 9 11 5 11 8 12 9 12 11 12 8 13 11 13 10 13 10 14 11 14 1 14 10 15 1 15 0 15 10 16 0 16 2 16 2 17 4 17 6 17 6 18 8 18 10 18 2 19 6 19 10 19</p></triangles></mesh></geometry><geometry id="mesh14"><mesh><source id="mesh14-positions"><float_array id="mesh14-array" count="36">0.05400000512599945 -0.043549999594688416 -0.04100000113248825 0.07400000095367432 -0.043549999594688416 -0.04100000113248825 0.05400000512599945 -0.04008589684963226 -0.0430000014603138 0.07400000095367432 -0.04008589684963226 -0.0430000014603138 0.05400000512599945 -0.04008589684963226 -0.04700000211596489 0.07400000095367432 -0.04008589684963226 -0.04700000211596489 0.05400000512599945 -0.043549999594688416 -0.049000002443790436 0.07400000095367432 -0.043549999594688416 -0.049000002443790436 0.05400000512599945 -0.04701410233974457 -0.04700000211596489 0.07400000095367432 -0.04701410233974457 -0.04700000211596489 0.05400000512599945 -0.04701410233974457 -0.0430000014603138 0.07400000095367432 -0.04701410233974457 -0.0430000014603138</float_array><technique_common><accessor source="#mesh14-array" count="12" stride="3"><param name="X" type="float" /><param name="Y" type="float" /><param name="Z" type="float" /></accessor></technique_common></source><source id="mesh14-normals"><float_array id="mesh14-normals-array" count="60">1.9229626518697845e-16 0.4999999701976776 0.8660253882408142 1.9229626518697845e-16 0.4999999701976776 0.8660253882408142 4.930380657631324e-32 1.0 2.220446049250313e-16 4.930380657631324e-32 1.0 2.220446049250313e-16 -1.9229626518697845e-16 0.4999999701976776 -0.8660253882408142 -1.9229626518697845e-16 0.4999999701976776 -0.8660253882408142 -1.9229626518697845e-16 -0.4999999701976776 -0.8660253882408142 -1.9229626518697845e-16 -0.4999999701976776 -0.8660253882408142 1.0 2.220446049250313e-16 4.930380657631324e-32 1.0 2.220446049250313e-16 4.930380657631324e-32 1.0 2.220446049250313e-16 4.930380657631324e-32 1.0 2.220446049250313e-16 4.930380657631324e-32 -4.930380657631324e-32 -1.0 -2.220446049250313e-16 -4.930380657631324e-32 -1.0 -2.220446049250313e-16 1.9229626518697845e-16 -0.4999999701976776 0.8660253882408142 1.9229626518697845e-16 -0.4999999701976776 0.8660253882408142 -1.0 -2.220446049250313e-16 -4.930380657631324e-32 -1.0 -2.220446049250313e-16 -4.930380657631324e-32 -1.0 -2.220446049250313e-16 -4.930380657631324e-32 -1.0 -2.220446049250313e-16 -4.930380657631324e-32</float_array><technique_common><accessor source="#mesh14-normals-array" count="20" stride="3"><param name="X" type="float" /><param name="Y" type="float" /><param name="Z" type="float" /></accessor></technique_common></source><vertices id="mesh14-vertices"><input semantic="POSITION" source="#mesh14-positions" /></vertices><triangles count="20" material="graphite"><input semantic="VERTEX" source="#mesh14-vertices" offset="0" /><input semantic="NORMAL" source="#mesh14-normals" offset="1" /><p>0 0 1 0 3 0 0 1 3 1 2 1 2 2 3 2 5 2 2 3 5 3 4 3 4 4 5 4 7 4 4 5 7 5 6 5 6 6 7 6 9 6 6 7 9 7 8 7 5 8 3 8 1 8 1 9 11 9 9 9 9 10 7 10 5 10 1 11 9 11 5 11 8 12 9 12 11 12 8 13 11 13 10 13 10 14 11 14 1 14 10 15 1 15 0 15 10 16 0 16 2 16 2 17 4 17 6 17 6 18 8 18 10 18 2 19 6 19 10 19</p></triangles></mesh></geometry><geometry id="mesh15"><mesh><source id="mesh15-positions"><float_array id="mesh15-array" count="36">0.05400000512599945 -0.021774999797344208 -0.07871540635824203 0.07400000095367432 -0.021774999797344208 -0.07871540635824203 0.05400000512599945 -0.018310897052288055 -0.08071541041135788 0.07400000095367432 -0.018310897052288055 -0.08071541041135788 0.05400000512599945 -0.018310897052288055 -0.08471540361642838 0.07400000095367432 -0.018310897052288055 -0.08471540361642838 0.05400000512599945 -0.021774999797344208 -0.08671540766954422 0.07400000095367432 -0.021774999797344208 -0.08671540766954422 0.05400000512599945 -0.02523910254240036 -0.08471540361642838 0.07400000095367432 -0.02523910254240036 -0.08471540361642838 0.05400000512599945 -0.02523910254240036 -0.08071541041135788 0.07400000095367432 -0.02523910254240036 -0.08071541041135788</float_array><technique_common><accessor source="#mesh15-array" count="12" stride="3"><param name="X" type="float" /><param name="Y" type="float" /><param name="Z" type="float" /></accessor></technique_common></source><source id="mesh15-normals"><float_array id="mesh15-normals-array" count="60">1.9229626518697845e-16 0.4999999701976776 0.8660253882408142 1.9229626518697845e-16 0.4999999701976776 0.8660253882408142 4.930380657631324e-32 1.0 2.220446049250313e-16 4.930380657631324e-32 1.0 2.220446049250313e-16 -1.9229626518697845e-16 0.4999999701976776 -0.8660253882408142 -1.9229626518697845e-16 0.4999999701976776 -0.8660253882408142 -1.9229626518697845e-16 -0.4999999701976776 -0.8660253882408142 -1.9229626518697845e-16 -0.4999999701976776 -0.8660253882408142 1.0 2.220446049250313e-16 4.930380657631324e-32 1.0 2.220446049250313e-16 4.930380657631324e-32 1.0 2.220446049250313e-16 4.930380657631324e-32 1.0 2.220446049250313e-16 4.930380657631324e-32 -4.930380657631324e-32 -1.0 -2.220446049250313e-16 -4.930380657631324e-32 -1.0 -2.220446049250313e-16 1.9229626518697845e-16 -0.4999999701976776 0.8660253882408142 1.9229626518697845e-16 -0.4999999701976776 0.8660253882408142 -1.0 -2.220446049250313e-16 -4.930380657631324e-32 -1.0 -2.220446049250313e-16 -4.930380657631324e-32 -1.0 -2.220446049250313e-16 -4.930380657631324e-32 -1.0 -2.220446049250313e-16 -4.930380657631324e-32</float_array><technique_common><accessor source="#mesh15-normals-array" count="20" stride="3"><param name="X" type="float" /><param name="Y" type="float" /><param name="Z" type="float" /></accessor></technique_common></source><vertices id="mesh15-vertices"><input semantic="POSITION" source="#mesh15-positions" /></vertices><triangles count="20" material="graphite"><input semantic="VERTEX" source="#mesh15-vertices" offset="0" /><input semantic="NORMAL" source="#mesh15-normals" offset="1" /><p>0 0 1 0 3 0 0 1 3 1 2 1 2 2 3 2 5 2 2 3 5 3 4 3 4 4 5 4 7 4 4 5 7 5 6 5 6 6 7 6 9 6 6 7 9 7 8 7 5 8 3 8 1 8 1 9 11 9 9 9 9 10 7 10 5 10 1 11 9 11 5 11 8 12 9 12 11 12 8 13 11 13 10 13 10 14 11 14 1 14 10 15 1 15 0 15 10 16 0 16 2 16 2 17 4 17 6 17 6 18 8 18 10 18 2 19 6 19 10 19</p></triangles></mesh></geometry><geometry id="mesh16"><mesh><source id="mesh16-positions"><float_array id="mesh16-array" count="36">0.05400000512599945 0.021774999797344208 -0.07871540635824203 0.07400000095367432 0.021774999797344208 -0.07871540635824203 0.05400000512599945 0.02523910254240036 -0.08071541041135788 0.07400000095367432 0.02523910254240036 -0.08071541041135788 0.05400000512599945 0.02523910254240036 -0.08471540361642838 0.07400000095367432 0.02523910254240036 -0.08471540361642838 0.05400000512599945 0.021774999797344208 -0.08671540766954422 0.07400000095367432 0.021774999797344208 -0.08671540766954422 0.05400000512599945 0.018310897052288055 -0.08471540361642838 0.07400000095367432 0.018310897052288055 -0.08471540361642838 0.05400000512599945 0.018310897052288055 -0.08071541041135788 0.07400000095367432 0.018310897052288055 -0.08071541041135788</float_array><technique_common><accessor source="#mesh16-array" count="12" stride="3"><param name="X" type="float" /><param name="Y" type="float" /><param name="Z" type="float" /></accessor></technique_common></source><source id="mesh16-normals"><float_array id="mesh16-normals-array" count="60">1.9229626518697845e-16 0.4999999701976776 0.8660253882408142 1.9229626518697845e-16 0.4999999701976776 0.8660253882408142 4.930380657631324e-32 1.0 2.220446049250313e-16 4.930380657631324e-32 1.0 2.220446049250313e-16 -1.9229626518697845e-16 0.4999999701976776 -0.8660253882408142 -1.9229626518697845e-16 0.4999999701976776 -0.8660253882408142 -1.9229626518697845e-16 -0.4999999701976776 -0.8660253882408142 -1.9229626518697845e-16 -0.4999999701976776 -0.8660253882408142 1.0 2.220446049250313e-16 4.930380657631324e-32 1.0 2.220446049250313e-16 4.930380657631324e-32 1.0 2.220446049250313e-16 4.930380657631324e-32 1.0 2.220446049250313e-16 4.930380657631324e-32 -4.930380657631324e-32 -1.0 -2.220446049250313e-16 -4.930380657631324e-32 -1.0 -2.220446049250313e-16 1.9229626518697845e-16 -0.4999999701976776 0.8660253882408142 1.9229626518697845e-16 -0.4999999701976776 0.8660253882408142 -1.0 -2.220446049250313e-16 -4.930380657631324e-32 -1.0 -2.220446049250313e-16 -4.930380657631324e-32 -1.0 -2.220446049250313e-16 -4.930380657631324e-32 -1.0 -2.220446049250313e-16 -4.930380657631324e-32</float_array><technique_common><accessor source="#mesh16-normals-array" count="20" stride="3"><param name="X" type="float" /><param name="Y" type="float" /><param name="Z" type="float" /></accessor></technique_common></source><vertices id="mesh16-vertices"><input semantic="POSITION" source="#mesh16-positions" /></vertices><triangles count="20" material="graphite"><input semantic="VERTEX" source="#mesh16-vertices" offset="0" /><input semantic="NORMAL" source="#mesh16-normals" offset="1" /><p>0 0 1 0 3 0 0 1 3 1 2 1 2 2 3 2 5 2 2 3 5 3 4 3 4 4 5 4 7 4 4 5 7 5 6 5 6 6 7 6 9 6 6 7 9 7 8 7 5 8 3 8 1 8 1 9 11 9 9 9 9 10 7 10 5 10 1 11 9 11 5 11 8 12 9 12 11 12 8 13 11 13 10 13 10 14 11 14 1 14 10 15 1 15 0 15 10 16 0 16 2 16 2 17 4 17 6 17 6 18 8 18 10 18 2 19 6 19 10 19</p></triangles></mesh></geometry><geometry id="mesh17"><mesh><source id="mesh17-positions"><float_array id="mesh17-array" count="168">-0.041999999433755875 -0.041999999433755875 -0.12999999523162842 -0.041999999433755875 -0.05000000074505806 -0.12200000137090683 -0.05000000074505806 -0.041999999433755875 -0.12200000137090683 -0.04200000315904617 -0.04765686020255089 -0.12765686213970184 -0.046618808060884476 -0.046618808060884476 -0.12661880254745483 -0.04765686020255089 -0.04765686020255089 -0.12200000137090683 -0.04765686020255089 -0.04200000315904617 -0.12765686213970184 -0.041999999433755875 -0.05000000074505806 -0.04800000041723251 -0.041999999433755875 -0.041999999433755875 -0.03999999910593033 -0.05000000074505806 -0.041999999433755875 -0.04800000041723251 -0.04200000315904617 -0.04765686020255089 -0.0423431433737278 -0.046618808060884476 -0.046618808060884476 -0.04338119551539421 -0.04765686020255089 -0.04200000315904617 -0.0423431433737278 -0.04765686020255089 -0.04765686020255089 -0.04800000041723251 -0.041999999433755875 0.041999999433755875 -0.12999999523162842 -0.05000000074505806 0.041999999433755875 -0.12200000137090683 -0.041999999433755875 0.05000000074505806 -0.12200000137090683 -0.04765686020255089 0.04200000315904617 -0.12765686213970184 -0.046618808060884476 0.046618808060884476 -0.12661880254745483 -0.04765686020255089 0.04765686020255089 -0.12200000137090683 -0.04200000315904617 0.04765686020255089 -0.12765686213970184 -0.041999999433755875 0.041999999433755875 -0.03999999910593033 -0.041999999433755875 0.05000000074505806 -0.04800000041723251 -0.05000000074505806 0.041999999433755875 -0.04800000041723251 -0.04200000315904617 0.04765686020255089 -0.0423431433737278 -0.046618808060884476 0.046618808060884476 -0.04338119551539421 -0.04765686020255089 0.04765686020255089 -0.04800000041723251 -0.04765686020255089 0.04200000315904617 -0.0423431433737278 0.041999999433755875 -0.041999999433755875 -0.12999999523162842 0.05000000074505806 -0.041999999433755875 -0.12200000137090683 0.041999999433755875 -0.05000000074505806 -0.12200000137090683 0.04765686020255089 -0.04200000315904617 -0.12765686213970184 0.046618808060884476 -0.046618808060884476 -0.12661880254745483 0.04765686020255089 -0.04765686020255089 -0.12200000137090683 0.04200000315904617 -0.04765686020255089 -0.12765686213970184 0.041999999433755875 -0.041999999433755875 -0.03999999910593033 0.041999999433755875 -0.05000000074505806 -0.04800000041723251 0.05000000074505806 -0.041999999433755875 -0.04800000041723251 0.04200000315904617 -0.04765686020255089 -0.0423431433737278 0.046618808060884476 -0.046618808060884476 -0.04338119551539421 0.04765686020255089 -0.04765686020255089 -0.04800000041723251 0.04765686020255089 -0.04200000315904617 -0.0423431433737278 0.041999999433755875 0.041999999433755875 -0.12999999523162842 0.041999999433755875 0.05000000074505806 -0.12200000137090683 0.05000000074505806 0.041999999433755875 -0.12200000137090683 0.04200000315904617 0.04765686020255089 -0.12765686213970184 0.046618808060884476 0.046618808060884476 -0.12661880254745483 0.04765686020255089 0.04765686020255089 -0.12200000137090683 0.04765686020255089 0.04200000315904617 -0.12765686213970184 0.041999999433755875 0.041999999433755875 -0.03999999910593033 0.05000000074505806 0.041999999433755875 -0.04800000041723251 0.041999999433755875 0.05000000074505806 -0.04800000041723251 0.04765686020255089 0.04200000315904617 -0.0423431433737278 0.046618808060884476 0.046618808060884476 -0.04338119551539421 0.04765686020255089 0.04765686020255089 -0.04800000041723251 0.04200000315904617 0.04765686020255089 -0.0423431433737278</float_array><technique_common><accessor source="#mesh17-array" count="56" stride="3"><param name="X" type="float" /><param name="Y" type="float" /><param name="Z" type="float" /></accessor></technique_common></source><source id="mesh17-normals"><float_array id="mesh17-normals-array" count="324">-0.2817472219467163 -0.3671797215938568 -0.886452317237854 -0.3671797215938568 -0.2817472219467163 -0.8864522576332092 -0.36717939376831055 -0.8864523768424988 -0.28174716234207153 -0.28174713253974915 -0.8864523768424988 -0.36717942357063293 -0.886452317237854 -0.28174713253974915 -0.36717942357063293 -0.8864524364471436 -0.36717942357063293 -0.28174716234207153 -0.28174713253974915 -0.886452317237854 0.36717942357063293 -0.36717942357063293 -0.8864524364471436 0.28174716234207153 -0.3671797215938568 -0.2817472219467163 0.886452317237854 -0.2817472219467163 -0.3671797215938568 0.8864522576332092 -0.8864523768424988 -0.36717939376831055 0.28174716234207153 -0.8864523768424988 -0.28174713253974915 0.36717942357063293 -0.3671797215938568 0.2817472219467163 -0.886452317237854 -0.2817472219467163 0.3671797215938568 -0.8864522576332092 -0.8864523768424988 0.36717939376831055 -0.28174716234207153 -0.8864523768424988 0.28174713253974915 -0.36717942357063293 -0.28174713253974915 0.886452317237854 -0.36717942357063293 -0.36717942357063293 0.8864524364471436 -0.28174716234207153 -0.2817472219467163 0.3671797215938568 0.886452317237854 -0.3671797215938568 0.2817472219467163 0.8864522576332092 -0.36717939376831055 0.8864523768424988 0.28174716234207153 -0.28174713253974915 0.8864523768424988 0.36717942357063293 -0.886452317237854 0.28174713253974915 0.36717942357063293 -0.8864524364471436 0.36717942357063293 0.28174716234207153 0.3671797215938568 -0.2817472219467163 -0.886452317237854 0.2817472219467163 -0.3671797215938568 -0.8864522576332092 0.8864523768424988 -0.36717939376831055 -0.28174716234207153 0.8864523768424988 -0.28174713253974915 -0.36717942357063293 0.28174713253974915 -0.886452317237854 -0.36717942357063293 0.36717942357063293 -0.8864524364471436 -0.28174716234207153 0.2817472219467163 -0.3671797215938568 0.886452317237854 0.3671797215938568 -0.2817472219467163 0.8864522576332092 0.36717939376831055 -0.8864523768424988 0.28174716234207153 0.28174713253974915 -0.8864523768424988 0.36717942357063293 0.886452317237854 -0.28174713253974915 0.36717942357063293 0.8864524364471436 -0.36717942357063293 0.28174716234207153 0.2817472219467163 0.3671797215938568 -0.886452317237854 0.3671797215938568 0.2817472219467163 -0.8864522576332092 0.36717939376831055 0.8864523768424988 -0.28174716234207153 0.28174713253974915 0.8864523768424988 -0.36717942357063293 0.886452317237854 0.28174713253974915 -0.36717942357063293 0.8864524364471436 0.36717942357063293 -0.28174716234207153 0.3671797215938568 0.2817472219467163 0.886452317237854 0.2817472219467163 0.3671797215938568 0.8864522576332092 0.8864523768424988 0.36717939376831055 0.28174716234207153 0.8864523768424988 0.28174713253974915 0.36717942357063293 0.28174713253974915 0.886452317237854 0.36717942357063293 0.36717942357063293 0.8864524364471436 0.28174716234207153 -0.3826828598976135 0.0 -0.9238798022270203 -0.3826828896999359 0.0 -0.923879861831665 -0.9238799214363098 0.0 -0.38268253207206726 -0.9238799810409546 0.0 -0.38268259167671204 -0.38268232345581055 -0.9238799810409546 0.0 -0.38268232345581055 -0.9238799810409546 0.0 -0.9238799810409546 -0.38268232345581055 0.0 -0.9238799810409546 -0.38268232345581055 0.0 -0.3826828598976135 0.0 0.9238798022270203 -0.3826828896999359 0.0 0.923879861831665 -0.9238799214363098 0.0 0.38268253207206726 -0.9238799810409546 0.0 0.38268259167671204 -0.38268232345581055 0.9238799810409546 0.0 -0.38268232345581055 0.9238799810409546 0.0 -0.9238799810409546 0.38268232345581055 0.0 -0.9238799810409546 0.38268232345581055 0.0 0.0 0.3826828598976135 -0.9238798022270203 0.0 0.3826828896999359 -0.923879861831665 0.0 0.9238799214363098 -0.38268253207206726 0.0 0.9238799810409546 -0.38268259167671204 0.0 0.3826828598976135 0.9238798022270203 0.0 0.3826828896999359 0.923879861831665 0.0 0.9238799214363098 0.38268253207206726 0.0 0.9238799810409546 0.38268259167671204 0.9238799810409546 0.38268232345581055 0.0 0.9238799810409546 0.38268232345581055 0.0 0.38268232345581055 0.9238799810409546 0.0 0.38268232345581055 0.9238799810409546 0.0 0.3826828598976135 0.0 -0.9238798022270203 0.3826828896999359 0.0 -0.923879861831665 0.9238799214363098 0.0 -0.38268253207206726 0.9238799810409546 0.0 -0.38268259167671204 0.3826828598976135 0.0 0.9238798022270203 0.3826828896999359 0.0 0.923879861831665 0.9238799214363098 0.0 0.38268253207206726 0.9238799810409546 0.0 0.38268259167671204 0.38268232345581055 -0.9238799810409546 0.0 0.38268232345581055 -0.9238799810409546 0.0 0.9238799810409546 -0.38268232345581055 0.0 0.9238799810409546 -0.38268232345581055 0.0 0.0 -0.3826828598976135 -0.9238798022270203 0.0 -0.3826828896999359 -0.923879861831665 0.0 -0.9238799214363098 -0.38268253207206726 0.0 -0.9238799810409546 -0.38268259167671204 0.0 -0.3826828598976135 0.9238798022270203 0.0 -0.3826828896999359 0.923879861831665 0.0 -0.9238799214363098 0.38268253207206726 0.0 -0.9238799810409546 0.38268259167671204 0.0 0.0 -1.0 0.0 0.0 -1.0 -1.0 0.0 0.0 -1.0 0.0 0.0 0.0 -1.0 0.0 0.0 -1.0 0.0 0.0 0.0 1.0 0.0 0.0 1.0 0.0 1.0 0.0 0.0 1.0 0.0 1.0 0.0 0.0 1.0 0.0 0.0</float_array><technique_common><accessor source="#mesh17-normals-array" count="108" stride="3"><param name="X" type="float" /><param name="Y" type="float" /><param name="Z" type="float" /></accessor></technique_common></source><vertices id="mesh17-vertices"><input semantic="POSITION" source="#mesh17-positions" /></vertices><triangles count="108" material="titanium"><input semantic="VERTEX" source="#mesh17-vertices" offset="0" /><input semantic="NORMAL" source="#mesh17-normals" offset="1" /><p>0 0 3 0 4 0 0 1 4 1 6 1 1 2 5 2 4 2 1 3 4 3 3 3 2 4 6 4 4 4 2 5 4 5 5 5 7 6 10 6 11 6 7 7 11 7 13 7 8 8 12 8 11 8 8 9 11 9 10 9 9 10 13 10 11 10 9 11 11 11 12 11 14 12 17 12 18 12 14 13 18 13 20 13 15 14 19 14 18 14 15 15 18 15 17 15 16 16 20 16 18 16 16 17 18 17 19 17 21 18 24 18 25 18 21 19 25 19 27 19 22 20 26 20 25 20 22 21 25 21 24 21 23 22 27 22 25 22 23 23 25 23 26 23 28 24 31 24 32 24 28 25 32 25 34 25 29 26 33 26 32 26 29 27 32 27 31 27 30 28 34 28 32 28 30 29 32 29 33 29 35 30 38 30 39 30 35 31 39 31 41 31 36 32 40 32 39 32 36 33 39 33 38 33 37 34 41 34 39 34 37 35 39 35 40 35 42 36 45 36 46 36 42 37 46 37 48 37 43 38 47 38 46 38 43 39 46 39 45 39 44 40 48 40 46 40 44 41 46 41 47 41 49 42 52 42 53 42 49 43 53 43 55 43 50 44 54 44 53 44 50 45 53 45 52 45 51 46 55 46 53 46 51 47 53 47 54 47 14 48 0 48 6 48 14 49 6 49 17 49 17 50 6 50 2 50 17 51 2 51 15 51 1 52 7 52 13 52 1 53 13 53 5 53 5 54 13 54 9 54 5 55 9 55 2 55 8 56 21 56 27 56 8 57 27 57 12 57 12 58 27 58 23 58 12 59 23 59 9 59 22 60 16 60 19 60 22 61 19 61 26 61 26 62 19 62 15 62 26 63 15 63 23 63 42 64 14 64 20 64 42 65 20 65 45 65 45 66 20 66 16 66 45 67 16 67 43 67 21 68 49 68 55 68 21 69 55 69 24 69 24 70 55 70 51 70 24 71 51 71 22 71 50 72 44 72 47 72 50 73 47 73 54 73 54 74 47 74 43 74 54 75 43 75 51 75 28 76 42 76 48 76 28 77 48 77 31 77 31 78 48 78 44 78 31 79 44 79 29 79 49 80 35 80 41 80 49 81 41 81 52 81 52 82 41 82 37 82 52 83 37 83 50 83 36 84 30 84 33 84 36 85 33 85 40 85 40 86 33 86 29 86 40 87 29 87 37 87 0 88 28 88 34 88 0 89 34 89 3 89 3 90 34 90 30 90 3 91 30 91 1 91 35 92 8 92 10 92 35 93 10 93 38 93 38 94 10 94 7 94 38 95 7 95 36 95 14 96 42 96 28 96 14 97 28 97 0 97 2 98 9 98 23 98 2 99 23 99 15 99 30 100 36 100 7 100 30 101 7 101 1 101 49 102 21 102 8 102 49 103 8 103 35 103 16 104 22 104 51 104 16 105 51 105 43 105 44 106 50 106 37 106 44 107 37 107 29 107</p></triangles></mesh></geometry></library_geometries><library_visual_scenes><visual_scene id="Scene"><node id="mesh0-node"><instance_geometry url="#mesh0"><bind_material><technique_common><instance_material symbol="graphite" target="#graphite" /></technique_common></bind_material></instance_geometry></node><node id="mesh1-node"><instance_geometry url="#mesh1"><bind_material><technique_common><instance_material symbol="ivory" target="#ivory" /></technique_common></bind_material></instance_geometry></node><node id="mesh2-node"><instance_geometry url="#mesh2"><bind_material><technique_common><instance_material symbol="titanium" target="#titanium" /></technique_common></bind_material></instance_geometry></node><node id="mesh3-node"><instance_geometry url="#mesh3"><bind_material><technique_common><instance_material symbol="graphite" target="#graphite" /></technique_common></bind_material></instance_geometry></node><node id="mesh4-node"><instance_geometry url="#mesh4"><bind_material><technique_common><instance_material symbol="graphite" target="#graphite" /></technique_common></bind_material></instance_geometry></node><node id="mesh5-node"><instance_geometry url="#mesh5"><bind_material><technique_common><instance_material symbol="graphite" target="#graphite" /></technique_common></bind_material></instance_geometry></node><node id="mesh6-node"><instance_geometry url="#mesh6"><bind_material><technique_common><instance_material symbol="graphite" target="#graphite" /></technique_common></bind_material></instance_geometry></node><node id="mesh7-node"><instance_geometry url="#mesh7"><bind_material><technique_common><instance_material symbol="graphite" target="#graphite" /></technique_common></bind_material></instance_geometry></node><node id="mesh8-node"><instance_geometry url="#mesh8"><bind_material><technique_common><instance_material symbol="graphite" target="#graphite" /></technique_common></bind_material></instance_geometry></node><node id="mesh9-node"><instance_geometry url="#mesh9"><bind_material><technique_common><instance_material symbol="ivory" target="#ivory" /></technique_common></bind_material></instance_geometry></node><node id="mesh10-node"><instance_geometry url="#mesh10"><bind_material><technique_common><instance_material symbol="titanium" target="#titanium" /></technique_common></bind_material></instance_geometry></node><node id="mesh11-node"><instance_geometry url="#mesh11"><bind_material><technique_common><instance_material symbol="graphite" target="#graphite" /></technique_common></bind_material></instance_geometry></node><node id="mesh12-node"><instance_geometry url="#mesh12"><bind_material><technique_common><instance_material symbol="graphite" target="#graphite" /></technique_common></bind_material></instance_geometry></node><node id="mesh13-node"><instance_geometry url="#mesh13"><bind_material><technique_common><instance_material symbol="graphite" target="#graphite" /></technique_common></bind_material></instance_geometry></node><node id="mesh14-node"><instance_geometry url="#mesh14"><bind_material><technique_common><instance_material symbol="graphite" target="#graphite" /></technique_common></bind_material></instance_geometry></node><node id="mesh15-node"><instance_geometry url="#mesh15"><bind_material><technique_common><instance_material symbol="graphite" target="#graphite" /></technique_common></bind_material></instance_geometry></node><node id="mesh16-node"><instance_geometry url="#mesh16"><bind_material><technique_common><instance_material symbol="graphite" target="#graphite" /></technique_common></bind_material></instance_geometry></node><node id="mesh17-node"><instance_geometry url="#mesh17"><bind_material><technique_common><instance_material symbol="titanium" target="#titanium" /></technique_common></bind_material></instance_geometry></node></visual_scene></library_visual_scenes><scene><instance_visual_scene url="#Scene" /></scene></COLLADA>