<?xml version='1.0' encoding='utf-8'?>
<COLLADA xmlns="http://www.collada.org/2005/11/COLLADASchema" version="1.4.1"><asset><unit name="meter" meter="1" /><up_axis>Z_UP</up_axis></asset><library_effects><effect id="graphite-fx"><profile_COMMON><technique sid="common"><phong><emission><color>0 0 0 1</color></emission><ambient><color>0.065 0.075 0.085 1</color></ambient><diffuse><color>0.065 0.075 0.085 1</color></diffuse><specular><color>0.12 0.12 0.12 1</color></specular><shininess><float>25</float></shininess></phong></technique></profile_COMMON></effect><effect id="titanium-fx"><profile_COMMON><technique sid="common"><phong><emission><color>0 0 0 1</color></emission><ambient><color>0.36 0.4 0.43 1</color></ambient><diffuse><color>0.36 0.4 0.43 1</color></diffuse><specular><color>0.12 0.12 0.12 1</color></specular><shininess><float>25</float></shininess></phong></technique></profile_COMMON></effect><effect id="ivory-fx"><profile_COMMON><technique sid="common"><phong><emission><color>0 0 0 1</color></emission><ambient><color>0.72 0.72 0.65 1</color></ambient><diffuse><color>0.72 0.72 0.65 1</color></diffuse><specular><color>0.12 0.12 0.12 1</color></specular><shininess><float>25</float></shininess></phong></technique></profile_COMMON></effect><effect id="copper-fx"><profile_COMMON><technique sid="common"><phong><emission><color>0 0 0 1</color></emission><ambient><color>0.66 0.29 0.08 1</color></ambient><diffuse><color>0.66 0.29 0.08 1</color></diffuse><specular><color>0.12 0.12 0.12 1</color></specular><shininess><float>25</float></shininess></phong></technique></profile_COMMON></effect><effect id="rubber-fx"><profile_COMMON><technique sid="common"><phong><emission><color>0 0 0 1</color></emission><ambient><color>0.025 0.028 0.032 1</color></ambient><diffuse><color>0.025 0.028 0.032 1</color></diffuse><specular><color>0.12 0.12 0.12 1</color></specular><shininess><float>25</float></shininess></phong></technique></profile_COMMON></effect><effect id="lens-fx"><profile_COMMON><technique sid="common"><phong><emission><color>0 0 0 1</color></emission><ambient><color>0.05 0.26 0.33 1</color></ambient><diffuse><color>0.05 0.26 0.33 1</color></diffuse><specular><color>0.12 0.12 0.12 1</color></specular><shininess><float>25</float></shininess></phong></technique></profile_COMMON></effect></library_effects><library_materials><material id="graphite"><instance_effect url="#graphite-fx" /></material><material id="titanium"><instance_effect url="#titanium-fx" /></material><material id="ivory"><instance_effect url="#ivory-fx" /></material><material id="copper"><instance_effect url="#copper-fx" /></material><material id="rubber"><instance_effect url="#rubber-fx" /></material><material id="lens"><instance_effect url="#lens-fx" /></material></library_materials><library_geometries><geometry id="mesh0"><mesh><source id="mesh0-positions"><float_array id="mesh0-array" count="144">-7.096802701056504e-09 -0.052499979734420776 0.046999990940093994 -7.096801812878084e-09 0.05250000208616257 0.046999990940093994 -0.012164498679339886 -0.052499983459711075 0.04539850354194641 -0.012164498679339886 0.05249999836087227 0.04539850726723671 -0.023499999195337296 -0.052499983459711075 0.040703184902668 -0.023499999195337296 0.05249999836087227 0.0407031886279583 -0.033234015107154846 -0.052499983459711075 0.03323400765657425 -0.033234015107154846 0.05249999836087227 0.03323401138186455 -0.040703184902668 -0.05249998718500137 0.0234999880194664 -0.040703184902668 0.05249999463558197 0.0234999917447567 -0.04539849981665611 -0.05249998718500137 0.012164484709501266 -0.04539849981665611 0.05249999463558197 0.012164488434791565 -0.046999987214803696 -0.05249999091029167 -8.893800362841375e-09 -0.046999987214803696 0.05249999091029167 -5.2998041510932126e-09 -0.04539849981665611 -0.05249999463558197 -0.01216450147330761 -0.04539849981665611 0.05249998718500137 -0.012164497748017311 -0.0407031774520874 -0.05249999463558197 -0.023500002920627594 -0.0407031774520874 0.05249998718500137 -0.023499999195337296 -0.03323400765657425 -0.05249999836087227 -0.03323402255773544 -0.03323400765657425 0.052499983459711075 -0.033234018832445145 -0.0234999880194664 -0.05249999836087227 -0.040703192353248596 -0.0234999880194664 0.052499983459711075 -0.0407031886279583 -0.012164485640823841 -0.05249999836087227 -0.04539851099252701 -0.012164485640823841 0.052499983459711075 -0.04539850726723671 7.096801812878084e-09 -0.05250000208616257 -0.046999990940093994 7.096802701056504e-09 0.052499979734420776 -0.046999990940093994 0.012164498679339886 -0.05249999836087227 -0.04539850726723671 0.012164498679339886 0.052499983459711075 -0.04539850354194641 0.023499999195337296 -0.05249999836087227 -0.0407031886279583 0.023499999195337296 0.052499983459711075 -0.040703184902668 0.033234015107154846 -0.05249999836087227 -0.03323401138186455 0.033234015107154846 0.052499983459711075 -0.03323400765657425 0.040703184902668 -0.05249999463558197 -0.0234999917447567 0.040703184902668 0.05249998718500137 -0.0234999880194664 0.04539849981665611 -0.05249999463558197 -0.012164488434791565 0.04539849981665611 0.05249998718500137 -0.012164484709501266 0.046999987214803696 -0.05249999091029167 5.2998041510932126e-09 0.046999987214803696 0.05249999091029167 8.893800362841375e-09 0.04539849981665611 -0.05249998718500137 0.012164497748017311 0.04539849981665611 0.05249999463558197 0.01216450147330761 0.0407031774520874 -0.05249998718500137 0.023499999195337296 0.0407031774520874 0.05249999463558197 0.023500002920627594 0.03323400765657425 -0.052499983459711075 0.033234018832445145 0.03323400765657425 0.05249999836087227 0.03323402255773544 0.0234999880194664 -0.052499983459711075 0.0407031886279583 0.0234999880194664 0.05249999836087227 0.040703192353248596 0.012164485640823841 -0.052499983459711075 0.04539850726723671 0.012164485640823841 0.05249999836087227 0.04539851099252701</float_array><technique_common><accessor source="#mesh0-array" count="48" stride="3"><param name="X" type="float" /><param name="Y" type="float" /><param name="Z" type="float" /></accessor></technique_common></source><source id="mesh0-normals"><float_array id="mesh0-normals-array" count="276">-0.13052645325660706 -3.393570580101368e-08 0.9914448261260986 -0.13052645325660706 -3.393570580101368e-08 0.9914448261260986 -0.38268354535102844 -3.1623041962802745e-08 0.9238795042037964 -0.38268354535102844 -3.1623041962802745e-08 0.9238795042037964 -0.6087614297866821 -2.7155319770599817e-08 0.7933533191680908 -0.6087614297866821 -2.7155319770599817e-08 0.7933533191680908 -0.7933536171913147 -2.0836997904893906e-08 0.6087611317634583 -0.7933536171913147 -2.0836997904893906e-08 0.6087611317634583 -0.9238796234130859 -1.3098675921696668e-08 0.3826831877231598 -0.9238796234130859 -1.3098675921696668e-08 0.3826831877231598 -0.9914448261260986 -4.4677075372590025e-09 0.1305261254310608 -0.9914448261260986 -4.4677075372590025e-09 0.1305261254310608 -0.9914448261260986 4.467740399860531e-09 -0.13052642345428467 -0.9914448261260986 4.467740399860531e-09 -0.13052642345428467 -0.9238795042037964 1.3098706119762937e-08 -0.38268348574638367 -0.9238795042037964 1.3098706119762937e-08 -0.38268348574638367 -0.7933533787727356 2.0837022773889657e-08 -0.6087613701820374 -0.7933533787727356 2.0837022773889657e-08 -0.6087613701820374 -0.608761191368103 2.715534108688189e-08 -0.7933535575866699 -0.608761191368103 2.715534108688189e-08 -0.7933535575866699 -0.38268324732780457 3.162305617365746e-08 -0.9238796234130859 -0.38268324732780457 3.162305617365746e-08 -0.9238796234130859 -0.13052615523338318 3.393571290644104e-08 -0.9914448261260986 -0.13052615523338318 3.393571290644104e-08 -0.9914448261260986 0.13052645325660706 3.393570580101368e-08 -0.9914448261260986 0.13052645325660706 3.393570580101368e-08 -0.9914448261260986 0.38268354535102844 3.1623041962802745e-08 -0.9238795042037964 0.38268354535102844 3.1623041962802745e-08 -0.9238795042037964 0.6087614297866821 2.7155319770599817e-08 -0.7933533191680908 0.6087614297866821 2.7155319770599817e-08 -0.7933533191680908 0.7933536171913147 2.0836997904893906e-08 -0.6087611317634583 0.7933536171913147 2.0836997904893906e-08 -0.6087611317634583 0.9238796234130859 1.3098675921696668e-08 -0.3826831877231598 0.9238796234130859 1.3098675921696668e-08 -0.3826831877231598 0.9914448261260986 4.4677075372590025e-09 -0.1305261254310608 0.9914448261260986 4.4677075372590025e-09 -0.1305261254310608 0.9914448261260986 -4.467740399860531e-09 0.13052642345428467 0.9914448261260986 -4.467740399860531e-09 0.13052642345428467 0.9238795042037964 -1.3098706119762937e-08 0.38268348574638367 0.9238795042037964 -1.3098706119762937e-08 0.38268348574638367 0.7933533787727356 -2.0837022773889657e-08 0.6087613701820374 0.7933533787727356 -2.0837022773889657e-08 0.6087613701820374 0.608761191368103 -2.715534108688189e-08 0.7933535575866699 0.608761191368103 -2.715534108688189e-08 0.7933535575866699 2.92846632089349e-14 1.0 -2.0281595425331034e-07 2.92846632089349e-14 1.0 -2.0281595425331034e-07 2.92846632089349e-14 1.0 -2.0281595425331034e-07 2.92846632089349e-14 1.0 -2.0281595425331034e-07 2.92846632089349e-14 1.0 -2.0281595425331034e-07 2.92846632089349e-14 1.0 -2.0281595425331034e-07 2.92846632089349e-14 1.0 -2.0281595425331034e-07 2.92846632089349e-14 1.0 -2.0281595425331034e-07 2.92846632089349e-14 1.0 -2.0281595425331034e-07 2.92846632089349e-14 1.0 -2.0281595425331034e-07 2.92846632089349e-14 1.0 -2.0281595425331034e-07 2.92846632089349e-14 1.0 -2.0281595425331034e-07 2.92846632089349e-14 1.0 -2.0281595425331034e-07 2.92846632089349e-14 1.0 -2.0281595425331034e-07 2.92846632089349e-14 1.0 -2.0281595425331034e-07 2.92846632089349e-14 1.0 -2.0281595425331034e-07 2.92846632089349e-14 1.0 -2.0281595425331034e-07 2.92846632089349e-14 1.0 -2.0281595425331034e-07 2.92846632089349e-14 1.0 -2.0281595425331034e-07 2.92846632089349e-14 1.0 -2.0281595425331034e-07 2.92846632089349e-14 1.0 -2.0281595425331034e-07 2.92846632089349e-14 1.0 -2.0281596846416505e-07 0.38268324732780457 -3.162305617365746e-08 0.9238796234130859 0.38268324732780457 -3.162305617365746e-08 0.9238796234130859 0.13052615523338318 -3.393571290644104e-08 0.9914448261260986 0.13052615523338318 -3.393571290644104e-08 0.9914448261260986 -2.92846632089349e-14 -1.0 2.0281595425331034e-07 -2.92846632089349e-14 -1.0 2.0281595425331034e-07 -2.92846632089349e-14 -1.0 2.0281595425331034e-07 -2.92846632089349e-14 -1.0 2.0281595425331034e-07 -2.92846632089349e-14 -1.0 2.0281595425331034e-07 -2.92846632089349e-14 -1.0 2.0281595425331034e-07 -2.92846632089349e-14 -1.0 2.0281595425331034e-07 -2.92846632089349e-14 -1.0 2.0281595425331034e-07 -2.92846632089349e-14 -1.0 2.0281595425331034e-07 -2.92846632089349e-14 -1.0 2.0281595425331034e-07 -2.92846632089349e-14 -1.0 2.0281595425331034e-07 -2.92846632089349e-14 -1.0 2.0281595425331034e-07 -2.92846632089349e-14 -1.0 2.0281595425331034e-07 -2.92846632089349e-14 -1.0 2.0281595425331034e-07 -2.92846632089349e-14 -1.0 2.0281595425331034e-07 -2.92846632089349e-14 -1.0 2.0281595425331034e-07 -2.92846632089349e-14 -1.0 2.0281595425331034e-07 -2.92846632089349e-14 -1.0 2.0281595425331034e-07 -2.92846632089349e-14 -1.0 2.0281595425331034e-07 -2.92846632089349e-14 -1.0 2.0281595425331034e-07 -2.92846632089349e-14 -1.0 2.0281595425331034e-07 -2.92846632089349e-14 -1.0 2.0281596846416505e-07</float_array><technique_common><accessor source="#mesh0-normals-array" count="92" stride="3"><param name="X" type="float" /><param name="Y" type="float" /><param name="Z" type="float" /></accessor></technique_common></source><vertices id="mesh0-vertices"><input semantic="POSITION" source="#mesh0-positions" /></vertices><triangles count="92" material="graphite"><input semantic="VERTEX" source="#mesh0-vertices" offset="0" /><input semantic="NORMAL" source="#mesh0-normals" offset="1" /><p>0 0 1 0 3 0 0 1 3 1 2 1 2 2 3 2 5 2 2 3 5 3 4 3 4 4 5 4 7 4 4 5 7 5 6 5 6 6 7 6 9 6 6 7 9 7 8 7 8 8 9 8 11 8 8 9 11 9 10 9 10 10 11 10 13 10 10 11 13 11 12 11 12 12 13 12 15 12 12 13 15 13 14 13 14 14 15 14 17 14 14 15 17 15 16 15 16 16 17 16 19 16 16 17 19 17 18 17 18 18 19 18 21 18 18 19 21 19 20 19 20 20 21 20 23 20 20 21 23 21 22 21 22 22 23 22 25 22 22 23 25 23 24 23 24 24 25 24 27 24 24 25 27 25 26 25 26 26 27 26 29 26 26 27 29 27 28 27 28 28 29 28 31 28 28 29 31 29 30 29 30 30 31 30 33 30 30 31 33 31 32 31 32 32 33 32 35 32 32 33 35 33 34 33 34 34 35 34 37 34 34 35 37 35 36 35 36 36 37 36 39 36 36 37 39 37 38 37 38 38 39 38 41 38 38 39 41 39 40 39 40 40 41 40 43 40 40 41 43 41 42 41 42 42 43 42 45 42 42 43 45 43 44 43 5 44 3 44 1 44 1 45 47 45 45 45 45 46 43 46 41 46 41 47 39 47 37 47 37 48 35 48 33 48 33 49 31 49 29 49 29 50 27 50 25 50 25 51 23 51 21 51 21 52 19 52 17 52 17 53 15 53 13 53 13 54 11 54 9 54 9 55 7 55 5 55 5 56 1 56 45 56 45 57 41 57 37 57 37 58 33 58 29 58 29 59 25 59 21 59 21 60 17 60 13 60 13 61 9 61 5 61 5 62 45 62 37 62 37 63 29 63 21 63 21 64 13 64 5 64 37 65 21 65 5 65 44 66 45 66 47 66 44 67 47 67 46 67 46 68 47 68 1 68 46 69 1 69 0 69 46 70 0 70 2 70 2 71 4 71 6 71 6 72 8 72 10 72 10 73 12 73 14 73 14 74 16 74 18 74 18 75 20 75 22 75 22 76 24 76 26 76 26 77 28 77 30 77 30 78 32 78 34 78 34 79 36 79 38 79 38 80 40 80 42 80 42 81 44 81 46 81 46 82 2 82 6 82 6 83 10 83 14 83 14 84 18 84 22 84 22 85 26 85 30 85 30 86 34 86 38 86 38 87 42 87 46 87 46 88 6 88 14 88 14 89 22 89 30 89 30 90 38 90 46 90 14 91 30 91 46 91</p></triangles></mesh></geometry><geometry id="mesh1"><mesh><source id="mesh1-positions"><float_array id="mesh1-array" count="144">-6.0322831174630664e-09 -0.0625000074505806 0.03995000198483467 -6.0322831174630664e-09 -0.05050000175833702 0.03995000198483467 -0.01033982913941145 -0.0625000074505806 0.038588739931583405 -0.01033982913941145 -0.05050000175833702 0.038588736206293106 -0.01997501030564308 -0.0625000074505806 0.03459771350026131 -0.01997501030564308 -0.05050000175833702 0.03459771350026131 -0.028248924762010574 -0.0625000074505806 0.02824891358613968 -0.028248924762010574 -0.05050000175833702 0.02824891172349453 -0.0345977246761322 -0.0625 0.019974997267127037 -0.0345977246761322 -0.05049999803304672 0.019974995404481888 -0.0385887436568737 -0.0625 0.01033981703221798 -0.0385887436568737 -0.05049999803304672 0.01033981516957283 -0.03995000943541527 -0.0625 -5.226129751179087e-09 -0.03995000943541527 -0.05049999803304672 -6.838436483747046e-09 -0.0385887436568737 -0.0625 -0.010339826345443726 -0.0385887436568737 -0.050499994307756424 -0.010339828208088875 -0.034597717225551605 -0.0625 -0.019975004717707634 -0.034597717225551605 -0.050499994307756424 -0.019975006580352783 -0.028248917311429977 -0.0624999962747097 -0.028248921036720276 -0.028248917311429977 -0.050499994307756424 -0.028248922899365425 -0.019974999129772186 -0.0624999962747097 -0.034597720950841904 -0.019974999129772186 -0.050499994307756424 -0.034597720950841904 -0.010339817963540554 -0.0624999962747097 -0.038588739931583405 -0.010339817963540554 -0.050499990582466125 -0.0385887436568737 6.0322831174630664e-09 -0.0624999962747097 -0.03995000198483467 6.0322831174630664e-09 -0.050499990582466125 -0.03995000198483467 0.01033982913941145 -0.0624999962747097 -0.038588736206293106 0.01033982913941145 -0.050499990582466125 -0.038588739931583405 0.01997501030564308 -0.0624999962747097 -0.03459771350026131 0.01997501030564308 -0.050499994307756424 -0.03459771350026131 0.028248924762010574 -0.0624999962747097 -0.02824891172349453 0.028248924762010574 -0.050499994307756424 -0.02824891358613968 0.0345977246761322 -0.0625 -0.019974995404481888 0.0345977246761322 -0.050499994307756424 -0.019974997267127037 0.0385887436568737 -0.0625 -0.01033981516957283 0.0385887436568737 -0.050499994307756424 -0.01033981703221798 0.03995000943541527 -0.0625 6.838436483747046e-09 0.03995000943541527 -0.05049999803304672 5.226129751179087e-09 0.0385887436568737 -0.0625 0.010339828208088875 0.0385887436568737 -0.05049999803304672 0.010339826345443726 0.034597717225551605 -0.0625 0.019975006580352783 0.034597717225551605 -0.05049999803304672 0.019975004717707634 0.028248917311429977 -0.0625000074505806 0.028248922899365425 0.028248917311429977 -0.05050000175833702 0.028248921036720276 0.019974999129772186 -0.0625000074505806 0.034597720950841904 0.019974999129772186 -0.05050000175833702 0.034597720950841904 0.010339817963540554 -0.0625000074505806 0.0385887436568737 0.010339817963540554 -0.05050000175833702 0.038588739931583405</float_array><technique_common><accessor source="#mesh1-array" count="48" stride="3"><param name="X" type="float" /><param name="Y" type="float" /><param name="Z" type="float" /></accessor></technique_common></source><source id="mesh1-normals"><float_array id="mesh1-normals-array" count="276">-0.13052621483802795 1.3320936886884738e-07 0.9914448857307434 -0.13052621483802795 1.3320936886884738e-07 0.9914448857307434 -0.382683664560318 1.2413136118993862e-07 0.9238795042037964 -0.382683664560318 1.2413136118993862e-07 0.9238795042037964 -0.6087616682052612 1.065940011812927e-07 0.7933531403541565 -0.6087616682052612 1.065940011812927e-07 0.7933531403541565 -0.7933533191680908 8.179247856787697e-08 0.6087614893913269 -0.7933533191680908 8.179247856787697e-08 0.6087614893913269 -0.9238796234130859 5.1416900959111445e-08 0.3826834261417389 -0.9238796234130859 5.1416900959111445e-08 0.3826834261417389 -0.9914448857307434 1.7537313823368095e-08 0.13052594661712646 -0.9914448857307434 1.7537313823368095e-08 0.13052594661712646 -0.9914448857307434 -1.753735290321856e-08 -0.13052624464035034 -0.9914448857307434 -1.753735290321856e-08 -0.13052624464035034 -0.9238795042037964 -5.141693648624823e-08 -0.38268372416496277 -0.9238795042037964 -5.141693648624823e-08 -0.38268372416496277 -0.7933531403541565 -8.179252120044112e-08 -0.6087617874145508 -0.7933531403541565 -8.179252120044112e-08 -0.6087617874145508 -0.6087614297866821 -1.0659402960300213e-07 -0.7933533787727356 -0.6087614297866821 -1.0659402960300213e-07 -0.7933533787727356 -0.3826833665370941 -1.2413138961164805e-07 -0.9238796234130859 -0.3826833665370941 -1.2413138961164805e-07 -0.9238796234130859 -0.13052591681480408 -1.3320936886884738e-07 -0.9914448857307434 -0.13052591681480408 -1.3320936886884738e-07 -0.9914448857307434 0.13052621483802795 -1.3320936886884738e-07 -0.9914448857307434 0.13052621483802795 -1.3320936886884738e-07 -0.9914448857307434 0.382683664560318 -1.2413136118993862e-07 -0.9238795042037964 0.382683664560318 -1.2413136118993862e-07 -0.9238795042037964 0.6087616682052612 -1.065940011812927e-07 -0.7933531403541565 0.6087616682052612 -1.065940011812927e-07 -0.7933531403541565 0.7933533191680908 -8.179247856787697e-08 -0.6087614893913269 0.7933533191680908 -8.179247856787697e-08 -0.6087614893913269 0.9238796234130859 -5.1416900959111445e-08 -0.3826834261417389 0.9238796234130859 -5.1416900959111445e-08 -0.3826834261417389 0.9914448857307434 -1.7537313823368095e-08 -0.13052594661712646 0.9914448857307434 -1.7537313823368095e-08 -0.13052594661712646 0.9914448857307434 1.753735290321856e-08 0.13052624464035034 0.9914448857307434 1.753735290321856e-08 0.13052624464035034 0.9238795042037964 5.141693648624823e-08 0.38268372416496277 0.9238795042037964 5.141693648624823e-08 0.38268372416496277 0.7933531403541565 8.179252120044112e-08 0.6087617874145508 0.7933531403541565 8.179252120044112e-08 0.6087617874145508 0.6087614297866821 1.0659402960300213e-07 0.7933533787727356 0.6087614297866821 1.0659402960300213e-07 0.7933533787727356 -2.028761815660307e-14 1.0 1.343588280633412e-07 -2.028761815660307e-14 1.0 1.343588280633412e-07 -2.0287619850668966e-14 1.0 1.343588280633412e-07 -2.028761815660307e-14 1.0 1.343588280633412e-07 -2.028761815660307e-14 1.0 1.343588280633412e-07 -2.0287619850668966e-14 1.0 1.343588280633412e-07 -2.028761815660307e-14 1.0 1.343588280633412e-07 -2.028761815660307e-14 1.0 1.343588280633412e-07 -2.0287619850668966e-14 1.0 1.343588280633412e-07 -2.028761815660307e-14 1.0 1.343588280633412e-07 -2.028761815660307e-14 1.0 1.343588280633412e-07 -2.0287619850668966e-14 1.0 1.343588280633412e-07 -2.0287619850668966e-14 1.0 1.343588280633412e-07 -2.028761815660307e-14 1.0 1.343588280633412e-07 -2.028761815660307e-14 1.0 1.343588280633412e-07 -2.0287619850668966e-14 1.0 1.343588280633412e-07 -2.028761815660307e-14 1.0 1.343588280633412e-07 -2.028761815660307e-14 1.0 1.343588280633412e-07 -2.028761815660307e-14 1.0 1.343588280633412e-07 -2.028761815660307e-14 1.0 1.343588280633412e-07 -2.028761815660307e-14 1.0 1.343588280633412e-07 -2.028761815660307e-14 1.0 1.343588280633412e-07 0.3826833665370941 1.2413138961164805e-07 0.9238796234130859 0.3826833665370941 1.2413138961164805e-07 0.9238796234130859 0.13052591681480408 1.3320936886884738e-07 0.9914448857307434 0.13052591681480408 1.3320936886884738e-07 0.9914448857307434 2.028761815660307e-14 -1.0 -1.343588280633412e-07 2.0287619850668966e-14 -1.0 -1.343588280633412e-07 2.0287619850668966e-14 -1.0 -1.343588280633412e-07 2.028761815660307e-14 -1.0 -1.343588280633412e-07 2.0287619850668966e-14 -1.0 -1.343588280633412e-07 2.0287619850668966e-14 -1.0 -1.343588280633412e-07 2.028761815660307e-14 -1.0 -1.343588280633412e-07 2.0287619850668966e-14 -1.0 -1.343588280633412e-07 2.0287619850668966e-14 -1.0 -1.343588280633412e-07 2.028761815660307e-14 -1.0 -1.343588280633412e-07 2.0287619850668966e-14 -1.0 -1.343588280633412e-07 2.0287619850668966e-14 -1.0 -1.343588280633412e-07 2.028761815660307e-14 -1.0 -1.343588280633412e-07 2.028761815660307e-14 -1.0 -1.343588280633412e-07 2.028761815660307e-14 -1.0 -1.343588280633412e-07 2.028761815660307e-14 -1.0 -1.343588280633412e-07 2.028761815660307e-14 -1.0 -1.343588280633412e-07 2.028761815660307e-14 -1.0 -1.343588280633412e-07 2.028761815660307e-14 -1.0 -1.343588280633412e-07 2.028761815660307e-14 -1.0 -1.343588280633412e-07 2.028761815660307e-14 -1.0 -1.343588280633412e-07 2.028761815660307e-14 -1.0 -1.343588280633412e-07</float_array><technique_common><accessor source="#mesh1-normals-array" count="92" stride="3"><param name="X" type="float" /><param name="Y" type="float" /><param name="Z" type="float" /></accessor></technique_common></source><vertices id="mesh1-vertices"><input semantic="POSITION" source="#mesh1-positions" /></vertices><triangles count="92" material="ivory"><input semantic="VERTEX" source="#mesh1-vertices" offset="0" /><input semantic="NORMAL" source="#mesh1-normals" offset="1" /><p>0 0 1 0 3 0 0 1 3 1 2 1 2 2 3 2 5 2 2 3 5 3 4 3 4 4 5 4 7 4 4 5 7 5 6 5 6 6 7 6 9 6 6 7 9 7 8 7 8 8 9 8 11 8 8 9 11 9 10 9 10 10 11 10 13 10 10 11 13 11 12 11 12 12 13 12 15 12 12 13 15 13 14 13 14 14 15 14 17 14 14 15 17 15 16 15 16 16 17 16 19 16 16 17 19 17 18 17 18 18 19 18 21 18 18 19 21 19 20 19 20 20 21 20 23 20 20 21 23 21 22 21 22 22 23 22 25 22 22 23 25 23 24 23 24 24 25 24 27 24 24 25 27 25 26 25 26 26 27 26 29 26 26 27 29 27 28 27 28 28 29 28 31 28 28 29 31 29 30 29 30 30 31 30 33 30 30 31 33 31 32 31 32 32 33 32 35 32 32 33 35 33 34 33 34 34 35 34 37 34 34 35 37 35 36 35 36 36 37 36 39 36 36 37 39 37 38 37 38 38 39 38 41 38 38 39 41 39 40 39 40 40 41 40 43 40 40 41 43 41 42 41 42 42 43 42 45 42 42 43 45 43 44 43 5 44 3 44 1 44 1 45 47 45 45 45 45 46 43 46 41 46 41 47 39 47 37 47 37 48 35 48 33 48 33 49 31 49 29 49 29 50 27 50 25 50 25 51 23 51 21 51 21 52 19 52 17 52 17 53 15 53 13 53 13 54 11 54 9 54 9 55 7 55 5 55 5 56 1 56 45 56 45 57 41 57 37 57 37 58 33 58 29 58 29 59 25 59 21 59 21 60 17 60 13 60 13 61 9 61 5 61 5 62 45 62 37 62 37 63 29 63 21 63 21 64 13 64 5 64 37 65 21 65 5 65 44 66 45 66 47 66 44 67 47 67 46 67 46 68 47 68 1 68 46 69 1 69 0 69 46 70 0 70 2 70 2 71 4 71 6 71 6 72 8 72 10 72 10 73 12 73 14 73 14 74 16 74 18 74 18 75 20 75 22 75 22 76 24 76 26 76 26 77 28 77 30 77 30 78 32 78 34 78 34 79 36 79 38 79 38 80 40 80 42 80 42 81 44 81 46 81 46 82 2 82 6 82 6 83 10 83 14 83 14 84 18 84 22 84 22 85 26 85 30 85 30 86 34 86 38 86 38 87 42 87 46 87 46 88 6 88 14 88 14 89 22 89 30 89 30 90 38 90 46 90 14 91 30 91 46 91</p></triangles></mesh></geometry><geometry id="mesh2"><mesh><source id="mesh2-positions"><float_array id="mesh2-array" count="144">-3.122593739135482e-09 -0.06549999862909317 0.020680002868175507 -3.122593739135482e-09 -0.04749999940395355 0.020679999142885208 -0.005352381616830826 -0.06549999862909317 0.019975347444415092 -0.005352381616830826 -0.04749999940395355 0.019975345581769943 -0.010340005159378052 -0.06549999862909317 0.017909405753016472 -0.010340005159378052 -0.04749999940395355 0.017909403890371323 -0.014622973278164864 -0.06549999862909317 0.01462296862155199 -0.014622973278164864 -0.04749999940395355 0.014622965827584267 -0.01790940947830677 -0.06549999862909317 0.01033999864012003 -0.01790940947830677 -0.04749999940395355 0.01033999677747488 -0.01997535116970539 -0.06549999862909317 0.005352376028895378 -0.01997535116970539 -0.04749999940395355 0.005352373700588942 -0.020680004730820656 -0.06549999862909317 -1.913364133798723e-09 -0.020680004730820656 -0.04749999940395355 -4.331823344472241e-09 -0.01997535116970539 -0.06549999862909317 -0.005352379754185677 -0.01997535116970539 -0.04749999940395355 -0.005352382082492113 -0.017909405753016472 -0.06549999862909317 -0.010340002365410328 -0.017909405753016472 -0.047499995678663254 -0.010340004228055477 -0.014622969552874565 -0.06549999862909317 -0.01462297048419714 -0.014622969552874565 -0.047499995678663254 -0.014622973278164864 -0.010339999571442604 -0.06549999862909317 -0.017909405753016472 -0.010339999571442604 -0.047499995678663254 -0.01790940761566162 -0.005352376028895378 -0.06549999862909317 -0.019975347444415092 -0.005352376028895378 -0.047499995678663254 -0.01997534930706024 3.122593739135482e-09 -0.06549999862909317 -0.020679999142885208 3.122593739135482e-09 -0.047499995678663254 -0.020680002868175507 0.005352381616830826 -0.06549999862909317 -0.019975345581769943 0.005352381616830826 -0.047499995678663254 -0.019975347444415092 0.010340005159378052 -0.06549999862909317 -0.017909403890371323 0.010340005159378052 -0.047499995678663254 -0.017909405753016472 0.014622973278164864 -0.06549999862909317 -0.014622965827584267 0.014622973278164864 -0.047499995678663254 -0.01462296862155199 0.01790940947830677 -0.06549999862909317 -0.01033999677747488 0.01790940947830677 -0.047499995678663254 -0.01033999864012003 0.01997535116970539 -0.06549999862909317 -0.005352373700588942 0.01997535116970539 -0.04749999940395355 -0.005352376028895378 0.020680004730820656 -0.06549999862909317 4.331823344472241e-09 0.020680004730820656 -0.04749999940395355 1.913364133798723e-09 0.01997535116970539 -0.06549999862909317 0.005352382082492113 0.01997535116970539 -0.04749999940395355 0.005352379754185677 0.017909405753016472 -0.06549999862909317 0.010340004228055477 0.017909405753016472 -0.04749999940395355 0.010340002365410328 0.014622969552874565 -0.06549999862909317 0.014622973278164864 0.014622969552874565 -0.04749999940395355 0.01462297048419714 0.010339999571442604 -0.06549999862909317 0.01790940761566162 0.010339999571442604 -0.04749999940395355 0.017909405753016472 0.005352376028895378 -0.06549999862909317 0.01997534930706024 0.005352376028895378 -0.04749999940395355 0.019975347444415092</float_array><technique_common><accessor source="#mesh2-array" count="48" stride="3"><param name="X" type="float" /><param name="Y" type="float" /><param name="Z" type="float" /></accessor></technique_common></source><source id="mesh2-normals"><float_array id="mesh2-normals-array" count="276">-0.13052628934383392 1.3320936886884738e-07 0.9914448857307434 -0.13052628934383392 1.3320936886884738e-07 0.9914448857307434 -0.38268372416496277 1.2413136118993862e-07 0.9238794445991516 -0.38268372416496277 1.2413136118993862e-07 0.9238794445991516 -0.6087614893913269 1.0659402960300213e-07 0.7933533191680908 -0.6087614893913269 1.0659402960300213e-07 0.7933533191680908 -0.7933534979820251 8.179246435702225e-08 0.6087613105773926 -0.7933534979820251 8.179246435702225e-08 0.6087613105773926 -0.9238795638084412 5.14169080645388e-08 0.38268348574638367 -0.9238795638084412 5.14169080645388e-08 0.38268348574638367 -0.9914448857307434 1.7537322705152292e-08 0.13052602112293243 -0.9914448857307434 1.7537322705152292e-08 0.13052602112293243 -0.9914448857307434 -1.753736178500276e-08 -0.1305263191461563 -0.9914448857307434 -1.753736178500276e-08 -0.1305263191461563 -0.9238794445991516 -5.141694359167559e-08 -0.38268378376960754 -0.9238794445991516 -5.141694359167559e-08 -0.38268378376960754 -0.793353259563446 -8.179249277873168e-08 -0.6087615489959717 -0.793353259563446 -8.179249277873168e-08 -0.6087615489959717 -0.6087612509727478 -1.0659405802471156e-07 -0.7933535575866699 -0.6087612509727478 -1.0659405802471156e-07 -0.7933535575866699 -0.3826834261417389 -1.2413138961164805e-07 -0.9238795638084412 -0.3826834261417389 -1.2413138961164805e-07 -0.9238795638084412 -0.13052599132061005 -1.3320936886884738e-07 -0.9914448857307434 -0.13052599132061005 -1.3320936886884738e-07 -0.9914448857307434 0.13052628934383392 -1.3320936886884738e-07 -0.9914448857307434 0.13052628934383392 -1.3320936886884738e-07 -0.9914448857307434 0.38268372416496277 -1.2413136118993862e-07 -0.9238794445991516 0.38268372416496277 -1.2413136118993862e-07 -0.9238794445991516 0.6087614893913269 -1.0659402960300213e-07 -0.7933533191680908 0.6087614893913269 -1.0659402960300213e-07 -0.7933533191680908 0.7933534979820251 -8.179246435702225e-08 -0.6087613105773926 0.7933534979820251 -8.179246435702225e-08 -0.6087613105773926 0.9238795638084412 -5.14169080645388e-08 -0.38268348574638367 0.9238795638084412 -5.14169080645388e-08 -0.38268348574638367 0.9914448857307434 -1.7537322705152292e-08 -0.13052602112293243 0.9914448857307434 -1.7537322705152292e-08 -0.13052602112293243 0.9914448857307434 1.753736178500276e-08 0.1305263191461563 0.9914448857307434 1.753736178500276e-08 0.1305263191461563 0.9238794445991516 5.141694359167559e-08 0.38268378376960754 0.9238794445991516 5.141694359167559e-08 0.38268378376960754 0.793353259563446 8.179249277873168e-08 0.6087615489959717 0.793353259563446 8.179249277873168e-08 0.6087615489959717 0.6087612509727478 1.0659405802471156e-07 0.7933535575866699 0.6087612509727478 1.0659405802471156e-07 0.7933535575866699 -2.028761815660307e-14 1.0 1.343588280633412e-07 -2.028761815660307e-14 1.0 1.343588280633412e-07 -2.028761815660307e-14 1.0 1.343588280633412e-07 -2.028761815660307e-14 1.0 1.343588280633412e-07 -2.028761815660307e-14 1.0 1.343588280633412e-07 -2.028761815660307e-14 1.0 1.343588280633412e-07 -2.028761815660307e-14 1.0 1.343588280633412e-07 -2.028761815660307e-14 1.0 1.343588280633412e-07 -2.028761815660307e-14 1.0 1.343588280633412e-07 -2.028761815660307e-14 1.0 1.343588280633412e-07 -2.028761815660307e-14 1.0 1.343588280633412e-07 -2.028761815660307e-14 1.0 1.343588280633412e-07 -2.028761815660307e-14 1.0 1.343588280633412e-07 -2.028761815660307e-14 1.0 1.343588280633412e-07 -2.028761815660307e-14 1.0 1.343588280633412e-07 -2.028761815660307e-14 1.0 1.343588280633412e-07 -2.028761815660307e-14 1.0 1.343588280633412e-07 -2.028761815660307e-14 1.0 1.343588280633412e-07 -2.0287619850668966e-14 1.0 1.343588280633412e-07 -2.0287619850668966e-14 1.0 1.343588280633412e-07 -2.0287619850668966e-14 1.0 1.343588280633412e-07 -2.028761815660307e-14 1.0 1.343588280633412e-07 0.3826834261417389 1.2413138961164805e-07 0.9238795638084412 0.3826834261417389 1.2413138961164805e-07 0.9238795638084412 0.13052599132061005 1.3320936886884738e-07 0.9914448857307434 0.13052599132061005 1.3320936886884738e-07 0.9914448857307434 2.0287619850668966e-14 -1.0 -1.343588280633412e-07 2.0287619850668966e-14 -1.0 -1.343588280633412e-07 2.0287619850668966e-14 -1.0 -1.343588280633412e-07 2.0287619850668966e-14 -1.0 -1.343588280633412e-07 2.0287619850668966e-14 -1.0 -1.343588280633412e-07 2.0287619850668966e-14 -1.0 -1.343588280633412e-07 2.0287619850668966e-14 -1.0 -1.343588280633412e-07 2.0287619850668966e-14 -1.0 -1.343588280633412e-07 2.0287619850668966e-14 -1.0 -1.343588280633412e-07 2.0287619850668966e-14 -1.0 -1.343588280633412e-07 2.0287619850668966e-14 -1.0 -1.343588280633412e-07 2.0287619850668966e-14 -1.0 -1.343588280633412e-07 2.028761815660307e-14 -1.0 -1.343588280633412e-07 2.028761815660307e-14 -1.0 -1.343588280633412e-07 2.028761815660307e-14 -1.0 -1.343588280633412e-07 2.028761815660307e-14 -1.0 -1.343588280633412e-07 2.028761815660307e-14 -1.0 -1.343588280633412e-07 2.028761815660307e-14 -1.0 -1.343588280633412e-07 2.0287619850668966e-14 -1.0 -1.343588280633412e-07 2.0287619850668966e-14 -1.0 -1.343588280633412e-07 2.0287619850668966e-14 -1.0 -1.343588280633412e-07 2.028761815660307e-14 -1.0 -1.343588280633412e-07</float_array><technique_common><accessor source="#mesh2-normals-array" count="92" stride="3"><param name="X" type="float" /><param name="Y" type="float" /><param name="Z" type="float" /></accessor></technique_common></source><vertices id="mesh2-vertices"><input semantic="POSITION" source="#mesh2-positions" /></vertices><triangles count="92" material="titanium"><input semantic="VERTEX" source="#mesh2-vertices" offset="0" /><input semantic="NORMAL" source="#mesh2-normals" offset="1" /><p>0 0 1 0 3 0 0 1 3 1 2 1 2 2 3 2 5 2 2 3 5 3 4 3 4 4 5 4 7 4 4 5 7 5 6 5 6 6 7 6 9 6 6 7 9 7 8 7 8 8 9 8 11 8 8 9 11 9 10 9 10 10 11 10 13 10 10 11 13 11 12 11 12 12 13 12 15 12 12 13 15 13 14 13 14 14 15 14 17 14 14 15 17 15 16 15 16 16 17 16 19 16 16 17 19 17 18 17 18 18 19 18 21 18 18 19 21 19 20 19 20 20 21 20 23 20 20 21 23 21 22 21 22 22 23 22 25 22 22 23 25 23 24 23 24 24 25 24 27 24 24 25 27 25 26 25 26 26 27 26 29 26 26 27 29 27 28 27 28 28 29 28 31 28 28 29 31 29 30 29 30 30 31 30 33 30 30 31 33 31 32 31 32 32 33 32 35 32 32 33 35 33 34 33 34 34 35 34 37 34 34 35 37 35 36 35 36 36 37 36 39 36 36 37 39 37 38 37 38 38 39 38 41 38 38 39 41 39 40 39 40 40 41 40 43 40 40 41 43 41 42 41 42 42 43 42 45 42 42 43 45 43 44 43 5 44 3 44 1 44 1 45 47 45 45 45 45 46 43 46 41 46 41 47 39 47 37 47 37 48 35 48 33 48 33 49 31 49 29 49 29 50 27 50 25 50 25 51 23 51 21 51 21 52 19 52 17 52 17 53 15 53 13 53 13 54 11 54 9 54 9 55 7 55 5 55 5 56 1 56 45 56 45 57 41 57 37 57 37 58 33 58 29 58 29 59 25 59 21 59 21 60 17 60 13 60 13 61 9 61 5 61 5 62 45 62 37 62 37 63 29 63 21 63 21 64 13 64 5 64 37 65 21 65 5 65 44 66 45 66 47 66 44 67 47 67 46 67 46 68 47 68 1 68 46 69 1 69 0 69 46 70 0 70 2 70 2 71 4 71 6 71 6 72 8 72 10 72 10 73 12 73 14 73 14 74 16 74 18 74 18 75 20 75 22 75 22 76 24 76 26 76 26 77 28 77 30 77 30 78 32 78 34 78 34 79 36 79 38 79 38 80 40 80 42 80 42 81 44 81 46 81 46 82 2 82 6 82 6 83 10 83 14 83 14 84 18 84 22 84 22 85 26 85 30 85 30 86 34 86 38 86 38 87 42 87 46 87 46 88 6 88 14 88 14 89 22 89 30 89 30 90 38 90 46 90 14 91 30 91 46 91</p></triangles></mesh></geometry><geometry id="mesh3"><mesh><source id="mesh3-positions"><float_array id="mesh3-array" count="36">0.03148999810218811 -0.06650000065565109 0.0040000020526349545 0.03148999810218811 -0.04649999737739563 0.003999999258667231 0.028025895357131958 -0.06650000065565109 0.002000001259148121 0.028025895357131958 -0.04649999737739563 0.001999998465180397 0.028025895357131958 -0.06650000065565109 -0.0019999993965029716 0.028025895357131958 -0.04649999737739563 -0.0020000021904706955 0.03148999810218811 -0.06650000065565109 -0.003999999258667231 0.03148999810218811 -0.04649999737739563 -0.0040000020526349545 0.03495410084724426 -0.06650000065565109 -0.001999998465180397 0.03495410084724426 -0.04649999737739563 -0.002000001259148121 0.03495410084724426 -0.06650000065565109 0.0020000021904706955 0.03495410084724426 -0.04649999737739563 0.0019999993965029716</float_array><technique_common><accessor source="#mesh3-array" count="12" stride="3"><param name="X" type="float" /><param name="Y" type="float" /><param name="Z" type="float" /></accessor></technique_common></source><source id="mesh3-normals"><float_array id="mesh3-normals-array" count="60">-0.5000001192092896 1.1635816576927027e-07 0.8660253882408142 -0.5000001192092896 1.1635816576927027e-07 0.8660253882408142 -1.0 -2.028762154473486e-14 -1.5099581673894136e-07 -1.0 -2.028762154473486e-14 -1.5099581673894136e-07 -0.49999988079071045 -1.1635817998012499e-07 -0.8660255074501038 -0.49999988079071045 -1.1635817998012499e-07 -0.8660255074501038 0.5000001192092896 -1.1635816576927027e-07 -0.8660253882408142 0.5000001192092896 -1.1635816576927027e-07 -0.8660253882408142 -2.028761815660307e-14 1.0 1.343588280633412e-07 -2.028761815660307e-14 1.0 1.343588280633412e-07 -2.028761815660307e-14 1.0 1.343588280633412e-07 -2.028761815660307e-14 1.0 1.343588280633412e-07 1.0 2.028762154473486e-14 1.5099581673894136e-07 1.0 2.028762154473486e-14 1.5099581673894136e-07 0.49999988079071045 1.1635817998012499e-07 0.8660255074501038 0.49999988079071045 1.1635817998012499e-07 0.8660255074501038 2.028761815660307e-14 -1.0 -1.343588280633412e-07 2.028761815660307e-14 -1.0 -1.343588280633412e-07 2.028761815660307e-14 -1.0 -1.343588280633412e-07 2.028761815660307e-14 -1.0 -1.343588280633412e-07</float_array><technique_common><accessor source="#mesh3-normals-array" count="20" stride="3"><param name="X" type="float" /><param name="Y" type="float" /><param name="Z" type="float" /></accessor></technique_common></source><vertices id="mesh3-vertices"><input semantic="POSITION" source="#mesh3-positions" /></vertices><triangles count="20" material="graphite"><input semantic="VERTEX" source="#mesh3-vertices" offset="0" /><input semantic="NORMAL" source="#mesh3-normals" offset="1" /><p>0 0 1 0 3 0 0 1 3 1 2 1 2 2 3 2 5 2 2 3 5 3 4 3 4 4 5 4 7 4 4 5 7 5 6 5 6 6 7 6 9 6 6 7 9 7 8 7 5 8 3 8 1 8 1 9 11 9 9 9 9 10 7 10 5 10 1 11 9 11 5 11 8 12 9 12 11 12 8 13 11 13 10 13 10 14 11 14 1 14 10 15 1 15 0 15 10 16 0 16 2 16 2 17 4 17 6 17 6 18 8 18 10 18 2 19 6 19 10 19</p></triangles></mesh></geometry><geometry id="mesh4"><mesh><source id="mesh4-positions"><float_array id="mesh4-array" count="36">0.015744999051094055 -0.06650000065565109 0.03127114102244377 0.015744999051094055 -0.04649999737739563 0.03127114102244377 0.012280896306037903 -0.06650000065565109 0.029271140694618225 0.012280896306037903 -0.04649999737739563 0.029271138831973076 0.012280896306037903 -0.06650000065565109 0.025271140038967133 0.012280896306037903 -0.04649999737739563 0.025271138176321983 0.015744999051094055 -0.06650000065565109 0.023271141573786736 0.015744999051094055 -0.04649999737739563 0.023271137848496437 0.019209101796150208 -0.06650000065565109 0.025271141901612282 0.019209101796150208 -0.04649999737739563 0.025271140038967133 0.019209101796150208 -0.06650000065565109 0.029271142557263374 0.019209101796150208 -0.04649999737739563 0.029271140694618225</float_array><technique_common><accessor source="#mesh4-array" count="12" stride="3"><param name="X" type="float" /><param name="Y" type="float" /><param name="Z" type="float" /></accessor></technique_common></source><source id="mesh4-normals"><float_array id="mesh4-normals-array" count="60">-0.5000001192092896 1.1635816576927027e-07 0.8660253882408142 -0.5000001192092896 1.1635816576927027e-07 0.8660253882408142 -1.0 -2.028762154473486e-14 -1.5099581673894136e-07 -1.0 -2.028762154473486e-14 -1.5099581673894136e-07 -0.49999988079071045 -1.1635817998012499e-07 -0.8660255074501038 -0.49999988079071045 -1.1635817998012499e-07 -0.8660255074501038 0.5000001192092896 -1.1635816576927027e-07 -0.8660253882408142 0.5000001192092896 -1.1635816576927027e-07 -0.8660253882408142 -2.028761815660307e-14 1.0 1.343588280633412e-07 -2.028761815660307e-14 1.0 1.343588280633412e-07 -2.028761815660307e-14 1.0 1.343588280633412e-07 -2.028761815660307e-14 1.0 1.343588280633412e-07 1.0 2.028762154473486e-14 1.5099581673894136e-07 1.0 2.028762154473486e-14 1.5099581673894136e-07 0.49999988079071045 1.1635817998012499e-07 0.8660255074501038 0.49999988079071045 1.1635817998012499e-07 0.8660255074501038 2.028761815660307e-14 -1.0 -1.343588280633412e-07 2.028761815660307e-14 -1.0 -1.343588280633412e-07 2.028761815660307e-14 -1.0 -1.343588280633412e-07 2.028761815660307e-14 -1.0 -1.343588280633412e-07</float_array><technique_common><accessor source="#mesh4-normals-array" count="20" stride="3"><param name="X" type="float" /><param name="Y" type="float" /><param name="Z" type="float" /></accessor></technique_common></source><vertices id="mesh4-vertices"><input semantic="POSITION" source="#mesh4-positions" /></vertices><triangles count="20" material="graphite"><input semantic="VERTEX" source="#mesh4-vertices" offset="0" /><input semantic="NORMAL" source="#mesh4-normals" offset="1" /><p>0 0 1 0 3 0 0 1 3 1 2 1 2 2 3 2 5 2 2 3 5 3 4 3 4 4 5 4 7 4 4 5 7 5 6 5 6 6 7 6 9 6 6 7 9 7 8 7 5 8 3 8 1 8 1 9 11 9 9 9 9 10 7 10 5 10 1 11 9 11 5 11 8 12 9 12 11 12 8 13 11 13 10 13 10 14 11 14 1 14 10 15 1 15 0 15 10 16 0 16 2 16 2 17 4 17 6 17 6 18 8 18 10 18 2 19 6 19 10 19</p></triangles></mesh></geometry><geometry id="mesh5"><mesh><source id="mesh5-positions"><float_array id="mesh5-array" count="36">-0.015744999051094055 -0.06650000065565109 0.03127114102244377 -0.015744999051094055 -0.04649999737739563 0.03127114102244377 -0.019209101796150208 -0.06650000065565109 0.029271140694618225 -0.019209101796150208 -0.04649999737739563 0.029271138831973076 -0.019209101796150208 -0.06650000065565109 0.025271140038967133 -0.019209101796150208 -0.04649999737739563 0.025271138176321983 -0.015744999051094055 -0.06650000065565109 0.023271141573786736 -0.015744999051094055 -0.04649999737739563 0.023271137848496437 -0.012280896306037903 -0.06650000065565109 0.025271141901612282 -0.012280896306037903 -0.04649999737739563 0.025271140038967133 -0.012280896306037903 -0.06650000065565109 0.029271142557263374 -0.012280896306037903 -0.04649999737739563 0.029271140694618225</float_array><technique_common><accessor source="#mesh5-array" count="12" stride="3"><param name="X" type="float" /><param name="Y" type="float" /><param name="Z" type="float" /></accessor></technique_common></source><source id="mesh5-normals"><float_array id="mesh5-normals-array" count="60">-0.5000001192092896 1.1635816576927027e-07 0.8660253882408142 -0.5000001192092896 1.1635816576927027e-07 0.8660253882408142 -1.0 -2.028762154473486e-14 -1.5099581673894136e-07 -1.0 -2.028762154473486e-14 -1.5099581673894136e-07 -0.49999988079071045 -1.1635817998012499e-07 -0.8660255074501038 -0.49999988079071045 -1.1635817998012499e-07 -0.8660255074501038 0.5000001192092896 -1.1635816576927027e-07 -0.8660253882408142 0.5000001192092896 -1.1635816576927027e-07 -0.8660253882408142 -2.028761815660307e-14 1.0 1.343588280633412e-07 -2.028761815660307e-14 1.0 1.343588280633412e-07 -2.028761815660307e-14 1.0 1.343588280633412e-07 -2.028761815660307e-14 1.0 1.343588280633412e-07 1.0 2.028762154473486e-14 1.5099581673894136e-07 1.0 2.028762154473486e-14 1.5099581673894136e-07 0.49999988079071045 1.1635817998012499e-07 0.8660255074501038 0.49999988079071045 1.1635817998012499e-07 0.8660255074501038 2.028761815660307e-14 -1.0 -1.343588280633412e-07 2.028761815660307e-14 -1.0 -1.343588280633412e-07 2.028761815660307e-14 -1.0 -1.343588280633412e-07 2.028761815660307e-14 -1.0 -1.343588280633412e-07</float_array><technique_common><accessor source="#mesh5-normals-array" count="20" stride="3"><param name="X" type="float" /><param name="Y" type="float" /><param name="Z" type="float" /></accessor></technique_common></source><vertices id="mesh5-vertices"><input semantic="POSITION" source="#mesh5-positions" /></vertices><triangles count="20" material="graphite"><input semantic="VERTEX" source="#mesh5-vertices" offset="0" /><input semantic="NORMAL" source="#mesh5-normals" offset="1" /><p>0 0 1 0 3 0 0 1 3 1 2 1 2 2 3 2 5 2 2 3 5 3 4 3 4 4 5 4 7 4 4 5 7 5 6 5 6 6 7 6 9 6 6 7 9 7 8 7 5 8 3 8 1 8 1 9 11 9 9 9 9 10 7 10 5 10 1 11 9 11 5 11 8 12 9 12 11 12 8 13 11 13 10 13 10 14 11 14 1 14 10 15 1 15 0 15 10 16 0 16 2 16 2 17 4 17 6 17 6 18 8 18 10 18 2 19 6 19 10 19</p></triangles></mesh></geometry><geometry id="mesh6"><mesh><source id="mesh6-positions"><float_array id="mesh6-array" count="36">-0.03148999810218811 -0.06650000065565109 0.0040000020526349545 -0.03148999810218811 -0.04649999737739563 0.003999999258667231 -0.03495410084724426 -0.06650000065565109 0.002000001259148121 -0.03495410084724426 -0.04649999737739563 0.001999998465180397 -0.03495410084724426 -0.06650000065565109 -0.0019999993965029716 -0.03495410084724426 -0.04649999737739563 -0.0020000021904706955 -0.03148999810218811 -0.06650000065565109 -0.003999999258667231 -0.03148999810218811 -0.04649999737739563 -0.0040000020526349545 -0.028025895357131958 -0.06650000065565109 -0.001999998465180397 -0.028025895357131958 -0.04649999737739563 -0.002000001259148121 -0.028025895357131958 -0.06650000065565109 0.0020000021904706955 -0.028025895357131958 -0.04649999737739563 0.0019999993965029716</float_array><technique_common><accessor source="#mesh6-array" count="12" stride="3"><param name="X" type="float" /><param name="Y" type="float" /><param name="Z" type="float" /></accessor></technique_common></source><source id="mesh6-normals"><float_array id="mesh6-normals-array" count="60">-0.5000001192092896 1.1635816576927027e-07 0.8660253882408142 -0.5000001192092896 1.1635816576927027e-07 0.8660253882408142 -1.0 -2.028762154473486e-14 -1.5099581673894136e-07 -1.0 -2.028762154473486e-14 -1.5099581673894136e-07 -0.49999988079071045 -1.1635817998012499e-07 -0.8660255074501038 -0.49999988079071045 -1.1635817998012499e-07 -0.8660255074501038 0.5000001192092896 -1.1635816576927027e-07 -0.8660253882408142 0.5000001192092896 -1.1635816576927027e-07 -0.8660253882408142 -2.028761815660307e-14 1.0 1.343588280633412e-07 -2.028761815660307e-14 1.0 1.343588280633412e-07 -2.028761815660307e-14 1.0 1.343588280633412e-07 -2.028761815660307e-14 1.0 1.343588280633412e-07 1.0 2.028762154473486e-14 1.5099581673894136e-07 1.0 2.028762154473486e-14 1.5099581673894136e-07 0.49999988079071045 1.1635817998012499e-07 0.8660255074501038 0.49999988079071045 1.1635817998012499e-07 0.8660255074501038 2.028761815660307e-14 -1.0 -1.343588280633412e-07 2.028761815660307e-14 -1.0 -1.343588280633412e-07 2.028761815660307e-14 -1.0 -1.343588280633412e-07 2.028761815660307e-14 -1.0 -1.343588280633412e-07</float_array><technique_common><accessor source="#mesh6-normals-array" count="20" stride="3"><param name="X" type="float" /><param name="Y" type="float" /><param name="Z" type="float" /></accessor></technique_common></source><vertices id="mesh6-vertices"><input semantic="POSITION" source="#mesh6-positions" /></vertices><triangles count="20" material="graphite"><input semantic="VERTEX" source="#mesh6-vertices" offset="0" /><input semantic="NORMAL" source="#mesh6-normals" offset="1" /><p>0 0 1 0 3 0 0 1 3 1 2 1 2 2 3 2 5 2 2 3 5 3 4 3 4 4 5 4 7 4 4 5 7 5 6 5 6 6 7 6 9 6 6 7 9 7 8 7 5 8 3 8 1 8 1 9 11 9 9 9 9 10 7 10 5 10 1 11 9 11 5 11 8 12 9 12 11 12 8 13 11 13 10 13 10 14 11 14 1 14 10 15 1 15 0 15 10 16 0 16 2 16 2 17 4 17 6 17 6 18 8 18 10 18 2 19 6 19 10 19</p></triangles></mesh></geometry><geometry id="mesh7"><mesh><source id="mesh7-positions"><float_array id="mesh7-array" count="36">-0.015744999051094055 -0.06650000065565109 -0.023271137848496437 -0.015744999051094055 -0.04649999737739563 -0.023271141573786736 -0.019209101796150208 -0.06650000065565109 -0.025271140038967133 -0.019209101796150208 -0.04649999737739563 -0.025271141901612282 -0.019209101796150208 -0.06650000065565109 -0.029271140694618225 -0.019209101796150208 -0.04649999737739563 -0.029271142557263374 -0.015744999051094055 -0.06650000065565109 -0.03127114102244377 -0.015744999051094055 -0.04649999737739563 -0.03127114102244377 -0.012280896306037903 -0.06650000065565109 -0.029271138831973076 -0.012280896306037903 -0.04649999737739563 -0.029271140694618225 -0.012280896306037903 -0.06650000065565109 -0.025271138176321983 -0.012280896306037903 -0.04649999737739563 -0.025271140038967133</float_array><technique_common><accessor source="#mesh7-array" count="12" stride="3"><param name="X" type="float" /><param name="Y" type="float" /><param name="Z" type="float" /></accessor></technique_common></source><source id="mesh7-normals"><float_array id="mesh7-normals-array" count="60">-0.5000001192092896 1.1635816576927027e-07 0.8660253882408142 -0.5000001192092896 1.1635816576927027e-07 0.8660253882408142 -1.0 -2.028762154473486e-14 -1.5099581673894136e-07 -1.0 -2.028762154473486e-14 -1.5099581673894136e-07 -0.49999988079071045 -1.1635817998012499e-07 -0.8660255074501038 -0.49999988079071045 -1.1635817998012499e-07 -0.8660255074501038 0.5000001192092896 -1.1635816576927027e-07 -0.8660253882408142 0.5000001192092896 -1.1635816576927027e-07 -0.8660253882408142 -2.028761815660307e-14 1.0 1.343588280633412e-07 -2.028761815660307e-14 1.0 1.343588280633412e-07 -2.028761815660307e-14 1.0 1.343588280633412e-07 -2.028761815660307e-14 1.0 1.343588280633412e-07 1.0 2.028762154473486e-14 1.5099581673894136e-07 1.0 2.028762154473486e-14 1.5099581673894136e-07 0.49999988079071045 1.1635817998012499e-07 0.8660255074501038 0.49999988079071045 1.1635817998012499e-07 0.8660255074501038 2.028761815660307e-14 -1.0 -1.343588280633412e-07 2.028761815660307e-14 -1.0 -1.343588280633412e-07 2.028761815660307e-14 -1.0 -1.343588280633412e-07 2.028761815660307e-14 -1.0 -1.343588280633412e-07</float_array><technique_common><accessor source="#mesh7-normals-array" count="20" stride="3"><param name="X" type="float" /><param name="Y" type="float" /><param name="Z" type="float" /></accessor></technique_common></source><vertices id="mesh7-vertices"><input semantic="POSITION" source="#mesh7-positions" /></vertices><triangles count="20" material="graphite"><input semantic="VERTEX" source="#mesh7-vertices" offset="0" /><input semantic="NORMAL" source="#mesh7-normals" offset="1" /><p>0 0 1 0 3 0 0 1 3 1 2 1 2 2 3 2 5 2 2 3 5 3 4 3 4 4 5 4 7 4 4 5 7 5 6 5 6 6 7 6 9 6 6 7 9 7 8 7 5 8 3 8 1 8 1 9 11 9 9 9 9 10 7 10 5 10 1 11 9 11 5 11 8 12 9 12 11 12 8 13 11 13 10 13 10 14 11 14 1 14 10 15 1 15 0 15 10 16 0 16 2 16 2 17 4 17 6 17 6 18 8 18 10 18 2 19 6 19 10 19</p></triangles></mesh></geometry><geometry id="mesh8"><mesh><source id="mesh8-positions"><float_array id="mesh8-array" count="36">0.015744999051094055 -0.06650000065565109 -0.023271137848496437 0.015744999051094055 -0.04649999737739563 -0.023271141573786736 0.012280896306037903 -0.06650000065565109 -0.025271140038967133 0.012280896306037903 -0.04649999737739563 -0.025271141901612282 0.012280896306037903 -0.06650000065565109 -0.029271140694618225 0.012280896306037903 -0.04649999737739563 -0.029271142557263374 0.015744999051094055 -0.06650000065565109 -0.03127114102244377 0.015744999051094055 -0.04649999737739563 -0.03127114102244377 0.019209101796150208 -0.06650000065565109 -0.029271138831973076 0.019209101796150208 -0.04649999737739563 -0.029271140694618225 0.019209101796150208 -0.06650000065565109 -0.025271138176321983 0.019209101796150208 -0.04649999737739563 -0.025271140038967133</float_array><technique_common><accessor source="#mesh8-array" count="12" stride="3"><param name="X" type="float" /><param name="Y" type="float" /><param name="Z" type="float" /></accessor></technique_common></source><source id="mesh8-normals"><float_array id="mesh8-normals-array" count="60">-0.5000001192092896 1.1635816576927027e-07 0.8660253882408142 -0.5000001192092896 1.1635816576927027e-07 0.8660253882408142 -1.0 -2.028762154473486e-14 -1.5099581673894136e-07 -1.0 -2.028762154473486e-14 -1.5099581673894136e-07 -0.49999988079071045 -1.1635817998012499e-07 -0.8660255074501038 -0.49999988079071045 -1.1635817998012499e-07 -0.8660255074501038 0.5000001192092896 -1.1635816576927027e-07 -0.8660253882408142 0.5000001192092896 -1.1635816576927027e-07 -0.8660253882408142 -2.028761815660307e-14 1.0 1.343588280633412e-07 -2.028761815660307e-14 1.0 1.343588280633412e-07 -2.028761815660307e-14 1.0 1.343588280633412e-07 -2.028761815660307e-14 1.0 1.343588280633412e-07 1.0 2.028762154473486e-14 1.5099581673894136e-07 1.0 2.028762154473486e-14 1.5099581673894136e-07 0.49999988079071045 1.1635817998012499e-07 0.8660255074501038 0.49999988079071045 1.1635817998012499e-07 0.8660255074501038 2.028761815660307e-14 -1.0 -1.343588280633412e-07 2.028761815660307e-14 -1.0 -1.343588280633412e-07 2.028761815660307e-14 -1.0 -1.343588280633412e-07 2.028761815660307e-14 -1.0 -1.343588280633412e-07</float_array><technique_common><accessor source="#mesh8-normals-array" count="20" stride="3"><param name="X" type="float" /><param name="Y" type="float" /><param name="Z" type="float" /></accessor></technique_common></source><vertices id="mesh8-vertices"><input semantic="POSITION" source="#mesh8-positions" /></vertices><triangles count="20" material="graphite"><input semantic="VERTEX" source="#mesh8-vertices" offset="0" /><input semantic="NORMAL" source="#mesh8-normals" offset="1" /><p>0 0 1 0 3 0 0 1 3 1 2 1 2 2 3 2 5 2 2 3 5 3 4 3 4 4 5 4 7 4 4 5 7 5 6 5 6 6 7 6 9 6 6 7 9 7 8 7 5 8 3 8 1 8 1 9 11 9 9 9 9 10 7 10 5 10 1 11 9 11 5 11 8 12 9 12 11 12 8 13 11 13 10 13 10 14 11 14 1 14 10 15 1 15 0 15 10 16 0 16 2 16 2 17 4 17 6 17 6 18 8 18 10 18 2 19 6 19 10 19</p></triangles></mesh></geometry><geometry id="mesh9"><mesh><source id="mesh9-positions"><float_array id="mesh9-array" count="144">-6.0322831174630664e-09 0.050499990582466125 0.03995000198483467 -6.0322831174630664e-09 0.0624999962747097 0.03995000198483467 -0.01033982913941145 0.050499990582466125 0.038588739931583405 -0.01033982913941145 0.0624999962747097 0.038588736206293106 -0.01997501030564308 0.050499994307756424 0.03459771350026131 -0.01997501030564308 0.0624999962747097 0.03459771350026131 -0.028248924762010574 0.050499994307756424 0.02824891358613968 -0.028248924762010574 0.0624999962747097 0.02824891172349453 -0.0345977246761322 0.050499994307756424 0.019974997267127037 -0.0345977246761322 0.0625 0.019974995404481888 -0.0385887436568737 0.050499994307756424 0.01033981703221798 -0.0385887436568737 0.0625 0.01033981516957283 -0.03995000943541527 0.05049999803304672 -5.226129751179087e-09 -0.03995000943541527 0.0625 -6.838436483747046e-09 -0.0385887436568737 0.05049999803304672 -0.010339826345443726 -0.0385887436568737 0.0625 -0.010339828208088875 -0.034597717225551605 0.05049999803304672 -0.019975004717707634 -0.034597717225551605 0.0625 -0.019975006580352783 -0.028248917311429977 0.05050000175833702 -0.028248921036720276 -0.028248917311429977 0.0625000074505806 -0.028248922899365425 -0.019974999129772186 0.05050000175833702 -0.034597720950841904 -0.019974999129772186 0.0625000074505806 -0.034597720950841904 -0.010339817963540554 0.05050000175833702 -0.038588739931583405 -0.010339817963540554 0.0625000074505806 -0.0385887436568737 6.0322831174630664e-09 0.05050000175833702 -0.03995000198483467 6.0322831174630664e-09 0.0625000074505806 -0.03995000198483467 0.01033982913941145 0.05050000175833702 -0.038588736206293106 0.01033982913941145 0.0625000074505806 -0.038588739931583405 0.01997501030564308 0.05050000175833702 -0.03459771350026131 0.01997501030564308 0.0625000074505806 -0.03459771350026131 0.028248924762010574 0.05050000175833702 -0.02824891172349453 0.028248924762010574 0.0625000074505806 -0.02824891358613968 0.0345977246761322 0.05049999803304672 -0.019974995404481888 0.0345977246761322 0.0625 -0.019974997267127037 0.0385887436568737 0.05049999803304672 -0.01033981516957283 0.0385887436568737 0.0625 -0.01033981703221798 0.03995000943541527 0.05049999803304672 6.838436483747046e-09 0.03995000943541527 0.0625 5.226129751179087e-09 0.0385887436568737 0.050499994307756424 0.010339828208088875 0.0385887436568737 0.0625 0.010339826345443726 0.034597717225551605 0.050499994307756424 0.019975006580352783 0.034597717225551605 0.0625 0.019975004717707634 0.028248917311429977 0.050499994307756424 0.028248922899365425 0.028248917311429977 0.0624999962747097 0.028248921036720276 0.019974999129772186 0.050499994307756424 0.034597720950841904 0.019974999129772186 0.0624999962747097 0.034597720950841904 0.010339817963540554 0.050499990582466125 0.0385887436568737 0.010339817963540554 0.0624999962747097 0.038588739931583405</float_array><technique_common><accessor source="#mesh9-array" count="48" stride="3"><param name="X" type="float" /><param name="Y" type="float" /><param name="Z" type="float" /></accessor></technique_common></source><source id="mesh9-normals"><float_array id="mesh9-normals-array" count="276">-0.13052621483802795 1.3320936886884738e-07 0.9914448857307434 -0.13052621483802795 1.3320936886884738e-07 0.9914448857307434 -0.382683664560318 1.2413136118993862e-07 0.9238795042037964 -0.382683664560318 1.2413136118993862e-07 0.9238795042037964 -0.6087616682052612 1.065940011812927e-07 0.7933531403541565 -0.6087616682052612 1.065940011812927e-07 0.7933531403541565 -0.7933533191680908 8.179247856787697e-08 0.6087614893913269 -0.7933533191680908 8.179247856787697e-08 0.6087614893913269 -0.9238796234130859 5.1416900959111445e-08 0.3826834261417389 -0.9238796234130859 5.1416900959111445e-08 0.3826834261417389 -0.9914448857307434 1.7537313823368095e-08 0.13052594661712646 -0.9914448857307434 1.7537313823368095e-08 0.13052594661712646 -0.9914448857307434 -1.753735290321856e-08 -0.13052624464035034 -0.9914448857307434 -1.753735290321856e-08 -0.13052624464035034 -0.9238795042037964 -5.141693648624823e-08 -0.38268372416496277 -0.9238795042037964 -5.141693648624823e-08 -0.38268372416496277 -0.7933531403541565 -8.179252120044112e-08 -0.6087617874145508 -0.7933531403541565 -8.179252120044112e-08 -0.6087617874145508 -0.6087614297866821 -1.0659402960300213e-07 -0.7933533787727356 -0.6087614297866821 -1.0659402960300213e-07 -0.7933533787727356 -0.3826833665370941 -1.2413138961164805e-07 -0.9238796234130859 -0.3826833665370941 -1.2413138961164805e-07 -0.9238796234130859 -0.13052591681480408 -1.3320936886884738e-07 -0.9914448857307434 -0.13052591681480408 -1.3320936886884738e-07 -0.9914448857307434 0.13052621483802795 -1.3320936886884738e-07 -0.9914448857307434 0.13052621483802795 -1.3320936886884738e-07 -0.9914448857307434 0.382683664560318 -1.2413136118993862e-07 -0.9238795042037964 0.382683664560318 -1.2413136118993862e-07 -0.9238795042037964 0.6087616682052612 -1.065940011812927e-07 -0.7933531403541565 0.6087616682052612 -1.065940011812927e-07 -0.7933531403541565 0.7933533191680908 -8.179247856787697e-08 -0.6087614893913269 0.7933533191680908 -8.179247856787697e-08 -0.6087614893913269 0.9238796234130859 -5.1416900959111445e-08 -0.3826834261417389 0.9238796234130859 -5.1416900959111445e-08 -0.3826834261417389 0.9914448857307434 -1.7537313823368095e-08 -0.13052594661712646 0.9914448857307434 -1.7537313823368095e-08 -0.13052594661712646 0.9914448857307434 1.753735290321856e-08 0.13052624464035034 0.9914448857307434 1.753735290321856e-08 0.13052624464035034 0.9238795042037964 5.141693648624823e-08 0.38268372416496277 0.9238795042037964 5.141693648624823e-08 0.38268372416496277 0.7933531403541565 8.179252120044112e-08 0.6087617874145508 0.7933531403541565 8.179252120044112e-08 0.6087617874145508 0.6087614297866821 1.0659402960300213e-07 0.7933533787727356 0.6087614297866821 1.0659402960300213e-07 0.7933533787727356 -2.028761815660307e-14 1.0 1.343588280633412e-07 -2.028761815660307e-14 1.0 1.343588280633412e-07 -2.0287619850668966e-14 1.0 1.343588280633412e-07 -2.028761815660307e-14 1.0 1.343588280633412e-07 -2.028761815660307e-14 1.0 1.343588280633412e-07 -2.0287619850668966e-14 1.0 1.343588280633412e-07 -2.028761815660307e-14 1.0 1.343588280633412e-07 -2.028761815660307e-14 1.0 1.343588280633412e-07 -2.0287619850668966e-14 1.0 1.343588280633412e-07 -2.028761815660307e-14 1.0 1.343588280633412e-07 -2.028761815660307e-14 1.0 1.343588280633412e-07 -2.0287619850668966e-14 1.0 1.343588280633412e-07 -2.0287619850668966e-14 1.0 1.343588280633412e-07 -2.028761815660307e-14 1.0 1.343588280633412e-07 -2.028761815660307e-14 1.0 1.343588280633412e-07 -2.0287619850668966e-14 1.0 1.343588280633412e-07 -2.028761815660307e-14 1.0 1.343588280633412e-07 -2.028761815660307e-14 1.0 1.343588280633412e-07 -2.028761815660307e-14 1.0 1.343588280633412e-07 -2.028761815660307e-14 1.0 1.343588280633412e-07 -2.028761815660307e-14 1.0 1.343588280633412e-07 -2.028761815660307e-14 1.0 1.343588280633412e-07 0.3826833665370941 1.2413138961164805e-07 0.9238796234130859 0.3826833665370941 1.2413138961164805e-07 0.9238796234130859 0.13052591681480408 1.3320936886884738e-07 0.9914448857307434 0.13052591681480408 1.3320936886884738e-07 0.9914448857307434 2.028761815660307e-14 -1.0 -1.343588280633412e-07 2.0287619850668966e-14 -1.0 -1.343588280633412e-07 2.0287619850668966e-14 -1.0 -1.343588280633412e-07 2.028761815660307e-14 -1.0 -1.343588280633412e-07 2.0287619850668966e-14 -1.0 -1.343588280633412e-07 2.0287619850668966e-14 -1.0 -1.343588280633412e-07 2.028761815660307e-14 -1.0 -1.343588280633412e-07 2.0287619850668966e-14 -1.0 -1.343588280633412e-07 2.0287619850668966e-14 -1.0 -1.343588280633412e-07 2.028761815660307e-14 -1.0 -1.343588280633412e-07 2.0287619850668966e-14 -1.0 -1.343588280633412e-07 2.0287619850668966e-14 -1.0 -1.343588280633412e-07 2.028761815660307e-14 -1.0 -1.343588280633412e-07 2.028761815660307e-14 -1.0 -1.343588280633412e-07 2.028761815660307e-14 -1.0 -1.343588280633412e-07 2.028761815660307e-14 -1.0 -1.343588280633412e-07 2.028761815660307e-14 -1.0 -1.343588280633412e-07 2.028761815660307e-14 -1.0 -1.343588280633412e-07 2.028761815660307e-14 -1.0 -1.343588280633412e-07 2.028761815660307e-14 -1.0 -1.343588280633412e-07 2.028761815660307e-14 -1.0 -1.343588280633412e-07 2.028761815660307e-14 -1.0 -1.343588280633412e-07</float_array><technique_common><accessor source="#mesh9-normals-array" count="92" stride="3"><param name="X" type="float" /><param name="Y" type="float" /><param name="Z" type="float" /></accessor></technique_common></source><vertices id="mesh9-vertices"><input semantic="POSITION" source="#mesh9-positions" /></vertices><triangles count="92" material="ivory"><input semantic="VERTEX" source="#mesh9-vertices" offset="0" /><input semantic="NORMAL" source="#mesh9-normals" offset="1" /><p>0 0 1 0 3 0 0 1 3 1 2 1 2 2 3 2 5 2 2 3 5 3 4 3 4 4 5 4 7 4 4 5 7 5 6 5 6 6 7 6 9 6 6 7 9 7 8 7 8 8 9 8 11 8 8 9 11 9 10 9 10 10 11 10 13 10 10 11 13 11 12 11 12 12 13 12 15 12 12 13 15 13 14 13 14 14 15 14 17 14 14 15 17 15 16 15 16 16 17 16 19 16 16 17 19 17 18 17 18 18 19 18 21 18 18 19 21 19 20 19 20 20 21 20 23 20 20 21 23 21 22 21 22 22 23 22 25 22 22 23 25 23 24 23 24 24 25 24 27 24 24 25 27 25 26 25 26 26 27 26 29 26 26 27 29 27 28 27 28 28 29 28 31 28 28 29 31 29 30 29 30 30 31 30 33 30 30 31 33 31 32 31 32 32 33 32 35 32 32 33 35 33 34 33 34 34 35 34 37 34 34 35 37 35 36 35 36 36 37 36 39 36 36 37 39 37 38 37 38 38 39 38 41 38 38 39 41 39 40 39 40 40 41 40 43 40 40 41 43 41 42 41 42 42 43 42 45 42 42 43 45 43 44 43 5 44 3 44 1 44 1 45 47 45 45 45 45 46 43 46 41 46 41 47 39 47 37 47 37 48 35 48 33 48 33 49 31 49 29 49 29 50 27 50 25 50 25 51 23 51 21 51 21 52 19 52 17 52 17 53 15 53 13 53 13 54 11 54 9 54 9 55 7 55 5 55 5 56 1 56 45 56 45 57 41 57 37 57 37 58 33 58 29 58 29 59 25 59 21 59 21 60 17 60 13 60 13 61 9 61 5 61 5 62 45 62 37 62 37 63 29 63 21 63 21 64 13 64 5 64 37 65 21 65 5 65 44 66 45 66 47 66 44 67 47 67 46 67 46 68 47 68 1 68 46 69 1 69 0 69 46 70 0 70 2 70 2 71 4 71 6 71 6 72 8 72 10 72 10 73 12 73 14 73 14 74 16 74 18 74 18 75 20 75 22 75 22 76 24 76 26 76 26 77 28 77 30 77 30 78 32 78 34 78 34 79 36 79 38 79 38 80 40 80 42 80 42 81 44 81 46 81 46 82 2 82 6 82 6 83 10 83 14 83 14 84 18 84 22 84 22 85 26 85 30 85 30 86 34 86 38 86 38 87 42 87 46 87 46 88 6 88 14 88 14 89 22 89 30 89 30 90 38 90 46 90 14 91 30 91 46 91</p></triangles></mesh></geometry><geometry id="mesh10"><mesh><source id="mesh10-positions"><float_array id="mesh10-array" count="144">-3.122593739135482e-09 0.047499995678663254 0.020680002868175507 -3.122593739135482e-09 0.06549999862909317 0.020679999142885208 -0.005352381616830826 0.047499995678663254 0.019975347444415092 -0.005352381616830826 0.06549999862909317 0.019975345581769943 -0.010340005159378052 0.047499995678663254 0.017909405753016472 -0.010340005159378052 0.06549999862909317 0.017909403890371323 -0.014622973278164864 0.047499995678663254 0.01462296862155199 -0.014622973278164864 0.06549999862909317 0.014622965827584267 -0.01790940947830677 0.047499995678663254 0.01033999864012003 -0.01790940947830677 0.06549999862909317 0.01033999677747488 -0.01997535116970539 0.04749999940395355 0.005352376028895378 -0.01997535116970539 0.06549999862909317 0.005352373700588942 -0.020680004730820656 0.04749999940395355 -1.913364133798723e-09 -0.020680004730820656 0.06549999862909317 -4.331823344472241e-09 -0.01997535116970539 0.04749999940395355 -0.005352379754185677 -0.01997535116970539 0.06549999862909317 -0.005352382082492113 -0.017909405753016472 0.04749999940395355 -0.010340002365410328 -0.017909405753016472 0.06549999862909317 -0.010340004228055477 -0.014622969552874565 0.04749999940395355 -0.01462297048419714 -0.014622969552874565 0.06549999862909317 -0.014622973278164864 -0.010339999571442604 0.04749999940395355 -0.017909405753016472 -0.010339999571442604 0.06549999862909317 -0.01790940761566162 -0.005352376028895378 0.04749999940395355 -0.019975347444415092 -0.005352376028895378 0.06549999862909317 -0.01997534930706024 3.122593739135482e-09 0.04749999940395355 -0.020679999142885208 3.122593739135482e-09 0.06549999862909317 -0.020680002868175507 0.005352381616830826 0.04749999940395355 -0.019975345581769943 0.005352381616830826 0.06549999862909317 -0.019975347444415092 0.010340005159378052 0.04749999940395355 -0.017909403890371323 0.010340005159378052 0.06549999862909317 -0.017909405753016472 0.014622973278164864 0.04749999940395355 -0.014622965827584267 0.014622973278164864 0.06549999862909317 -0.01462296862155199 0.01790940947830677 0.04749999940395355 -0.01033999677747488 0.01790940947830677 0.06549999862909317 -0.01033999864012003 0.01997535116970539 0.04749999940395355 -0.005352373700588942 0.01997535116970539 0.06549999862909317 -0.005352376028895378 0.020680004730820656 0.04749999940395355 4.331823344472241e-09 0.020680004730820656 0.06549999862909317 1.913364133798723e-09 0.01997535116970539 0.04749999940395355 0.005352382082492113 0.01997535116970539 0.06549999862909317 0.005352379754185677 0.017909405753016472 0.047499995678663254 0.010340004228055477 0.017909405753016472 0.06549999862909317 0.010340002365410328 0.014622969552874565 0.047499995678663254 0.014622973278164864 0.014622969552874565 0.06549999862909317 0.01462297048419714 0.010339999571442604 0.047499995678663254 0.01790940761566162 0.010339999571442604 0.06549999862909317 0.017909405753016472 0.005352376028895378 0.047499995678663254 0.01997534930706024 0.005352376028895378 0.06549999862909317 0.019975347444415092</float_array><technique_common><accessor source="#mesh10-array" count="48" stride="3"><param name="X" type="float" /><param name="Y" type="float" /><param name="Z" type="float" /></accessor></technique_common></source><source id="mesh10-normals"><float_array id="mesh10-normals-array" count="276">-0.13052628934383392 1.3320936886884738e-07 0.9914448857307434 -0.13052628934383392 1.3320936886884738e-07 0.9914448857307434 -0.38268372416496277 1.2413136118993862e-07 0.9238794445991516 -0.38268372416496277 1.2413136118993862e-07 0.9238794445991516 -0.6087614893913269 1.0659402960300213e-07 0.7933533191680908 -0.6087614893913269 1.0659402960300213e-07 0.7933533191680908 -0.7933534979820251 8.179246435702225e-08 0.6087613105773926 -0.7933534979820251 8.179246435702225e-08 0.6087613105773926 -0.9238795638084412 5.14169080645388e-08 0.38268348574638367 -0.9238795638084412 5.14169080645388e-08 0.38268348574638367 -0.9914448857307434 1.7537322705152292e-08 0.13052602112293243 -0.9914448857307434 1.7537322705152292e-08 0.13052602112293243 -0.9914448857307434 -1.753736178500276e-08 -0.1305263191461563 -0.9914448857307434 -1.753736178500276e-08 -0.1305263191461563 -0.9238794445991516 -5.141694359167559e-08 -0.38268378376960754 -0.9238794445991516 -5.141694359167559e-08 -0.38268378376960754 -0.793353259563446 -8.179249277873168e-08 -0.6087615489959717 -0.793353259563446 -8.179249277873168e-08 -0.6087615489959717 -0.6087612509727478 -1.0659405802471156e-07 -0.7933535575866699 -0.6087612509727478 -1.0659405802471156e-07 -0.7933535575866699 -0.3826834261417389 -1.2413138961164805e-07 -0.9238795638084412 -0.3826834261417389 -1.2413138961164805e-07 -0.9238795638084412 -0.13052599132061005 -1.3320936886884738e-07 -0.9914448857307434 -0.13052599132061005 -1.3320936886884738e-07 -0.9914448857307434 0.13052628934383392 -1.3320936886884738e-07 -0.9914448857307434 0.13052628934383392 -1.3320936886884738e-07 -0.9914448857307434 0.38268372416496277 -1.2413136118993862e-07 -0.9238794445991516 0.38268372416496277 -1.2413136118993862e-07 -0.9238794445991516 0.6087614893913269 -1.0659402960300213e-07 -0.7933533191680908 0.6087614893913269 -1.0659402960300213e-07 -0.7933533191680908 0.7933534979820251 -8.179246435702225e-08 -0.6087613105773926 0.7933534979820251 -8.179246435702225e-08 -0.6087613105773926 0.9238795638084412 -5.14169080645388e-08 -0.38268348574638367 0.9238795638084412 -5.14169080645388e-08 -0.38268348574638367 0.9914448857307434 -1.7537322705152292e-08 -0.13052602112293243 0.9914448857307434 -1.7537322705152292e-08 -0.13052602112293243 0.9914448857307434 1.753736178500276e-08 0.1305263191461563 0.9914448857307434 1.753736178500276e-08 0.1305263191461563 0.9238794445991516 5.141694359167559e-08 0.38268378376960754 0.9238794445991516 5.141694359167559e-08 0.38268378376960754 0.793353259563446 8.179249277873168e-08 0.6087615489959717 0.793353259563446 8.179249277873168e-08 0.6087615489959717 0.6087612509727478 1.0659405802471156e-07 0.7933535575866699 0.6087612509727478 1.0659405802471156e-07 0.7933535575866699 -2.028761815660307e-14 1.0 1.343588280633412e-07 -2.028761815660307e-14 1.0 1.343588280633412e-07 -2.028761815660307e-14 1.0 1.343588280633412e-07 -2.028761815660307e-14 1.0 1.343588280633412e-07 -2.028761815660307e-14 1.0 1.343588280633412e-07 -2.028761815660307e-14 1.0 1.343588280633412e-07 -2.028761815660307e-14 1.0 1.343588280633412e-07 -2.028761815660307e-14 1.0 1.343588280633412e-07 -2.028761815660307e-14 1.0 1.343588280633412e-07 -2.028761815660307e-14 1.0 1.343588280633412e-07 -2.028761815660307e-14 1.0 1.343588280633412e-07 -2.028761815660307e-14 1.0 1.343588280633412e-07 -2.028761815660307e-14 1.0 1.343588280633412e-07 -2.028761815660307e-14 1.0 1.343588280633412e-07 -2.028761815660307e-14 1.0 1.343588280633412e-07 -2.028761815660307e-14 1.0 1.343588280633412e-07 -2.028761815660307e-14 1.0 1.343588280633412e-07 -2.028761815660307e-14 1.0 1.343588280633412e-07 -2.0287619850668966e-14 1.0 1.343588280633412e-07 -2.0287619850668966e-14 1.0 1.343588280633412e-07 -2.0287619850668966e-14 1.0 1.343588280633412e-07 -2.028761815660307e-14 1.0 1.343588280633412e-07 0.3826834261417389 1.2413138961164805e-07 0.9238795638084412 0.3826834261417389 1.2413138961164805e-07 0.9238795638084412 0.13052599132061005 1.3320936886884738e-07 0.9914448857307434 0.13052599132061005 1.3320936886884738e-07 0.9914448857307434 2.0287619850668966e-14 -1.0 -1.343588280633412e-07 2.0287619850668966e-14 -1.0 -1.343588280633412e-07 2.0287619850668966e-14 -1.0 -1.343588280633412e-07 2.0287619850668966e-14 -1.0 -1.343588280633412e-07 2.0287619850668966e-14 -1.0 -1.343588280633412e-07 2.0287619850668966e-14 -1.0 -1.343588280633412e-07 2.0287619850668966e-14 -1.0 -1.343588280633412e-07 2.0287619850668966e-14 -1.0 -1.343588280633412e-07 2.0287619850668966e-14 -1.0 -1.343588280633412e-07 2.0287619850668966e-14 -1.0 -1.343588280633412e-07 2.0287619850668966e-14 -1.0 -1.343588280633412e-07 2.0287619850668966e-14 -1.0 -1.343588280633412e-07 2.028761815660307e-14 -1.0 -1.343588280633412e-07 2.028761815660307e-14 -1.0 -1.343588280633412e-07 2.028761815660307e-14 -1.0 -1.343588280633412e-07 2.028761815660307e-14 -1.0 -1.343588280633412e-07 2.028761815660307e-14 -1.0 -1.343588280633412e-07 2.028761815660307e-14 -1.0 -1.343588280633412e-07 2.0287619850668966e-14 -1.0 -1.343588280633412e-07 2.0287619850668966e-14 -1.0 -1.343588280633412e-07 2.0287619850668966e-14 -1.0 -1.343588280633412e-07 2.028761815660307e-14 -1.0 -1.343588280633412e-07</float_array><technique_common><accessor source="#mesh10-normals-array" count="92" stride="3"><param name="X" type="float" /><param name="Y" type="float" /><param name="Z" type="float" /></accessor></technique_common></source><vertices id="mesh10-vertices"><input semantic="POSITION" source="#mesh10-positions" /></vertices><triangles count="92" material="titanium"><input semantic="VERTEX" source="#mesh10-vertices" offset="0" /><input semantic="NORMAL" source="#mesh10-normals" offset="1" /><p>0 0 1 0 3 0 0 1 3 1 2 1 2 2 3 2 5 2 2 3 5 3 4 3 4 4 5 4 7 4 4 5 7 5 6 5 6 6 7 6 9 6 6 7 9 7 8 7 8 8 9 8 11 8 8 9 11 9 10 9 10 10 11 10 13 10 10 11 13 11 12 11 12 12 13 12 15 12 12 13 15 13 14 13 14 14 15 14 17 14 14 15 17 15 16 15 16 16 17 16 19 16 16 17 19 17 18 17 18 18 19 18 21 18 18 19 21 19 20 19 20 20 21 20 23 20 20 21 23 21 22 21 22 22 23 22 25 22 22 23 25 23 24 23 24 24 25 24 27 24 24 25 27 25 26 25 26 26 27 26 29 26 26 27 29 27 28 27 28 28 29 28 31 28 28 29 31 29 30 29 30 30 31 30 33 30 30 31 33 31 32 31 32 32 33 32 35 32 32 33 35 33 34 33 34 34 35 34 37 34 34 35 37 35 36 35 36 36 37 36 39 36 36 37 39 37 38 37 38 38 39 38 41 38 38 39 41 39 40 39 40 40 41 40 43 40 40 41 43 41 42 41 42 42 43 42 45 42 42 43 45 43 44 43 5 44 3 44 1 44 1 45 47 45 45 45 45 46 43 46 41 46 41 47 39 47 37 47 37 48 35 48 33 48 33 49 31 49 29 49 29 50 27 50 25 50 25 51 23 51 21 51 21 52 19 52 17 52 17 53 15 53 13 53 13 54 11 54 9 54 9 55 7 55 5 55 5 56 1 56 45 56 45 57 41 57 37 57 37 58 33 58 29 58 29 59 25 59 21 59 21 60 17 60 13 60 13 61 9 61 5 61 5 62 45 62 37 62 37 63 29 63 21 63 21 64 13 64 5 64 37 65 21 65 5 65 44 66 45 66 47 66 44 67 47 67 46 67 46 68 47 68 1 68 46 69 1 69 0 69 46 70 0 70 2 70 2 71 4 71 6 71 6 72 8 72 10 72 10 73 12 73 14 73 14 74 16 74 18 74 18 75 20 75 22 75 22 76 24 76 26 76 26 77 28 77 30 77 30 78 32 78 34 78 34 79 36 79 38 79 38 80 40 80 42 80 42 81 44 81 46 81 46 82 2 82 6 82 6 83 10 83 14 83 14 84 18 84 22 84 22 85 26 85 30 85 30 86 34 86 38 86 38 87 42 87 46 87 46 88 6 88 14 88 14 89 22 89 30 89 30 90 38 90 46 90 14 91 30 91 46 91</p></triangles></mesh></geometry><geometry id="mesh11"><mesh><source id="mesh11-positions"><float_array id="mesh11-array" count="36">0.03148999810218811 0.04649999737739563 0.0040000020526349545 0.03148999810218811 0.06650000065565109 0.003999999258667231 0.028025895357131958 0.04649999737739563 0.002000001259148121 0.028025895357131958 0.06650000065565109 0.001999998465180397 0.028025895357131958 0.04649999737739563 -0.0019999993965029716 0.028025895357131958 0.06650000065565109 -0.0020000021904706955 0.03148999810218811 0.04649999737739563 -0.003999999258667231 0.03148999810218811 0.06650000065565109 -0.0040000020526349545 0.03495410084724426 0.04649999737739563 -0.001999998465180397 0.03495410084724426 0.06650000065565109 -0.002000001259148121 0.03495410084724426 0.04649999737739563 0.0020000021904706955 0.03495410084724426 0.06650000065565109 0.0019999993965029716</float_array><technique_common><accessor source="#mesh11-array" count="12" stride="3"><param name="X" type="float" /><param name="Y" type="float" /><param name="Z" type="float" /></accessor></technique_common></source><source id="mesh11-normals"><float_array id="mesh11-normals-array" count="60">-0.5000001192092896 1.1635816576927027e-07 0.8660253882408142 -0.5000001192092896 1.1635816576927027e-07 0.8660253882408142 -1.0 -2.028762154473486e-14 -1.5099581673894136e-07 -1.0 -2.028762154473486e-14 -1.5099581673894136e-07 -0.49999988079071045 -1.1635817998012499e-07 -0.8660255074501038 -0.49999988079071045 -1.1635817998012499e-07 -0.8660255074501038 0.5000001192092896 -1.1635816576927027e-07 -0.8660253882408142 0.5000001192092896 -1.1635816576927027e-07 -0.8660253882408142 -2.028761815660307e-14 1.0 1.343588280633412e-07 -2.028761815660307e-14 1.0 1.343588280633412e-07 -2.028761815660307e-14 1.0 1.343588280633412e-07 -2.028761815660307e-14 1.0 1.343588280633412e-07 1.0 2.028762154473486e-14 1.5099581673894136e-07 1.0 2.028762154473486e-14 1.5099581673894136e-07 0.49999988079071045 1.1635817998012499e-07 0.8660255074501038 0.49999988079071045 1.1635817998012499e-07 0.8660255074501038 2.028761815660307e-14 -1.0 -1.343588280633412e-07 2.028761815660307e-14 -1.0 -1.343588280633412e-07 2.028761815660307e-14 -1.0 -1.343588280633412e-07 2.028761815660307e-14 -1.0 -1.343588280633412e-07</float_array><technique_common><accessor source="#mesh11-normals-array" count="20" stride="3"><param name="X" type="float" /><param name="Y" type="float" /><param name="Z" type="float" /></accessor></technique_common></source><vertices id="mesh11-vertices"><input semantic="POSITION" source="#mesh11-positions" /></vertices><triangles count="20" material="graphite"><input semantic="VERTEX" source="#mesh11-vertices" offset="0" /><input semantic="NORMAL" source="#mesh11-normals" offset="1" /><p>0 0 1 0 3 0 0 1 3 1 2 1 2 2 3 2 5 2 2 3 5 3 4 3 4 4 5 4 7 4 4 5 7 5 6 5 6 6 7 6 9 6 6 7 9 7 8 7 5 8 3 8 1 8 1 9 11 9 9 9 9 10 7 10 5 10 1 11 9 11 5 11 8 12 9 12 11 12 8 13 11 13 10 13 10 14 11 14 1 14 10 15 1 15 0 15 10 16 0 16 2 16 2 17 4 17 6 17 6 18 8 18 10 18 2 19 6 19 10 19</p></triangles></mesh></geometry><geometry id="mesh12"><mesh><source id="mesh12-positions"><float_array id="mesh12-array" count="36">0.015744999051094055 0.04649999737739563 0.03127114102244377 0.015744999051094055 0.06650000065565109 0.03127114102244377 0.012280896306037903 0.04649999737739563 0.029271140694618225 0.012280896306037903 0.06650000065565109 0.029271138831973076 0.012280896306037903 0.04649999737739563 0.025271140038967133 0.012280896306037903 0.06650000065565109 0.025271138176321983 0.015744999051094055 0.04649999737739563 0.023271141573786736 0.015744999051094055 0.06650000065565109 0.023271137848496437 0.019209101796150208 0.04649999737739563 0.025271141901612282 0.019209101796150208 0.06650000065565109 0.025271140038967133 0.019209101796150208 0.04649999737739563 0.029271142557263374 0.019209101796150208 0.06650000065565109 0.029271140694618225</float_array><technique_common><accessor source="#mesh12-array" count="12" stride="3"><param name="X" type="float" /><param name="Y" type="float" /><param name="Z" type="float" /></accessor></technique_common></source><source id="mesh12-normals"><float_array id="mesh12-normals-array" count="60">-0.5000001192092896 1.1635816576927027e-07 0.8660253882408142 -0.5000001192092896 1.1635816576927027e-07 0.8660253882408142 -1.0 -2.028762154473486e-14 -1.5099581673894136e-07 -1.0 -2.028762154473486e-14 -1.5099581673894136e-07 -0.49999988079071045 -1.1635817998012499e-07 -0.8660255074501038 -0.49999988079071045 -1.1635817998012499e-07 -0.8660255074501038 0.5000001192092896 -1.1635816576927027e-07 -0.8660253882408142 0.5000001192092896 -1.1635816576927027e-07 -0.8660253882408142 -2.028761815660307e-14 1.0 1.343588280633412e-07 -2.028761815660307e-14 1.0 1.343588280633412e-07 -2.028761815660307e-14 1.0 1.343588280633412e-07 -2.028761815660307e-14 1.0 1.343588280633412e-07 1.0 2.028762154473486e-14 1.5099581673894136e-07 1.0 2.028762154473486e-14 1.5099581673894136e-07 0.49999988079071045 1.1635817998012499e-07 0.8660255074501038 0.49999988079071045 1.1635817998012499e-07 0.8660255074501038 2.028761815660307e-14 -1.0 -1.343588280633412e-07 2.028761815660307e-14 -1.0 -1.343588280633412e-07 2.028761815660307e-14 -1.0 -1.343588280633412e-07 2.028761815660307e-14 -1.0 -1.343588280633412e-07</float_array><technique_common><accessor source="#mesh12-normals-array" count="20" stride="3"><param name="X" type="float" /><param name="Y" type="float" /><param name="Z" type="float" /></accessor></technique_common></source><vertices id="mesh12-vertices"><input semantic="POSITION" source="#mesh12-positions" /></vertices><triangles count="20" material="graphite"><input semantic="VERTEX" source="#mesh12-vertices" offset="0" /><input semantic="NORMAL" source="#mesh12-normals" offset="1" /><p>0 0 1 0 3 0 0 1 3 1 2 1 2 2 3 2 5 2 2 3 5 3 4 3 4 4 5 4 7 4 4 5 7 5 6 5 6 6 7 6 9 6 6 7 9 7 8 7 5 8 3 8 1 8 1 9 11 9 9 9 9 10 7 10 5 10 1 11 9 11 5 11 8 12 9 12 11 12 8 13 11 13 10 13 10 14 11 14 1 14 10 15 1 15 0 15 10 16 0 16 2 16 2 17 4 17 6 17 6 18 8 18 10 18 2 19 6 19 10 19</p></triangles></mesh></geometry><geometry id="mesh13"><mesh><source id="mesh13-positions"><float_array id="mesh13-array" count="36">-0.015744999051094055 0.04649999737739563 0.03127114102244377 -0.015744999051094055 0.06650000065565109 0.03127114102244377 -0.019209101796150208 0.04649999737739563 0.029271140694618225 -0.019209101796150208 0.06650000065565109 0.029271138831973076 -0.019209101796150208 0.04649999737739563 0.025271140038967133 -0.019209101796150208 0.06650000065565109 0.025271138176321983 -0.015744999051094055 0.04649999737739563 0.023271141573786736 -0.015744999051094055 0.06650000065565109 0.023271137848496437 -0.012280896306037903 0.04649999737739563 0.025271141901612282 -0.012280896306037903 0.06650000065565109 0.025271140038967133 -0.012280896306037903 0.04649999737739563 0.029271142557263374 -0.012280896306037903 0.06650000065565109 0.029271140694618225</float_array><technique_common><accessor source="#mesh13-array" count="12" stride="3"><param name="X" type="float" /><param name="Y" type="float" /><param name="Z" type="float" /></accessor></technique_common></source><source id="mesh13-normals"><float_array id="mesh13-normals-array" count="60">-0.5000001192092896 1.1635816576927027e-07 0.8660253882408142 -0.5000001192092896 1.1635816576927027e-07 0.8660253882408142 -1.0 -2.028762154473486e-14 -1.5099581673894136e-07 -1.0 -2.028762154473486e-14 -1.5099581673894136e-07 -0.49999988079071045 -1.1635817998012499e-07 -0.8660255074501038 -0.49999988079071045 -1.1635817998012499e-07 -0.8660255074501038 0.5000001192092896 -1.1635816576927027e-07 -0.8660253882408142 0.5000001192092896 -1.1635816576927027e-07 -0.8660253882408142 -2.028761815660307e-14 1.0 1.343588280633412e-07 -2.028761815660307e-14 1.0 1.343588280633412e-07 -2.028761815660307e-14 1.0 1.343588280633412e-07 -2.028761815660307e-14 1.0 1.343588280633412e-07 1.0 2.028762154473486e-14 1.5099581673894136e-07 1.0 2.028762154473486e-14 1.5099581673894136e-07 0.49999988079071045 1.1635817998012499e-07 0.8660255074501038 0.49999988079071045 1.1635817998012499e-07 0.8660255074501038 2.028761815660307e-14 -1.0 -1.343588280633412e-07 2.028761815660307e-14 -1.0 -1.343588280633412e-07 2.028761815660307e-14 -1.0 -1.343588280633412e-07 2.028761815660307e-14 -1.0 -1.343588280633412e-07</float_array><technique_common><accessor source="#mesh13-normals-array" count="20" stride="3"><param name="X" type="float" /><param name="Y" type="float" /><param name="Z" type="float" /></accessor></technique_common></source><vertices id="mesh13-vertices"><input semantic="POSITION" source="#mesh13-positions" /></vertices><triangles count="20" material="graphite"><input semantic="VERTEX" source="#mesh13-vertices" offset="0" /><input semantic="NORMAL" source="#mesh13-normals" offset="1" /><p>0 0 1 0 3 0 0 1 3 1 2 1 2 2 3 2 5 2 2 3 5 3 4 3 4 4 5 4 7 4 4 5 7 5 6 5 6 6 7 6 9 6 6 7 9 7 8 7 5 8 3 8 1 8 1 9 11 9 9 9 9 10 7 10 5 10 1 11 9 11 5 11 8 12 9 12 11 12 8 13 11 13 10 13 10 14 11 14 1 14 10 15 1 15 0 15 10 16 0 16 2 16 2 17 4 17 6 17 6 18 8 18 10 18 2 19 6 19 10 19</p></triangles></mesh></geometry><geometry id="mesh14"><mesh><source id="mesh14-positions"><float_array id="mesh14-array" count="36">-0.03148999810218811 0.04649999737739563 0.0040000020526349545 -0.03148999810218811 0.06650000065565109 0.003999999258667231 -0.03495410084724426 0.04649999737739563 0.002000001259148121 -0.03495410084724426 0.06650000065565109 0.001999998465180397 -0.03495410084724426 0.04649999737739563 -0.0019999993965029716 -0.03495410084724426 0.06650000065565109 -0.0020000021904706955 -0.03148999810218811 0.04649999737739563 -0.003999999258667231 -0.03148999810218811 0.06650000065565109 -0.0040000020526349545 -0.028025895357131958 0.04649999737739563 -0.001999998465180397 -0.028025895357131958 0.06650000065565109 -0.002000001259148121 -0.028025895357131958 0.04649999737739563 0.0020000021904706955 -0.028025895357131958 0.06650000065565109 0.0019999993965029716</float_array><technique_common><accessor source="#mesh14-array" count="12" stride="3"><param name="X" type="float" /><param name="Y" type="float" /><param name="Z" type="float" /></accessor></technique_common></source><source id="mesh14-normals"><float_array id="mesh14-normals-array" count="60">-0.5000001192092896 1.1635816576927027e-07 0.8660253882408142 -0.5000001192092896 1.1635816576927027e-07 0.8660253882408142 -1.0 -2.028762154473486e-14 -1.5099581673894136e-07 -1.0 -2.028762154473486e-14 -1.5099581673894136e-07 -0.49999988079071045 -1.1635817998012499e-07 -0.8660255074501038 -0.49999988079071045 -1.1635817998012499e-07 -0.8660255074501038 0.5000001192092896 -1.1635816576927027e-07 -0.8660253882408142 0.5000001192092896 -1.1635816576927027e-07 -0.8660253882408142 -2.028761815660307e-14 1.0 1.343588280633412e-07 -2.028761815660307e-14 1.0 1.343588280633412e-07 -2.028761815660307e-14 1.0 1.343588280633412e-07 -2.028761815660307e-14 1.0 1.343588280633412e-07 1.0 2.028762154473486e-14 1.5099581673894136e-07 1.0 2.028762154473486e-14 1.5099581673894136e-07 0.49999988079071045 1.1635817998012499e-07 0.8660255074501038 0.49999988079071045 1.1635817998012499e-07 0.8660255074501038 2.028761815660307e-14 -1.0 -1.343588280633412e-07 2.028761815660307e-14 -1.0 -1.343588280633412e-07 2.028761815660307e-14 -1.0 -1.343588280633412e-07 2.028761815660307e-14 -1.0 -1.343588280633412e-07</float_array><technique_common><accessor source="#mesh14-normals-array" count="20" stride="3"><param name="X" type="float" /><param name="Y" type="float" /><param name="Z" type="float" /></accessor></technique_common></source><vertices id="mesh14-vertices"><input semantic="POSITION" source="#mesh14-positions" /></vertices><triangles count="20" material="graphite"><input semantic="VERTEX" source="#mesh14-vertices" offset="0" /><input semantic="NORMAL" source="#mesh14-normals" offset="1" /><p>0 0 1 0 3 0 0 1 3 1 2 1 2 2 3 2 5 2 2 3 5 3 4 3 4 4 5 4 7 4 4 5 7 5 6 5 6 6 7 6 9 6 6 7 9 7 8 7 5 8 3 8 1 8 1 9 11 9 9 9 9 10 7 10 5 10 1 11 9 11 5 11 8 12 9 12 11 12 8 13 11 13 10 13 10 14 11 14 1 14 10 15 1 15 0 15 10 16 0 16 2 16 2 17 4 17 6 17 6 18 8 18 10 18 2 19 6 19 10 19</p></triangles></mesh></geometry><geometry id="mesh15"><mesh><source id="mesh15-positions"><float_array id="mesh15-array" count="36">-0.015744999051094055 0.04649999737739563 -0.023271137848496437 -0.015744999051094055 0.06650000065565109 -0.023271141573786736 -0.019209101796150208 0.04649999737739563 -0.025271140038967133 -0.019209101796150208 0.06650000065565109 -0.025271141901612282 -0.019209101796150208 0.04649999737739563 -0.029271140694618225 -0.019209101796150208 0.06650000065565109 -0.029271142557263374 -0.015744999051094055 0.04649999737739563 -0.03127114102244377 -0.015744999051094055 0.06650000065565109 -0.03127114102244377 -0.012280896306037903 0.04649999737739563 -0.029271138831973076 -0.012280896306037903 0.06650000065565109 -0.029271140694618225 -0.012280896306037903 0.04649999737739563 -0.025271138176321983 -0.012280896306037903 0.06650000065565109 -0.025271140038967133</float_array><technique_common><accessor source="#mesh15-array" count="12" stride="3"><param name="X" type="float" /><param name="Y" type="float" /><param name="Z" type="float" /></accessor></technique_common></source><source id="mesh15-normals"><float_array id="mesh15-normals-array" count="60">-0.5000001192092896 1.1635816576927027e-07 0.8660253882408142 -0.5000001192092896 1.1635816576927027e-07 0.8660253882408142 -1.0 -2.028762154473486e-14 -1.5099581673894136e-07 -1.0 -2.028762154473486e-14 -1.5099581673894136e-07 -0.49999988079071045 -1.1635817998012499e-07 -0.8660255074501038 -0.49999988079071045 -1.1635817998012499e-07 -0.8660255074501038 0.5000001192092896 -1.1635816576927027e-07 -0.8660253882408142 0.5000001192092896 -1.1635816576927027e-07 -0.8660253882408142 -2.028761815660307e-14 1.0 1.343588280633412e-07 -2.028761815660307e-14 1.0 1.343588280633412e-07 -2.028761815660307e-14 1.0 1.343588280633412e-07 -2.028761815660307e-14 1.0 1.343588280633412e-07 1.0 2.028762154473486e-14 1.5099581673894136e-07 1.0 2.028762154473486e-14 1.5099581673894136e-07 0.49999988079071045 1.1635817998012499e-07 0.8660255074501038 0.49999988079071045 1.1635817998012499e-07 0.8660255074501038 2.028761815660307e-14 -1.0 -1.343588280633412e-07 2.028761815660307e-14 -1.0 -1.343588280633412e-07 2.028761815660307e-14 -1.0 -1.343588280633412e-07 2.028761815660307e-14 -1.0 -1.343588280633412e-07</float_array><technique_common><accessor source="#mesh15-normals-array" count="20" stride="3"><param name="X" type="float" /><param name="Y" type="float" /><param name="Z" type="float" /></accessor></technique_common></source><vertices id="mesh15-vertices"><input semantic="POSITION" source="#mesh15-positions" /></vertices><triangles count="20" material="graphite"><input semantic="VERTEX" source="#mesh15-vertices" offset="0" /><input semantic="NORMAL" source="#mesh15-normals" offset="1" /><p>0 0 1 0 3 0 0 1 3 1 2 1 2 2 3 2 5 2 2 3 5 3 4 3 4 4 5 4 7 4 4 5 7 5 6 5 6 6 7 6 9 6 6 7 9 7 8 7 5 8 3 8 1 8 1 9 11 9 9 9 9 10 7 10 5 10 1 11 9 11 5 11 8 12 9 12 11 12 8 13 11 13 10 13 10 14 11 14 1 14 10 15 1 15 0 15 10 16 0 16 2 16 2 17 4 17 6 17 6 18 8 18 10 18 2 19 6 19 10 19</p></triangles></mesh></geometry><geometry id="mesh16"><mesh><source id="mesh16-positions"><float_array id="mesh16-array" count="36">0.015744999051094055 0.04649999737739563 -0.023271137848496437 0.015744999051094055 0.06650000065565109 -0.023271141573786736 0.012280896306037903 0.04649999737739563 -0.025271140038967133 0.012280896306037903 0.06650000065565109 -0.025271141901612282 0.012280896306037903 0.04649999737739563 -0.029271140694618225 0.012280896306037903 0.06650000065565109 -0.029271142557263374 0.015744999051094055 0.04649999737739563 -0.03127114102244377 0.015744999051094055 0.06650000065565109 -0.03127114102244377 0.019209101796150208 0.04649999737739563 -0.029271138831973076 0.019209101796150208 0.06650000065565109 -0.029271140694618225 0.019209101796150208 0.04649999737739563 -0.025271138176321983 0.019209101796150208 0.06650000065565109 -0.025271140038967133</float_array><technique_common><accessor source="#mesh16-array" count="12" stride="3"><param name="X" type="float" /><param name="Y" type="float" /><param name="Z" type="float" /></accessor></technique_common></source><source id="mesh16-normals"><float_array id="mesh16-normals-array" count="60">-0.5000001192092896 1.1635816576927027e-07 0.8660253882408142 -0.5000001192092896 1.1635816576927027e-07 0.8660253882408142 -1.0 -2.028762154473486e-14 -1.5099581673894136e-07 -1.0 -2.028762154473486e-14 -1.5099581673894136e-07 -0.49999988079071045 -1.1635817998012499e-07 -0.8660255074501038 -0.49999988079071045 -1.1635817998012499e-07 -0.8660255074501038 0.5000001192092896 -1.1635816576927027e-07 -0.8660253882408142 0.5000001192092896 -1.1635816576927027e-07 -0.8660253882408142 -2.028761815660307e-14 1.0 1.343588280633412e-07 -2.028761815660307e-14 1.0 1.343588280633412e-07 -2.028761815660307e-14 1.0 1.343588280633412e-07 -2.028761815660307e-14 1.0 1.343588280633412e-07 1.0 2.028762154473486e-14 1.5099581673894136e-07 1.0 2.028762154473486e-14 1.5099581673894136e-07 0.49999988079071045 1.1635817998012499e-07 0.8660255074501038 0.49999988079071045 1.1635817998012499e-07 0.8660255074501038 2.028761815660307e-14 -1.0 -1.343588280633412e-07 2.028761815660307e-14 -1.0 -1.343588280633412e-07 2.028761815660307e-14 -1.0 -1.343588280633412e-07 2.028761815660307e-14 -1.0 -1.343588280633412e-07</float_array><technique_common><accessor source="#mesh16-normals-array" count="20" stride="3"><param name="X" type="float" /><param name="Y" type="float" /><param name="Z" type="float" /></accessor></technique_common></source><vertices id="mesh16-vertices"><input semantic="POSITION" source="#mesh16-positions" /></vertices><triangles count="20" material="graphite"><input semantic="VERTEX" source="#mesh16-vertices" offset="0" /><input semantic="NORMAL" source="#mesh16-normals" offset="1" /><p>0 0 1 0 3 0 0 1 3 1 2 1 2 2 3 2 5 2 2 3 5 3 4 3 4 4 5 4 7 4 4 5 7 5 6 5 6 6 7 6 9 6 6 7 9 7 8 7 5 8 3 8 1 8 1 9 11 9 9 9 9 10 7 10 5 10 1 11 9 11 5 11 8 12 9 12 11 12 8 13 11 13 10 13 10 14 11 14 1 14 10 15 1 15 0 15 10 16 0 16 2 16 2 17 4 17 6 17 6 18 8 18 10 18 2 19 6 19 10 19</p></triangles></mesh></geometry><geometry id="mesh17"><mesh><source id="mesh17-positions"><float_array id="mesh17-array" count="144">0.0 -0.04799998551607132 -0.034999992698431015 0.0 -0.048000019043684006 -0.26499998569488525 0.004141104873269796 -0.047454796731472015 -0.034999992698431015 0.004141104873269796 -0.047454833984375 -0.26499998569488525 0.00800000037997961 -0.04585639014840126 -0.034999992698431015 0.00800000037997961 -0.045856427401304245 -0.26499998569488525 0.011313708499073982 -0.04331369325518608 -0.034999996423721313 0.011313708499073982 -0.04331372678279877 -0.26499998569488525 0.013856407254934311 -0.039999984204769135 -0.034999996423721313 0.013856407254934311 -0.04000001773238182 -0.26499998569488525 0.015454813838005066 -0.03614109009504318 -0.034999996423721313 0.015454813838005066 -0.03614112362265587 -0.26499998569488525 0.01600000075995922 -0.03199998289346695 -0.034999996423721313 0.01600000075995922 -0.032000020146369934 -0.26499998569488525 0.015454813838005066 -0.027858879417181015 -0.034999996423721313 0.015454813838005066 -0.02785891480743885 -0.26499998569488525 0.013856407254934311 -0.023999983444809914 -0.034999996423721313 0.013856407254934311 -0.02400001883506775 -0.26499998569488525 0.011313708499073982 -0.020686276257038116 -0.034999996423721313 0.011313708499073982 -0.020686309784650803 -0.26499998569488525 0.00800000037997961 -0.018143577501177788 -0.03500000014901161 0.00800000037997961 -0.018143611028790474 -0.26499998569488525 0.004141104873269796 -0.016545170918107033 -0.03500000014901161 0.004141104873269796 -0.01654520444571972 -0.26499998569488525 0.0 -0.015999983996152878 -0.03500000014901161 0.0 -0.016000017523765564 -0.26499998569488525 -0.004141104873269796 -0.016545170918107033 -0.03500000014901161 -0.004141104873269796 -0.01654520444571972 -0.26499998569488525 -0.00800000037997961 -0.018143577501177788 -0.03500000014901161 -0.00800000037997961 -0.018143611028790474 -0.26499998569488525 -0.011313708499073982 -0.020686276257038116 -0.034999996423721313 -0.011313708499073982 -0.020686309784650803 -0.26499998569488525 -0.013856407254934311 -0.023999983444809914 -0.034999996423721313 -0.013856407254934311 -0.02400001883506775 -0.26499998569488525 -0.015454813838005066 -0.027858879417181015 -0.034999996423721313 -0.015454813838005066 -0.02785891480743885 -0.26499998569488525 -0.01600000075995922 -0.03199998289346695 -0.034999996423721313 -0.01600000075995922 -0.032000020146369934 -0.26499998569488525 -0.015454813838005066 -0.03614109009504318 -0.034999996423721313 -0.015454813838005066 -0.03614112362265587 -0.26499998569488525 -0.013856407254934311 -0.039999984204769135 -0.034999996423721313 -0.013856407254934311 -0.04000001773238182 -0.26499998569488525 -0.011313708499073982 -0.04331369325518608 -0.034999996423721313 -0.011313708499073982 -0.04331372678279877 -0.26499998569488525 -0.00800000037997961 -0.04585639014840126 -0.034999992698431015 -0.00800000037997961 -0.045856427401304245 -0.26499998569488525 -0.004141104873269796 -0.047454796731472015 -0.034999992698431015 -0.004141104873269796 -0.047454833984375 -0.26499998569488525</float_array><technique_common><accessor source="#mesh17-array" count="48" stride="3"><param name="X" type="float" /><param name="Y" type="float" /><param name="Z" type="float" /></accessor></technique_common></source><source id="mesh17-normals"><float_array id="mesh17-normals-array" count="276">0.13052622973918915 -0.9914448857307434 1.4970402162362006e-07 0.13052622973918915 -0.9914448857307434 1.4970402162362006e-07 0.3826834261417389 -0.9238796234130859 1.3950193533673882e-07 0.3826834261417389 -0.9238796234130859 1.3950193533673882e-07 0.6087616086006165 -0.7933533191680908 1.197930146190629e-07 0.6087616086006165 -0.7933533191680908 1.197930146190629e-07 0.7933533191680908 -0.6087616086006165 9.192045524741843e-08 0.7933533191680908 -0.6087616086006165 9.192045524741843e-08 0.9238796234130859 -0.3826834261417389 5.7783587692483707e-08 0.9238796234130859 -0.3826834261417389 5.7783587692483707e-08 0.9914448857307434 -0.13052622973918915 1.970891361224858e-08 0.9914448857307434 -0.13052622973918915 1.970891361224858e-08 0.9914448857307434 0.13052622973918915 -1.970891361224858e-08 0.9914448857307434 0.13052622973918915 -1.970891361224858e-08 0.9238796234130859 0.3826834261417389 -5.7783587692483707e-08 0.9238796234130859 0.3826834261417389 -5.7783587692483707e-08 0.7933533191680908 0.6087616086006165 -9.192045524741843e-08 0.7933533191680908 0.6087616086006165 -9.192045524741843e-08 0.6087616086006165 0.7933533191680908 -1.197930146190629e-07 0.6087616086006165 0.7933533191680908 -1.197930146190629e-07 0.3826834261417389 0.9238796234130859 -1.3950193533673882e-07 0.3826834261417389 0.9238796234130859 -1.3950193533673882e-07 0.13052622973918915 0.9914448857307434 -1.4970402162362006e-07 0.13052622973918915 0.9914448857307434 -1.4970402162362006e-07 -0.13052622973918915 0.9914448857307434 -1.4970402162362006e-07 -0.13052622973918915 0.9914448857307434 -1.4970402162362006e-07 -0.3826834261417389 0.9238796234130859 -1.3950193533673882e-07 -0.3826834261417389 0.9238796234130859 -1.3950193533673882e-07 -0.6087616086006165 0.7933533191680908 -1.197930146190629e-07 -0.6087616086006165 0.7933533191680908 -1.197930146190629e-07 -0.7933533191680908 0.6087616086006165 -9.192045524741843e-08 -0.7933533191680908 0.6087616086006165 -9.192045524741843e-08 -0.9238796234130859 0.3826834261417389 -5.7783587692483707e-08 -0.9238796234130859 0.3826834261417389 -5.7783587692483707e-08 -0.9914448857307434 0.13052622973918915 -1.970891361224858e-08 -0.9914448857307434 0.13052622973918915 -1.970891361224858e-08 -0.9914448857307434 -0.13052622973918915 1.970891361224858e-08 -0.9914448857307434 -0.13052622973918915 1.970891361224858e-08 -0.9238796234130859 -0.3826834261417389 5.7783587692483707e-08 -0.9238796234130859 -0.3826834261417389 5.7783587692483707e-08 -0.7933533191680908 -0.6087616086006165 9.192045524741843e-08 -0.7933533191680908 -0.6087616086006165 9.192045524741843e-08 -0.6087616086006165 -0.7933533191680908 1.197930146190629e-07 -0.6087616086006165 -0.7933533191680908 1.197930146190629e-07 0.0 -1.5099580252808664e-07 -1.0 0.0 -1.5099580252808664e-07 -1.0 0.0 -1.5099580252808664e-07 -1.0 0.0 -1.5099580252808664e-07 -1.0 0.0 -1.5099580252808664e-07 -1.0 0.0 -1.5099580252808664e-07 -1.0 0.0 -1.5099580252808664e-07 -1.0 0.0 -1.5099580252808664e-07 -1.0 0.0 -1.5099580252808664e-07 -1.0 0.0 -1.5099580252808664e-07 -1.0 0.0 -1.5099580252808664e-07 -1.0 0.0 -1.5099580252808664e-07 -1.0 0.0 -1.5099580252808664e-07 -1.0 0.0 -1.5099580252808664e-07 -1.0 0.0 -1.5099580252808664e-07 -1.0 0.0 -1.5099580252808664e-07 -1.0 0.0 -1.5099580252808664e-07 -1.0 0.0 -1.5099580252808664e-07 -1.0 0.0 -1.5099580252808664e-07 -1.0 0.0 -1.5099580252808664e-07 -1.0 0.0 -1.5099580252808664e-07 -1.0 0.0 -1.5099580252808664e-07 -1.0 -0.3826834261417389 -0.9238796234130859 1.3950193533673882e-07 -0.3826834261417389 -0.9238796234130859 1.3950193533673882e-07 -0.13052622973918915 -0.9914448857307434 1.4970402162362006e-07 -0.13052622973918915 -0.9914448857307434 1.4970402162362006e-07 0.0 1.5099580252808664e-07 1.0 0.0 1.5099580252808664e-07 1.0 0.0 1.5099580252808664e-07 1.0 0.0 1.5099580252808664e-07 1.0 0.0 1.5099580252808664e-07 1.0 0.0 1.5099580252808664e-07 1.0 0.0 1.5099580252808664e-07 1.0 0.0 1.5099580252808664e-07 1.0 0.0 1.5099580252808664e-07 1.0 0.0 1.5099580252808664e-07 1.0 0.0 1.5099580252808664e-07 1.0 0.0 1.5099580252808664e-07 1.0 0.0 1.5099580252808664e-07 1.0 0.0 1.5099580252808664e-07 1.0 0.0 1.5099580252808664e-07 1.0 0.0 1.5099580252808664e-07 1.0 0.0 1.5099580252808664e-07 1.0 0.0 1.5099580252808664e-07 1.0 0.0 1.5099580252808664e-07 1.0 0.0 1.5099580252808664e-07 1.0 0.0 1.5099580252808664e-07 1.0 0.0 1.5099580252808664e-07 1.0</float_array><technique_common><accessor source="#mesh17-normals-array" count="92" stride="3"><param name="X" type="float" /><param name="Y" type="float" /><param name="Z" type="float" /></accessor></technique_common></source><vertices id="mesh17-vertices"><input semantic="POSITION" source="#mesh17-positions" /></vertices><triangles count="92" material="titanium"><input semantic="VERTEX" source="#mesh17-vertices" offset="0" /><input semantic="NORMAL" source="#mesh17-normals" offset="1" /><p>0 0 1 0 3 0 0 1 3 1 2 1 2 2 3 2 5 2 2 3 5 3 4 3 4 4 5 4 7 4 4 5 7 5 6 5 6 6 7 6 9 6 6 7 9 7 8 7 8 8 9 8 11 8 8 9 11 9 10 9 10 10 11 10 13 10 10 11 13 11 12 11 12 12 13 12 15 12 12 13 15 13 14 13 14 14 15 14 17 14 14 15 17 15 16 15 16 16 17 16 19 16 16 17 19 17 18 17 18 18 19 18 21 18 18 19 21 19 20 19 20 20 21 20 23 20 20 21 23 21 22 21 22 22 23 22 25 22 22 23 25 23 24 23 24 24 25 24 27 24 24 25 27 25 26 25 26 26 27 26 29 26 26 27 29 27 28 27 28 28 29 28 31 28 28 29 31 29 30 29 30 30 31 30 33 30 30 31 33 31 32 31 32 32 33 32 35 32 32 33 35 33 34 33 34 34 35 34 37 34 34 35 37 35 36 35 36 36 37 36 39 36 36 37 39 37 38 37 38 38 39 38 41 38 38 39 41 39 40 39 40 40 41 40 43 40 40 41 43 41 42 41 42 42 43 42 45 42 42 43 45 43 44 43 5 44 3 44 1 44 1 45 47 45 45 45 45 46 43 46 41 46 41 47 39 47 37 47 37 48 35 48 33 48 33 49 31 49 29 49 29 50 27 50 25 50 25 51 23 51 21 51 21 52 19 52 17 52 17 53 15 53 13 53 13 54 11 54 9 54 9 55 7 55 5 55 5 56 1 56 45 56 45 57 41 57 37 57 37 58 33 58 29 58 29 59 25 59 21 59 21 60 17 60 13 60 13 61 9 61 5 61 5 62 45 62 37 62 37 63 29 63 21 63 21 64 13 64 5 64 37 65 21 65 5 65 44 66 45 66 47 66 44 67 47 67 46 67 46 68 47 68 1 68 46 69 1 69 0 69 46 70 0 70 2 70 2 71 4 71 6 71 6 72 8 72 10 72 10 73 12 73 14 73 14 74 16 74 18 74 18 75 20 75 22 75 22 76 24 76 26 76 26 77 28 77 30 77 30 78 32 78 34 78 34 79 36 79 38 79 38 80 40 80 42 80 42 81 44 81 46 81 46 82 2 82 6 82 6 83 10 83 14 83 14 84 18 84 22 84 22 85 26 85 30 85 30 86 34 86 38 86 38 87 42 87 46 87 46 88 6 88 14 88 14 89 22 89 30 89 30 90 38 90 46 90 14 91 30 91 46 91</p></triangles></mesh></geometry><geometry id="mesh18"><mesh><source id="mesh18-positions"><float_array id="mesh18-array" count="144">0.0 0.016000017523765564 -0.034999992698431015 0.0 0.015999983996152878 -0.26499998569488525 0.004141104873269796 0.01654520444571972 -0.034999992698431015 0.004141104873269796 0.016545170918107033 -0.26499998569488525 0.00800000037997961 0.018143611028790474 -0.034999992698431015 0.00800000037997961 0.018143577501177788 -0.26499998569488525 0.011313708499073982 0.020686309784650803 -0.034999996423721313 0.011313708499073982 0.020686276257038116 -0.26499998569488525 0.013856407254934311 0.02400001883506775 -0.034999996423721313 0.013856407254934311 0.023999983444809914 -0.26499998569488525 0.015454813838005066 0.02785891480743885 -0.034999996423721313 0.015454813838005066 0.027858879417181015 -0.26499998569488525 0.01600000075995922 0.032000020146369934 -0.034999996423721313 0.01600000075995922 0.03199998289346695 -0.26499998569488525 0.015454813838005066 0.03614112362265587 -0.034999996423721313 0.015454813838005066 0.03614109009504318 -0.26499998569488525 0.013856407254934311 0.04000001773238182 -0.034999996423721313 0.013856407254934311 0.039999984204769135 -0.26499998569488525 0.011313708499073982 0.04331372678279877 -0.034999996423721313 0.011313708499073982 0.04331369325518608 -0.26499998569488525 0.00800000037997961 0.045856427401304245 -0.03500000014901161 0.00800000037997961 0.04585639014840126 -0.26499998569488525 0.004141104873269796 0.047454833984375 -0.03500000014901161 0.004141104873269796 0.047454796731472015 -0.26499998569488525 0.0 0.048000019043684006 -0.03500000014901161 0.0 0.04799998551607132 -0.26499998569488525 -0.004141104873269796 0.047454833984375 -0.03500000014901161 -0.004141104873269796 0.047454796731472015 -0.26499998569488525 -0.00800000037997961 0.045856427401304245 -0.03500000014901161 -0.00800000037997961 0.04585639014840126 -0.26499998569488525 -0.011313708499073982 0.04331372678279877 -0.034999996423721313 -0.011313708499073982 0.04331369325518608 -0.26499998569488525 -0.013856407254934311 0.04000001773238182 -0.034999996423721313 -0.013856407254934311 0.039999984204769135 -0.26499998569488525 -0.015454813838005066 0.03614112362265587 -0.034999996423721313 -0.015454813838005066 0.03614109009504318 -0.26499998569488525 -0.01600000075995922 0.032000020146369934 -0.034999996423721313 -0.01600000075995922 0.03199998289346695 -0.26499998569488525 -0.015454813838005066 0.02785891480743885 -0.034999996423721313 -0.015454813838005066 0.027858879417181015 -0.26499998569488525 -0.013856407254934311 0.02400001883506775 -0.034999996423721313 -0.013856407254934311 0.023999983444809914 -0.26499998569488525 -0.011313708499073982 0.020686309784650803 -0.034999996423721313 -0.011313708499073982 0.020686276257038116 -0.26499998569488525 -0.00800000037997961 0.018143611028790474 -0.034999992698431015 -0.00800000037997961 0.018143577501177788 -0.26499998569488525 -0.004141104873269796 0.01654520444571972 -0.034999992698431015 -0.004141104873269796 0.016545170918107033 -0.26499998569488525</float_array><technique_common><accessor source="#mesh18-array" count="48" stride="3"><param name="X" type="float" /><param name="Y" type="float" /><param name="Z" type="float" /></accessor></technique_common></source><source id="mesh18-normals"><float_array id="mesh18-normals-array" count="276">0.13052622973918915 -0.9914448857307434 1.4970402162362006e-07 0.13052622973918915 -0.9914448857307434 1.4970402162362006e-07 0.3826834261417389 -0.9238796234130859 1.3950193533673882e-07 0.3826834261417389 -0.9238796234130859 1.3950193533673882e-07 0.6087616086006165 -0.7933533191680908 1.197930146190629e-07 0.6087616086006165 -0.7933533191680908 1.197930146190629e-07 0.7933533191680908 -0.6087616086006165 9.192045524741843e-08 0.7933533191680908 -0.6087616086006165 9.192045524741843e-08 0.9238796234130859 -0.3826834261417389 5.7783587692483707e-08 0.9238796234130859 -0.3826834261417389 5.7783587692483707e-08 0.9914448857307434 -0.13052622973918915 1.970891361224858e-08 0.9914448857307434 -0.13052622973918915 1.970891361224858e-08 0.9914448857307434 0.13052622973918915 -1.970891361224858e-08 0.9914448857307434 0.13052622973918915 -1.970891361224858e-08 0.9238796234130859 0.3826834261417389 -5.7783587692483707e-08 0.9238796234130859 0.3826834261417389 -5.7783587692483707e-08 0.7933533191680908 0.6087616086006165 -9.192045524741843e-08 0.7933533191680908 0.6087616086006165 -9.192045524741843e-08 0.6087616086006165 0.7933533191680908 -1.197930146190629e-07 0.6087616086006165 0.7933533191680908 -1.197930146190629e-07 0.3826834261417389 0.9238796234130859 -1.3950193533673882e-07 0.3826834261417389 0.9238796234130859 -1.3950193533673882e-07 0.13052622973918915 0.9914448857307434 -1.4970402162362006e-07 0.13052622973918915 0.9914448857307434 -1.4970402162362006e-07 -0.13052622973918915 0.9914448857307434 -1.4970402162362006e-07 -0.13052622973918915 0.9914448857307434 -1.4970402162362006e-07 -0.3826834261417389 0.9238796234130859 -1.3950193533673882e-07 -0.3826834261417389 0.9238796234130859 -1.3950193533673882e-07 -0.6087616086006165 0.7933533191680908 -1.197930146190629e-07 -0.6087616086006165 0.7933533191680908 -1.197930146190629e-07 -0.7933533191680908 0.6087616086006165 -9.192045524741843e-08 -0.7933533191680908 0.6087616086006165 -9.192045524741843e-08 -0.9238796234130859 0.3826834261417389 -5.7783587692483707e-08 -0.9238796234130859 0.3826834261417389 -5.7783587692483707e-08 -0.9914448857307434 0.13052622973918915 -1.970891361224858e-08 -0.9914448857307434 0.13052622973918915 -1.970891361224858e-08 -0.9914448857307434 -0.13052622973918915 1.970891361224858e-08 -0.9914448857307434 -0.13052622973918915 1.970891361224858e-08 -0.9238796234130859 -0.3826834261417389 5.7783587692483707e-08 -0.9238796234130859 -0.3826834261417389 5.7783587692483707e-08 -0.7933533191680908 -0.6087616086006165 9.192045524741843e-08 -0.7933533191680908 -0.6087616086006165 9.192045524741843e-08 -0.6087616086006165 -0.7933533191680908 1.197930146190629e-07 -0.6087616086006165 -0.7933533191680908 1.197930146190629e-07 0.0 -1.5099580252808664e-07 -1.0 0.0 -1.5099580252808664e-07 -1.0 0.0 -1.5099580252808664e-07 -1.0 0.0 -1.5099580252808664e-07 -1.0 0.0 -1.5099580252808664e-07 -1.0 0.0 -1.5099580252808664e-07 -1.0 0.0 -1.5099580252808664e-07 -1.0 0.0 -1.5099580252808664e-07 -1.0 0.0 -1.5099580252808664e-07 -1.0 0.0 -1.5099580252808664e-07 -1.0 0.0 -1.5099580252808664e-07 -1.0 0.0 -1.5099580252808664e-07 -1.0 0.0 -1.5099580252808664e-07 -1.0 0.0 -1.5099580252808664e-07 -1.0 0.0 -1.5099580252808664e-07 -1.0 0.0 -1.5099580252808664e-07 -1.0 0.0 -1.5099580252808664e-07 -1.0 0.0 -1.5099580252808664e-07 -1.0 0.0 -1.5099580252808664e-07 -1.0 0.0 -1.5099580252808664e-07 -1.0 0.0 -1.5099580252808664e-07 -1.0 0.0 -1.5099580252808664e-07 -1.0 -0.3826834261417389 -0.9238796234130859 1.3950193533673882e-07 -0.3826834261417389 -0.9238796234130859 1.3950193533673882e-07 -0.13052622973918915 -0.9914448857307434 1.4970402162362006e-07 -0.13052622973918915 -0.9914448857307434 1.4970402162362006e-07 0.0 1.5099580252808664e-07 1.0 0.0 1.5099580252808664e-07 1.0 0.0 1.5099580252808664e-07 1.0 0.0 1.5099580252808664e-07 1.0 0.0 1.5099580252808664e-07 1.0 0.0 1.5099580252808664e-07 1.0 0.0 1.5099580252808664e-07 1.0 0.0 1.5099580252808664e-07 1.0 0.0 1.5099580252808664e-07 1.0 0.0 1.5099580252808664e-07 1.0 0.0 1.5099580252808664e-07 1.0 0.0 1.5099580252808664e-07 1.0 0.0 1.5099580252808664e-07 1.0 0.0 1.5099580252808664e-07 1.0 0.0 1.5099580252808664e-07 1.0 0.0 1.5099580252808664e-07 1.0 0.0 1.5099580252808664e-07 1.0 0.0 1.5099580252808664e-07 1.0 0.0 1.5099580252808664e-07 1.0 0.0 1.5099580252808664e-07 1.0 0.0 1.5099580252808664e-07 1.0 0.0 1.5099580252808664e-07 1.0</float_array><technique_common><accessor source="#mesh18-normals-array" count="92" stride="3"><param name="X" type="float" /><param name="Y" type="float" /><param name="Z" type="float" /></accessor></technique_common></source><vertices id="mesh18-vertices"><input semantic="POSITION" source="#mesh18-positions" /></vertices><triangles count="92" material="titanium"><input semantic="VERTEX" source="#mesh18-vertices" offset="0" /><input semantic="NORMAL" source="#mesh18-normals" offset="1" /><p>0 0 1 0 3 0 0 1 3 1 2 1 2 2 3 2 5 2 2 3 5 3 4 3 4 4 5 4 7 4 4 5 7 5 6 5 6 6 7 6 9 6 6 7 9 7 8 7 8 8 9 8 11 8 8 9 11 9 10 9 10 10 11 10 13 10 10 11 13 11 12 11 12 12 13 12 15 12 12 13 15 13 14 13 14 14 15 14 17 14 14 15 17 15 16 15 16 16 17 16 19 16 16 17 19 17 18 17 18 18 19 18 21 18 18 19 21 19 20 19 20 20 21 20 23 20 20 21 23 21 22 21 22 22 23 22 25 22 22 23 25 23 24 23 24 24 25 24 27 24 24 25 27 25 26 25 26 26 27 26 29 26 26 27 29 27 28 27 28 28 29 28 31 28 28 29 31 29 30 29 30 30 31 30 33 30 30 31 33 31 32 31 32 32 33 32 35 32 32 33 35 33 34 33 34 34 35 34 37 34 34 35 37 35 36 35 36 36 37 36 39 36 36 37 39 37 38 37 38 38 39 38 41 38 38 39 41 39 40 39 40 40 41 40 43 40 40 41 43 41 42 41 42 42 43 42 45 42 42 43 45 43 44 43 5 44 3 44 1 44 1 45 47 45 45 45 45 46 43 46 41 46 41 47 39 47 37 47 37 48 35 48 33 48 33 49 31 49 29 49 29 50 27 50 25 50 25 51 23 51 21 51 21 52 19 52 17 52 17 53 15 53 13 53 13 54 11 54 9 54 9 55 7 55 5 55 5 56 1 56 45 56 45 57 41 57 37 57 37 58 33 58 29 58 29 59 25 59 21 59 21 60 17 60 13 60 13 61 9 61 5 61 5 62 45 62 37 62 37 63 29 63 21 63 21 64 13 64 5 64 37 65 21 65 5 65 44 66 45 66 47 66 44 67 47 67 46 67 46 68 47 68 1 68 46 69 1 69 0 69 46 70 0 70 2 70 2 71 4 71 6 71 6 72 8 72 10 72 10 73 12 73 14 73 14 74 16 74 18 74 18 75 20 75 22 75 22 76 24 76 26 76 26 77 28 77 30 77 30 78 32 78 34 78 34 79 36 79 38 79 38 80 40 80 42 80 42 81 44 81 46 81 46 82 2 82 6 82 6 83 10 83 14 83 14 84 18 84 22 84 22 85 26 85 30 85 30 86 34 86 38 86 38 87 42 87 46 87 46 88 6 88 14 88 14 89 22 89 30 89 30 90 38 90 46 90 14 91 30 91 46 91</p></triangles></mesh></geometry><geometry id="mesh19"><mesh><source id="mesh19-positions"><float_array id="mesh19-array" count="168">-0.012999999336898327 -0.02449999749660492 -0.20999999344348907 -0.012999999336898327 -0.032499998807907104 -0.2019999921321869 -0.020999999716877937 -0.02449999749660492 -0.2019999921321869 -0.012999999336898327 -0.030156852677464485 -0.2076568603515625 -0.017618801444768906 -0.029118800535798073 -0.2066188007593155 -0.018656853586435318 -0.030156852677464485 -0.2019999921321869 -0.018656853586435318 -0.02449999749660492 -0.2076568603515625 -0.012999999336898327 -0.032499998807907104 -0.11800000071525574 -0.012999999336898327 -0.02449999749660492 -0.10999999940395355 -0.020999999716877937 -0.02449999749660492 -0.11800000071525574 -0.012999999336898327 -0.030156852677464485 -0.11234313249588013 -0.017618801444768906 -0.029118800535798073 -0.11338119208812714 -0.018656853586435318 -0.02449999749660492 -0.11234313249588013 -0.018656853586435318 -0.030156852677464485 -0.11799999326467514 -0.012999999336898327 0.02449999749660492 -0.20999999344348907 -0.020999999716877937 0.02449999749660492 -0.2019999921321869 -0.012999999336898327 0.032499998807907104 -0.2019999921321869 -0.018656853586435318 0.02449999749660492 -0.2076568603515625 -0.017618801444768906 0.029118800535798073 -0.2066188007593155 -0.018656853586435318 0.030156852677464485 -0.2019999921321869 -0.012999999336898327 0.030156852677464485 -0.2076568603515625 -0.012999999336898327 0.02449999749660492 -0.10999999940395355 -0.012999999336898327 0.032499998807907104 -0.11800000071525574 -0.020999999716877937 0.02449999749660492 -0.11800000071525574 -0.012999999336898327 0.030156852677464485 -0.11234313249588013 -0.017618801444768906 0.029118800535798073 -0.11338119208812714 -0.018656853586435318 0.030156852677464485 -0.11799999326467514 -0.018656853586435318 0.02449999749660492 -0.11234313249588013 0.012999999336898327 -0.02449999749660492 -0.20999999344348907 0.020999999716877937 -0.02449999749660492 -0.2019999921321869 0.012999999336898327 -0.032499998807907104 -0.2019999921321869 0.018656853586435318 -0.02449999749660492 -0.2076568603515625 0.017618801444768906 -0.029118800535798073 -0.2066188007593155 0.018656853586435318 -0.030156852677464485 -0.2019999921321869 0.012999999336898327 -0.030156852677464485 -0.2076568603515625 0.012999999336898327 -0.02449999749660492 -0.10999999940395355 0.012999999336898327 -0.032499998807907104 -0.11800000071525574 0.020999999716877937 -0.02449999749660492 -0.11800000071525574 0.012999999336898327 -0.030156852677464485 -0.11234313249588013 0.017618801444768906 -0.029118800535798073 -0.11338119208812714 0.018656853586435318 -0.030156852677464485 -0.11799999326467514 0.018656853586435318 -0.02449999749660492 -0.11234313249588013 0.012999999336898327 0.02449999749660492 -0.20999999344348907 0.012999999336898327 0.032499998807907104 -0.2019999921321869 0.020999999716877937 0.02449999749660492 -0.2019999921321869 0.012999999336898327 0.030156852677464485 -0.2076568603515625 0.017618801444768906 0.029118800535798073 -0.2066188007593155 0.018656853586435318 0.030156852677464485 -0.2019999921321869 0.018656853586435318 0.02449999749660492 -0.2076568603515625 0.012999999336898327 0.02449999749660492 -0.10999999940395355 0.020999999716877937 0.02449999749660492 -0.11800000071525574 0.012999999336898327 0.032499998807907104 -0.11800000071525574 0.018656853586435318 0.02449999749660492 -0.11234313249588013 0.017618801444768906 0.029118800535798073 -0.11338119208812714 0.018656853586435318 0.030156852677464485 -0.11799999326467514 0.012999999336898327 0.030156852677464485 -0.11234313249588013</float_array><technique_common><accessor source="#mesh19-array" count="56" stride="3"><param name="X" type="float" /><param name="Y" type="float" /><param name="Z" type="float" /></accessor></technique_common></source><source id="mesh19-normals"><float_array id="mesh19-normals-array" count="324">-0.28174734115600586 -0.36717963218688965 -0.8864521980285645 -0.3671797215938568 -0.28174731135368347 -0.8864521980285645 -0.36718031764030457 -0.8864519596099854 -0.2817472815513611 -0.28174740076065063 -0.8864520788192749 -0.36718010902404785 -0.8864520192146301 -0.28174734115600586 -0.36718007922172546 -0.8864520192146301 -0.3671802878379822 -0.2817472517490387 -0.28174740076065063 -0.8864520788192749 0.36718010902404785 -0.36718031764030457 -0.8864519596099854 0.2817472815513611 -0.3671797215938568 -0.28174734115600586 0.8864522576332092 -0.28174737095832825 -0.36717963218688965 0.886452317237854 -0.8864520788192749 -0.3671802878379822 0.2817472815513611 -0.8864520192146301 -0.28174734115600586 0.36718007922172546 -0.3671797215938568 0.28174734115600586 -0.8864522576332092 -0.28174737095832825 0.36717963218688965 -0.886452317237854 -0.8864520788192749 0.3671802878379822 -0.2817472815513611 -0.8864520192146301 0.28174734115600586 -0.36718007922172546 -0.28174740076065063 0.8864520788192749 -0.36718010902404785 -0.36718031764030457 0.8864519596099854 -0.2817472815513611 -0.28174734115600586 0.36717963218688965 0.8864521980285645 -0.3671797215938568 0.28174731135368347 0.8864521980285645 -0.36718031764030457 0.8864519596099854 0.2817472815513611 -0.28174740076065063 0.8864520788192749 0.36718010902404785 -0.8864520192146301 0.28174734115600586 0.36718007922172546 -0.8864520192146301 0.3671802878379822 0.2817472517490387 0.3671797215938568 -0.28174734115600586 -0.8864522576332092 0.28174737095832825 -0.36717963218688965 -0.886452317237854 0.8864520788192749 -0.3671802878379822 -0.2817472815513611 0.8864520192146301 -0.28174734115600586 -0.36718007922172546 0.28174740076065063 -0.8864520788192749 -0.36718010902404785 0.36718031764030457 -0.8864519596099854 -0.2817472815513611 0.28174734115600586 -0.36717963218688965 0.8864521980285645 0.3671797215938568 -0.28174731135368347 0.8864521980285645 0.36718031764030457 -0.8864519596099854 0.2817472815513611 0.28174740076065063 -0.8864520788192749 0.36718010902404785 0.8864520192146301 -0.28174734115600586 0.36718007922172546 0.8864520192146301 -0.3671802878379822 0.2817472517490387 0.28174734115600586 0.36717963218688965 -0.8864521980285645 0.3671797215938568 0.28174731135368347 -0.8864521980285645 0.36718031764030457 0.8864519596099854 -0.2817472815513611 0.28174740076065063 0.8864520788192749 -0.36718010902404785 0.8864520192146301 0.28174734115600586 -0.36718007922172546 0.8864520192146301 0.3671802878379822 -0.2817472517490387 0.3671797215938568 0.28174734115600586 0.8864522576332092 0.28174737095832825 0.36717963218688965 0.886452317237854 0.8864520788192749 0.3671802878379822 0.2817472815513611 0.8864520192146301 0.28174734115600586 0.36718007922172546 0.28174740076065063 0.8864520788192749 0.36718010902404785 0.36718031764030457 0.8864519596099854 0.2817472815513611 -0.3826826512813568 0.0 -0.9238798022270203 -0.3826826512813568 0.0 -0.9238798022270203 -0.9238796830177307 0.0 -0.3826830983161926 -0.9238796830177307 0.0 -0.3826830983161926 -0.3826834559440613 -0.9238794445991516 0.0 -0.38268348574638367 -0.9238795638084412 0.0 -0.9238796234130859 -0.3826834559440613 0.0 -0.9238795042037964 -0.3826834261417389 0.0 -0.3826826512813568 0.0 0.9238798022270203 -0.3826826512813568 0.0 0.9238798022270203 -0.9238796830177307 0.0 0.3826830983161926 -0.9238796830177307 0.0 0.3826830983161926 -0.3826834559440613 0.9238794445991516 0.0 -0.38268348574638367 0.9238795638084412 0.0 -0.9238796234130859 0.3826834559440613 0.0 -0.9238795042037964 0.3826834261417389 0.0 0.0 0.3826826810836792 -0.9238799214363098 0.0 0.3826826810836792 -0.9238799214363098 0.0 0.9238797426223755 -0.3826831579208374 0.0 0.9238797426223755 -0.3826831579208374 0.0 0.3826826810836792 0.9238799214363098 0.0 0.3826826810836792 0.9238799214363098 0.0 0.9238797426223755 0.3826831579208374 0.0 0.9238797426223755 0.3826831579208374 0.9238795042037964 0.3826834261417389 0.0 0.9238796234130859 0.3826834559440613 0.0 0.38268348574638367 0.9238795638084412 0.0 0.3826834559440613 0.9238794445991516 0.0 0.3826826512813568 0.0 -0.9238798022270203 0.3826826512813568 0.0 -0.9238798022270203 0.9238796830177307 0.0 -0.3826830983161926 0.9238796830177307 0.0 -0.3826830983161926 0.3826826512813568 0.0 0.9238798022270203 0.3826826512813568 0.0 0.9238798022270203 0.9238796830177307 0.0 0.3826830983161926 0.9238796830177307 0.0 0.3826830983161926 0.3826834559440613 -0.9238794445991516 0.0 0.38268348574638367 -0.9238795638084412 0.0 0.9238796234130859 -0.3826834559440613 0.0 0.9238795042037964 -0.3826834261417389 0.0 0.0 -0.3826826810836792 -0.9238799214363098 0.0 -0.3826826810836792 -0.9238799214363098 0.0 -0.9238797426223755 -0.3826831579208374 0.0 -0.9238797426223755 -0.3826831579208374 0.0 -0.3826826810836792 0.9238799214363098 0.0 -0.3826826810836792 0.9238799214363098 0.0 -0.9238797426223755 0.3826831579208374 0.0 -0.9238797426223755 0.3826831579208374 0.0 0.0 -1.0 0.0 0.0 -1.0 -1.0 0.0 0.0 -1.0 0.0 0.0 0.0 -1.0 0.0 0.0 -1.0 0.0 0.0 0.0 1.0 0.0 0.0 1.0 0.0 1.0 0.0 0.0 1.0 0.0 1.0 0.0 0.0 1.0 0.0 0.0</float_array><technique_common><accessor source="#mesh19-normals-array" count="108" stride="3"><param name="X" type="float" /><param name="Y" type="float" /><param name="Z" type="float" /></accessor></technique_common></source><vertices id="mesh19-vertices"><input semantic="POSITION" source="#mesh19-positions" /></vertices><triangles count="108" material="graphite"><input semantic="VERTEX" source="#mesh19-vertices" offset="0" /><input semantic="NORMAL" source="#mesh19-normals" offset="1" /><p>0 0 3 0 4 0 0 1 4 1 6 1 1 2 5 2 4 2 1 3 4 3 3 3 2 4 6 4 4 4 2 5 4 5 5 5 7 6 10 6 11 6 7 7 11 7 13 7 8 8 12 8 11 8 8 9 11 9 10 9 9 10 13 10 11 10 9 11 11 11 12 11 14 12 17 12 18 12 14 13 18 13 20 13 15 14 19 14 18 14 15 15 18 15 17 15 16 16 20 16 18 16 16 17 18 17 19 17 21 18 24 18 25 18 21 19 25 19 27 19 22 20 26 20 25 20 22 21 25 21 24 21 23 22 27 22 25 22 23 23 25 23 26 23 28 24 31 24 32 24 28 25 32 25 34 25 29 26 33 26 32 26 29 27 32 27 31 27 30 28 34 28 32 28 30 29 32 29 33 29 35 30 38 30 39 30 35 31 39 31 41 31 36 32 40 32 39 32 36 33 39 33 38 33 37 34 41 34 39 34 37 35 39 35 40 35 42 36 45 36 46 36 42 37 46 37 48 37 43 38 47 38 46 38 43 39 46 39 45 39 44 40 48 40 46 40 44 41 46 41 47 41 49 42 52 42 53 42 49 43 53 43 55 43 50 44 54 44 53 44 50 45 53 45 52 45 51 46 55 46 53 46 51 47 53 47 54 47 14 48 0 48 6 48 14 49 6 49 17 49 17 50 6 50 2 50 17 51 2 51 15 51 1 52 7 52 13 52 1 53 13 53 5 53 5 54 13 54 9 54 5 55 9 55 2 55 8 56 21 56 27 56 8 57 27 57 12 57 12 58 27 58 23 58 12 59 23 59 9 59 22 60 16 60 19 60 22 61 19 61 26 61 26 62 19 62 15 62 26 63 15 63 23 63 42 64 14 64 20 64 42 65 20 65 45 65 45 66 20 66 16 66 45 67 16 67 43 67 21 68 49 68 55 68 21 69 55 69 24 69 24 70 55 70 51 70 24 71 51 71 22 71 50 72 44 72 47 72 50 73 47 73 54 73 54 74 47 74 43 74 54 75 43 75 51 75 28 76 42 76 48 76 28 77 48 77 31 77 31 78 48 78 44 78 31 79 44 79 29 79 49 80 35 80 41 80 49 81 41 81 52 81 52 82 41 82 37 82 52 83 37 83 50 83 36 84 30 84 33 84 36 85 33 85 40 85 40 86 33 86 29 86 40 87 29 87 37 87 0 88 28 88 34 88 0 89 34 89 3 89 3 90 34 90 30 90 3 91 30 91 1 91 35 92 8 92 10 92 35 93 10 93 38 93 38 94 10 94 7 94 38 95 7 95 36 95 14 96 42 96 28 96 14 97 28 97 0 97 2 98 9 98 23 98 2 99 23 99 15 99 30 100 36 100 7 100 30 101 7 101 1 101 49 102 21 102 8 102 49 103 8 103 35 103 16 104 22 104 51 104 16 105 51 105 43 105 44 106 50 106 37 106 44 107 37 107 29 107</p></triangles></mesh></geometry><geometry id="mesh20"><mesh><source id="mesh20-positions"><float_array id="mesh20-array" count="240">0.012968421913683414 -0.026999998837709427 -0.05099991708993912 0.018931478261947632 -0.032999999821186066 -0.05803507938981056 0.0175444595515728 -0.026999998837709427 -0.04891764000058174 0.014024486765265465 -0.02999606356024742 -0.05250990018248558 0.013331887312233448 -0.026999998837709427 -0.0479571633040905 0.01436719112098217 -0.02986926957964897 -0.04957299306988716 0.01849830336868763 -0.03219842165708542 -0.054052453488111496 0.01621328666806221 -0.03219842165708542 -0.0550922267138958 0.015908170491456985 -0.031419795006513596 -0.05139102786779404 0.015011567622423172 -0.026999998837709427 -0.04719284176826477 0.017989184707403183 -0.02999606356024742 -0.05070580914616585 0.01554973516613245 -0.02986926957964897 -0.04903488978743553 0.04153982177376747 -0.026999998837709427 -0.07598232477903366 0.037455540150403976 -0.026999998837709427 -0.06608236581087112 0.035785041749477386 -0.032999999821186066 -0.0725640133023262 0.04138382151722908 -0.026999998837709427 -0.07238039374351501 0.040549665689468384 -0.02999606356024742 -0.07561696320772171 0.040403641760349274 -0.02986926957964897 -0.07215548306703568 0.037011031061410904 -0.02999606356024742 -0.0670396015048027 0.039884645491838455 -0.026999998837709427 -0.06874651461839676 0.03934817761182785 -0.02986926957964897 -0.06959712505340576 0.03843731805682182 -0.03219842165708542 -0.07436224073171616 0.03639785572886467 -0.03219842165708542 -0.0694187581539154 0.03891648352146149 -0.031419795006513596 -0.0712721198797226 0.03200000151991844 -0.026999998837709427 -0.20000000298023224 0.02612115442752838 -0.032999999821186066 -0.19819459319114685 0.03121238946914673 -0.029999999329447746 -0.1997581273317337 0.02906057983636856 -0.032196152955293655 -0.19909730553627014 0.012031578458845615 -0.026999998837709427 -0.22900007665157318 0.014976833947002888 -0.026999998837709427 -0.22979053854942322 0.01812010444700718 -0.032999999821186066 -0.2121964395046234 0.012532209977507591 -0.026999998837709427 -0.2312677800655365 0.012939696200191975 -0.029929576441645622 -0.22366011142730713 0.013308627530932426 -0.029818547889590263 -0.22815805673599243 0.016864478588104248 -0.029929576441645622 -0.22471347451210022 0.01340802013874054 -0.026999998837709427 -0.23150286078453064 0.01429298147559166 -0.029818546026945114 -0.22842225432395935 0.015162435360252857 -0.0321199968457222 -0.21752561628818512 0.018011994659900665 -0.0321199968457222 -0.21829038858413696 0.014998236671090126 -0.03145477920770645 -0.22382855415344238 0.012968421913683414 0.026999998837709427 -0.05099991708993912 0.0175444595515728 0.026999998837709427 -0.04891764000058174 0.018931478261947632 0.032999999821186066 -0.05803507938981056 0.013331887312233448 0.026999998837709427 -0.0479571633040905 0.014024486765265465 0.02999606356024742 -0.05250990018248558 0.01436719112098217 0.02986926957964897 -0.04957299306988716 0.017989184707403183 0.02999606356024742 -0.05070580914616585 0.015011567622423172 0.026999998837709427 -0.04719284176826477 0.01554973516613245 0.02986926957964897 -0.04903488978743553 0.01621328666806221 0.03219842165708542 -0.0550922267138958 0.01849830336868763 0.03219842165708542 -0.054052453488111496 0.015908170491456985 0.031419795006513596 -0.05139102786779404 0.037455540150403976 0.026999998837709427 -0.06608236581087112 0.04153982177376747 0.026999998837709427 -0.07598232477903366 0.035785041749477386 0.032999999821186066 -0.0725640133023262 0.039884645491838455 0.026999998837709427 -0.06874651461839676 0.037011031061410904 0.02999606356024742 -0.0670396015048027 0.03934817761182785 0.02986926957964897 -0.06959712505340576 0.040549665689468384 0.02999606356024742 -0.07561696320772171 0.04138382151722908 0.026999998837709427 -0.07238039374351501 0.040403641760349274 0.02986926957964897 -0.07215548306703568 0.03639785572886467 0.03219842165708542 -0.0694187581539154 0.03843731805682182 0.03219842165708542 -0.07436224073171616 0.03891648352146149 0.031419795006513596 -0.0712721198797226 0.03200000151991844 0.026999998837709427 -0.20000000298023224 0.02612115442752838 0.032999999821186066 -0.19819459319114685 0.03121238946914673 0.029999999329447746 -0.1997581273317337 0.02906058356165886 0.032196152955293655 -0.19909730553627014 0.012031578458845615 0.026999998837709427 -0.22900007665157318 0.01812010258436203 0.032999999821186066 -0.2121964395046234 0.014976835809648037 0.026999998837709427 -0.22979053854942322 0.012939694337546825 0.02992957830429077 -0.22366012632846832 0.012532209977507591 0.026999998837709427 -0.2312677800655365 0.013308627530932426 0.02981855347752571 -0.22815808653831482 0.018011992797255516 0.0321199968457222 -0.21829038858413696 0.015162434428930283 0.0321199968457222 -0.21752560138702393 0.0149982376024127 0.03145477920770645 -0.2238285392522812 0.013408021070063114 0.026999998837709427 -0.23150286078453064 0.016864478588104248 0.029929576441645622 -0.22471347451210022 0.01429298147559166 0.029818546026945114 -0.22842225432395935</float_array><technique_common><accessor source="#mesh20-array" count="80" stride="3"><param name="X" type="float" /><param name="Y" type="float" /><param name="Z" type="float" /></accessor></technique_common></source><source id="mesh20-normals"><float_array id="mesh20-normals-array" count="468">-0.9147965312004089 -0.3846189081668854 0.1233515664935112 -0.9138103723526001 -0.3911972641944885 0.10915720462799072 -0.6393170356750488 -0.7613956928253174 0.1074724867939949 -0.6393170952796936 -0.7613956928253174 0.10747261345386505 -0.10320064425468445 -0.9772178530693054 0.185458704829216 -0.07203470170497894 -0.9772177934646606 0.1996403932571411 0.3389481008052826 -0.7613953351974487 0.5526221990585327 0.3389478623867035 -0.7613956332206726 0.5526221394538879 0.5179969668388367 -0.39119747281074524 0.7606862187385559 0.507942795753479 -0.38461923599243164 0.7707542777061462 -0.3453536629676819 -0.5520162582397461 0.7589524984359741 -0.34535282850265503 -0.55201655626297 0.7589526772499084 -0.23200193047523499 -0.8283883333206177 0.5098510384559631 0.9464898109436035 -0.32011985778808594 0.04099263623356819 0.9500876665115356 -0.30772802233695984 0.05135190486907959 0.8888090252876282 -0.27488577365875244 0.36668285727500916 0.8888090252876282 -0.27488577365875244 0.36668288707733154 0.7099224925041199 -0.3077268898487091 0.6334936618804932 0.700066089630127 -0.3201197385787964 0.6383030414581299 0.5614039301872253 -0.6743995547294617 0.47959446907043457 0.561404287815094 -0.6743992567062378 0.47959452867507935 0.3879132866859436 -0.9062201976776123 0.16819164156913757 0.3936639428138733 -0.9062201976776123 0.1542525291442871 0.7362586259841919 -0.6743987798690796 0.05576259270310402 0.7362582087516785 -0.6743992567062378 0.05576339736580849 0.7682063579559326 -0.556251585483551 0.31692758202552795 -0.8710023164749146 -0.45208463072776794 -0.1922875940799713 -0.8979136347770691 -0.43202120065689087 -0.08431297540664673 -0.17120584845542908 -0.7508988380432129 -0.6378397345542908 -0.17119425535202026 -0.7508969306945801 -0.6378450393676758 0.7350331544876099 -0.4320243000984192 -0.5225717425346375 0.6576783657073975 -0.45208632946014404 -0.6025588512420654 0.4828156530857086 -0.7988900542259216 -0.3586973249912262 0.4828231930732727 -0.798891544342041 -0.35868391394615173 -0.11136971414089203 -0.9885886907577515 -0.10143522173166275 0.045615267008543015 -0.9885887503623962 -0.14356742799282074 -0.5975615382194519 -0.7988716959953308 -0.06873288005590439 -0.5975019335746765 -0.7989146709442139 -0.06875254213809967 -0.08654660731554031 -0.942616879940033 -0.3224641680717468 -0.9138103723526001 0.39119723439216614 0.10915718972682953 -0.9147965312004089 0.38461893796920776 0.1233515739440918 -0.3453536033630371 0.5520164966583252 0.7589523196220398 -0.3453529179096222 0.5520161986351013 0.7589528560638428 0.5079428553581238 0.3846192955970764 0.770754337310791 0.5179969668388367 0.39119747281074524 0.7606862187385559 0.33894795179367065 0.7613954544067383 0.5526222586631775 0.3389480412006378 0.7613954544067383 0.5526220798492432 -0.07203471660614014 0.9772179126739502 0.1996404528617859 -0.10320060700178146 0.9772177934646606 0.18545866012573242 -0.6393169164657593 0.7613958716392517 0.10747262090444565 -0.6393172144889832 0.7613955736160278 0.10747244954109192 -0.23200193047523499 0.8283882141113281 0.5098509788513184 0.700066089630127 0.3201197385787964 0.6383030414581299 0.7099224925041199 0.3077268600463867 0.6334937214851379 0.8888090252876282 0.27488577365875244 0.36668285727500916 0.8888090252876282 0.27488580346107483 0.36668288707733154 0.9500876665115356 0.30772796273231506 0.051351893693208694 0.9464898109436035 0.32011982798576355 0.04099263250827789 0.7362588047981262 0.6743985414505005 0.05576317012310028 0.7362580299377441 0.6743994951248169 0.05576258525252342 0.3936639428138733 0.9062201976776123 0.15425251424312592 0.3879132866859436 0.9062201976776123 0.16819165647029877 0.5614041090011597 0.6743995547294617 0.4795943796634674 0.5614039897918701 0.6743994355201721 0.4795946776866913 0.7682063579559326 0.5562516450881958 0.31692758202552795 -0.897914469242096 0.43201974034309387 -0.08431273698806763 -0.8710034489631653 0.4520823061466217 -0.1922878473997116 -0.5975333452224731 0.7988914847373962 -0.06874945759773254 -0.597533106803894 0.7988932728767395 -0.06873045116662979 0.04561459645628929 0.988588809967041 -0.14356741309165955 -0.11137021332979202 0.9885886907577515 -0.10143522918224335 0.4828421473503113 0.7988743782043457 -0.3586965799331665 0.4827864468097687 0.798913300037384 -0.3586849570274353 0.6576780676841736 0.45208674669265747 -0.6025589108467102 0.7350330352783203 0.432024747133255 -0.5225716829299927 -0.17120732367038727 0.7508932948112488 -0.6378458738327026 -0.17117179930210114 0.750898540019989 -0.6378492712974548 -0.08653191477060318 0.942617654800415 -0.3224656283855438 -0.9577115774154663 -0.28768593072891235 0.005040590185672045 -0.9421827793121338 -0.33504849672317505 0.005841621197760105 -0.7077762484550476 -0.7064241170883179 0.004211627412587404 -0.7067955136299133 -0.7074053287506104 0.0042310189455747604 -0.28748956322669983 -0.9577828049659729 0.0013974643079563975 -0.28137585520744324 -0.959596574306488 0.001480922568589449 0.249781996011734 -0.9577246308326721 -0.14273247122764587 0.22341319918632507 -0.9656842350959778 -0.13244055211544037 0.6058819890022278 -0.7136366367340088 -0.351610392332077 0.6125016212463379 -0.7066972255706787 -0.3541480302810669 0.8284931182861328 -0.2931106686592102 -0.47716379165649414 0.8386588096618652 -0.2588173747062683 -0.4792337715625763 0.25805628299713135 -0.9659258723258972 -0.01985047571361065 0.2762961685657501 -0.9608477354049683 -0.020787550136446953 0.7052532434463501 -0.7069694995880127 -0.053029030561447144 0.7054188251495361 -0.7068037390708923 -0.05303565412759781 0.9632309079170227 -0.2587246000766754 -0.07244119793176651 0.944310188293457 -0.32093900442123413 -0.07263923436403275 0.18075455725193024 -0.9609183669090271 0.20967529714107513 0.18291079998016357 -0.9597640037536621 0.2130649834871292 0.46035537123680115 -0.7074677348136902 0.5362483859062195 0.46013420820236206 -0.7079069018363953 0.5358585715293884 0.6169686317443848 -0.3210962116718292 0.7185032367706299 0.6152915954589844 -0.3346552550792694 0.713738203048706 -0.28768253326416016 0.9577246308326721 0.0015141188632696867 -0.2814985513687134 0.959560751914978 0.001357849221676588 -0.7078125476837158 0.7063876390457153 0.004238095134496689 -0.7068108320236206 0.7073901295661926 0.004205147735774517 -0.9581671953201294 0.28614696860313416 0.005961943417787552 -0.9423276782035828 0.3346549868583679 0.004959622398018837 0.6183993220329285 0.3209378719329834 0.7173431515693665 0.6137138605117798 0.3354712128639221 0.7147127985954285 0.46043458580970764 0.7074466347694397 0.5362083315849304 0.46003609895706177 0.7079570889472961 0.535876452922821 0.18012505769729614 0.961004912853241 0.2098199874162674 0.18372388184070587 0.9595965147018433 0.21311970055103302 0.9630810618400574 0.2588176727294922 -0.07408314943313599 0.9444802403450012 0.3207989037036896 -0.07102889567613602 0.7052549123764038 0.7069681882858276 -0.0530233308672905 0.7054169774055481 0.7068051099777222 -0.05304131284356117 0.25817975401878357 0.9659015536308289 -0.01942576840519905 0.2760161757469177 0.9609185457229614 -0.02123200334608555 0.8315383195877075 0.28768470883369446 -0.4751648008823395 0.8371143937110901 0.25863680243492126 -0.4820232391357422 0.607750415802002 0.7121343016624451 -0.351431667804718 0.6120690107345581 0.7065721750259399 -0.35514405369758606 0.24160030484199524 0.959798276424408 -0.14288675785064697 0.22471700608730316 0.9659261107444763 -0.12840966880321503 0.5628525614738464 0.0 0.8265573382377625 0.5628525614738464 0.0 0.8265573382377625 -0.4141758680343628 0.0 0.9101969003677368 -0.4141758680343628 0.0 0.9101969003677368 -0.9929410219192505 0.0 0.11860956251621246 -0.9929410219192505 0.0 0.11860956251621246 0.9990634322166443 0.0 0.04326961189508438 0.9990634322166443 0.0 0.04326961189508438 0.9244206547737122 0.0 0.38137462735176086 0.9244206547737122 0.0 0.38137462735176086 0.7389519214630127 0.0 0.6737581491470337 0.7389519214630127 0.0 0.6737581491470337 -0.9764873385429382 0.0 -0.21557506918907166 -0.9764873385429382 0.0 -0.21557506918907166 -0.25923866033554077 0.0 -0.9658133387565613 -0.25923892855644226 4.471019998675274e-09 -0.9658132791519165 0.7373287081718445 -1.2716498964948642e-08 -0.6755341291427612 0.7373289465904236 -2.543300681168148e-08 -0.6755339503288269 -0.9999861717224121 0.0 0.005263088271021843 -0.9999861717224121 0.0 0.005263088271021843 0.0 -1.0 0.0 0.0 -1.0 0.0 0.6529396772384644 0.0 0.7574099898338318 0.6529396772384644 0.0 0.7574099898338318 0.9970544576644897 0.0 -0.0766964852809906 0.9970544576644897 0.0 -0.0766964852809906 0.8682430982589722 -2.994867998040718e-08 -0.4961390495300293 0.8682432174682617 0.0 -0.4961389899253845 0.0 1.0 0.0 0.0 1.0 0.0</float_array><technique_common><accessor source="#mesh20-normals-array" count="156" stride="3"><param name="X" type="float" /><param name="Y" type="float" /><param name="Z" type="float" /></accessor></technique_common></source><vertices id="mesh20-vertices"><input semantic="POSITION" source="#mesh20-positions" /></vertices><triangles count="156" material="ivory"><input semantic="VERTEX" source="#mesh20-vertices" offset="0" /><input semantic="NORMAL" source="#mesh20-normals" offset="1" /><p>0 0 3 0 5 0 0 1 5 1 4 1 3 2 7 2 8 2 3 3 8 3 5 3 1 4 6 4 8 4 1 5 8 5 7 5 6 6 10 6 11 6 6 7 11 7 8 7 2 8 9 8 11 8 2 9 11 9 10 9 9 10 4 10 5 10 9 11 5 11 11 11 5 12 8 12 11 12 12 13 15 13 17 13 12 14 17 14 16 14 15 15 19 15 20 15 15 16 20 16 17 16 13 17 18 17 20 17 13 18 20 18 19 18 18 19 22 19 23 19 18 20 23 20 20 20 14 21 21 21 23 21 14 22 23 22 22 22 21 23 16 23 17 23 21 24 17 24 23 24 17 25 20 25 23 25 28 26 31 26 33 26 28 27 33 27 32 27 31 28 35 28 36 28 31 29 36 29 33 29 29 30 34 30 36 30 29 31 36 31 35 31 34 32 38 32 39 32 34 33 39 33 36 33 30 34 37 34 39 34 30 35 39 35 38 35 37 36 32 36 33 36 37 37 33 37 39 37 33 38 36 38 39 38 40 39 43 39 45 39 40 40 45 40 44 40 43 41 47 41 48 41 43 42 48 42 45 42 41 43 46 43 48 43 41 44 48 44 47 44 46 45 50 45 51 45 46 46 51 46 48 46 42 47 49 47 51 47 42 48 51 48 50 48 49 49 44 49 45 49 49 50 45 50 51 50 45 51 48 51 51 51 52 52 55 52 57 52 52 53 57 53 56 53 55 54 59 54 60 54 55 55 60 55 57 55 53 56 58 56 60 56 53 57 60 57 59 57 58 58 62 58 63 58 58 59 63 59 60 59 54 60 61 60 63 60 54 61 63 61 62 61 61 62 56 62 57 62 61 63 57 63 63 63 57 64 60 64 63 64 68 65 71 65 73 65 68 66 73 66 72 66 71 67 75 67 76 67 71 68 76 68 73 68 69 69 74 69 76 69 69 70 76 70 75 70 74 71 78 71 79 71 74 72 79 72 76 72 70 73 77 73 79 73 70 74 79 74 78 74 77 75 72 75 73 75 77 76 73 76 79 76 73 77 76 77 79 77 0 78 28 78 32 78 0 79 32 79 3 79 3 80 32 80 37 80 3 81 37 81 7 81 7 82 37 82 30 82 7 83 30 83 1 83 25 84 30 84 38 84 25 85 38 85 27 85 27 86 38 86 34 86 27 87 34 87 26 87 26 88 34 88 29 88 26 89 29 89 24 89 14 90 25 90 27 90 14 91 27 91 21 91 21 92 27 92 26 92 21 93 26 93 16 93 16 94 26 94 24 94 16 95 24 95 12 95 1 96 14 96 22 96 1 97 22 97 6 97 6 98 22 98 18 98 6 99 18 99 10 99 10 100 18 100 13 100 10 101 13 101 2 101 42 102 69 102 75 102 42 103 75 103 49 103 49 104 75 104 71 104 49 105 71 105 44 105 44 106 71 106 68 106 44 107 68 107 40 107 41 108 52 108 56 108 41 109 56 109 46 109 46 110 56 110 61 110 46 111 61 111 50 111 50 112 61 112 54 112 50 113 54 113 42 113 53 114 64 114 66 114 53 115 66 115 58 115 58 116 66 116 67 116 58 117 67 117 62 117 62 118 67 118 65 118 62 119 65 119 54 119 64 120 70 120 78 120 64 121 78 121 66 121 66 122 78 122 74 122 66 123 74 123 67 123 67 124 74 124 69 124 67 125 69 125 65 125 2 126 41 126 47 126 2 127 47 127 9 127 9 128 47 128 43 128 9 129 43 129 4 129 4 130 43 130 40 130 4 131 40 131 0 131 12 132 53 132 59 132 12 133 59 133 15 133 15 134 59 134 55 134 15 135 55 135 19 135 19 136 55 136 52 136 19 137 52 137 13 137 28 138 68 138 72 138 28 139 72 139 31 139 31 140 72 140 77 140 31 141 77 141 35 141 35 142 77 142 70 142 35 143 70 143 29 143 28 144 0 144 40 144 28 145 40 145 68 145 30 146 25 146 14 146 30 147 14 147 1 147 2 148 13 148 52 148 2 149 52 149 41 149 12 150 24 150 64 150 12 151 64 151 53 151 24 152 29 152 70 152 24 153 70 153 64 153 42 154 54 154 65 154 42 155 65 155 69 155</p></triangles></mesh></geometry><geometry id="mesh21"><mesh><source id="mesh21-positions"><float_array id="mesh21-array" count="72">-0.03073132410645485 -0.04101385176181793 -0.023740362375974655 -0.044731318950653076 -0.044013865292072296 -0.07874035835266113 -0.029573623090982437 -0.043322525918483734 -0.02390912175178528 -0.043573617935180664 -0.0463225394487381 -0.07890911400318146 -0.027458373457193375 -0.04474093019962311 -0.024370180442929268 -0.0414583683013916 -0.04774094745516777 -0.0793701782822609 -0.02495235577225685 -0.04488900676369667 -0.02499999850988388 -0.03895235061645508 -0.047889020293951035 -0.07999999821186066 -0.022727051749825478 -0.043727073818445206 -0.025629818439483643 -0.036727048456668854 -0.04672709107398987 -0.08062981069087982 -0.021378733217716217 -0.041566476225852966 -0.02609087899327278 -0.035378728061914444 -0.04456648975610733 -0.08109087496995926 -0.021268680691719055 -0.03898613899946213 -0.026259638369083405 -0.03526867553591728 -0.04198615252971649 -0.08125963062047958 -0.022426379844546318 -0.036677464842796326 -0.02609087899327278 -0.036426376551389694 -0.03967747837305069 -0.08109087496995926 -0.02454162947833538 -0.03525905683636665 -0.025629820302128792 -0.03854162618517876 -0.038259074091911316 -0.08062981814146042 -0.027047649025917053 -0.03511098399758339 -0.02500000223517418 -0.04104764387011528 -0.03811099752783775 -0.07999999821186066 -0.029272951185703278 -0.036272913217544556 -0.024370182305574417 -0.043272946029901505 -0.03927293047308922 -0.0793701782822609 -0.030621269717812538 -0.038433514535427094 -0.02390912175178528 -0.044621266424655914 -0.04143352806568146 -0.07890912145376205</float_array><technique_common><accessor source="#mesh21-array" count="24" stride="3"><param name="X" type="float" /><param name="Y" type="float" /><param name="Z" type="float" /></accessor></technique_common></source><source id="mesh21-normals"><float_array id="mesh21-normals-array" count="132">-0.8597910404205322 -0.4489358067512512 0.24334341287612915 -0.8597910404205322 -0.4489358067512512 0.24334341287612915 -0.5209503173828125 -0.8347916007041931 0.17813986539840698 -0.5209503173828125 -0.8347916007041931 0.17813986539840698 -0.04252137243747711 -0.9969655871391296 0.06520386785268784 -0.04252137243747711 -0.9969655871391296 0.06520386785268784 0.44730108976364136 -0.8920034766197205 -0.06520343571901321 0.44730108976364136 -0.8920034766197205 -0.06520343571901321 0.8172696828842163 -0.5480297207832336 -0.17813953757286072 0.8172696828842163 -0.5480297207832336 -0.17813953757286072 0.9682514667510986 -0.05721186101436615 -0.2433432936668396 0.9682514667510986 -0.05721186101436615 -0.2433432936668396 0.8597910404205322 0.4489358067512512 -0.24334341287612915 0.8597910404205322 0.4489358067512512 -0.24334341287612915 0.5209503173828125 0.8347916007041931 -0.17813986539840698 0.5209503173828125 0.8347916007041931 -0.17813986539840698 0.04252137243747711 0.9969655871391296 -0.06520386785268784 0.04252137243747711 0.9969655871391296 -0.06520386785268784 -0.44730108976364136 0.8920034766197205 0.06520343571901321 -0.44730108976364136 0.8920034766197205 0.06520343571901321 -0.24633531272411346 -0.0527864471077919 -0.9677460789680481 -0.24633531272411346 -0.0527864471077919 -0.9677460789680481 -0.24633531272411346 -0.0527864471077919 -0.9677460789680481 -0.24633531272411346 -0.0527864471077919 -0.9677460789680481 -0.24633531272411346 -0.0527864471077919 -0.9677460789680481 -0.24633531272411346 -0.0527864471077919 -0.9677460789680481 -0.24633531272411346 -0.0527864471077919 -0.9677460789680481 -0.24633531272411346 -0.0527864471077919 -0.9677460789680481 -0.24633531272411346 -0.0527864471077919 -0.9677460789680481 -0.24633531272411346 -0.0527864471077919 -0.9677460789680481 -0.8172696828842163 0.5480297207832336 0.17813953757286072 -0.8172696828842163 0.5480297207832336 0.17813953757286072 -0.9682514667510986 0.05721186101436615 0.2433432936668396 -0.9682514667510986 0.05721186101436615 0.2433432936668396 0.24633531272411346 0.0527864471077919 0.9677460789680481 0.24633531272411346 0.0527864471077919 0.9677460789680481 0.24633531272411346 0.0527864471077919 0.9677460789680481 0.24633531272411346 0.0527864471077919 0.9677460789680481 0.24633531272411346 0.0527864471077919 0.9677460789680481 0.24633531272411346 0.0527864471077919 0.9677460789680481 0.24633531272411346 0.0527864471077919 0.9677460789680481 0.24633531272411346 0.0527864471077919 0.9677460789680481 0.24633531272411346 0.0527864471077919 0.9677460789680481 0.24633531272411346 0.0527864471077919 0.9677460789680481</float_array><technique_common><accessor source="#mesh21-normals-array" count="44" stride="3"><param name="X" type="float" /><param name="Y" type="float" /><param name="Z" type="float" /></accessor></technique_common></source><vertices id="mesh21-vertices"><input semantic="POSITION" source="#mesh21-positions" /></vertices><triangles count="44" material="graphite"><input semantic="VERTEX" source="#mesh21-vertices" offset="0" /><input semantic="NORMAL" source="#mesh21-normals" offset="1" /><p>0 0 1 0 3 0 0 1 3 1 2 1 2 2 3 2 5 2 2 3 5 3 4 3 4 4 5 4 7 4 4 5 7 5 6 5 6 6 7 6 9 6 6 7 9 7 8 7 8 8 9 8 11 8 8 9 11 9 10 9 10 10 11 10 13 10 10 11 13 11 12 11 12 12 13 12 15 12 12 13 15 13 14 13 14 14 15 14 17 14 14 15 17 15 16 15 16 16 17 16 19 16 16 17 19 17 18 17 18 18 19 18 21 18 18 19 21 19 20 19 5 20 3 20 1 20 1 21 23 21 21 21 21 22 19 22 17 22 17 23 15 23 13 23 13 24 11 24 9 24 9 25 7 25 5 25 5 26 1 26 21 26 21 27 17 27 13 27 13 28 9 28 5 28 21 29 13 29 5 29 20 30 21 30 23 30 20 31 23 31 22 31 22 32 23 32 1 32 22 33 1 33 0 33 22 34 0 34 2 34 2 35 4 35 6 35 6 36 8 36 10 36 10 37 12 37 14 37 14 38 16 38 18 38 18 39 20 39 22 39 22 40 2 40 6 40 6 41 10 41 14 41 14 42 18 42 22 42 6 43 14 43 22 43</p></triangles></mesh></geometry><geometry id="mesh22"><mesh><source id="mesh22-positions"><float_array id="mesh22-array" count="72">-0.035002775490283966 -0.0429999977350235 -0.07983341813087463 -0.03000277653336525 -0.043000005185604095 -0.2298334389925003 -0.035672277212142944 -0.04049999639391899 -0.07985573261976242 -0.030672278255224228 -0.040500007569789886 -0.2298557609319687 -0.03750138729810715 -0.03866986930370331 -0.07991670072078705 -0.03250138834118843 -0.038669880479574203 -0.22991672158241272 -0.04000000283122063 -0.037999995052814484 -0.07999999076128006 -0.03500000387430191 -0.03800000622868538 -0.23000001907348633 -0.04249861463904381 -0.03866986930370331 -0.08008328080177307 -0.03749861568212509 -0.038669880479574203 -0.23008330166339874 -0.04432772472500801 -0.04049999639391899 -0.0801442489027977 -0.039327725768089294 -0.040500007569789886 -0.23014426231384277 -0.04499722644686699 -0.0429999977350235 -0.08016656339168549 -0.03999722748994827 -0.043000005185604095 -0.23016658425331116 -0.04432772472500801 -0.04549999535083771 -0.0801442489027977 -0.039327725768089294 -0.0455000065267086 -0.23014426231384277 -0.04249861463904381 -0.04733012244105339 -0.08008328080177307 -0.03749861568212509 -0.047330133616924286 -0.23008330166339874 -0.03999999910593033 -0.047999996691942215 -0.07999999076128006 -0.03500000014901161 -0.04800000786781311 -0.23000000417232513 -0.03750138729810715 -0.04733012244105339 -0.07991670072078705 -0.03250138834118843 -0.047330133616924286 -0.22991672158241272 -0.035672277212142944 -0.04549999535083771 -0.07985573261976242 -0.030672278255224228 -0.0455000065267086 -0.2298557609319687</float_array><technique_common><accessor source="#mesh22-array" count="24" stride="3"><param name="X" type="float" /><param name="Y" type="float" /><param name="Z" type="float" /></accessor></technique_common></source><source id="mesh22-normals"><float_array id="mesh22-normals-array" count="132">0.9653897285461426 0.2588190734386444 0.03217962756752968 0.9653897285461426 0.2588190734386444 0.03217962756752968 0.7067142128944397 0.7071067690849304 0.023557087406516075 0.7067142128944397 0.7071067690849304 0.023557087406516075 0.25867536664009094 0.9659258723258972 0.008622444234788418 0.25867536664009094 0.9659258723258972 0.008622444234788418 -0.25867530703544617 0.9659258723258972 -0.008622570894658566 -0.25867530703544617 0.9659258723258972 -0.008622570894658566 -0.7067142128944397 0.7071067690849304 -0.023557180538773537 -0.7067142128944397 0.7071067690849304 -0.023557180538773537 -0.9653897285461426 0.25881901383399963 -0.03217966482043266 -0.9653897285461426 0.25881901383399963 -0.03217966482043266 -0.9653897285461426 -0.2588190734386444 -0.03217962756752968 -0.9653897285461426 -0.2588190734386444 -0.03217962756752968 -0.7067142128944397 -0.7071067690849304 -0.023557087406516075 -0.7067142128944397 -0.7071067690849304 -0.023557087406516075 -0.25867536664009094 -0.9659258723258972 -0.008622444234788418 -0.25867536664009094 -0.9659258723258972 -0.008622444234788418 0.25867530703544617 -0.9659258723258972 0.008622570894658566 0.25867530703544617 -0.9659258723258972 0.008622570894658566 0.033314820379018784 -6.594506629653551e-08 -0.9994449615478516 0.033314820379018784 -6.594506629653551e-08 -0.9994449615478516 0.033314820379018784 -6.594506629653551e-08 -0.9994449615478516 0.033314820379018784 -6.594506629653551e-08 -0.9994449615478516 0.033314820379018784 -6.594506629653551e-08 -0.9994449615478516 0.033314820379018784 -6.594506629653551e-08 -0.9994449615478516 0.033314820379018784 -6.594506629653551e-08 -0.9994449615478516 0.033314820379018784 -6.594506629653551e-08 -0.9994449615478516 0.033314820379018784 -6.594506629653551e-08 -0.9994449615478516 0.033314820379018784 -6.594506629653551e-08 -0.9994449615478516 0.7067142128944397 -0.7071067690849304 0.023557180538773537 0.7067142128944397 -0.7071067690849304 0.023557180538773537 0.9653897285461426 -0.25881901383399963 0.03217966482043266 0.9653897285461426 -0.25881901383399963 0.03217966482043266 -0.033314820379018784 6.594506629653551e-08 0.9994449615478516 -0.033314820379018784 6.594506629653551e-08 0.9994449615478516 -0.033314820379018784 6.594506629653551e-08 0.9994449615478516 -0.033314820379018784 6.594506629653551e-08 0.9994449615478516 -0.033314820379018784 6.594506629653551e-08 0.9994449615478516 -0.033314820379018784 6.594506629653551e-08 0.9994449615478516 -0.033314820379018784 6.594506629653551e-08 0.9994449615478516 -0.033314820379018784 6.594506629653551e-08 0.9994449615478516 -0.033314820379018784 6.594506629653551e-08 0.9994449615478516 -0.033314820379018784 6.594506629653551e-08 0.9994449615478516</float_array><technique_common><accessor source="#mesh22-normals-array" count="44" stride="3"><param name="X" type="float" /><param name="Y" type="float" /><param name="Z" type="float" /></accessor></technique_common></source><vertices id="mesh22-vertices"><input semantic="POSITION" source="#mesh22-positions" /></vertices><triangles count="44" material="graphite"><input semantic="VERTEX" source="#mesh22-vertices" offset="0" /><input semantic="NORMAL" source="#mesh22-normals" offset="1" /><p>0 0 1 0 3 0 0 1 3 1 2 1 2 2 3 2 5 2 2 3 5 3 4 3 4 4 5 4 7 4 4 5 7 5 6 5 6 6 7 6 9 6 6 7 9 7 8 7 8 8 9 8 11 8 8 9 11 9 10 9 10 10 11 10 13 10 10 11 13 11 12 11 12 12 13 12 15 12 12 13 15 13 14 13 14 14 15 14 17 14 14 15 17 15 16 15 16 16 17 16 19 16 16 17 19 17 18 17 18 18 19 18 21 18 18 19 21 19 20 19 5 20 3 20 1 20 1 21 23 21 21 21 21 22 19 22 17 22 17 23 15 23 13 23 13 24 11 24 9 24 9 25 7 25 5 25 5 26 1 26 21 26 21 27 17 27 13 27 13 28 9 28 5 28 21 29 13 29 5 29 20 30 21 30 23 30 20 31 23 31 22 31 22 32 23 32 1 32 22 33 1 33 0 33 22 34 0 34 2 34 2 35 4 35 6 35 6 36 8 36 10 36 10 37 12 37 14 37 14 38 16 38 18 38 18 39 20 39 22 39 22 40 2 40 6 40 6 41 10 41 14 41 14 42 18 42 22 42 6 43 14 43 22 43</p></triangles></mesh></geometry><geometry id="mesh23"><mesh><source id="mesh23-positions"><float_array id="mesh23-array" count="72">-0.03079869970679283 -0.04249585047364235 -0.22733637690544128 -0.005798700265586376 -0.039495840668678284 -0.267336368560791 -0.031659431755542755 -0.0400812029838562 -0.22769322991371155 -0.006659430917352438 -0.037081193178892136 -0.2676932215690613 -0.03341526538133621 -0.03844864293932915 -0.2286681830883026 -0.008415265008807182 -0.03544863685965538 -0.26866817474365234 -0.03559572622179985 -0.03803562372922897 -0.23000000417232513 -0.01059572771191597 -0.03503561392426491 -0.27000001072883606 -0.03761656582355499 -0.03895280137658119 -0.23133181035518646 -0.012616565451025963 -0.035952795296907425 -0.2713318169116974 -0.038936298340559006 -0.04095442593097687 -0.23230676352977753 -0.013936297036707401 -0.0379544198513031 -0.27230677008628845 -0.03920130059123039 -0.04350416362285614 -0.2326636165380478 -0.014201301150023937 -0.040504153817892075 -0.2726636230945587 -0.03834057226777077 -0.04591881111264229 -0.23230676352977753 -0.013340570963919163 -0.04291880130767822 -0.27230677008628845 -0.03658473864197731 -0.047551367431879044 -0.23133181035518646 -0.011584736406803131 -0.044551361352205276 -0.2713318169116974 -0.03440427407622337 -0.047964390367269516 -0.23000000417232513 -0.009404273703694344 -0.04496438056230545 -0.27000001072883606 -0.03238343819975853 -0.047047208994627 -0.2286681830883026 -0.007383435964584351 -0.04404720291495323 -0.26866817474365234 -0.031063703820109367 -0.04504558444023132 -0.22769322991371155 -0.006063703913241625 -0.042045578360557556 -0.2676932215690613</float_array><technique_common><accessor source="#mesh23-array" count="24" stride="3"><param name="X" type="float" /><param name="Y" type="float" /><param name="Z" type="float" /></accessor></technique_common></source><source id="mesh23-normals"><float_array id="mesh23-normals-array" count="132">0.7807918787002563 0.35437092185020447 0.51457279920578 0.7807918787002563 0.35437092185020447 0.51457279920578 0.509905219078064 0.7733684778213501 0.3766934871673584 0.509905219078064 0.7733684778213501 0.3766934871673584 0.10238968580961227 0.9851424098014832 0.1378794014453888 0.10238968580961227 0.9851424098014832 0.1378794014453888 -0.3325609564781189 0.9329482913017273 -0.13787928223609924 -0.3325609564781189 0.9329482913017273 -0.13787928223609924 -0.6784022450447083 0.6307714581489563 -0.37669336795806885 -0.6784022450447083 0.6307714581489563 -0.37669336795806885 -0.8424661159515381 0.15957985818386078 -0.51457279920578 -0.8424661159515381 0.15957985818386078 -0.51457279920578 -0.7807918787002563 -0.35437092185020447 -0.51457279920578 -0.7807918787002563 -0.35437092185020447 -0.51457279920578 -0.509905219078064 -0.7733684778213501 -0.3766934871673584 -0.509905219078064 -0.7733684778213501 -0.3766934871673584 -0.10238968580961227 -0.9851424098014832 -0.1378794014453888 -0.10238968580961227 -0.9851424098014832 -0.1378794014453888 0.3325609564781189 -0.9329482913017273 0.13787928223609924 0.3325609564781189 -0.9329482913017273 0.13787928223609924 0.5289302468299866 0.06347175687551498 -0.8462883830070496 0.5289302468299866 0.06347175687551498 -0.8462883830070496 0.5289302468299866 0.06347175687551498 -0.8462883830070496 0.5289302468299866 0.06347175687551498 -0.8462883830070496 0.5289302468299866 0.06347175687551498 -0.8462883830070496 0.5289302468299866 0.06347175687551498 -0.8462883830070496 0.5289302468299866 0.06347175687551498 -0.8462883830070496 0.5289302468299866 0.06347175687551498 -0.8462883830070496 0.5289302468299866 0.06347175687551498 -0.8462883830070496 0.5289302468299866 0.06347175687551498 -0.8462883830070496 0.6784022450447083 -0.6307714581489563 0.37669336795806885 0.6784022450447083 -0.6307714581489563 0.37669336795806885 0.8424661159515381 -0.15957985818386078 0.51457279920578 0.8424661159515381 -0.15957985818386078 0.51457279920578 -0.5289302468299866 -0.06347175687551498 0.8462883830070496 -0.5289302468299866 -0.06347175687551498 0.8462883830070496 -0.5289302468299866 -0.06347175687551498 0.8462883830070496 -0.5289302468299866 -0.06347175687551498 0.8462883830070496 -0.5289302468299866 -0.06347175687551498 0.8462883830070496 -0.5289302468299866 -0.06347175687551498 0.8462883830070496 -0.5289302468299866 -0.06347175687551498 0.8462883830070496 -0.5289302468299866 -0.06347175687551498 0.8462883830070496 -0.5289302468299866 -0.06347175687551498 0.8462883830070496 -0.5289302468299866 -0.06347175687551498 0.8462883830070496</float_array><technique_common><accessor source="#mesh23-normals-array" count="44" stride="3"><param name="X" type="float" /><param name="Y" type="float" /><param name="Z" type="float" /></accessor></technique_common></source><vertices id="mesh23-vertices"><input semantic="POSITION" source="#mesh23-positions" /></vertices><triangles count="44" material="graphite"><input semantic="VERTEX" source="#mesh23-vertices" offset="0" /><input semantic="NORMAL" source="#mesh23-normals" offset="1" /><p>0 0 1 0 3 0 0 1 3 1 2 1 2 2 3 2 5 2 2 3 5 3 4 3 4 4 5 4 7 4 4 5 7 5 6 5 6 6 7 6 9 6 6 7 9 7 8 7 8 8 9 8 11 8 8 9 11 9 10 9 10 10 11 10 13 10 10 11 13 11 12 11 12 12 13 12 15 12 12 13 15 13 14 13 14 14 15 14 17 14 14 15 17 15 16 15 16 16 17 16 19 16 16 17 19 17 18 17 18 18 19 18 21 18 18 19 21 19 20 19 5 20 3 20 1 20 1 21 23 21 21 21 21 22 19 22 17 22 17 23 15 23 13 23 13 24 11 24 9 24 9 25 7 25 5 25 5 26 1 26 21 26 21 27 17 27 13 27 13 28 9 28 5 28 21 29 13 29 5 29 20 30 21 30 23 30 20 31 23 31 22 31 22 32 23 32 1 32 22 33 1 33 0 33 22 34 0 34 2 34 2 35 4 35 6 35 6 36 8 36 10 36 10 37 12 37 14 37 14 38 16 38 18 38 18 39 20 39 22 39 22 40 2 40 6 40 6 41 10 41 14 41 14 42 18 42 22 42 6 43 14 43 22 43</p></triangles></mesh></geometry></library_geometries><library_visual_scenes><visual_scene id="Scene"><node id="mesh0-node"><instance_geometry url="#mesh0"><bind_material><technique_common><instance_material symbol="graphite" target="#graphite" /></technique_common></bind_material></instance_geometry></node><node id="mesh1-node"><instance_geometry url="#mesh1"><bind_material><technique_common><instance_material symbol="ivory" target="#ivory" /></technique_common></bind_material></instance_geometry></node><node id="mesh2-node"><instance_geometry url="#mesh2"><bind_material><technique_common><instance_material symbol="titanium" target="#titanium" /></technique_common></bind_material></instance_geometry></node><node id="mesh3-node"><instance_geometry url="#mesh3"><bind_material><technique_common><instance_material symbol="graphite" target="#graphite" /></technique_common></bind_material></instance_geometry></node><node id="mesh4-node"><instance_geometry url="#mesh4"><bind_material><technique_common><instance_material symbol="graphite" target="#graphite" /></technique_common></bind_material></instance_geometry></node><node id="mesh5-node"><instance_geometry url="#mesh5"><bind_material><technique_common><instance_material symbol="graphite" target="#graphite" /></technique_common></bind_material></instance_geometry></node><node id="mesh6-node"><instance_geometry url="#mesh6"><bind_material><technique_common><instance_material symbol="graphite" target="#graphite" /></technique_common></bind_material></instance_geometry></node><node id="mesh7-node"><instance_geometry url="#mesh7"><bind_material><technique_common><instance_material symbol="graphite" target="#graphite" /></technique_common></bind_material></instance_geometry></node><node id="mesh8-node"><instance_geometry url="#mesh8"><bind_material><technique_common><instance_material symbol="graphite" target="#graphite" /></technique_common></bind_material></instance_geometry></node><node id="mesh9-node"><instance_geometry url="#mesh9"><bind_material><technique_common><instance_material symbol="ivory" target="#ivory" /></technique_common></bind_material></instance_geometry></node><node id="mesh10-node"><instance_geometry url="#mesh10"><bind_material><technique_common><instance_material symbol="titanium" target="#titanium" /></technique_common></bind_material></instance_geometry></node><node id="mesh11-node"><instance_geometry url="#mesh11"><bind_material><technique_common><instance_material symbol="graphite" target="#graphite" /></technique_common></bind_material></instance_geometry></node><node id="mesh12-node"><instance_geometry url="#mesh12"><bind_material><technique_common><instance_material symbol="graphite" target="#graphite" /></technique_common></bind_material></instance_geometry></node><node id="mesh13-node"><instance_geometry url="#mesh13"><bind_material><technique_common><instance_material symbol="graphite" target="#graphite" /></technique_common></bind_material></instance_geometry></node><node id="mesh14-node"><instance_geometry url="#mesh14"><bind_material><technique_common><instance_material symbol="graphite" target="#graphite" /></technique_common></bind_material></instance_geometry></node><node id="mesh15-node"><instance_geometry url="#mesh15"><bind_material><technique_common><instance_material symbol="graphite" target="#graphite" /></technique_common></bind_material></instance_geometry></node><node id="mesh16-node"><instance_geometry url="#mesh16"><bind_material><technique_common><instance_material symbol="graphite" target="#graphite" /></technique_common></bind_material></instance_geometry></node><node id="mesh17-node"><instance_geometry url="#mesh17"><bind_material><technique_common><instance_material symbol="titanium" target="#titanium" /></technique_common></bind_material></instance_geometry></node><node id="mesh18-node"><instance_geometry url="#mesh18"><bind_material><technique_common><instance_material symbol="titanium" target="#titanium" /></technique_common></bind_material></instance_geometry></node><node id="mesh19-node"><instance_geometry url="#mesh19"><bind_material><technique_common><instance_material symbol="graphite" target="#graphite" /></technique_common></bind_material></instance_geometry></node><node id="mesh20-node"><instance_geometry url="#mesh20"><bind_material><technique_common><instance_material symbol="ivory" target="#ivory" /></technique_common></bind_material></instance_geometry></node><node id="mesh21-node"><instance_geometry url="#mesh21"><bind_material><technique_common><instance_material symbol="graphite" target="#graphite" /></technique_common></bind_material></instance_geometry></node><node id="mesh22-node"><instance_geometry url="#mesh22"><bind_material><technique_common><instance_material symbol="graphite" target="#graphite" /></technique_common></bind_material></instance_geometry></node><node id="mesh23-node"><instance_geometry url="#mesh23"><bind_material><technique_common><instance_material symbol="graphite" target="#graphite" /></technique_common></bind_material></instance_geometry></node></visual_scene></library_visual_scenes><scene><instance_visual_scene url="#Scene" /></scene></COLLADA>