<?xml version='1.0' encoding='utf-8'?>
<COLLADA xmlns="http://www.collada.org/2005/11/COLLADASchema" version="1.4.1"><asset><unit name="meter" meter="1" /><up_axis>Z_UP</up_axis></asset><library_effects><effect id="graphite-fx"><profile_COMMON><technique sid="common"><phong><emission><color>0 0 0 1</color></emission><ambient><color>0.065 0.075 0.085 1</color></ambient><diffuse><color>0.065 0.075 0.085 1</color></diffuse><specular><color>0.12 0.12 0.12 1</color></specular><shininess><float>25</float></shininess></phong></technique></profile_COMMON></effect><effect id="titanium-fx"><profile_COMMON><technique sid="common"><phong><emission><color>0 0 0 1</color></emission><ambient><color>0.36 0.4 0.43 1</color></ambient><diffuse><color>0.36 0.4 0.43 1</color></diffuse><specular><color>0.12 0.12 0.12 1</color></specular><shininess><float>25</float></shininess></phong></technique></profile_COMMON></effect><effect id="ivory-fx"><profile_COMMON><technique sid="common"><phong><emission><color>0 0 0 1</color></emission><ambient><color>0.72 0.72 0.65 1</color></ambient><diffuse><color>0.72 0.72 0.65 1</color></diffuse><specular><color>0.12 0.12 0.12 1</color></specular><shininess><float>25</float></shininess></phong></technique></profile_COMMON></effect><effect id="copper-fx"><profile_COMMON><technique sid="common"><phong><emission><color>0 0 0 1</color></emission><ambient><color>0.66 0.29 0.08 1</color></ambient><diffuse><color>0.66 0.29 0.08 1</color></diffuse><specular><color>0.12 0.12 0.12 1</color></specular><shininess><float>25</float></shininess></phong></technique></profile_COMMON></effect><effect id="rubber-fx"><profile_COMMON><technique sid="common"><phong><emission><color>0 0 0 1</color></emission><ambient><color>0.025 0.028 0.032 1</color></ambient><diffuse><color>0.025 0.028 0.032 1</color></diffuse><specular><color>0.12 0.12 0.12 1</color></specular><shininess><float>25</float></shininess></phong></technique></profile_COMMON></effect><effect id="lens-fx"><profile_COMMON><technique sid="common"><phong><emission><color>0 0 0 1</color></emission><ambient><color>0.05 0.26 0.33 1</color></ambient><diffuse><color>0.05 0.26 0.33 1</color></diffuse><specular><color>0.12 0.12 0.12 1</color></specular><shininess><float>25</float></shininess></phong></technique></profile_COMMON></effect></library_effects><library_materials><material id="graphite"><instance_effect url="#graphite-fx" /></material><material id="titanium"><instance_effect url="#titanium-fx" /></material><material id="ivory"><instance_effect url="#ivory-fx" /></material><material id="copper"><instance_effect url="#copper-fx" /></material><material id="rubber"><instance_effect url="#rubber-fx" /></material><material id="lens"><instance_effect url="#lens-fx" /></material></library_materials><library_geometries><geometry id="mesh0"><mesh><source id="mesh0-positions"><float_array id="mesh0-array" count="144">-5.005511560796094e-09 -0.05750000476837158 0.03315000236034393 -5.005511560796094e-09 -0.045500002801418304 0.03315000236034393 -0.008579857647418976 -0.05750000476837158 0.0320204421877861 -0.008579857647418976 -0.045500002801418304 0.032020438462495804 -0.016575006768107414 -0.05750000476837158 0.028708742931485176 -0.016575006768107414 -0.045500002801418304 0.028708741068840027 -0.02344059757888317 -0.05750000476837158 0.023440590128302574 -0.02344059757888317 -0.045500002801418304 0.023440588265657425 -0.028708750382065773 -0.05750000476837158 0.016574997454881668 -0.028708750382065773 -0.045499999076128006 0.01657499559223652 -0.0320204459130764 -0.05750000476837158 0.00857984833419323 -0.0320204459130764 -0.045499999076128006 0.00857984647154808 -0.03315000608563423 -0.057500001043081284 -4.199358194512115e-09 -0.03315000608563423 -0.045499999076128006 -5.8116649270800735e-09 -0.0320204459130764 -0.057500001043081284 -0.008579855784773827 -0.0320204459130764 -0.04549999535083771 -0.008579857647418976 -0.028708746656775475 -0.057500001043081284 -0.016575004905462265 -0.028708746656775475 -0.04549999535083771 -0.016575006768107414 -0.023440590128302574 -0.057499997317790985 -0.023440593853592873 -0.023440590128302574 -0.04549999535083771 -0.023440595716238022 -0.016574999317526817 -0.057499997317790985 -0.028708746656775475 -0.016574999317526817 -0.04549999535083771 -0.028708748519420624 -0.00857984833419323 -0.057499997317790985 -0.0320204421877861 -0.00857984833419323 -0.04549999535083771 -0.0320204459130764 5.005511560796094e-09 -0.057499997317790985 -0.03315000236034393 5.005511560796094e-09 -0.04549999535083771 -0.03315000236034393 0.008579857647418976 -0.057499997317790985 -0.032020438462495804 0.008579857647418976 -0.04549999535083771 -0.0320204421877861 0.016575006768107414 -0.057499997317790985 -0.028708741068840027 0.016575006768107414 -0.04549999535083771 -0.028708742931485176 0.02344059757888317 -0.057499997317790985 -0.023440588265657425 0.02344059757888317 -0.04549999535083771 -0.023440590128302574 0.028708750382065773 -0.057500001043081284 -0.01657499559223652 0.028708750382065773 -0.04549999535083771 -0.016574997454881668 0.0320204459130764 -0.057500001043081284 -0.00857984647154808 0.0320204459130764 -0.04549999535083771 -0.00857984833419323 0.03315000608563423 -0.057500001043081284 5.8116649270800735e-09 0.03315000608563423 -0.045499999076128006 4.199358194512115e-09 0.0320204459130764 -0.05750000476837158 0.008579857647418976 0.0320204459130764 -0.045499999076128006 0.008579855784773827 0.028708746656775475 -0.05750000476837158 0.016575006768107414 0.028708746656775475 -0.045499999076128006 0.016575004905462265 0.023440590128302574 -0.05750000476837158 0.023440595716238022 0.023440590128302574 -0.045500002801418304 0.023440593853592873 0.016574999317526817 -0.05750000476837158 0.028708748519420624 0.016574999317526817 -0.045500002801418304 0.028708746656775475 0.00857984833419323 -0.05750000476837158 0.0320204459130764 0.00857984833419323 -0.045500002801418304 0.0320204421877861</float_array><technique_common><accessor source="#mesh0-array" count="48" stride="3"><param name="X" type="float" /><param name="Y" type="float" /><param name="Z" type="float" /></accessor></technique_common></source><source id="mesh0-normals"><float_array id="mesh0-normals-array" count="276">-0.13052648305892944 1.3320936886884738e-07 0.9914448857307434 -0.13052648305892944 1.3320936886884738e-07 0.9914448857307434 -0.3826834261417389 1.2413137540079333e-07 0.9238796234130859 -0.3826834261417389 1.2413137540079333e-07 0.9238796234130859 -0.6087616086006165 1.0659402249757477e-07 0.793353259563446 -0.6087616086006165 1.0659402249757477e-07 0.793353259563446 -0.7933533787727356 8.179246435702225e-08 0.6087613701820374 -0.7933533787727356 8.179246435702225e-08 0.6087613701820374 -0.9238797426223755 5.1416872537402014e-08 0.3826832175254822 -0.9238797426223755 5.1416872537402014e-08 0.3826832175254822 -0.9914448857307434 1.7537349350504883e-08 0.13052621483802795 -0.9914448857307434 1.7537349350504883e-08 0.13052621483802795 -0.9914448857307434 -1.753738843035535e-08 -0.13052651286125183 -0.9914448857307434 -1.753738843035535e-08 -0.13052651286125183 -0.9238796234130859 -5.14169080645388e-08 -0.38268351554870605 -0.9238796234130859 -5.14169080645388e-08 -0.38268351554870605 -0.7933531999588013 -8.17925069895864e-08 -0.6087616682052612 -0.7933531999588013 -8.17925069895864e-08 -0.6087616682052612 -0.6087613105773926 -1.0659403670842948e-07 -0.7933534383773804 -0.6087613105773926 -1.0659403670842948e-07 -0.7933534383773804 -0.382683128118515 -1.2413140382250276e-07 -0.9238797426223755 -0.382683128118515 -1.2413140382250276e-07 -0.9238797426223755 -0.13052618503570557 -1.3320936886884738e-07 -0.9914448857307434 -0.13052618503570557 -1.3320936886884738e-07 -0.9914448857307434 0.13052648305892944 -1.3320936886884738e-07 -0.9914448857307434 0.13052648305892944 -1.3320936886884738e-07 -0.9914448857307434 0.3826834261417389 -1.2413137540079333e-07 -0.9238796234130859 0.3826834261417389 -1.2413137540079333e-07 -0.9238796234130859 0.6087616086006165 -1.0659402249757477e-07 -0.793353259563446 0.6087616086006165 -1.0659402249757477e-07 -0.793353259563446 0.7933533787727356 -8.179246435702225e-08 -0.6087613701820374 0.7933533787727356 -8.179246435702225e-08 -0.6087613701820374 0.9238797426223755 -5.1416872537402014e-08 -0.3826832175254822 0.9238797426223755 -5.1416872537402014e-08 -0.3826832175254822 0.9914448857307434 -1.7537349350504883e-08 -0.13052621483802795 0.9914448857307434 -1.7537349350504883e-08 -0.13052621483802795 0.9914448857307434 1.753738843035535e-08 0.13052651286125183 0.9914448857307434 1.753738843035535e-08 0.13052651286125183 0.9238796234130859 5.14169080645388e-08 0.38268351554870605 0.9238796234130859 5.14169080645388e-08 0.38268351554870605 0.7933531999588013 8.17925069895864e-08 0.6087616682052612 0.7933531999588013 8.17925069895864e-08 0.6087616682052612 0.6087613105773926 1.0659403670842948e-07 0.7933534383773804 0.6087613105773926 1.0659403670842948e-07 0.7933534383773804 -2.028761815660307e-14 1.0 1.343588280633412e-07 -2.028761815660307e-14 1.0 1.343588280633412e-07 -2.028761815660307e-14 1.0 1.343588280633412e-07 -2.028761815660307e-14 1.0 1.343588280633412e-07 -2.028761815660307e-14 1.0 1.343588280633412e-07 -2.028761815660307e-14 1.0 1.343588280633412e-07 -2.028761815660307e-14 1.0 1.343588280633412e-07 -2.028761815660307e-14 1.0 1.343588280633412e-07 -2.028761815660307e-14 1.0 1.343588280633412e-07 -2.028761815660307e-14 1.0 1.343588280633412e-07 -2.028761815660307e-14 1.0 1.343588280633412e-07 -2.028761815660307e-14 1.0 1.343588280633412e-07 -2.028761815660307e-14 1.0 1.343588280633412e-07 -2.028761815660307e-14 1.0 1.343588280633412e-07 -2.028761815660307e-14 1.0 1.343588280633412e-07 -2.028761815660307e-14 1.0 1.343588280633412e-07 -2.028761815660307e-14 1.0 1.343588280633412e-07 -2.028761815660307e-14 1.0 1.343588280633412e-07 -2.028761815660307e-14 1.0 1.343588280633412e-07 -2.028761815660307e-14 1.0 1.343588280633412e-07 -2.028761815660307e-14 1.0 1.343588280633412e-07 -2.028761815660307e-14 1.0 1.343588280633412e-07 0.382683128118515 1.2413140382250276e-07 0.9238797426223755 0.382683128118515 1.2413140382250276e-07 0.9238797426223755 0.13052618503570557 1.3320936886884738e-07 0.9914448857307434 0.13052618503570557 1.3320936886884738e-07 0.9914448857307434 2.028761815660307e-14 -1.0 -1.343588280633412e-07 2.0287619850668966e-14 -1.0 -1.343588280633412e-07 2.0287619850668966e-14 -1.0 -1.343588280633412e-07 2.028761815660307e-14 -1.0 -1.343588280633412e-07 2.0287619850668966e-14 -1.0 -1.343588280633412e-07 2.0287619850668966e-14 -1.0 -1.343588280633412e-07 2.028761815660307e-14 -1.0 -1.343588280633412e-07 2.0287619850668966e-14 -1.0 -1.343588280633412e-07 2.0287619850668966e-14 -1.0 -1.343588280633412e-07 2.028761815660307e-14 -1.0 -1.343588280633412e-07 2.0287619850668966e-14 -1.0 -1.343588280633412e-07 2.0287619850668966e-14 -1.0 -1.343588280633412e-07 2.028761815660307e-14 -1.0 -1.343588280633412e-07 2.028761815660307e-14 -1.0 -1.343588280633412e-07 2.028761815660307e-14 -1.0 -1.343588280633412e-07 2.028761815660307e-14 -1.0 -1.343588280633412e-07 2.028761815660307e-14 -1.0 -1.343588280633412e-07 2.028761815660307e-14 -1.0 -1.343588280633412e-07 2.028761815660307e-14 -1.0 -1.343588280633412e-07 2.028761815660307e-14 -1.0 -1.343588280633412e-07 2.028761815660307e-14 -1.0 -1.343588280633412e-07 2.028761815660307e-14 -1.0 -1.343588280633412e-07</float_array><technique_common><accessor source="#mesh0-normals-array" count="92" stride="3"><param name="X" type="float" /><param name="Y" type="float" /><param name="Z" type="float" /></accessor></technique_common></source><vertices id="mesh0-vertices"><input semantic="POSITION" source="#mesh0-positions" /></vertices><triangles count="92" material="ivory"><input semantic="VERTEX" source="#mesh0-vertices" offset="0" /><input semantic="NORMAL" source="#mesh0-normals" offset="1" /><p>0 0 1 0 3 0 0 1 3 1 2 1 2 2 3 2 5 2 2 3 5 3 4 3 4 4 5 4 7 4 4 5 7 5 6 5 6 6 7 6 9 6 6 7 9 7 8 7 8 8 9 8 11 8 8 9 11 9 10 9 10 10 11 10 13 10 10 11 13 11 12 11 12 12 13 12 15 12 12 13 15 13 14 13 14 14 15 14 17 14 14 15 17 15 16 15 16 16 17 16 19 16 16 17 19 17 18 17 18 18 19 18 21 18 18 19 21 19 20 19 20 20 21 20 23 20 20 21 23 21 22 21 22 22 23 22 25 22 22 23 25 23 24 23 24 24 25 24 27 24 24 25 27 25 26 25 26 26 27 26 29 26 26 27 29 27 28 27 28 28 29 28 31 28 28 29 31 29 30 29 30 30 31 30 33 30 30 31 33 31 32 31 32 32 33 32 35 32 32 33 35 33 34 33 34 34 35 34 37 34 34 35 37 35 36 35 36 36 37 36 39 36 36 37 39 37 38 37 38 38 39 38 41 38 38 39 41 39 40 39 40 40 41 40 43 40 40 41 43 41 42 41 42 42 43 42 45 42 42 43 45 43 44 43 5 44 3 44 1 44 1 45 47 45 45 45 45 46 43 46 41 46 41 47 39 47 37 47 37 48 35 48 33 48 33 49 31 49 29 49 29 50 27 50 25 50 25 51 23 51 21 51 21 52 19 52 17 52 17 53 15 53 13 53 13 54 11 54 9 54 9 55 7 55 5 55 5 56 1 56 45 56 45 57 41 57 37 57 37 58 33 58 29 58 29 59 25 59 21 59 21 60 17 60 13 60 13 61 9 61 5 61 5 62 45 62 37 62 37 63 29 63 21 63 21 64 13 64 5 64 37 65 21 65 5 65 44 66 45 66 47 66 44 67 47 67 46 67 46 68 47 68 1 68 46 69 1 69 0 69 46 70 0 70 2 70 2 71 4 71 6 71 6 72 8 72 10 72 10 73 12 73 14 73 14 74 16 74 18 74 18 75 20 75 22 75 22 76 24 76 26 76 26 77 28 77 30 77 30 78 32 78 34 78 34 79 36 79 38 79 38 80 40 80 42 80 42 81 44 81 46 81 46 82 2 82 6 82 6 83 10 83 14 83 14 84 18 84 22 84 22 85 26 85 30 85 30 86 34 86 38 86 38 87 42 87 46 87 46 88 6 88 14 88 14 89 22 89 30 89 30 90 38 90 46 90 14 91 30 91 46 91</p></triangles></mesh></geometry><geometry id="mesh1"><mesh><source id="mesh1-positions"><float_array id="mesh1-array" count="144">-5.005511560796094e-09 0.04549999535083771 0.03315000236034393 -5.005511560796094e-09 0.057499997317790985 0.03315000236034393 -0.008579857647418976 0.04549999535083771 0.0320204421877861 -0.008579857647418976 0.057499997317790985 0.032020438462495804 -0.016575006768107414 0.04549999535083771 0.028708742931485176 -0.016575006768107414 0.057499997317790985 0.028708741068840027 -0.02344059757888317 0.04549999535083771 0.023440590128302574 -0.02344059757888317 0.057499997317790985 0.023440588265657425 -0.028708750382065773 0.04549999535083771 0.016574997454881668 -0.028708750382065773 0.057500001043081284 0.01657499559223652 -0.0320204459130764 0.04549999535083771 0.00857984833419323 -0.0320204459130764 0.057500001043081284 0.00857984647154808 -0.03315000608563423 0.045499999076128006 -4.199358194512115e-09 -0.03315000608563423 0.057500001043081284 -5.8116649270800735e-09 -0.0320204459130764 0.045499999076128006 -0.008579855784773827 -0.0320204459130764 0.05750000476837158 -0.008579857647418976 -0.028708746656775475 0.045499999076128006 -0.016575004905462265 -0.028708746656775475 0.05750000476837158 -0.016575006768107414 -0.023440590128302574 0.045500002801418304 -0.023440593853592873 -0.023440590128302574 0.05750000476837158 -0.023440595716238022 -0.016574999317526817 0.045500002801418304 -0.028708746656775475 -0.016574999317526817 0.05750000476837158 -0.028708748519420624 -0.00857984833419323 0.045500002801418304 -0.0320204421877861 -0.00857984833419323 0.05750000476837158 -0.0320204459130764 5.005511560796094e-09 0.045500002801418304 -0.03315000236034393 5.005511560796094e-09 0.05750000476837158 -0.03315000236034393 0.008579857647418976 0.045500002801418304 -0.032020438462495804 0.008579857647418976 0.05750000476837158 -0.0320204421877861 0.016575006768107414 0.045500002801418304 -0.028708741068840027 0.016575006768107414 0.05750000476837158 -0.028708742931485176 0.02344059757888317 0.045500002801418304 -0.023440588265657425 0.02344059757888317 0.05750000476837158 -0.023440590128302574 0.028708750382065773 0.045499999076128006 -0.01657499559223652 0.028708750382065773 0.05750000476837158 -0.016574997454881668 0.0320204459130764 0.045499999076128006 -0.00857984647154808 0.0320204459130764 0.05750000476837158 -0.00857984833419323 0.03315000608563423 0.045499999076128006 5.8116649270800735e-09 0.03315000608563423 0.057500001043081284 4.199358194512115e-09 0.0320204459130764 0.04549999535083771 0.008579857647418976 0.0320204459130764 0.057500001043081284 0.008579855784773827 0.028708746656775475 0.04549999535083771 0.016575006768107414 0.028708746656775475 0.057500001043081284 0.016575004905462265 0.023440590128302574 0.04549999535083771 0.023440595716238022 0.023440590128302574 0.057499997317790985 0.023440593853592873 0.016574999317526817 0.04549999535083771 0.028708748519420624 0.016574999317526817 0.057499997317790985 0.028708746656775475 0.00857984833419323 0.04549999535083771 0.0320204459130764 0.00857984833419323 0.057499997317790985 0.0320204421877861</float_array><technique_common><accessor source="#mesh1-array" count="48" stride="3"><param name="X" type="float" /><param name="Y" type="float" /><param name="Z" type="float" /></accessor></technique_common></source><source id="mesh1-normals"><float_array id="mesh1-normals-array" count="276">-0.13052648305892944 1.3320936886884738e-07 0.9914448857307434 -0.13052648305892944 1.3320936886884738e-07 0.9914448857307434 -0.3826834261417389 1.2413137540079333e-07 0.9238796234130859 -0.3826834261417389 1.2413137540079333e-07 0.9238796234130859 -0.6087616086006165 1.0659402249757477e-07 0.793353259563446 -0.6087616086006165 1.0659402249757477e-07 0.793353259563446 -0.7933533787727356 8.179246435702225e-08 0.6087613701820374 -0.7933533787727356 8.179246435702225e-08 0.6087613701820374 -0.9238797426223755 5.1416872537402014e-08 0.3826832175254822 -0.9238797426223755 5.1416872537402014e-08 0.3826832175254822 -0.9914448857307434 1.7537349350504883e-08 0.13052621483802795 -0.9914448857307434 1.7537349350504883e-08 0.13052621483802795 -0.9914448857307434 -1.753738843035535e-08 -0.13052651286125183 -0.9914448857307434 -1.753738843035535e-08 -0.13052651286125183 -0.9238796234130859 -5.14169080645388e-08 -0.38268351554870605 -0.9238796234130859 -5.14169080645388e-08 -0.38268351554870605 -0.7933531999588013 -8.17925069895864e-08 -0.6087616682052612 -0.7933531999588013 -8.17925069895864e-08 -0.6087616682052612 -0.6087613105773926 -1.0659403670842948e-07 -0.7933534383773804 -0.6087613105773926 -1.0659403670842948e-07 -0.7933534383773804 -0.382683128118515 -1.2413140382250276e-07 -0.9238797426223755 -0.382683128118515 -1.2413140382250276e-07 -0.9238797426223755 -0.13052618503570557 -1.3320936886884738e-07 -0.9914448857307434 -0.13052618503570557 -1.3320936886884738e-07 -0.9914448857307434 0.13052648305892944 -1.3320936886884738e-07 -0.9914448857307434 0.13052648305892944 -1.3320936886884738e-07 -0.9914448857307434 0.3826834261417389 -1.2413137540079333e-07 -0.9238796234130859 0.3826834261417389 -1.2413137540079333e-07 -0.9238796234130859 0.6087616086006165 -1.0659402249757477e-07 -0.793353259563446 0.6087616086006165 -1.0659402249757477e-07 -0.793353259563446 0.7933533787727356 -8.179246435702225e-08 -0.6087613701820374 0.7933533787727356 -8.179246435702225e-08 -0.6087613701820374 0.9238797426223755 -5.1416872537402014e-08 -0.3826832175254822 0.9238797426223755 -5.1416872537402014e-08 -0.3826832175254822 0.9914448857307434 -1.7537349350504883e-08 -0.13052621483802795 0.9914448857307434 -1.7537349350504883e-08 -0.13052621483802795 0.9914448857307434 1.753738843035535e-08 0.13052651286125183 0.9914448857307434 1.753738843035535e-08 0.13052651286125183 0.9238796234130859 5.14169080645388e-08 0.38268351554870605 0.9238796234130859 5.14169080645388e-08 0.38268351554870605 0.7933531999588013 8.17925069895864e-08 0.6087616682052612 0.7933531999588013 8.17925069895864e-08 0.6087616682052612 0.6087613105773926 1.0659403670842948e-07 0.7933534383773804 0.6087613105773926 1.0659403670842948e-07 0.7933534383773804 -2.028761815660307e-14 1.0 1.343588280633412e-07 -2.028761815660307e-14 1.0 1.343588280633412e-07 -2.028761815660307e-14 1.0 1.343588280633412e-07 -2.028761815660307e-14 1.0 1.343588280633412e-07 -2.028761815660307e-14 1.0 1.343588280633412e-07 -2.028761815660307e-14 1.0 1.343588280633412e-07 -2.028761815660307e-14 1.0 1.343588280633412e-07 -2.028761815660307e-14 1.0 1.343588280633412e-07 -2.028761815660307e-14 1.0 1.343588280633412e-07 -2.028761815660307e-14 1.0 1.343588280633412e-07 -2.028761815660307e-14 1.0 1.343588280633412e-07 -2.028761815660307e-14 1.0 1.343588280633412e-07 -2.028761815660307e-14 1.0 1.343588280633412e-07 -2.028761815660307e-14 1.0 1.343588280633412e-07 -2.028761815660307e-14 1.0 1.343588280633412e-07 -2.028761815660307e-14 1.0 1.343588280633412e-07 -2.028761815660307e-14 1.0 1.343588280633412e-07 -2.028761815660307e-14 1.0 1.343588280633412e-07 -2.028761815660307e-14 1.0 1.343588280633412e-07 -2.028761815660307e-14 1.0 1.343588280633412e-07 -2.028761815660307e-14 1.0 1.343588280633412e-07 -2.028761815660307e-14 1.0 1.343588280633412e-07 0.382683128118515 1.2413140382250276e-07 0.9238797426223755 0.382683128118515 1.2413140382250276e-07 0.9238797426223755 0.13052618503570557 1.3320936886884738e-07 0.9914448857307434 0.13052618503570557 1.3320936886884738e-07 0.9914448857307434 2.028761815660307e-14 -1.0 -1.343588280633412e-07 2.0287619850668966e-14 -1.0 -1.343588280633412e-07 2.0287619850668966e-14 -1.0 -1.343588280633412e-07 2.028761815660307e-14 -1.0 -1.343588280633412e-07 2.0287619850668966e-14 -1.0 -1.343588280633412e-07 2.0287619850668966e-14 -1.0 -1.343588280633412e-07 2.028761815660307e-14 -1.0 -1.343588280633412e-07 2.0287619850668966e-14 -1.0 -1.343588280633412e-07 2.0287619850668966e-14 -1.0 -1.343588280633412e-07 2.028761815660307e-14 -1.0 -1.343588280633412e-07 2.0287619850668966e-14 -1.0 -1.343588280633412e-07 2.0287619850668966e-14 -1.0 -1.343588280633412e-07 2.028761815660307e-14 -1.0 -1.343588280633412e-07 2.028761815660307e-14 -1.0 -1.343588280633412e-07 2.028761815660307e-14 -1.0 -1.343588280633412e-07 2.028761815660307e-14 -1.0 -1.343588280633412e-07 2.028761815660307e-14 -1.0 -1.343588280633412e-07 2.028761815660307e-14 -1.0 -1.343588280633412e-07 2.028761815660307e-14 -1.0 -1.343588280633412e-07 2.028761815660307e-14 -1.0 -1.343588280633412e-07 2.028761815660307e-14 -1.0 -1.343588280633412e-07 2.028761815660307e-14 -1.0 -1.343588280633412e-07</float_array><technique_common><accessor source="#mesh1-normals-array" count="92" stride="3"><param name="X" type="float" /><param name="Y" type="float" /><param name="Z" type="float" /></accessor></technique_common></source><vertices id="mesh1-vertices"><input semantic="POSITION" source="#mesh1-positions" /></vertices><triangles count="92" material="ivory"><input semantic="VERTEX" source="#mesh1-vertices" offset="0" /><input semantic="NORMAL" source="#mesh1-normals" offset="1" /><p>0 0 1 0 3 0 0 1 3 1 2 1 2 2 3 2 5 2 2 3 5 3 4 3 4 4 5 4 7 4 4 5 7 5 6 5 6 6 7 6 9 6 6 7 9 7 8 7 8 8 9 8 11 8 8 9 11 9 10 9 10 10 11 10 13 10 10 11 13 11 12 11 12 12 13 12 15 12 12 13 15 13 14 13 14 14 15 14 17 14 14 15 17 15 16 15 16 16 17 16 19 16 16 17 19 17 18 17 18 18 19 18 21 18 18 19 21 19 20 19 20 20 21 20 23 20 20 21 23 21 22 21 22 22 23 22 25 22 22 23 25 23 24 23 24 24 25 24 27 24 24 25 27 25 26 25 26 26 27 26 29 26 26 27 29 27 28 27 28 28 29 28 31 28 28 29 31 29 30 29 30 30 31 30 33 30 30 31 33 31 32 31 32 32 33 32 35 32 32 33 35 33 34 33 34 34 35 34 37 34 34 35 37 35 36 35 36 36 37 36 39 36 36 37 39 37 38 37 38 38 39 38 41 38 38 39 41 39 40 39 40 40 41 40 43 40 40 41 43 41 42 41 42 42 43 42 45 42 42 43 45 43 44 43 5 44 3 44 1 44 1 45 47 45 45 45 45 46 43 46 41 46 41 47 39 47 37 47 37 48 35 48 33 48 33 49 31 49 29 49 29 50 27 50 25 50 25 51 23 51 21 51 21 52 19 52 17 52 17 53 15 53 13 53 13 54 11 54 9 54 9 55 7 55 5 55 5 56 1 56 45 56 45 57 41 57 37 57 37 58 33 58 29 58 29 59 25 59 21 59 21 60 17 60 13 60 13 61 9 61 5 61 5 62 45 62 37 62 37 63 29 63 21 63 21 64 13 64 5 64 37 65 21 65 5 65 44 66 45 66 47 66 44 67 47 67 46 67 46 68 47 68 1 68 46 69 1 69 0 69 46 70 0 70 2 70 2 71 4 71 6 71 6 72 8 72 10 72 10 73 12 73 14 73 14 74 16 74 18 74 18 75 20 75 22 75 22 76 24 76 26 76 26 77 28 77 30 77 30 78 32 78 34 78 34 79 36 79 38 79 38 80 40 80 42 80 42 81 44 81 46 81 46 82 2 82 6 82 6 83 10 83 14 83 14 84 18 84 22 84 22 85 26 85 30 85 30 86 34 86 38 86 38 87 42 87 46 87 46 88 6 88 14 88 14 89 22 89 30 89 30 90 38 90 46 90 14 91 30 91 46 91</p></triangles></mesh></geometry><geometry id="mesh2"><mesh><source id="mesh2-positions"><float_array id="mesh2-array" count="168">-0.045500002801418304 -0.02824999764561653 -0.03824999928474426 -0.045499999076128006 -0.03824999928474426 -0.02824999950826168 -0.05550000071525574 -0.02824999950826168 -0.02825000137090683 -0.045500002801418304 -0.03532106801867485 -0.03532106801867485 -0.05127350240945816 -0.034023500978946686 -0.034023504704236984 -0.052571069449186325 -0.03532106801867485 -0.02825000137090683 -0.052571069449186325 -0.02824999764561653 -0.03532106801867485 -0.045500002801418304 -0.03824999928474426 0.02824999764561653 -0.045499999076128006 -0.02824999950826168 0.03824999928474426 -0.05550000071525574 -0.02825000137090683 0.02824999950826168 -0.045500002801418304 -0.03532106801867485 0.03532106801867485 -0.05127350240945816 -0.034023504704236984 0.034023500978946686 -0.052571069449186325 -0.02825000137090683 0.03532106801867485 -0.052571069449186325 -0.03532106801867485 0.02824999764561653 -0.045499999076128006 0.02824999950826168 -0.03824999928474426 -0.05550000071525574 0.02825000137090683 -0.02824999950826168 -0.045500002801418304 0.03824999928474426 -0.02824999764561653 -0.05257106572389603 0.02825000137090683 -0.03532107174396515 -0.05127350240945816 0.034023504704236984 -0.034023504704236984 -0.05257106572389603 0.03532106801867485 -0.02825000137090683 -0.045499999076128006 0.03532106801867485 -0.03532107174396515 -0.045500002801418304 0.02824999764561653 0.03824999928474426 -0.045499999076128006 0.03824999928474426 0.02824999950826168 -0.05550000071525574 0.02824999950826168 0.02825000137090683 -0.045500002801418304 0.03532106801867485 0.03532106801867485 -0.05127350240945816 0.034023500978946686 0.034023504704236984 -0.052571069449186325 0.03532106801867485 0.02825000137090683 -0.052571069449186325 0.02824999764561653 0.03532106801867485 -0.020500000566244125 -0.02824999950826168 -0.03824999928474426 -0.010499998927116394 -0.02825000137090683 -0.02824999950826168 -0.020499998703598976 -0.03824999928474426 -0.02824999764561653 -0.013428932055830956 -0.02825000137090683 -0.03532107174396515 -0.014726497232913971 -0.034023504704236984 -0.034023504704236984 -0.013428932055830956 -0.03532106801867485 -0.02825000137090683 -0.020500000566244125 -0.03532106801867485 -0.03532107174396515 -0.020499998703598976 -0.02824999764561653 0.03824999928474426 -0.020500000566244125 -0.03824999928474426 0.02824999950826168 -0.010499998927116394 -0.02824999950826168 0.02825000137090683 -0.020499998703598976 -0.03532106801867485 0.03532106801867485 -0.014726495370268822 -0.034023500978946686 0.034023504704236984 -0.013428930193185806 -0.03532106801867485 0.02825000137090683 -0.013428930193185806 -0.02824999764561653 0.03532106801867485 -0.020499998703598976 0.02824999764561653 -0.03824999928474426 -0.020500000566244125 0.03824999928474426 -0.02824999950826168 -0.010499998927116394 0.02824999950826168 -0.02825000137090683 -0.020499998703598976 0.03532106801867485 -0.03532106801867485 -0.014726495370268822 0.034023500978946686 -0.034023504704236984 -0.013428930193185806 0.03532106801867485 -0.02825000137090683 -0.013428930193185806 0.02824999764561653 -0.03532106801867485 -0.020500000566244125 0.02824999950826168 0.03824999928474426 -0.010499998927116394 0.02825000137090683 0.02824999950826168 -0.020499998703598976 0.03824999928474426 0.02824999764561653 -0.013428932055830956 0.02825000137090683 0.03532107174396515 -0.014726497232913971 0.034023504704236984 0.034023504704236984 -0.013428932055830956 0.03532106801867485 0.02825000137090683 -0.020500000566244125 0.03532106801867485 0.03532107174396515</float_array><technique_common><accessor source="#mesh2-array" count="56" stride="3"><param name="X" type="float" /><param name="Y" type="float" /><param name="Z" type="float" /></accessor></technique_common></source><source id="mesh2-normals"><float_array id="mesh2-normals-array" count="324">-0.2817472219467163 -0.367180198431015 -0.8864520192146301 -0.36718031764030457 -0.28174713253974915 -0.8864520192146301 -0.36718013882637024 -0.8864519000053406 -0.28174760937690735 -0.2817475199699402 -0.8864519000053406 -0.3671802580356598 -0.8864519000053406 -0.2817472815513611 -0.36718040704727173 -0.8864519000053406 -0.3671802580356598 -0.2817474901676178 -0.2817472219467163 -0.8864520788192749 0.367180198431015 -0.36718031764030457 -0.8864520192146301 0.28174713253974915 -0.36718013882637024 -0.28174760937690735 0.8864519000053406 -0.2817475199699402 -0.3671802580356598 0.8864519000053406 -0.8864519000053406 -0.36718040704727173 0.2817472815513611 -0.8864519596099854 -0.2817475199699402 0.3671802878379822 -0.36717984080314636 0.28174760937690735 -0.8864520192146301 -0.2817474901676178 0.36717987060546875 -0.8864520192146301 -0.8864519000053406 0.3671804964542389 -0.28174731135368347 -0.8864518404006958 0.2817474901676178 -0.3671802878379822 -0.2817472219467163 0.8864520788192749 -0.36718010902404785 -0.3671802580356598 0.8864520192146301 -0.28174713253974915 -0.2817472219467163 0.367180198431015 0.8864520192146301 -0.36718031764030457 0.28174713253974915 0.8864520192146301 -0.36718013882637024 0.8864519000053406 0.28174760937690735 -0.2817475199699402 0.8864519000053406 0.3671802580356598 -0.8864519000053406 0.2817472815513611 0.36718040704727173 -0.8864519000053406 0.3671802580356598 0.2817474901676178 0.36717984080314636 -0.28174760937690735 -0.8864520192146301 0.2817474901676178 -0.36717987060546875 -0.8864520192146301 0.8864519000053406 -0.3671804964542389 -0.28174731135368347 0.8864518404006958 -0.2817474901676178 -0.3671802878379822 0.2817472219467163 -0.8864520788192749 -0.36718010902404785 0.3671802580356598 -0.8864520192146301 -0.28174713253974915 0.2817472219467163 -0.367180198431015 0.8864520192146301 0.36718031764030457 -0.28174713253974915 0.8864520192146301 0.36718013882637024 -0.8864519000053406 0.28174760937690735 0.2817475199699402 -0.8864519000053406 0.3671802580356598 0.8864519000053406 -0.2817472815513611 0.36718040704727173 0.8864519000053406 -0.3671802580356598 0.2817474901676178 0.2817472219467163 0.367180198431015 -0.8864520192146301 0.36718031764030457 0.28174713253974915 -0.8864520192146301 0.36718013882637024 0.8864519000053406 -0.28174760937690735 0.2817475199699402 0.8864519000053406 -0.3671802580356598 0.8864519000053406 0.2817472815513611 -0.36718040704727173 0.8864519000053406 0.3671802580356598 -0.2817474901676178 0.36717984080314636 0.28174760937690735 0.8864520192146301 0.2817474901676178 0.36717987060546875 0.8864520192146301 0.8864519000053406 0.3671804964542389 0.28174731135368347 0.8864518404006958 0.2817474901676178 0.3671802878379822 0.2817472219467163 0.8864520788192749 0.36718010902404785 0.3671802580356598 0.8864520192146301 0.28174713253974915 -0.38268330693244934 6.3079936829524286e-09 -0.9238795638084412 -0.3826829195022583 -4.8299426680387114e-08 -0.9238796830177307 -0.9238795638084412 5.225718080481556e-09 -0.3826833665370941 -0.9238795638084412 1.2615985589548018e-08 -0.38268330693244934 -0.38268330693244934 -0.9238795638084412 -6.3079936829524286e-09 -0.38268330693244934 -0.9238796830177307 0.0 -0.9238795638084412 -0.3826833665370941 0.0 -0.9238796830177307 -0.38268333673477173 -1.2615986477726437e-08 -0.38268330693244934 -6.3079936829524286e-09 0.9238795638084412 -0.38268330693244934 0.0 0.9238796830177307 -0.9238795638084412 0.0 0.3826833665370941 -0.9238796830177307 -1.2615986477726437e-08 0.38268333673477173 -0.3826833665370941 0.9238795638084412 6.307995015220058e-09 -0.38268327713012695 0.9238796234130859 -1.2615984701369598e-08 -0.9238795042037964 0.3826836049556732 -3.045769148002364e-08 -0.9238796830177307 0.38268333673477173 1.2615986477726437e-08 2.851209579546321e-08 0.3826828896999359 -0.9238798022270203 1.376687777110419e-07 0.3826831877231598 -0.9238795638084412 5.702421645992217e-08 0.9238796830177307 -0.38268303871154785 -2.851212599352948e-08 0.9238796234130859 -0.38268330693244934 -2.851209579546321e-08 0.3826828896999359 0.9238798022270203 -1.376687777110419e-07 0.3826831877231598 0.9238795638084412 -5.702421645992217e-08 0.9238796830177307 0.38268303871154785 2.851212599352948e-08 0.9238796234130859 0.38268330693244934 0.9238796234130859 0.38268333673477173 -1.2615985589548018e-08 0.9238795042037964 0.3826836049556732 3.045769148002364e-08 0.38268327713012695 0.9238796234130859 1.2615984701369598e-08 0.3826833665370941 0.9238795638084412 -6.307995015220058e-09 0.38268330693244934 -6.3079936829524286e-09 -0.9238795638084412 0.3826829195022583 4.8299426680387114e-08 -0.9238796830177307 0.9238795638084412 -5.225718080481556e-09 -0.3826833665370941 0.9238795638084412 -1.2615985589548018e-08 -0.38268330693244934 0.38268330693244934 6.3079936829524286e-09 0.9238795638084412 0.3826829195022583 -4.8299426680387114e-08 0.9238796830177307 0.9238795638084412 5.225718080481556e-09 0.3826833665370941 0.9238795638084412 1.2615985589548018e-08 0.38268330693244934 0.3826833665370941 -0.9238795638084412 6.307995015220058e-09 0.38268327713012695 -0.9238796234130859 -1.2615984701369598e-08 0.9238795042037964 -0.3826836049556732 -3.045769148002364e-08 0.9238796830177307 -0.38268333673477173 1.2615986477726437e-08 -2.851209579546321e-08 -0.3826828896999359 -0.9238798022270203 -1.376687777110419e-07 -0.3826831877231598 -0.9238795638084412 -5.702421645992217e-08 -0.9238796830177307 -0.38268303871154785 2.851212599352948e-08 -0.9238796234130859 -0.38268330693244934 2.851212599352948e-08 -0.38268330693244934 0.9238796234130859 0.0 -0.3826831877231598 0.9238795638084412 0.0 -0.9238795638084412 0.3826831877231598 -2.851212599352948e-08 -0.9238796234130859 0.38268330693244934 0.0 0.0 -1.0 0.0 0.0 -1.0 -1.0 0.0 0.0 -1.0 0.0 0.0 0.0 -1.0 0.0 0.0 -1.0 0.0 0.0 0.0 1.0 0.0 0.0 1.0 0.0 1.0 0.0 0.0 1.0 0.0 1.0 0.0 0.0 1.0 0.0 0.0</float_array><technique_common><accessor source="#mesh2-normals-array" count="108" stride="3"><param name="X" type="float" /><param name="Y" type="float" /><param name="Z" type="float" /></accessor></technique_common></source><vertices id="mesh2-vertices"><input semantic="POSITION" source="#mesh2-positions" /></vertices><triangles count="108" material="ivory"><input semantic="VERTEX" source="#mesh2-vertices" offset="0" /><input semantic="NORMAL" source="#mesh2-normals" offset="1" /><p>0 0 3 0 4 0 0 1 4 1 6 1 1 2 5 2 4 2 1 3 4 3 3 3 2 4 6 4 4 4 2 5 4 5 5 5 7 6 10 6 11 6 7 7 11 7 13 7 8 8 12 8 11 8 8 9 11 9 10 9 9 10 13 10 11 10 9 11 11 11 12 11 14 12 17 12 18 12 14 13 18 13 20 13 15 14 19 14 18 14 15 15 18 15 17 15 16 16 20 16 18 16 16 17 18 17 19 17 21 18 24 18 25 18 21 19 25 19 27 19 22 20 26 20 25 20 22 21 25 21 24 21 23 22 27 22 25 22 23 23 25 23 26 23 28 24 31 24 32 24 28 25 32 25 34 25 29 26 33 26 32 26 29 27 32 27 31 27 30 28 34 28 32 28 30 29 32 29 33 29 35 30 38 30 39 30 35 31 39 31 41 31 36 32 40 32 39 32 36 33 39 33 38 33 37 34 41 34 39 34 37 35 39 35 40 35 42 36 45 36 46 36 42 37 46 37 48 37 43 38 47 38 46 38 43 39 46 39 45 39 44 40 48 40 46 40 44 41 46 41 47 41 49 42 52 42 53 42 49 43 53 43 55 43 50 44 54 44 53 44 50 45 53 45 52 45 51 46 55 46 53 46 51 47 53 47 54 47 14 48 0 48 6 48 14 49 6 49 17 49 17 50 6 50 2 50 17 51 2 51 15 51 1 52 7 52 13 52 1 53 13 53 5 53 5 54 13 54 9 54 5 55 9 55 2 55 8 56 21 56 27 56 8 57 27 57 12 57 12 58 27 58 23 58 12 59 23 59 9 59 22 60 16 60 19 60 22 61 19 61 26 61 26 62 19 62 15 62 26 63 15 63 23 63 42 64 14 64 20 64 42 65 20 65 45 65 45 66 20 66 16 66 45 67 16 67 43 67 21 68 49 68 55 68 21 69 55 69 24 69 24 70 55 70 51 70 24 71 51 71 22 71 50 72 44 72 47 72 50 73 47 73 54 73 54 74 47 74 43 74 54 75 43 75 51 75 28 76 42 76 48 76 28 77 48 77 31 77 31 78 48 78 44 78 31 79 44 79 29 79 49 80 35 80 41 80 49 81 41 81 52 81 52 82 41 82 37 82 52 83 37 83 50 83 36 84 30 84 33 84 36 85 33 85 40 85 40 86 33 86 29 86 40 87 29 87 37 87 0 88 28 88 34 88 0 89 34 89 3 89 3 90 34 90 30 90 3 91 30 91 1 91 35 92 8 92 10 92 35 93 10 93 38 93 38 94 10 94 7 94 38 95 7 95 36 95 14 96 42 96 28 96 14 97 28 97 0 97 2 98 9 98 23 98 2 99 23 99 15 99 30 100 36 100 7 100 30 101 7 101 1 101 49 102 21 102 8 102 49 103 8 103 35 103 16 104 22 104 51 104 16 105 51 105 43 105 44 106 50 106 37 106 44 107 37 107 29 107</p></triangles></mesh></geometry><geometry id="mesh3"><mesh><source id="mesh3-positions"><float_array id="mesh3-array" count="168">-0.10450000315904617 -0.02557249926030636 -0.03557249903678894 -0.10450000315904617 -0.03557249903678894 -0.02557249926030636 -0.1145000010728836 -0.02557249926030636 -0.02557249926030636 -0.10450000315904617 -0.03264356777071953 -0.03264356777071953 -0.11027350276708603 -0.03134600445628166 -0.03134600445628166 -0.11157107353210449 -0.03264356777071953 -0.025572501122951508 -0.11157107353210449 -0.025572501122951508 -0.03264356777071953 -0.10450000315904617 -0.03557249903678894 0.02557249926030636 -0.10450000315904617 -0.02557249926030636 0.03557249903678894 -0.1145000010728836 -0.02557249926030636 0.02557249926030636 -0.10450000315904617 -0.03264356777071953 0.03264356777071953 -0.11027350276708603 -0.03134600445628166 0.03134600445628166 -0.11157107353210449 -0.025572501122951508 0.03264356777071953 -0.11157107353210449 -0.03264356777071953 0.025572501122951508 -0.10450000315904617 0.02557249926030636 -0.03557249903678894 -0.1145000010728836 0.02557249926030636 -0.02557249926030636 -0.10450000315904617 0.03557249903678894 -0.02557249926030636 -0.11157107353210449 0.025572501122951508 -0.03264356777071953 -0.11027351021766663 0.03134600445628166 -0.03134600445628166 -0.11157107353210449 0.03264356777071953 -0.025572501122951508 -0.10450000315904617 0.03264356777071953 -0.03264356777071953 -0.10450000315904617 0.02557249926030636 0.03557249903678894 -0.10450000315904617 0.03557249903678894 0.02557249926030636 -0.1145000010728836 0.02557249926030636 0.02557249926030636 -0.10450000315904617 0.03264356777071953 0.03264356777071953 -0.11027350276708603 0.03134600445628166 0.03134600445628166 -0.11157107353210449 0.03264356777071953 0.025572501122951508 -0.11157107353210449 0.025572501122951508 0.03264356777071953 -0.0794999971985817 -0.02557249926030636 -0.03557249903678894 -0.06949999928474426 -0.02557249926030636 -0.02557249926030636 -0.0794999971985817 -0.03557249903678894 -0.02557249926030636 -0.07242892682552338 -0.025572501122951508 -0.03264356777071953 -0.07372649013996124 -0.03134600445628166 -0.03134600445628166 -0.07242892682552338 -0.03264356777071953 -0.025572501122951508 -0.0794999971985817 -0.03264356777071953 -0.03264356777071953 -0.0794999971985817 -0.02557249926030636 0.03557249903678894 -0.0794999971985817 -0.03557249903678894 0.02557249926030636 -0.06949999928474426 -0.02557249926030636 0.02557249926030636 -0.0794999971985817 -0.03264356777071953 0.03264356777071953 -0.07372649759054184 -0.03134600445628166 0.03134600445628166 -0.07242892682552338 -0.03264356777071953 0.025572501122951508 -0.07242892682552338 -0.025572501122951508 0.03264356777071953 -0.0794999971985817 0.02557249926030636 -0.03557249903678894 -0.0794999971985817 0.03557249903678894 -0.02557249926030636 -0.06949999928474426 0.02557249926030636 -0.02557249926030636 -0.0794999971985817 0.03264356777071953 -0.03264356777071953 -0.07372649759054184 0.03134600445628166 -0.03134600445628166 -0.07242892682552338 0.03264356777071953 -0.025572501122951508 -0.07242892682552338 0.025572501122951508 -0.03264356777071953 -0.0794999971985817 0.02557249926030636 0.03557249903678894 -0.06949999928474426 0.02557249926030636 0.02557249926030636 -0.0794999971985817 0.03557249903678894 0.02557249926030636 -0.07242892682552338 0.025572501122951508 0.03264356777071953 -0.07372649013996124 0.03134600445628166 0.03134600445628166 -0.07242892682552338 0.03264356777071953 0.025572501122951508 -0.0794999971985817 0.03264356777071953 0.03264356777071953</float_array><technique_common><accessor source="#mesh3-array" count="56" stride="3"><param name="X" type="float" /><param name="Y" type="float" /><param name="Z" type="float" /></accessor></technique_common></source><source id="mesh3-normals"><float_array id="mesh3-normals-array" count="324">-0.2817470133304596 -0.36718031764030457 -0.8864520192146301 -0.367180198431015 -0.28174710273742676 -0.8864520192146301 -0.36718031764030457 -0.8864520192146301 -0.28174713253974915 -0.2817470133304596 -0.8864520192146301 -0.36718031764030457 -0.8864520788192749 -0.2817472815513611 -0.3671802282333374 -0.8864520192146301 -0.3671802282333374 -0.2817472815513611 -0.2817470133304596 -0.8864520192146301 0.36718031764030457 -0.367180198431015 -0.8864520192146301 0.28174710273742676 -0.36718031764030457 -0.28174713253974915 0.8864520192146301 -0.2817470133304596 -0.36718031764030457 0.8864520192146301 -0.8864520192146301 -0.3671802282333374 0.2817472815513611 -0.8864520788192749 -0.2817472815513611 0.3671802282333374 -0.3671802282333374 0.28174713253974915 -0.8864521384239197 -0.281747043132782 0.3671802878379822 -0.8864521384239197 -0.8864521384239197 0.3671800494194031 -0.2817472517490387 -0.8864521384239197 0.2817472517490387 -0.3671800494194031 -0.2817470133304596 0.8864521384239197 -0.3671802580356598 -0.36718013882637024 0.8864521384239197 -0.28174710273742676 -0.2817470133304596 0.36718031764030457 0.8864520192146301 -0.367180198431015 0.28174710273742676 0.8864520192146301 -0.36718031764030457 0.8864520192146301 0.28174713253974915 -0.2817470133304596 0.8864520192146301 0.36718031764030457 -0.8864520788192749 0.2817472815513611 0.3671802282333374 -0.8864520192146301 0.3671802282333374 0.2817472815513611 0.3671802282333374 -0.28174713253974915 -0.8864521384239197 0.281747043132782 -0.3671802878379822 -0.8864521384239197 0.8864521384239197 -0.3671800494194031 -0.2817472517490387 0.8864521384239197 -0.2817472517490387 -0.3671800494194031 0.2817470133304596 -0.8864521384239197 -0.3671802580356598 0.36718013882637024 -0.8864521384239197 -0.28174710273742676 0.2817470133304596 -0.36718031764030457 0.8864520192146301 0.367180198431015 -0.28174710273742676 0.8864520192146301 0.36718031764030457 -0.8864520192146301 0.28174713253974915 0.2817470133304596 -0.8864520192146301 0.36718031764030457 0.8864520788192749 -0.2817472815513611 0.3671802282333374 0.8864520192146301 -0.3671802282333374 0.2817472815513611 0.2817470133304596 0.36718031764030457 -0.8864520192146301 0.367180198431015 0.28174710273742676 -0.8864520192146301 0.36718031764030457 0.8864520192146301 -0.28174713253974915 0.2817470133304596 0.8864520192146301 -0.36718031764030457 0.8864520788192749 0.2817472815513611 -0.3671802282333374 0.8864520192146301 0.3671802282333374 -0.2817472815513611 0.3671802282333374 0.28174713253974915 0.8864521384239197 0.281747043132782 0.3671802878379822 0.8864521384239197 0.8864521384239197 0.3671800494194031 0.2817472517490387 0.8864521384239197 0.2817472517490387 0.3671800494194031 0.2817470133304596 0.8864521384239197 0.3671802580356598 0.36718013882637024 0.8864521384239197 0.28174710273742676 -0.38268333673477173 -6.9684555903393175e-09 -0.9238796830177307 -0.38268327713012695 -1.3936907627964956e-08 -0.9238796234130859 -0.9238795638084412 -3.3646685437815904e-08 -0.38268327713012695 -0.9238796830177307 0.0 -0.3826830983161926 -0.38268333673477173 -0.9238796830177307 6.9684555903393175e-09 -0.3826833963394165 -0.9238796234130859 0.0 -0.9238795638084412 -0.38268327713012695 0.0 -0.9238796830177307 -0.38268333673477173 0.0 -0.38268333673477173 6.9684555903393175e-09 0.9238796830177307 -0.3826833963394165 0.0 0.9238796234130859 -0.9238795638084412 0.0 0.38268327713012695 -0.9238796830177307 0.0 0.38268333673477173 -0.3826832175254822 0.9238796234130859 -6.968453369893268e-09 -0.38268333673477173 0.9238795638084412 1.3936909404321796e-08 -0.9238796830177307 0.3826830983161926 3.364668899052958e-08 -0.9238796830177307 0.38268333673477173 0.0 0.0 0.38268330693244934 -0.9238796234130859 0.0 0.38268330693244934 -0.9238796234130859 0.0 0.9238796234130859 -0.38268330693244934 0.0 0.9238796234130859 -0.38268330693244934 0.0 0.38268330693244934 0.9238796234130859 0.0 0.38268330693244934 0.9238796234130859 0.0 0.9238796234130859 0.38268330693244934 0.0 0.9238796234130859 0.38268330693244934 0.9238796830177307 0.38268333673477173 0.0 0.9238796830177307 0.38268306851387024 -3.364668899052958e-08 0.3826833963394165 0.9238796234130859 -1.3936911180678635e-08 0.3826831877231598 0.9238796234130859 6.9684524817148485e-09 0.38268333673477173 6.9684555903393175e-09 -0.9238796830177307 0.38268327713012695 1.3936907627964956e-08 -0.9238796234130859 0.9238795638084412 3.3646685437815904e-08 -0.38268327713012695 0.9238796830177307 0.0 -0.3826830983161926 0.38268333673477173 -6.9684555903393175e-09 0.9238796830177307 0.38268327713012695 -1.3936907627964956e-08 0.9238796234130859 0.9238795638084412 -3.3646685437815904e-08 0.38268327713012695 0.9238796830177307 0.0 0.3826830983161926 0.3826832175254822 -0.9238796234130859 -6.968453369893268e-09 0.38268333673477173 -0.9238795638084412 1.3936909404321796e-08 0.9238796830177307 -0.3826830983161926 3.364668899052958e-08 0.9238796830177307 -0.38268333673477173 0.0 0.0 -0.38268330693244934 -0.9238796234130859 0.0 -0.38268330693244934 -0.9238796234130859 0.0 -0.9238796234130859 -0.38268330693244934 0.0 -0.9238796234130859 -0.38268330693244934 0.0 -0.38268330693244934 0.9238796234130859 0.0 -0.38268330693244934 0.9238796234130859 0.0 -0.9238796234130859 0.38268330693244934 0.0 -0.9238796234130859 0.38268330693244934 0.0 0.0 -1.0 0.0 0.0 -1.0 -1.0 0.0 0.0 -1.0 0.0 0.0 0.0 -1.0 0.0 0.0 -1.0 0.0 0.0 0.0 1.0 0.0 0.0 1.0 0.0 1.0 0.0 0.0 1.0 0.0 1.0 0.0 0.0 1.0 0.0 0.0</float_array><technique_common><accessor source="#mesh3-normals-array" count="108" stride="3"><param name="X" type="float" /><param name="Y" type="float" /><param name="Z" type="float" /></accessor></technique_common></source><vertices id="mesh3-vertices"><input semantic="POSITION" source="#mesh3-positions" /></vertices><triangles count="108" material="ivory"><input semantic="VERTEX" source="#mesh3-vertices" offset="0" /><input semantic="NORMAL" source="#mesh3-normals" offset="1" /><p>0 0 3 0 4 0 0 1 4 1 6 1 1 2 5 2 4 2 1 3 4 3 3 3 2 4 6 4 4 4 2 5 4 5 5 5 7 6 10 6 11 6 7 7 11 7 13 7 8 8 12 8 11 8 8 9 11 9 10 9 9 10 13 10 11 10 9 11 11 11 12 11 14 12 17 12 18 12 14 13 18 13 20 13 15 14 19 14 18 14 15 15 18 15 17 15 16 16 20 16 18 16 16 17 18 17 19 17 21 18 24 18 25 18 21 19 25 19 27 19 22 20 26 20 25 20 22 21 25 21 24 21 23 22 27 22 25 22 23 23 25 23 26 23 28 24 31 24 32 24 28 25 32 25 34 25 29 26 33 26 32 26 29 27 32 27 31 27 30 28 34 28 32 28 30 29 32 29 33 29 35 30 38 30 39 30 35 31 39 31 41 31 36 32 40 32 39 32 36 33 39 33 38 33 37 34 41 34 39 34 37 35 39 35 40 35 42 36 45 36 46 36 42 37 46 37 48 37 43 38 47 38 46 38 43 39 46 39 45 39 44 40 48 40 46 40 44 41 46 41 47 41 49 42 52 42 53 42 49 43 53 43 55 43 50 44 54 44 53 44 50 45 53 45 52 45 51 46 55 46 53 46 51 47 53 47 54 47 14 48 0 48 6 48 14 49 6 49 17 49 17 50 6 50 2 50 17 51 2 51 15 51 1 52 7 52 13 52 1 53 13 53 5 53 5 54 13 54 9 54 5 55 9 55 2 55 8 56 21 56 27 56 8 57 27 57 12 57 12 58 27 58 23 58 12 59 23 59 9 59 22 60 16 60 19 60 22 61 19 61 26 61 26 62 19 62 15 62 26 63 15 63 23 63 42 64 14 64 20 64 42 65 20 65 45 65 45 66 20 66 16 66 45 67 16 67 43 67 21 68 49 68 55 68 21 69 55 69 24 69 24 70 55 70 51 70 24 71 51 71 22 71 50 72 44 72 47 72 50 73 47 73 54 73 54 74 47 74 43 74 54 75 43 75 51 75 28 76 42 76 48 76 28 77 48 77 31 77 31 78 48 78 44 78 31 79 44 79 29 79 49 80 35 80 41 80 49 81 41 81 52 81 52 82 41 82 37 82 52 83 37 83 50 83 36 84 30 84 33 84 36 85 33 85 40 85 40 86 33 86 29 86 40 87 29 87 37 87 0 88 28 88 34 88 0 89 34 89 3 89 3 90 34 90 30 90 3 91 30 91 1 91 35 92 8 92 10 92 35 93 10 93 38 93 38 94 10 94 7 94 38 95 7 95 36 95 14 96 42 96 28 96 14 97 28 97 0 97 2 98 9 98 23 98 2 99 23 99 15 99 30 100 36 100 7 100 30 101 7 101 1 101 49 102 21 102 8 102 49 103 8 103 35 103 16 104 22 104 51 104 16 105 51 105 43 105 44 106 50 106 37 106 44 107 37 107 29 107</p></triangles></mesh></geometry><geometry id="mesh4"><mesh><source id="mesh4-positions"><float_array id="mesh4-array" count="168">-0.16349999606609344 -0.022894999012351036 -0.03289499878883362 -0.16349999606609344 -0.03289499878883362 -0.022894999012351036 -0.17350000143051147 -0.022894999012351036 -0.022895000874996185 -0.16349999606609344 -0.029966069385409355 -0.029966067522764206 -0.1692734956741333 -0.02866850420832634 -0.02866850420832634 -0.17057105898857117 -0.029966069385409355 -0.022895000874996185 -0.17057105898857117 -0.022895000874996185 -0.029966067522764206 -0.16349999606609344 -0.03289499878883362 0.022894999012351036 -0.16349999606609344 -0.022894999012351036 0.03289499878883362 -0.17350000143051147 -0.022895000874996185 0.022894999012351036 -0.16349999606609344 -0.029966067522764206 0.029966069385409355 -0.1692734956741333 -0.02866850420832634 0.02866850420832634 -0.17057105898857117 -0.022895000874996185 0.029966069385409355 -0.17057105898857117 -0.029966067522764206 0.022895000874996185 -0.16349999606609344 0.022894999012351036 -0.03289499878883362 -0.17350000143051147 0.022895000874996185 -0.022894999012351036 -0.16349999606609344 0.03289499878883362 -0.022894999012351036 -0.17057105898857117 0.022895000874996185 -0.029966069385409355 -0.1692734956741333 0.02866850420832634 -0.02866850420832634 -0.17057105898857117 0.029966067522764206 -0.022895000874996185 -0.16349999606609344 0.029966067522764206 -0.029966069385409355 -0.16349999606609344 0.022894999012351036 0.03289499878883362 -0.16349999606609344 0.03289499878883362 0.022894999012351036 -0.17350000143051147 0.022894999012351036 0.022895000874996185 -0.16349999606609344 0.029966069385409355 0.029966067522764206 -0.1692734956741333 0.02866850420832634 0.02866850420832634 -0.17057105898857117 0.029966069385409355 0.022895000874996185 -0.17057105898857117 0.022895000874996185 0.029966067522764206 -0.13849999010562897 -0.022894999012351036 -0.03289499878883362 -0.12849998474121094 -0.022895000874996185 -0.022894999012351036 -0.13849999010562897 -0.03289499878883362 -0.022894999012351036 -0.13142892718315125 -0.022895000874996185 -0.029966069385409355 -0.1327264904975891 -0.02866850420832634 -0.02866850420832634 -0.13142892718315125 -0.029966067522764206 -0.022895000874996185 -0.13849999010562897 -0.029966067522764206 -0.029966069385409355 -0.13849999010562897 -0.022894999012351036 0.03289499878883362 -0.13849999010562897 -0.03289499878883362 0.022894999012351036 -0.12849998474121094 -0.022894999012351036 0.022895000874996185 -0.13849999010562897 -0.029966069385409355 0.029966067522764206 -0.1327264904975891 -0.02866850420832634 0.02866850420832634 -0.13142892718315125 -0.029966069385409355 0.022895000874996185 -0.13142892718315125 -0.022895000874996185 0.029966067522764206 -0.13849999010562897 0.022894999012351036 -0.03289499878883362 -0.13849999010562897 0.03289499878883362 -0.022894999012351036 -0.12849998474121094 0.022894999012351036 -0.022895000874996185 -0.13849999010562897 0.029966069385409355 -0.029966067522764206 -0.1327264904975891 0.02866850420832634 -0.02866850420832634 -0.13142892718315125 0.029966069385409355 -0.022895000874996185 -0.13142892718315125 0.022895000874996185 -0.029966067522764206 -0.13849999010562897 0.022894999012351036 0.03289499878883362 -0.12849998474121094 0.022895000874996185 0.022894999012351036 -0.13849999010562897 0.03289499878883362 0.022894999012351036 -0.13142892718315125 0.022895000874996185 0.029966069385409355 -0.1327264904975891 0.02866850420832634 0.02866850420832634 -0.13142892718315125 0.029966067522764206 0.022895000874996185 -0.13849999010562897 0.029966067522764206 0.029966069385409355</float_array><technique_common><accessor source="#mesh4-array" count="56" stride="3"><param name="X" type="float" /><param name="Y" type="float" /><param name="Z" type="float" /></accessor></technique_common></source><source id="mesh4-normals"><float_array id="mesh4-normals-array" count="324">-0.28174713253974915 -0.3671802282333374 -0.8864521384239197 -0.367180198431015 -0.28174710273742676 -0.8864520192146301 -0.3671800196170807 -0.8864521384239197 -0.28174740076065063 -0.2817472517490387 -0.8864520192146301 -0.36718007922172546 -0.8864519000053406 -0.2817472517490387 -0.36718031764030457 -0.8864520788192749 -0.367180198431015 -0.28174740076065063 -0.28174710273742676 -0.8864520192146301 0.3671802282333374 -0.367180198431015 -0.8864520192146301 0.28174710273742676 -0.3671800196170807 -0.28174734115600586 0.8864520192146301 -0.2817472517490387 -0.36718007922172546 0.8864520192146301 -0.8864519000053406 -0.36718031764030457 0.2817472517490387 -0.8864520788192749 -0.28174740076065063 0.367180198431015 -0.3671799302101135 0.28174734115600586 -0.8864521384239197 -0.2817472517490387 0.3671800494194031 -0.8864521384239197 -0.8864521384239197 0.36718013882637024 -0.2817472517490387 -0.8864520192146301 0.28174734115600586 -0.3671799898147583 -0.28174710273742676 0.8864521384239197 -0.3671801686286926 -0.36718013882637024 0.8864521384239197 -0.28174710273742676 -0.28174713253974915 0.3671802282333374 0.8864521384239197 -0.367180198431015 0.28174710273742676 0.8864520192146301 -0.3671800196170807 0.8864521384239197 0.28174740076065063 -0.2817472517490387 0.8864520192146301 0.36718007922172546 -0.8864519000053406 0.2817472517490387 0.36718031764030457 -0.8864520788192749 0.367180198431015 0.28174740076065063 0.3671799302101135 -0.28174734115600586 -0.8864521384239197 0.2817472517490387 -0.3671800494194031 -0.8864521384239197 0.8864521384239197 -0.36718013882637024 -0.2817472517490387 0.8864520192146301 -0.28174734115600586 -0.3671799898147583 0.28174710273742676 -0.8864521384239197 -0.3671801686286926 0.36718013882637024 -0.8864521384239197 -0.28174710273742676 0.28174713253974915 -0.3671802282333374 0.8864521384239197 0.367180198431015 -0.28174710273742676 0.8864520192146301 0.3671800196170807 -0.8864521384239197 0.28174740076065063 0.2817472517490387 -0.8864520192146301 0.36718007922172546 0.8864519000053406 -0.2817472517490387 0.36718031764030457 0.8864520788192749 -0.367180198431015 0.28174740076065063 0.28174713253974915 0.3671802282333374 -0.8864521384239197 0.367180198431015 0.28174710273742676 -0.8864520192146301 0.3671800196170807 0.8864521384239197 -0.28174740076065063 0.2817472517490387 0.8864520192146301 -0.36718007922172546 0.8864519000053406 0.2817472517490387 -0.36718031764030457 0.8864520788192749 0.367180198431015 -0.28174740076065063 0.3671799302101135 0.28174734115600586 0.8864521384239197 0.2817472517490387 0.3671800494194031 0.8864521384239197 0.8864521384239197 0.36718013882637024 0.2817472517490387 0.8864520192146301 0.28174734115600586 0.3671799898147583 0.28174710273742676 0.8864521384239197 0.3671801686286926 0.36718013882637024 0.8864521384239197 0.28174710273742676 -0.38268330693244934 0.0 -0.9238796234130859 -0.38268303871154785 -5.314834794489798e-08 -0.9238798022270203 -0.9238796234130859 -5.3148355050325335e-08 -0.3826833963394165 -0.9238796830177307 1.5566774536068806e-08 -0.38268300890922546 -0.38268330693244934 -0.9238796234130859 0.0 -0.38268306851387024 -0.9238796830177307 3.7581568079758654e-08 -0.9238796234130859 -0.3826833963394165 1.556679052328036e-08 -0.9238796234130859 -0.3826831877231598 -1.5566783417853003e-08 -0.38268330693244934 0.0 0.9238796234130859 -0.38268306851387024 3.7581568079758654e-08 0.9238796830177307 -0.9238796234130859 1.556679052328036e-08 0.3826833963394165 -0.9238796234130859 -1.5566783417853003e-08 0.3826831877231598 -0.3826832175254822 0.9238796234130859 0.0 -0.38268306851387024 0.9238796830177307 -2.201478821461933e-08 -0.9238796830177307 0.3826832175254822 2.201478466190565e-08 -0.9238796234130859 0.3826831877231598 1.5566783417853003e-08 0.0 0.3826831579208374 -0.9238797426223755 4.0322269967418833e-08 0.3826832175254822 -0.9238796830177307 -4.0322269967418833e-08 0.9238796830177307 -0.38268327713012695 0.0 0.9238797426223755 -0.3826831579208374 0.0 0.3826831579208374 0.9238797426223755 -4.0322269967418833e-08 0.3826832175254822 0.9238796830177307 4.0322269967418833e-08 0.9238796830177307 0.38268327713012695 0.0 0.9238797426223755 0.3826831579208374 0.9238796234130859 0.3826831877231598 -1.5566783417853003e-08 0.9238796830177307 0.3826831579208374 -2.201478466190565e-08 0.3826830983161926 0.9238796830177307 2.201478821461933e-08 0.3826832175254822 0.9238796234130859 0.0 0.38268330693244934 0.0 -0.9238796234130859 0.38268303871154785 5.314834794489798e-08 -0.9238798022270203 0.9238796234130859 5.3148355050325335e-08 -0.3826833963394165 0.9238796830177307 -1.5566774536068806e-08 -0.38268300890922546 0.38268330693244934 0.0 0.9238796234130859 0.38268303871154785 -5.314834794489798e-08 0.9238798022270203 0.9238796234130859 -5.3148355050325335e-08 0.3826833963394165 0.9238796830177307 1.5566774536068806e-08 0.38268300890922546 0.3826832175254822 -0.9238796234130859 0.0 0.38268306851387024 -0.9238796830177307 -2.201478821461933e-08 0.9238796830177307 -0.3826832175254822 2.201478466190565e-08 0.9238796234130859 -0.3826831877231598 1.5566783417853003e-08 0.0 -0.3826831579208374 -0.9238797426223755 -4.0322269967418833e-08 -0.3826832175254822 -0.9238796830177307 4.0322269967418833e-08 -0.9238796830177307 -0.38268327713012695 0.0 -0.9238797426223755 -0.3826831579208374 0.0 -0.3826831579208374 0.9238797426223755 4.0322269967418833e-08 -0.3826831877231598 0.9238795638084412 -4.0322269967418833e-08 -0.9238795638084412 0.3826831877231598 0.0 -0.9238797426223755 0.3826831579208374 0.0 0.0 -1.0 0.0 0.0 -1.0 -1.0 0.0 0.0 -1.0 0.0 0.0 0.0 -1.0 0.0 0.0 -1.0 0.0 0.0 0.0 1.0 0.0 0.0 1.0 0.0 1.0 0.0 0.0 1.0 0.0 1.0 0.0 0.0 1.0 0.0 0.0</float_array><technique_common><accessor source="#mesh4-normals-array" count="108" stride="3"><param name="X" type="float" /><param name="Y" type="float" /><param name="Z" type="float" /></accessor></technique_common></source><vertices id="mesh4-vertices"><input semantic="POSITION" source="#mesh4-positions" /></vertices><triangles count="108" material="ivory"><input semantic="VERTEX" source="#mesh4-vertices" offset="0" /><input semantic="NORMAL" source="#mesh4-normals" offset="1" /><p>0 0 3 0 4 0 0 1 4 1 6 1 1 2 5 2 4 2 1 3 4 3 3 3 2 4 6 4 4 4 2 5 4 5 5 5 7 6 10 6 11 6 7 7 11 7 13 7 8 8 12 8 11 8 8 9 11 9 10 9 9 10 13 10 11 10 9 11 11 11 12 11 14 12 17 12 18 12 14 13 18 13 20 13 15 14 19 14 18 14 15 15 18 15 17 15 16 16 20 16 18 16 16 17 18 17 19 17 21 18 24 18 25 18 21 19 25 19 27 19 22 20 26 20 25 20 22 21 25 21 24 21 23 22 27 22 25 22 23 23 25 23 26 23 28 24 31 24 32 24 28 25 32 25 34 25 29 26 33 26 32 26 29 27 32 27 31 27 30 28 34 28 32 28 30 29 32 29 33 29 35 30 38 30 39 30 35 31 39 31 41 31 36 32 40 32 39 32 36 33 39 33 38 33 37 34 41 34 39 34 37 35 39 35 40 35 42 36 45 36 46 36 42 37 46 37 48 37 43 38 47 38 46 38 43 39 46 39 45 39 44 40 48 40 46 40 44 41 46 41 47 41 49 42 52 42 53 42 49 43 53 43 55 43 50 44 54 44 53 44 50 45 53 45 52 45 51 46 55 46 53 46 51 47 53 47 54 47 14 48 0 48 6 48 14 49 6 49 17 49 17 50 6 50 2 50 17 51 2 51 15 51 1 52 7 52 13 52 1 53 13 53 5 53 5 54 13 54 9 54 5 55 9 55 2 55 8 56 21 56 27 56 8 57 27 57 12 57 12 58 27 58 23 58 12 59 23 59 9 59 22 60 16 60 19 60 22 61 19 61 26 61 26 62 19 62 15 62 26 63 15 63 23 63 42 64 14 64 20 64 42 65 20 65 45 65 45 66 20 66 16 66 45 67 16 67 43 67 21 68 49 68 55 68 21 69 55 69 24 69 24 70 55 70 51 70 24 71 51 71 22 71 50 72 44 72 47 72 50 73 47 73 54 73 54 74 47 74 43 74 54 75 43 75 51 75 28 76 42 76 48 76 28 77 48 77 31 77 31 78 48 78 44 78 31 79 44 79 29 79 49 80 35 80 41 80 49 81 41 81 52 81 52 82 41 82 37 82 52 83 37 83 50 83 36 84 30 84 33 84 36 85 33 85 40 85 40 86 33 86 29 86 40 87 29 87 37 87 0 88 28 88 34 88 0 89 34 89 3 89 3 90 34 90 30 90 3 91 30 91 1 91 35 92 8 92 10 92 35 93 10 93 38 93 38 94 10 94 7 94 38 95 7 95 36 95 14 96 42 96 28 96 14 97 28 97 0 97 2 98 9 98 23 98 2 99 23 99 15 99 30 100 36 100 7 100 30 101 7 101 1 101 49 102 21 102 8 102 49 103 8 103 35 103 16 104 22 104 51 104 16 105 51 105 43 105 44 106 50 106 37 106 44 107 37 107 29 107</p></triangles></mesh></geometry><geometry id="mesh5"><mesh><source id="mesh5-positions"><float_array id="mesh5-array" count="168">-0.2224999964237213 -0.020217500627040863 -0.030217500403523445 -0.2224999964237213 -0.030217500403523445 -0.020217500627040863 -0.23249998688697815 -0.020217500627040863 -0.020217500627040863 -0.2224999964237213 -0.027288569137454033 -0.027288569137454033 -0.22827349603176117 -0.025991003960371017 -0.025991003960371017 -0.22957105934619904 -0.027288569137454033 -0.020217500627040863 -0.22957105934619904 -0.020217500627040863 -0.027288569137454033 -0.2224999964237213 -0.030217500403523445 0.020217500627040863 -0.2224999964237213 -0.020217500627040863 0.030217500403523445 -0.23249998688697815 -0.020217500627040863 0.020217500627040863 -0.2224999964237213 -0.027288569137454033 0.027288569137454033 -0.22827349603176117 -0.025991003960371017 0.025991003960371017 -0.22957105934619904 -0.020217500627040863 0.027288569137454033 -0.22957105934619904 -0.027288569137454033 0.020217500627040863 -0.2224999964237213 0.020217500627040863 -0.030217500403523445 -0.23249998688697815 0.020217500627040863 -0.020217500627040863 -0.2224999964237213 0.030217500403523445 -0.020217500627040863 -0.22957105934619904 0.020217500627040863 -0.027288569137454033 -0.22827349603176117 0.025991003960371017 -0.025991003960371017 -0.22957105934619904 0.027288569137454033 -0.020217500627040863 -0.2224999964237213 0.027288569137454033 -0.027288569137454033 -0.2224999964237213 0.020217500627040863 0.030217500403523445 -0.2224999964237213 0.030217500403523445 0.020217500627040863 -0.23249998688697815 0.020217500627040863 0.020217500627040863 -0.2224999964237213 0.027288569137454033 0.027288569137454033 -0.22827349603176117 0.025991003960371017 0.025991003960371017 -0.22957105934619904 0.027288569137454033 0.020217500627040863 -0.22957105934619904 0.020217500627040863 0.027288569137454033 -0.19749999046325684 -0.020217500627040863 -0.030217500403523445 -0.1875 -0.020217500627040863 -0.020217500627040863 -0.19749999046325684 -0.030217500403523445 -0.020217500627040863 -0.1904289275407791 -0.020217500627040863 -0.027288569137454033 -0.19172649085521698 -0.025991003960371017 -0.025991003960371017 -0.1904289275407791 -0.027288569137454033 -0.020217500627040863 -0.19749999046325684 -0.027288569137454033 -0.027288569137454033 -0.19749999046325684 -0.020217500627040863 0.030217500403523445 -0.19749999046325684 -0.030217500403523445 0.020217500627040863 -0.1875 -0.020217500627040863 0.020217500627040863 -0.19749999046325684 -0.027288569137454033 0.027288569137454033 -0.19172649085521698 -0.025991003960371017 0.025991003960371017 -0.1904289275407791 -0.027288569137454033 0.020217500627040863 -0.1904289275407791 -0.020217500627040863 0.027288569137454033 -0.19749999046325684 0.020217500627040863 -0.030217500403523445 -0.19749999046325684 0.030217500403523445 -0.020217500627040863 -0.1875 0.020217500627040863 -0.020217500627040863 -0.19749999046325684 0.027288569137454033 -0.027288569137454033 -0.19172649085521698 0.025991003960371017 -0.025991003960371017 -0.1904289275407791 0.027288569137454033 -0.020217500627040863 -0.1904289275407791 0.020217500627040863 -0.027288569137454033 -0.19749999046325684 0.020217500627040863 0.030217500403523445 -0.1875 0.020217500627040863 0.020217500627040863 -0.19749999046325684 0.030217500403523445 0.020217500627040863 -0.1904289275407791 0.020217500627040863 0.027288569137454033 -0.19172649085521698 0.025991003960371017 0.025991003960371017 -0.1904289275407791 0.027288569137454033 0.020217500627040863 -0.19749999046325684 0.027288569137454033 0.027288569137454033</float_array><technique_common><accessor source="#mesh5-array" count="56" stride="3"><param name="X" type="float" /><param name="Y" type="float" /><param name="Z" type="float" /></accessor></technique_common></source><source id="mesh5-normals"><float_array id="mesh5-normals-array" count="324">-0.28174740076065063 -0.3671802878379822 -0.8864519596099854 -0.3671802878379822 -0.28174740076065063 -0.8864519596099854 -0.3671802878379822 -0.8864519596099854 -0.28174740076065063 -0.28174740076065063 -0.8864519596099854 -0.3671802878379822 -0.8864519596099854 -0.28174740076065063 -0.3671802878379822 -0.8864519596099854 -0.3671802878379822 -0.28174740076065063 -0.28174740076065063 -0.8864519596099854 0.3671802878379822 -0.3671802878379822 -0.8864519596099854 0.28174740076065063 -0.3671802878379822 -0.28174740076065063 0.8864519596099854 -0.28174740076065063 -0.3671802878379822 0.8864519596099854 -0.8864519596099854 -0.3671802878379822 0.28174740076065063 -0.8864519596099854 -0.28174740076065063 0.3671802878379822 -0.367180198431015 0.28174740076065063 -0.8864520788192749 -0.28174737095832825 0.367180198431015 -0.8864519596099854 -0.8864520192146301 0.36718007922172546 -0.28174737095832825 -0.8864520192146301 0.28174737095832825 -0.36718007922172546 -0.28174737095832825 0.8864519596099854 -0.367180198431015 -0.367180198431015 0.8864520788192749 -0.28174740076065063 -0.28174740076065063 0.3671802878379822 0.8864519596099854 -0.3671802878379822 0.28174740076065063 0.8864519596099854 -0.3671802878379822 0.8864519596099854 0.28174740076065063 -0.28174740076065063 0.8864519596099854 0.3671802878379822 -0.8864519596099854 0.28174740076065063 0.3671802878379822 -0.8864519596099854 0.3671802878379822 0.28174740076065063 0.367180198431015 -0.28174740076065063 -0.8864520788192749 0.28174737095832825 -0.367180198431015 -0.8864519596099854 0.8864520192146301 -0.36718007922172546 -0.28174737095832825 0.8864520192146301 -0.28174737095832825 -0.36718007922172546 0.28174737095832825 -0.8864519596099854 -0.367180198431015 0.367180198431015 -0.8864520788192749 -0.28174740076065063 0.28174740076065063 -0.3671802878379822 0.8864519596099854 0.3671802878379822 -0.28174740076065063 0.8864519596099854 0.3671802878379822 -0.8864519596099854 0.28174740076065063 0.28174740076065063 -0.8864519596099854 0.3671802878379822 0.8864519596099854 -0.28174740076065063 0.3671802878379822 0.8864519596099854 -0.3671802878379822 0.28174740076065063 0.28174740076065063 0.3671802878379822 -0.8864519596099854 0.3671802878379822 0.28174740076065063 -0.8864519596099854 0.3671802878379822 0.8864519596099854 -0.28174740076065063 0.28174740076065063 0.8864519596099854 -0.3671802878379822 0.8864519596099854 0.28174740076065063 -0.3671802878379822 0.8864519596099854 0.3671802878379822 -0.28174740076065063 0.367180198431015 0.28174740076065063 0.8864520788192749 0.28174737095832825 0.367180198431015 0.8864519596099854 0.8864520192146301 0.36718007922172546 0.28174737095832825 0.8864520192146301 0.28174737095832825 0.36718007922172546 0.28174737095832825 0.8864519596099854 0.367180198431015 0.367180198431015 0.8864520788192749 0.28174740076065063 -0.38268330693244934 0.0 -0.9238795638084412 -0.3826831877231598 -1.7628366322242073e-08 -0.9238796234130859 -0.9238795638084412 -4.255867125380064e-08 -0.38268330693244934 -0.9238796830177307 0.0 -0.3826830983161926 -0.38268330693244934 -0.9238795638084412 0.0 -0.38268330693244934 -0.9238795638084412 0.0 -0.9238795638084412 -0.38268330693244934 0.0 -0.9238795638084412 -0.38268330693244934 0.0 -0.38268330693244934 0.0 0.9238795638084412 -0.38268330693244934 0.0 0.9238795638084412 -0.9238795638084412 0.0 0.38268330693244934 -0.9238795638084412 0.0 0.38268330693244934 -0.3826831877231598 0.9238796234130859 0.0 -0.38268330693244934 0.9238795638084412 1.762837165131259e-08 -0.9238796830177307 0.3826830983161926 4.255867480651432e-08 -0.9238795638084412 0.38268330693244934 0.0 0.0 0.38268330693244934 -0.9238796234130859 0.0 0.38268330693244934 -0.9238796234130859 0.0 0.9238796234130859 -0.38268330693244934 0.0 0.9238796234130859 -0.38268330693244934 0.0 0.38268330693244934 0.9238796234130859 0.0 0.38268330693244934 0.9238796234130859 0.0 0.9238796234130859 0.38268330693244934 0.0 0.9238796234130859 0.38268330693244934 0.9238795638084412 0.38268330693244934 0.0 0.9238796830177307 0.3826830983161926 -4.255867480651432e-08 0.38268330693244934 0.9238795638084412 -1.762837165131259e-08 0.3826831877231598 0.9238796234130859 0.0 0.38268330693244934 0.0 -0.9238795638084412 0.3826831877231598 1.7628366322242073e-08 -0.9238796234130859 0.9238795638084412 4.255867125380064e-08 -0.38268330693244934 0.9238796830177307 0.0 -0.3826830983161926 0.38268330693244934 0.0 0.9238795638084412 0.3826831877231598 -1.7628366322242073e-08 0.9238796234130859 0.9238795638084412 -4.255867125380064e-08 0.38268330693244934 0.9238796830177307 0.0 0.3826830983161926 0.3826831877231598 -0.9238796234130859 0.0 0.38268330693244934 -0.9238795638084412 1.762837165131259e-08 0.9238796830177307 -0.3826830983161926 4.255867480651432e-08 0.9238795638084412 -0.38268330693244934 0.0 0.0 -0.38268330693244934 -0.9238796234130859 0.0 -0.38268330693244934 -0.9238796234130859 0.0 -0.9238796234130859 -0.38268330693244934 0.0 -0.9238796234130859 -0.38268330693244934 0.0 -0.38268330693244934 0.9238796234130859 0.0 -0.38268330693244934 0.9238796234130859 0.0 -0.9238796234130859 0.38268330693244934 0.0 -0.9238796234130859 0.38268330693244934 0.0 0.0 -1.0 0.0 0.0 -1.0 -1.0 0.0 0.0 -1.0 0.0 0.0 0.0 -1.0 0.0 0.0 -1.0 0.0 0.0 0.0 1.0 0.0 0.0 1.0 0.0 1.0 0.0 0.0 1.0 0.0 1.0 0.0 0.0 1.0 0.0 0.0</float_array><technique_common><accessor source="#mesh5-normals-array" count="108" stride="3"><param name="X" type="float" /><param name="Y" type="float" /><param name="Z" type="float" /></accessor></technique_common></source><vertices id="mesh5-vertices"><input semantic="POSITION" source="#mesh5-positions" /></vertices><triangles count="108" material="ivory"><input semantic="VERTEX" source="#mesh5-vertices" offset="0" /><input semantic="NORMAL" source="#mesh5-normals" offset="1" /><p>0 0 3 0 4 0 0 1 4 1 6 1 1 2 5 2 4 2 1 3 4 3 3 3 2 4 6 4 4 4 2 5 4 5 5 5 7 6 10 6 11 6 7 7 11 7 13 7 8 8 12 8 11 8 8 9 11 9 10 9 9 10 13 10 11 10 9 11 11 11 12 11 14 12 17 12 18 12 14 13 18 13 20 13 15 14 19 14 18 14 15 15 18 15 17 15 16 16 20 16 18 16 16 17 18 17 19 17 21 18 24 18 25 18 21 19 25 19 27 19 22 20 26 20 25 20 22 21 25 21 24 21 23 22 27 22 25 22 23 23 25 23 26 23 28 24 31 24 32 24 28 25 32 25 34 25 29 26 33 26 32 26 29 27 32 27 31 27 30 28 34 28 32 28 30 29 32 29 33 29 35 30 38 30 39 30 35 31 39 31 41 31 36 32 40 32 39 32 36 33 39 33 38 33 37 34 41 34 39 34 37 35 39 35 40 35 42 36 45 36 46 36 42 37 46 37 48 37 43 38 47 38 46 38 43 39 46 39 45 39 44 40 48 40 46 40 44 41 46 41 47 41 49 42 52 42 53 42 49 43 53 43 55 43 50 44 54 44 53 44 50 45 53 45 52 45 51 46 55 46 53 46 51 47 53 47 54 47 14 48 0 48 6 48 14 49 6 49 17 49 17 50 6 50 2 50 17 51 2 51 15 51 1 52 7 52 13 52 1 53 13 53 5 53 5 54 13 54 9 54 5 55 9 55 2 55 8 56 21 56 27 56 8 57 27 57 12 57 12 58 27 58 23 58 12 59 23 59 9 59 22 60 16 60 19 60 22 61 19 61 26 61 26 62 19 62 15 62 26 63 15 63 23 63 42 64 14 64 20 64 42 65 20 65 45 65 45 66 20 66 16 66 45 67 16 67 43 67 21 68 49 68 55 68 21 69 55 69 24 69 24 70 55 70 51 70 24 71 51 71 22 71 50 72 44 72 47 72 50 73 47 73 54 73 54 74 47 74 43 74 54 75 43 75 51 75 28 76 42 76 48 76 28 77 48 77 31 77 31 78 48 78 44 78 31 79 44 79 29 79 49 80 35 80 41 80 49 81 41 81 52 81 52 82 41 82 37 82 52 83 37 83 50 83 36 84 30 84 33 84 36 85 33 85 40 85 40 86 33 86 29 86 40 87 29 87 37 87 0 88 28 88 34 88 0 89 34 89 3 89 3 90 34 90 30 90 3 91 30 91 1 91 35 92 8 92 10 92 35 93 10 93 38 93 38 94 10 94 7 94 38 95 7 95 36 95 14 96 42 96 28 96 14 97 28 97 0 97 2 98 9 98 23 98 2 99 23 99 15 99 30 100 36 100 7 100 30 101 7 101 1 101 49 102 21 102 8 102 49 103 8 103 35 103 16 104 22 104 51 104 16 105 51 105 43 105 44 106 50 106 37 106 44 107 37 107 29 107</p></triangles></mesh></geometry><geometry id="mesh6"><mesh><source id="mesh6-positions"><float_array id="mesh6-array" count="168">-0.281499981880188 -0.01754000037908554 -0.027540000155568123 -0.281499981880188 -0.027540000155568123 -0.01754000037908554 -0.2915000021457672 -0.01754000037908554 -0.01754000037908554 -0.281499981880188 -0.02461106888949871 -0.02461106888949871 -0.28727349638938904 -0.023313503712415695 -0.023313503712415695 -0.2885710597038269 -0.02461106888949871 -0.01754000037908554 -0.2885710597038269 -0.01754000037908554 -0.02461106888949871 -0.281499981880188 -0.027540000155568123 0.01754000037908554 -0.281499981880188 -0.01754000037908554 0.027540000155568123 -0.2915000021457672 -0.01754000037908554 0.01754000037908554 -0.281499981880188 -0.02461106888949871 0.02461106888949871 -0.28727349638938904 -0.023313503712415695 0.023313503712415695 -0.2885710597038269 -0.01754000037908554 0.02461106888949871 -0.2885710597038269 -0.02461106888949871 0.01754000037908554 -0.281499981880188 0.01754000037908554 -0.027540000155568123 -0.2915000021457672 0.01754000037908554 -0.01754000037908554 -0.281499981880188 0.027540000155568123 -0.01754000037908554 -0.2885710597038269 0.01754000037908554 -0.02461106888949871 -0.28727349638938904 0.023313503712415695 -0.023313503712415695 -0.2885710597038269 0.02461106888949871 -0.01754000037908554 -0.281499981880188 0.02461106888949871 -0.02461106888949871 -0.281499981880188 0.01754000037908554 0.027540000155568123 -0.281499981880188 0.027540000155568123 0.01754000037908554 -0.2915000021457672 0.01754000037908554 0.01754000037908554 -0.281499981880188 0.02461106888949871 0.02461106888949871 -0.28727349638938904 0.023313503712415695 0.023313503712415695 -0.2885710597038269 0.02461106888949871 0.01754000037908554 -0.2885710597038269 0.01754000037908554 0.02461106888949871 -0.2565000057220459 -0.01754000037908554 -0.027540000155568123 -0.24649998545646667 -0.01754000037908554 -0.01754000037908554 -0.2565000057220459 -0.027540000155568123 -0.01754000037908554 -0.24942892789840698 -0.01754000037908554 -0.02461106888949871 -0.25072649121284485 -0.023313503712415695 -0.023313503712415695 -0.24942892789840698 -0.02461106888949871 -0.01754000037908554 -0.2565000057220459 -0.02461106888949871 -0.02461106888949871 -0.2565000057220459 -0.01754000037908554 0.027540000155568123 -0.2565000057220459 -0.027540000155568123 0.01754000037908554 -0.24649998545646667 -0.01754000037908554 0.01754000037908554 -0.2565000057220459 -0.02461106888949871 0.02461106888949871 -0.25072649121284485 -0.023313503712415695 0.023313503712415695 -0.24942892789840698 -0.02461106888949871 0.01754000037908554 -0.24942892789840698 -0.01754000037908554 0.02461106888949871 -0.2565000057220459 0.01754000037908554 -0.027540000155568123 -0.2565000057220459 0.027540000155568123 -0.01754000037908554 -0.24649998545646667 0.01754000037908554 -0.01754000037908554 -0.2565000057220459 0.02461106888949871 -0.02461106888949871 -0.25072649121284485 0.023313503712415695 -0.023313503712415695 -0.24942892789840698 0.02461106888949871 -0.01754000037908554 -0.24942892789840698 0.01754000037908554 -0.02461106888949871 -0.2565000057220459 0.01754000037908554 0.027540000155568123 -0.24649998545646667 0.01754000037908554 0.01754000037908554 -0.2565000057220459 0.027540000155568123 0.01754000037908554 -0.24942892789840698 0.01754000037908554 0.02461106888949871 -0.25072649121284485 0.023313503712415695 0.023313503712415695 -0.24942892789840698 0.02461106888949871 0.01754000037908554 -0.2565000057220459 0.02461106888949871 0.02461106888949871</float_array><technique_common><accessor source="#mesh6-array" count="56" stride="3"><param name="X" type="float" /><param name="Y" type="float" /><param name="Z" type="float" /></accessor></technique_common></source><source id="mesh6-normals"><float_array id="mesh6-normals-array" count="324">-0.28174740076065063 -0.3671802878379822 -0.8864519596099854 -0.3671802878379822 -0.28174740076065063 -0.8864519596099854 -0.3671802580356598 -0.8864519596099854 -0.28174740076065063 -0.28174740076065063 -0.8864519596099854 -0.3671802282333374 -0.8864519596099854 -0.28174740076065063 -0.3671802878379822 -0.8864519596099854 -0.3671802878379822 -0.28174740076065063 -0.28174740076065063 -0.8864519596099854 0.3671802878379822 -0.3671802878379822 -0.8864519596099854 0.28174740076065063 -0.3671802580356598 -0.28174740076065063 0.8864519596099854 -0.28174740076065063 -0.3671802282333374 0.8864519596099854 -0.8864519596099854 -0.3671802878379822 0.28174740076065063 -0.8864519596099854 -0.28174740076065063 0.3671802878379822 -0.36718034744262695 0.28174740076065063 -0.8864519596099854 -0.28174740076065063 0.36718031764030457 -0.8864519596099854 -0.8864519000053406 0.3671804964542389 -0.281747430562973 -0.8864519000053406 0.28174740076065063 -0.3671804964542389 -0.281747430562973 0.8864519596099854 -0.36718034744262695 -0.36718034744262695 0.8864518404006958 -0.28174740076065063 -0.28174740076065063 0.3671802878379822 0.8864519596099854 -0.3671802878379822 0.28174740076065063 0.8864519596099854 -0.3671802580356598 0.8864519596099854 0.28174740076065063 -0.28174740076065063 0.8864519596099854 0.3671802282333374 -0.8864519596099854 0.28174740076065063 0.3671802878379822 -0.8864519596099854 0.3671802878379822 0.28174740076065063 0.36718034744262695 -0.28174740076065063 -0.8864519596099854 0.28174740076065063 -0.36718031764030457 -0.8864519596099854 0.8864519000053406 -0.3671804964542389 -0.281747430562973 0.8864519000053406 -0.28174740076065063 -0.3671804964542389 0.281747430562973 -0.8864519596099854 -0.36718034744262695 0.36718034744262695 -0.8864518404006958 -0.28174740076065063 0.28174740076065063 -0.3671802878379822 0.8864519596099854 0.3671802878379822 -0.28174740076065063 0.8864519596099854 0.3671802580356598 -0.8864519596099854 0.28174740076065063 0.28174740076065063 -0.8864519596099854 0.3671802282333374 0.8864519596099854 -0.28174740076065063 0.3671802878379822 0.8864519596099854 -0.3671802878379822 0.28174740076065063 0.28174740076065063 0.3671802878379822 -0.8864519596099854 0.3671802878379822 0.28174740076065063 -0.8864519596099854 0.3671802580356598 0.8864519596099854 -0.28174740076065063 0.28174740076065063 0.8864519596099854 -0.3671802282333374 0.8864519596099854 0.28174740076065063 -0.3671802878379822 0.8864519596099854 0.3671802878379822 -0.28174740076065063 0.36718034744262695 0.28174740076065063 0.8864519596099854 0.28174740076065063 0.36718031764030457 0.8864519596099854 0.8864519000053406 0.3671804964542389 0.281747430562973 0.8864519000053406 0.28174740076065063 0.3671804964542389 0.281747430562973 0.8864519596099854 0.36718034744262695 0.36718034744262695 0.8864518404006958 0.28174740076065063 -0.38268333673477173 1.0159681096411077e-08 -0.9238796234130859 -0.3826833963394165 2.0319363969178994e-08 -0.9238796234130859 -0.9238796234130859 4.905530204268871e-08 -0.38268333673477173 -0.9238795042037964 0.0 -0.38268351554870605 -0.38268333673477173 -0.9238796234130859 -1.0159681096411077e-08 -0.38268327713012695 -0.9238796234130859 0.0 -0.9238796234130859 -0.38268333673477173 0.0 -0.9238796234130859 -0.38268333673477173 0.0 -0.38268333673477173 -1.0159681096411077e-08 0.9238796234130859 -0.38268327713012695 0.0 0.9238796234130859 -0.9238796234130859 0.0 0.38268333673477173 -0.9238796234130859 0.0 0.38268333673477173 -0.3826834261417389 0.9238796234130859 1.0159682872767917e-08 -0.38268327713012695 0.9238796234130859 -2.0319360416465315e-08 -0.9238795042037964 0.38268351554870605 -4.905529493726135e-08 -0.9238796234130859 0.38268333673477173 0.0 0.0 0.38268330693244934 -0.9238796234130859 0.0 0.38268333673477173 -0.9238796830177307 0.0 0.9238796830177307 -0.38268333673477173 0.0 0.9238796234130859 -0.38268330693244934 0.0 0.38268330693244934 0.9238796234130859 0.0 0.38268333673477173 0.9238796830177307 0.0 0.9238796830177307 0.38268333673477173 0.0 0.9238796234130859 0.38268330693244934 0.9238796234130859 0.38268333673477173 0.0 0.9238795042037964 0.38268351554870605 4.905529493726135e-08 0.38268327713012695 0.9238796234130859 2.0319360416465315e-08 0.3826834261417389 0.9238796234130859 -1.0159682872767917e-08 0.38268333673477173 -1.0159681096411077e-08 -0.9238796234130859 0.3826833963394165 -2.0319363969178994e-08 -0.9238796234130859 0.9238796234130859 -4.905530204268871e-08 -0.38268333673477173 0.9238795042037964 0.0 -0.38268351554870605 0.38268333673477173 1.0159681096411077e-08 0.9238796234130859 0.3826833963394165 2.0319363969178994e-08 0.9238796234130859 0.9238796234130859 4.905530204268871e-08 0.38268333673477173 0.9238795042037964 0.0 0.38268351554870605 0.3826834261417389 -0.9238796234130859 1.0159682872767917e-08 0.38268327713012695 -0.9238796234130859 -2.0319360416465315e-08 0.9238795042037964 -0.38268351554870605 -4.905529493726135e-08 0.9238796234130859 -0.38268333673477173 0.0 0.0 -0.38268330693244934 -0.9238796234130859 0.0 -0.38268333673477173 -0.9238796830177307 0.0 -0.9238796830177307 -0.38268333673477173 0.0 -0.9238796234130859 -0.38268330693244934 0.0 -0.38268330693244934 0.9238796234130859 0.0 -0.38268330693244934 0.9238796234130859 0.0 -0.9238796234130859 0.38268330693244934 0.0 -0.9238796234130859 0.38268330693244934 0.0 0.0 -1.0 0.0 0.0 -1.0 -1.0 0.0 0.0 -1.0 0.0 0.0 0.0 -1.0 0.0 0.0 -1.0 0.0 0.0 0.0 1.0 0.0 0.0 1.0 0.0 1.0 0.0 0.0 1.0 0.0 1.0 0.0 0.0 1.0 0.0 0.0</float_array><technique_common><accessor source="#mesh6-normals-array" count="108" stride="3"><param name="X" type="float" /><param name="Y" type="float" /><param name="Z" type="float" /></accessor></technique_common></source><vertices id="mesh6-vertices"><input semantic="POSITION" source="#mesh6-positions" /></vertices><triangles count="108" material="ivory"><input semantic="VERTEX" source="#mesh6-vertices" offset="0" /><input semantic="NORMAL" source="#mesh6-normals" offset="1" /><p>0 0 3 0 4 0 0 1 4 1 6 1 1 2 5 2 4 2 1 3 4 3 3 3 2 4 6 4 4 4 2 5 4 5 5 5 7 6 10 6 11 6 7 7 11 7 13 7 8 8 12 8 11 8 8 9 11 9 10 9 9 10 13 10 11 10 9 11 11 11 12 11 14 12 17 12 18 12 14 13 18 13 20 13 15 14 19 14 18 14 15 15 18 15 17 15 16 16 20 16 18 16 16 17 18 17 19 17 21 18 24 18 25 18 21 19 25 19 27 19 22 20 26 20 25 20 22 21 25 21 24 21 23 22 27 22 25 22 23 23 25 23 26 23 28 24 31 24 32 24 28 25 32 25 34 25 29 26 33 26 32 26 29 27 32 27 31 27 30 28 34 28 32 28 30 29 32 29 33 29 35 30 38 30 39 30 35 31 39 31 41 31 36 32 40 32 39 32 36 33 39 33 38 33 37 34 41 34 39 34 37 35 39 35 40 35 42 36 45 36 46 36 42 37 46 37 48 37 43 38 47 38 46 38 43 39 46 39 45 39 44 40 48 40 46 40 44 41 46 41 47 41 49 42 52 42 53 42 49 43 53 43 55 43 50 44 54 44 53 44 50 45 53 45 52 45 51 46 55 46 53 46 51 47 53 47 54 47 14 48 0 48 6 48 14 49 6 49 17 49 17 50 6 50 2 50 17 51 2 51 15 51 1 52 7 52 13 52 1 53 13 53 5 53 5 54 13 54 9 54 5 55 9 55 2 55 8 56 21 56 27 56 8 57 27 57 12 57 12 58 27 58 23 58 12 59 23 59 9 59 22 60 16 60 19 60 22 61 19 61 26 61 26 62 19 62 15 62 26 63 15 63 23 63 42 64 14 64 20 64 42 65 20 65 45 65 45 66 20 66 16 66 45 67 16 67 43 67 21 68 49 68 55 68 21 69 55 69 24 69 24 70 55 70 51 70 24 71 51 71 22 71 50 72 44 72 47 72 50 73 47 73 54 73 54 74 47 74 43 74 54 75 43 75 51 75 28 76 42 76 48 76 28 77 48 77 31 77 31 78 48 78 44 78 31 79 44 79 29 79 49 80 35 80 41 80 49 81 41 81 52 81 52 82 41 82 37 82 52 83 37 83 50 83 36 84 30 84 33 84 36 85 33 85 40 85 40 86 33 86 29 86 40 87 29 87 37 87 0 88 28 88 34 88 0 89 34 89 3 89 3 90 34 90 30 90 3 91 30 91 1 91 35 92 8 92 10 92 35 93 10 93 38 93 38 94 10 94 7 94 38 95 7 95 36 95 14 96 42 96 28 96 14 97 28 97 0 97 2 98 9 98 23 98 2 99 23 99 15 99 30 100 36 100 7 100 30 101 7 101 1 101 49 102 21 102 8 102 49 103 8 103 35 103 16 104 22 104 51 104 16 105 51 105 43 105 44 106 50 106 37 106 44 107 37 107 29 107</p></triangles></mesh></geometry><geometry id="mesh7"><mesh><source id="mesh7-positions"><float_array id="mesh7-array" count="168">-0.34049999713897705 -0.014862500131130219 -0.0248624999076128 -0.34049999713897705 -0.0248624999076128 -0.014862500131130219 -0.3505000174045563 -0.014862500131130219 -0.014862500131130219 -0.34049999713897705 -0.02193356677889824 -0.02193356677889824 -0.3462735116481781 -0.020636001601815224 -0.020636001601815224 -0.34757107496261597 -0.02193356677889824 -0.014862499199807644 -0.34757107496261597 -0.014862499199807644 -0.02193356677889824 -0.34049999713897705 -0.0248624999076128 0.014862500131130219 -0.34049999713897705 -0.014862500131130219 0.0248624999076128 -0.3505000174045563 -0.014862500131130219 0.014862500131130219 -0.34049999713897705 -0.02193356677889824 0.02193356677889824 -0.3462735116481781 -0.020636001601815224 0.020636001601815224 -0.34757107496261597 -0.014862499199807644 0.02193356677889824 -0.34757107496261597 -0.02193356677889824 0.014862499199807644 -0.34049999713897705 0.014862500131130219 -0.0248624999076128 -0.3505000174045563 0.014862500131130219 -0.014862500131130219 -0.34049999713897705 0.0248624999076128 -0.014862500131130219 -0.34757107496261597 0.014862499199807644 -0.02193356677889824 -0.3462735116481781 0.020636001601815224 -0.020636001601815224 -0.34757107496261597 0.02193356677889824 -0.014862499199807644 -0.34049999713897705 0.02193356677889824 -0.02193356677889824 -0.34049999713897705 0.014862500131130219 0.0248624999076128 -0.34049999713897705 0.0248624999076128 0.014862500131130219 -0.3505000174045563 0.014862500131130219 0.014862500131130219 -0.34049999713897705 0.02193356677889824 0.02193356677889824 -0.3462735116481781 0.020636001601815224 0.020636001601815224 -0.34757107496261597 0.02193356677889824 0.014862499199807644 -0.34757107496261597 0.014862499199807644 0.02193356677889824 -0.31550002098083496 -0.014862500131130219 -0.0248624999076128 -0.30550000071525574 -0.014862500131130219 -0.014862500131130219 -0.31550002098083496 -0.0248624999076128 -0.014862500131130219 -0.30842894315719604 -0.014862499199807644 -0.02193356677889824 -0.3097265064716339 -0.020636001601815224 -0.020636001601815224 -0.30842894315719604 -0.02193356677889824 -0.014862499199807644 -0.31550002098083496 -0.02193356677889824 -0.02193356677889824 -0.31550002098083496 -0.014862500131130219 0.0248624999076128 -0.31550002098083496 -0.0248624999076128 0.014862500131130219 -0.30550000071525574 -0.014862500131130219 0.014862500131130219 -0.31550002098083496 -0.02193356677889824 0.02193356677889824 -0.3097265064716339 -0.020636001601815224 0.020636001601815224 -0.30842894315719604 -0.02193356677889824 0.014862499199807644 -0.30842894315719604 -0.014862499199807644 0.02193356677889824 -0.31550002098083496 0.014862500131130219 -0.0248624999076128 -0.31550002098083496 0.0248624999076128 -0.014862500131130219 -0.30550000071525574 0.014862500131130219 -0.014862500131130219 -0.31550002098083496 0.02193356677889824 -0.02193356677889824 -0.3097265064716339 0.020636001601815224 -0.020636001601815224 -0.30842894315719604 0.02193356677889824 -0.014862499199807644 -0.30842894315719604 0.014862499199807644 -0.02193356677889824 -0.31550002098083496 0.014862500131130219 0.0248624999076128 -0.30550000071525574 0.014862500131130219 0.014862500131130219 -0.31550002098083496 0.0248624999076128 0.014862500131130219 -0.30842894315719604 0.014862499199807644 0.02193356677889824 -0.3097265064716339 0.020636001601815224 0.020636001601815224 -0.30842894315719604 0.02193356677889824 0.014862499199807644 -0.31550002098083496 0.02193356677889824 0.02193356677889824</float_array><technique_common><accessor source="#mesh7-array" count="56" stride="3"><param name="X" type="float" /><param name="Y" type="float" /><param name="Z" type="float" /></accessor></technique_common></source><source id="mesh7-normals"><float_array id="mesh7-normals-array" count="324">-0.2817474603652954 -0.36718058586120605 -0.8864519000053406 -0.3671804666519165 -0.2817474603652954 -0.886451780796051 -0.3671805262565613 -0.886451780796051 -0.281747430562973 -0.281747430562973 -0.886451780796051 -0.36718058586120605 -0.8864519000053406 -0.281747430562973 -0.36718037724494934 -0.8864519000053406 -0.36718031764030457 -0.2817474603652954 -0.2817474603652954 -0.8864519000053406 0.36718058586120605 -0.3671804666519165 -0.886451780796051 0.2817474603652954 -0.3671805262565613 -0.2817474603652954 0.8864519000053406 -0.281747430562973 -0.36718058586120605 0.886451780796051 -0.8864519000053406 -0.36718037724494934 0.281747430562973 -0.8864519000053406 -0.2817474603652954 0.36718031764030457 -0.3671804368495941 0.2817474603652954 -0.8864519000053406 -0.281747430562973 0.3671805262565613 -0.886451780796051 -0.8864519596099854 0.3671801686286926 -0.28174740076065063 -0.8864519596099854 0.28174740076065063 -0.3671801686286926 -0.281747430562973 0.8864519000053406 -0.3671804964542389 -0.36718040704727173 0.8864519000053406 -0.2817474603652954 -0.2817474603652954 0.36718058586120605 0.8864519000053406 -0.3671804666519165 0.2817474603652954 0.886451780796051 -0.3671805262565613 0.886451780796051 0.281747430562973 -0.281747430562973 0.886451780796051 0.36718058586120605 -0.8864519000053406 0.281747430562973 0.36718037724494934 -0.8864519000053406 0.36718031764030457 0.2817474603652954 0.3671804368495941 -0.2817474603652954 -0.8864519000053406 0.281747430562973 -0.3671805262565613 -0.886451780796051 0.8864519596099854 -0.3671801686286926 -0.28174740076065063 0.8864519596099854 -0.28174740076065063 -0.3671801686286926 0.281747430562973 -0.8864519000053406 -0.3671804964542389 0.36718040704727173 -0.8864519000053406 -0.2817474603652954 0.2817474603652954 -0.36718058586120605 0.8864519000053406 0.3671804666519165 -0.2817474603652954 0.886451780796051 0.3671805262565613 -0.886451780796051 0.281747430562973 0.281747430562973 -0.886451780796051 0.36718058586120605 0.8864519000053406 -0.281747430562973 0.36718037724494934 0.8864519000053406 -0.36718031764030457 0.2817474603652954 0.2817474603652954 0.36718058586120605 -0.8864519000053406 0.3671804666519165 0.2817474603652954 -0.886451780796051 0.3671805262565613 0.886451780796051 -0.281747430562973 0.281747430562973 0.886451780796051 -0.36718058586120605 0.8864519000053406 0.281747430562973 -0.36718037724494934 0.8864519000053406 0.36718031764030457 -0.2817474603652954 0.3671804368495941 0.2817474603652954 0.8864519000053406 0.281747430562973 0.3671805262565613 0.886451780796051 0.8864519596099854 0.3671801686286926 0.28174740076065063 0.8864519596099854 0.28174740076065063 0.3671801686286926 0.281747430562973 0.8864519000053406 0.3671804964542389 0.36718040704727173 0.8864519000053406 0.2817474603652954 -0.38268351554870605 -1.198996812945552e-08 -0.9238795042037964 -0.3826834261417389 -2.397993270619736e-08 -0.9238795042037964 -0.9238796234130859 -5.789268442413231e-08 -0.3826834559440613 -0.9238796830177307 0.0 -0.3826832175254822 -0.38268351554870605 -0.9238795042037964 1.198996812945552e-08 -0.38268357515335083 -0.9238795638084412 0.0 -0.9238796234130859 -0.3826834559440613 0.0 -0.9238795638084412 -0.3826834261417389 0.0 -0.38268351554870605 1.198996812945552e-08 0.9238795042037964 -0.38268357515335083 0.0 0.9238795638084412 -0.9238796234130859 0.0 0.3826834559440613 -0.9238795638084412 0.0 0.3826834261417389 -0.3826834261417389 0.9238795638084412 -1.198996546492026e-08 -0.38268357515335083 0.9238795638084412 2.3979941587981557e-08 -0.9238796234130859 0.3826831579208374 5.789268442413231e-08 -0.9238795638084412 0.3826834261417389 0.0 0.0 0.3826836049556732 -0.9238795042037964 0.0 0.38268357515335083 -0.9238794445991516 0.0 0.9238794445991516 -0.38268357515335083 0.0 0.9238795042037964 -0.3826836049556732 0.0 0.3826836049556732 0.9238795042037964 0.0 0.38268357515335083 0.9238794445991516 0.0 0.9238794445991516 0.38268357515335083 0.0 0.9238795042037964 0.3826836049556732 0.9238795638084412 0.3826834261417389 0.0 0.9238796234130859 0.3826831579208374 -5.789268442413231e-08 0.38268357515335083 0.9238795638084412 -2.3979941587981557e-08 0.3826834261417389 0.9238795638084412 1.198996546492026e-08 0.38268351554870605 1.198996812945552e-08 -0.9238795042037964 0.3826834261417389 2.397993270619736e-08 -0.9238795042037964 0.9238796234130859 5.789268442413231e-08 -0.3826834559440613 0.9238796830177307 0.0 -0.3826832175254822 0.38268351554870605 -1.198996812945552e-08 0.9238795042037964 0.3826834261417389 -2.397993270619736e-08 0.9238795042037964 0.9238796234130859 -5.789268442413231e-08 0.3826834559440613 0.9238796830177307 0.0 0.3826832175254822 0.3826834261417389 -0.9238795638084412 -1.198996546492026e-08 0.38268357515335083 -0.9238795638084412 2.3979941587981557e-08 0.9238796234130859 -0.3826831579208374 5.789268442413231e-08 0.9238795638084412 -0.3826834261417389 0.0 0.0 -0.3826836049556732 -0.9238795042037964 0.0 -0.38268357515335083 -0.9238794445991516 0.0 -0.9238794445991516 -0.38268357515335083 0.0 -0.9238795042037964 -0.3826836049556732 0.0 -0.3826836049556732 0.9238795042037964 0.0 -0.3826836049556732 0.9238795042037964 0.0 -0.9238795042037964 0.3826836049556732 0.0 -0.9238795042037964 0.3826836049556732 0.0 0.0 -1.0 0.0 0.0 -1.0 -1.0 0.0 0.0 -1.0 0.0 0.0 0.0 -1.0 0.0 0.0 -1.0 0.0 0.0 0.0 1.0 0.0 0.0 1.0 0.0 1.0 0.0 0.0 1.0 0.0 1.0 0.0 0.0 1.0 0.0 0.0</float_array><technique_common><accessor source="#mesh7-normals-array" count="108" stride="3"><param name="X" type="float" /><param name="Y" type="float" /><param name="Z" type="float" /></accessor></technique_common></source><vertices id="mesh7-vertices"><input semantic="POSITION" source="#mesh7-positions" /></vertices><triangles count="108" material="ivory"><input semantic="VERTEX" source="#mesh7-vertices" offset="0" /><input semantic="NORMAL" source="#mesh7-normals" offset="1" /><p>0 0 3 0 4 0 0 1 4 1 6 1 1 2 5 2 4 2 1 3 4 3 3 3 2 4 6 4 4 4 2 5 4 5 5 5 7 6 10 6 11 6 7 7 11 7 13 7 8 8 12 8 11 8 8 9 11 9 10 9 9 10 13 10 11 10 9 11 11 11 12 11 14 12 17 12 18 12 14 13 18 13 20 13 15 14 19 14 18 14 15 15 18 15 17 15 16 16 20 16 18 16 16 17 18 17 19 17 21 18 24 18 25 18 21 19 25 19 27 19 22 20 26 20 25 20 22 21 25 21 24 21 23 22 27 22 25 22 23 23 25 23 26 23 28 24 31 24 32 24 28 25 32 25 34 25 29 26 33 26 32 26 29 27 32 27 31 27 30 28 34 28 32 28 30 29 32 29 33 29 35 30 38 30 39 30 35 31 39 31 41 31 36 32 40 32 39 32 36 33 39 33 38 33 37 34 41 34 39 34 37 35 39 35 40 35 42 36 45 36 46 36 42 37 46 37 48 37 43 38 47 38 46 38 43 39 46 39 45 39 44 40 48 40 46 40 44 41 46 41 47 41 49 42 52 42 53 42 49 43 53 43 55 43 50 44 54 44 53 44 50 45 53 45 52 45 51 46 55 46 53 46 51 47 53 47 54 47 14 48 0 48 6 48 14 49 6 49 17 49 17 50 6 50 2 50 17 51 2 51 15 51 1 52 7 52 13 52 1 53 13 53 5 53 5 54 13 54 9 54 5 55 9 55 2 55 8 56 21 56 27 56 8 57 27 57 12 57 12 58 27 58 23 58 12 59 23 59 9 59 22 60 16 60 19 60 22 61 19 61 26 61 26 62 19 62 15 62 26 63 15 63 23 63 42 64 14 64 20 64 42 65 20 65 45 65 45 66 20 66 16 66 45 67 16 67 43 67 21 68 49 68 55 68 21 69 55 69 24 69 24 70 55 70 51 70 24 71 51 71 22 71 50 72 44 72 47 72 50 73 47 73 54 73 54 74 47 74 43 74 54 75 43 75 51 75 28 76 42 76 48 76 28 77 48 77 31 77 31 78 48 78 44 78 31 79 44 79 29 79 49 80 35 80 41 80 49 81 41 81 52 81 52 82 41 82 37 82 52 83 37 83 50 83 36 84 30 84 33 84 36 85 33 85 40 85 40 86 33 86 29 86 40 87 29 87 37 87 0 88 28 88 34 88 0 89 34 89 3 89 3 90 34 90 30 90 3 91 30 91 1 91 35 92 8 92 10 92 35 93 10 93 38 93 38 94 10 94 7 94 38 95 7 95 36 95 14 96 42 96 28 96 14 97 28 97 0 97 2 98 9 98 23 98 2 99 23 99 15 99 30 100 36 100 7 100 30 101 7 101 1 101 49 102 21 102 8 102 49 103 8 103 35 103 16 104 22 104 51 104 16 105 51 105 43 105 44 106 50 106 37 106 44 107 37 107 29 107</p></triangles></mesh></geometry><geometry id="mesh8"><mesh><source id="mesh8-positions"><float_array id="mesh8-array" count="168">-0.3994999825954437 -0.012184998951852322 -0.02218499965965748 -0.3994999825954437 -0.02218499965965748 -0.012184999883174896 -0.40950000286102295 -0.01218500081449747 -0.01218500081449747 -0.3995000123977661 -0.019256066530942917 -0.019256066530942917 -0.4052734971046448 -0.0179585013538599 -0.0179585013538599 -0.40657106041908264 -0.019256066530942917 -0.012184998951852322 -0.40657106041908264 -0.012184998951852322 -0.019256066530942917 -0.3994999825954437 -0.02218499965965748 0.012184998951852322 -0.3994999825954437 -0.012184999883174896 0.02218499965965748 -0.40950000286102295 -0.01218500081449747 0.01218500081449747 -0.3995000123977661 -0.019256066530942917 0.019256066530942917 -0.4052734971046448 -0.0179585013538599 0.0179585013538599 -0.40657106041908264 -0.012184998951852322 0.019256066530942917 -0.40657106041908264 -0.019256066530942917 0.012184998951852322 -0.3994999825954437 0.012184999883174896 -0.02218499965965748 -0.40950000286102295 0.01218500081449747 -0.01218500081449747 -0.3994999825954437 0.02218499965965748 -0.012184998951852322 -0.40657106041908264 0.012184998951852322 -0.019256070256233215 -0.4052734971046448 0.0179585013538599 -0.01795850321650505 -0.40657106041908264 0.019256066530942917 -0.01218500081449747 -0.3995000123977661 0.019256066530942917 -0.019256068393588066 -0.3994999825954437 0.012184998951852322 0.02218499965965748 -0.3994999825954437 0.02218499965965748 0.012184999883174896 -0.40950000286102295 0.01218500081449747 0.01218500081449747 -0.3995000123977661 0.019256066530942917 0.019256066530942917 -0.4052734971046448 0.0179585013538599 0.0179585013538599 -0.40657106041908264 0.019256066530942917 0.012184998951852322 -0.40657106041908264 0.012184998951852322 0.019256066530942917 -0.37450000643730164 -0.012184999883174896 -0.02218499965965748 -0.3644999861717224 -0.01218500081449747 -0.01218500081449747 -0.37450000643730164 -0.02218499965965748 -0.012184998951852322 -0.3674289286136627 -0.012184998951852322 -0.019256070256233215 -0.3687264919281006 -0.0179585013538599 -0.01795850321650505 -0.3674289286136627 -0.019256066530942917 -0.01218500081449747 -0.37449997663497925 -0.019256066530942917 -0.019256068393588066 -0.37450000643730164 -0.012184998951852322 0.02218499965965748 -0.37450000643730164 -0.02218499965965748 0.012184999883174896 -0.3644999861717224 -0.01218500081449747 0.01218500081449747 -0.37449997663497925 -0.019256066530942917 0.019256066530942917 -0.3687264919281006 -0.0179585013538599 0.0179585013538599 -0.3674289286136627 -0.019256066530942917 0.012184998951852322 -0.3674289286136627 -0.012184998951852322 0.019256066530942917 -0.37450000643730164 0.012184998951852322 -0.02218499965965748 -0.37450000643730164 0.02218499965965748 -0.012184999883174896 -0.3644999861717224 0.01218500081449747 -0.01218500081449747 -0.37449997663497925 0.019256066530942917 -0.019256066530942917 -0.3687264919281006 0.0179585013538599 -0.0179585013538599 -0.3674289286136627 0.019256066530942917 -0.012184998951852322 -0.3674289286136627 0.012184998951852322 -0.019256066530942917 -0.37450000643730164 0.012184999883174896 0.02218499965965748 -0.3644999861717224 0.01218500081449747 0.01218500081449747 -0.37450000643730164 0.02218499965965748 0.012184998951852322 -0.3674289286136627 0.012184998951852322 0.019256070256233215 -0.3687264919281006 0.0179585013538599 0.01795850321650505 -0.3674289286136627 0.019256066530942917 0.01218500081449747 -0.37449997663497925 0.019256066530942917 0.019256068393588066</float_array><technique_common><accessor source="#mesh8-array" count="56" stride="3"><param name="X" type="float" /><param name="Y" type="float" /><param name="Z" type="float" /></accessor></technique_common></source><source id="mesh8-normals"><float_array id="mesh8-normals-array" count="324">-0.281747430562973 -0.3671804964542389 -0.8864519000053406 -0.3671804964542389 -0.28174737095832825 -0.8864518404006958 -0.36718055605888367 -0.8864518404006958 -0.28174734115600586 -0.281747430562973 -0.886451780796051 -0.3671805262565613 -0.8864520192146301 -0.2817471921443939 -0.3671804666519165 -0.8864520192146301 -0.3671804964542389 -0.2817471921443939 -0.281747430562973 -0.8864519000053406 0.3671804964542389 -0.3671804964542389 -0.8864519000053406 0.28174737095832825 -0.36718055605888367 -0.28174734115600586 0.8864519000053406 -0.281747430562973 -0.3671805262565613 0.886451780796051 -0.8864520192146301 -0.3671804666519165 0.2817471921443939 -0.8864520192146301 -0.2817471921443939 0.3671804964542389 -0.36718010902404785 0.2817475497722626 -0.8864519596099854 -0.281747430562973 0.36718034744262695 -0.8864519596099854 -0.8864519596099854 0.36718040704727173 -0.28174716234207153 -0.8864519596099854 0.2817472815513611 -0.36718031764030457 -0.281747430562973 0.8864519000053406 -0.36718040704727173 -0.3671804368495941 0.8864518404006958 -0.28174737095832825 -0.281747430562973 0.3671804964542389 0.8864519000053406 -0.3671804964542389 0.28174737095832825 0.8864518404006958 -0.36718055605888367 0.8864518404006958 0.28174734115600586 -0.281747430562973 0.886451780796051 0.3671805262565613 -0.8864520192146301 0.2817471921443939 0.3671804666519165 -0.8864520192146301 0.3671804964542389 0.2817471921443939 0.36718010902404785 -0.2817475497722626 -0.8864519596099854 0.281747430562973 -0.36718034744262695 -0.8864519596099854 0.8864519596099854 -0.36718040704727173 -0.28174716234207153 0.8864519596099854 -0.2817472815513611 -0.36718031764030457 0.281747430562973 -0.8864519000053406 -0.36718040704727173 0.3671804368495941 -0.8864518404006958 -0.28174737095832825 0.281747430562973 -0.3671804964542389 0.8864519000053406 0.3671804964542389 -0.28174737095832825 0.8864518404006958 0.36718055605888367 -0.8864518404006958 0.28174734115600586 0.281747430562973 -0.886451780796051 0.3671805262565613 0.8864520192146301 -0.2817471921443939 0.3671804666519165 0.8864520192146301 -0.3671804964542389 0.2817471921443939 0.281747430562973 0.3671804964542389 -0.8864519000053406 0.3671804964542389 0.28174737095832825 -0.8864518404006958 0.36718055605888367 0.8864518404006958 -0.28174734115600586 0.281747430562973 0.886451780796051 -0.3671805262565613 0.8864520192146301 0.2817471921443939 -0.3671804666519165 0.8864520192146301 0.3671804964542389 -0.2817471921443939 0.36718010902404785 0.2817475497722626 0.8864519596099854 0.281747430562973 0.36718034744262695 0.8864519596099854 0.8864519596099854 0.36718040704727173 0.28174716234207153 0.8864519596099854 0.2817472815513611 0.36718031764030457 0.281747430562973 0.8864519000053406 0.36718040704727173 0.3671804368495941 0.8864518404006958 0.28174737095832825 -0.38268351554870605 0.0 -0.9238795042037964 -0.3826831579208374 -1.412277441659171e-07 -0.9238796234130859 -0.9238795638084412 -5.849844342264987e-08 -0.3826834261417389 -0.9238796830177307 0.0 -0.38268327713012695 -0.38268351554870605 -0.9238795042037964 0.0 -0.38268357515335083 -0.9238795042037964 0.0 -0.9238795638084412 -0.3826834261417389 0.0 -0.9238796234130859 -0.3826834559440613 0.0 -0.38268351554870605 0.0 0.9238795042037964 -0.38268357515335083 0.0 0.9238795042037964 -0.9238795638084412 0.0 0.3826834261417389 -0.9238796234130859 0.0 0.3826834559440613 -0.38268351554870605 0.9238795042037964 0.0 -0.38268351554870605 0.9238795042037964 0.0 -0.9238795638084412 0.3826834261417389 0.0 -0.9238796234130859 0.3826834559440613 0.0 1.425606477312158e-08 0.3826833963394165 -0.9238795638084412 6.883437464466624e-08 0.3826836049556732 -0.9238795638084412 2.85121313226e-08 0.9238795042037964 -0.3826834261417389 -1.4256071878548937e-08 0.9238794445991516 -0.38268357515335083 -1.425606477312158e-08 0.3826833963394165 0.9238795638084412 -6.883437464466624e-08 0.3826836049556732 0.9238795638084412 -2.85121313226e-08 0.9238795042037964 0.3826834261417389 1.4256071878548937e-08 0.9238794445991516 0.38268357515335083 0.9238796234130859 0.3826834559440613 0.0 0.9238795638084412 0.3826834261417389 0.0 0.38268351554870605 0.9238795042037964 0.0 0.38268351554870605 0.9238795042037964 0.0 0.38268351554870605 0.0 -0.9238795042037964 0.3826831579208374 1.412277441659171e-07 -0.9238796234130859 0.9238795638084412 5.849844342264987e-08 -0.3826834261417389 0.9238796830177307 0.0 -0.38268327713012695 0.38268351554870605 0.0 0.9238795042037964 0.3826831579208374 -1.412277441659171e-07 0.9238796234130859 0.9238795638084412 -5.849844342264987e-08 0.3826834261417389 0.9238796830177307 0.0 0.38268327713012695 0.38268351554870605 -0.9238795042037964 0.0 0.38268351554870605 -0.9238795042037964 0.0 0.9238795638084412 -0.3826834261417389 0.0 0.9238796234130859 -0.3826834559440613 0.0 -1.425606477312158e-08 -0.3826833963394165 -0.9238795638084412 -6.883437464466624e-08 -0.3826836049556732 -0.9238795638084412 -2.85121313226e-08 -0.9238795042037964 -0.3826834261417389 1.4256071878548937e-08 -0.9238794445991516 -0.38268357515335083 1.4256071878548937e-08 -0.38268357515335083 0.9238794445991516 0.0 -0.3826836049556732 0.9238795638084412 0.0 -0.9238795638084412 0.3826836049556732 -1.4256071878548937e-08 -0.9238794445991516 0.38268357515335083 0.0 0.0 -1.0 0.0 0.0 -1.0 -1.0 0.0 0.0 -1.0 0.0 0.0 0.0 -1.0 0.0 0.0 -1.0 0.0 0.0 0.0 1.0 0.0 0.0 1.0 0.0 1.0 0.0 0.0 1.0 0.0 1.0 0.0 0.0 1.0 0.0 0.0</float_array><technique_common><accessor source="#mesh8-normals-array" count="108" stride="3"><param name="X" type="float" /><param name="Y" type="float" /><param name="Z" type="float" /></accessor></technique_common></source><vertices id="mesh8-vertices"><input semantic="POSITION" source="#mesh8-positions" /></vertices><triangles count="108" material="ivory"><input semantic="VERTEX" source="#mesh8-vertices" offset="0" /><input semantic="NORMAL" source="#mesh8-normals" offset="1" /><p>0 0 3 0 4 0 0 1 4 1 6 1 1 2 5 2 4 2 1 3 4 3 3 3 2 4 6 4 4 4 2 5 4 5 5 5 7 6 10 6 11 6 7 7 11 7 13 7 8 8 12 8 11 8 8 9 11 9 10 9 9 10 13 10 11 10 9 11 11 11 12 11 14 12 17 12 18 12 14 13 18 13 20 13 15 14 19 14 18 14 15 15 18 15 17 15 16 16 20 16 18 16 16 17 18 17 19 17 21 18 24 18 25 18 21 19 25 19 27 19 22 20 26 20 25 20 22 21 25 21 24 21 23 22 27 22 25 22 23 23 25 23 26 23 28 24 31 24 32 24 28 25 32 25 34 25 29 26 33 26 32 26 29 27 32 27 31 27 30 28 34 28 32 28 30 29 32 29 33 29 35 30 38 30 39 30 35 31 39 31 41 31 36 32 40 32 39 32 36 33 39 33 38 33 37 34 41 34 39 34 37 35 39 35 40 35 42 36 45 36 46 36 42 37 46 37 48 37 43 38 47 38 46 38 43 39 46 39 45 39 44 40 48 40 46 40 44 41 46 41 47 41 49 42 52 42 53 42 49 43 53 43 55 43 50 44 54 44 53 44 50 45 53 45 52 45 51 46 55 46 53 46 51 47 53 47 54 47 14 48 0 48 6 48 14 49 6 49 17 49 17 50 6 50 2 50 17 51 2 51 15 51 1 52 7 52 13 52 1 53 13 53 5 53 5 54 13 54 9 54 5 55 9 55 2 55 8 56 21 56 27 56 8 57 27 57 12 57 12 58 27 58 23 58 12 59 23 59 9 59 22 60 16 60 19 60 22 61 19 61 26 61 26 62 19 62 15 62 26 63 15 63 23 63 42 64 14 64 20 64 42 65 20 65 45 65 45 66 20 66 16 66 45 67 16 67 43 67 21 68 49 68 55 68 21 69 55 69 24 69 24 70 55 70 51 70 24 71 51 71 22 71 50 72 44 72 47 72 50 73 47 73 54 73 54 74 47 74 43 74 54 75 43 75 51 75 28 76 42 76 48 76 28 77 48 77 31 77 31 78 48 78 44 78 31 79 44 79 29 79 49 80 35 80 41 80 49 81 41 81 52 81 52 82 41 82 37 82 52 83 37 83 50 83 36 84 30 84 33 84 36 85 33 85 40 85 40 86 33 86 29 86 40 87 29 87 37 87 0 88 28 88 34 88 0 89 34 89 3 89 3 90 34 90 30 90 3 91 30 91 1 91 35 92 8 92 10 92 35 93 10 93 38 93 38 94 10 94 7 94 38 95 7 95 36 95 14 96 42 96 28 96 14 97 28 97 0 97 2 98 9 98 23 98 2 99 23 99 15 99 30 100 36 100 7 100 30 101 7 101 1 101 49 102 21 102 8 102 49 103 8 103 35 103 16 104 22 104 51 104 16 105 51 105 43 105 44 106 50 106 37 106 44 107 37 107 29 107</p></triangles></mesh></geometry><geometry id="mesh9"><mesh><source id="mesh9-positions"><float_array id="mesh9-array" count="168">-0.4584999978542328 -0.009507499635219574 -0.019507499411702156 -0.4584999978542328 -0.019507499411702156 -0.009507499635219574 -0.468500018119812 -0.009507499635219574 -0.009507499635219574 -0.4584999978542328 -0.016578566282987595 -0.016578566282987595 -0.46427351236343384 -0.01528100110590458 -0.01528100110590458 -0.4655710756778717 -0.016578566282987595 -0.009507498703897 -0.4655710756778717 -0.009507498703897 -0.016578566282987595 -0.4584999978542328 -0.019507499411702156 0.009507499635219574 -0.4584999978542328 -0.009507499635219574 0.019507499411702156 -0.468500018119812 -0.009507499635219574 0.009507499635219574 -0.4584999978542328 -0.016578566282987595 0.016578566282987595 -0.46427351236343384 -0.01528100110590458 0.01528100110590458 -0.4655710756778717 -0.009507498703897 0.016578566282987595 -0.4655710756778717 -0.016578566282987595 0.009507498703897 -0.4584999978542328 0.009507499635219574 -0.019507499411702156 -0.468500018119812 0.009507499635219574 -0.009507499635219574 -0.4584999978542328 0.019507499411702156 -0.009507499635219574 -0.4655710756778717 0.009507498703897 -0.016578566282987595 -0.46427351236343384 0.01528100110590458 -0.01528100110590458 -0.4655710756778717 0.016578566282987595 -0.009507498703897 -0.4585000276565552 0.016578566282987595 -0.016578566282987595 -0.4584999978542328 0.009507499635219574 0.019507499411702156 -0.4584999978542328 0.019507499411702156 0.009507499635219574 -0.468500018119812 0.009507499635219574 0.009507499635219574 -0.4584999978542328 0.016578566282987595 0.016578566282987595 -0.46427351236343384 0.01528100110590458 0.01528100110590458 -0.4655710756778717 0.016578566282987595 0.009507498703897 -0.4655710756778717 0.009507498703897 0.016578566282987595 -0.4335000216960907 -0.009507499635219574 -0.019507499411702156 -0.4235000014305115 -0.009507499635219574 -0.009507499635219574 -0.4335000216960907 -0.019507499411702156 -0.009507499635219574 -0.4264289438724518 -0.009507498703897 -0.016578566282987595 -0.42772650718688965 -0.01528100110590458 -0.01528100110590458 -0.4264289438724518 -0.016578566282987595 -0.009507498703897 -0.4334999918937683 -0.016578566282987595 -0.016578566282987595 -0.4335000216960907 -0.009507499635219574 0.019507499411702156 -0.4335000216960907 -0.019507499411702156 0.009507499635219574 -0.4235000014305115 -0.009507499635219574 0.009507499635219574 -0.4335000216960907 -0.016578566282987595 0.016578566282987595 -0.42772650718688965 -0.01528100110590458 0.01528100110590458 -0.4264289438724518 -0.016578566282987595 0.009507498703897 -0.4264289438724518 -0.009507498703897 0.016578566282987595 -0.4335000216960907 0.009507499635219574 -0.019507499411702156 -0.4335000216960907 0.019507499411702156 -0.009507499635219574 -0.4235000014305115 0.009507499635219574 -0.009507499635219574 -0.4335000216960907 0.016578566282987595 -0.016578566282987595 -0.42772650718688965 0.01528100110590458 -0.01528100110590458 -0.4264289438724518 0.016578566282987595 -0.009507498703897 -0.4264289438724518 0.009507498703897 -0.016578566282987595 -0.4335000216960907 0.009507499635219574 0.019507499411702156 -0.4235000014305115 0.009507499635219574 0.009507499635219574 -0.4335000216960907 0.019507499411702156 0.009507499635219574 -0.4264289438724518 0.009507498703897 0.016578566282987595 -0.42772650718688965 0.01528100110590458 0.01528100110590458 -0.4264289438724518 0.016578566282987595 0.009507498703897 -0.4334999918937683 0.016578566282987595 0.016578566282987595</float_array><technique_common><accessor source="#mesh9-array" count="56" stride="3"><param name="X" type="float" /><param name="Y" type="float" /><param name="Z" type="float" /></accessor></technique_common></source><source id="mesh9-normals"><float_array id="mesh9-normals-array" count="324">-0.2817474603652954 -0.36718058586120605 -0.8864519000053406 -0.3671804666519165 -0.2817474603652954 -0.886451780796051 -0.3671805262565613 -0.886451780796051 -0.281747430562973 -0.281747430562973 -0.886451780796051 -0.36718058586120605 -0.8864519000053406 -0.281747430562973 -0.36718037724494934 -0.8864519000053406 -0.36718031764030457 -0.2817474603652954 -0.2817474603652954 -0.8864519000053406 0.36718058586120605 -0.3671804666519165 -0.886451780796051 0.2817474603652954 -0.3671805262565613 -0.2817474603652954 0.8864519000053406 -0.281747430562973 -0.36718058586120605 0.886451780796051 -0.8864519000053406 -0.36718037724494934 0.281747430562973 -0.8864519000053406 -0.2817474603652954 0.36718031764030457 -0.3671804368495941 0.2817474603652954 -0.8864519000053406 -0.281747430562973 0.3671805262565613 -0.886451780796051 -0.8864519596099854 0.3671801686286926 -0.28174740076065063 -0.8864519596099854 0.28174740076065063 -0.3671801686286926 -0.281747430562973 0.8864519000053406 -0.3671804964542389 -0.36718040704727173 0.8864519000053406 -0.2817474603652954 -0.2817474603652954 0.36718058586120605 0.8864519000053406 -0.3671804666519165 0.2817474603652954 0.886451780796051 -0.3671805262565613 0.886451780796051 0.281747430562973 -0.281747430562973 0.886451780796051 0.36718058586120605 -0.8864519000053406 0.281747430562973 0.36718037724494934 -0.8864519000053406 0.36718031764030457 0.2817474603652954 0.3671804368495941 -0.2817474603652954 -0.8864519000053406 0.281747430562973 -0.3671805262565613 -0.886451780796051 0.8864519596099854 -0.3671801686286926 -0.28174740076065063 0.8864519596099854 -0.28174740076065063 -0.3671801686286926 0.281747430562973 -0.8864519000053406 -0.3671804964542389 0.36718040704727173 -0.8864519000053406 -0.2817474603652954 0.2817474603652954 -0.36718058586120605 0.8864519000053406 0.3671804666519165 -0.2817474603652954 0.886451780796051 0.3671805262565613 -0.886451780796051 0.281747430562973 0.281747430562973 -0.886451780796051 0.36718058586120605 0.8864519000053406 -0.281747430562973 0.36718037724494934 0.8864519000053406 -0.36718031764030457 0.2817474603652954 0.2817474603652954 0.36718058586120605 -0.8864519000053406 0.3671804666519165 0.2817474603652954 -0.886451780796051 0.3671805262565613 0.886451780796051 -0.281747430562973 0.281747430562973 0.886451780796051 -0.36718058586120605 0.8864519000053406 0.281747430562973 -0.36718037724494934 0.8864519000053406 0.36718031764030457 -0.2817474603652954 0.3671804368495941 0.2817474603652954 0.8864519000053406 0.281747430562973 0.3671805262565613 0.886451780796051 0.8864519596099854 0.3671801686286926 0.28174740076065063 0.8864519596099854 0.28174740076065063 0.3671801686286926 0.281747430562973 0.8864519000053406 0.3671804964542389 0.36718040704727173 0.8864519000053406 0.2817474603652954 -0.38268351554870605 -1.8743191887438115e-08 -0.9238795638084412 -0.38268348574638367 -3.748638377487623e-08 -0.9238795638084412 -0.9238796234130859 -9.050013716205285e-08 -0.3826834261417389 -0.9238796830177307 0.0 -0.38268324732780457 -0.38268351554870605 -0.9238795638084412 1.8743191887438115e-08 -0.38268351554870605 -0.9238794445991516 0.0 -0.9238796234130859 -0.3826834261417389 0.0 -0.9238796234130859 -0.3826834261417389 0.0 -0.38268351554870605 1.8743191887438115e-08 0.9238795638084412 -0.38268351554870605 0.0 0.9238794445991516 -0.9238796234130859 0.0 0.3826834261417389 -0.9238796234130859 0.0 0.3826834261417389 -0.3826834261417389 0.9238795638084412 -1.8743188334724437e-08 -0.38268351554870605 0.9238794445991516 3.748639088030359e-08 -0.9238796830177307 0.3826831877231598 9.050014426748021e-08 -0.9238796234130859 0.3826834261417389 0.0 0.0 0.3826836049556732 -0.9238795042037964 0.0 0.38268357515335083 -0.9238794445991516 0.0 0.9238794445991516 -0.38268357515335083 0.0 0.9238795042037964 -0.3826836049556732 0.0 0.3826836049556732 0.9238795042037964 0.0 0.38268357515335083 0.9238794445991516 0.0 0.9238794445991516 0.38268357515335083 0.0 0.9238795042037964 0.3826836049556732 0.9238796234130859 0.3826834261417389 0.0 0.9238796830177307 0.3826831877231598 -9.050014426748021e-08 0.38268351554870605 0.9238794445991516 -3.748639088030359e-08 0.3826834261417389 0.9238795638084412 1.8743188334724437e-08 0.38268351554870605 1.8743191887438115e-08 -0.9238795638084412 0.38268348574638367 3.748638377487623e-08 -0.9238795638084412 0.9238796234130859 9.050013716205285e-08 -0.3826834261417389 0.9238796830177307 0.0 -0.38268324732780457 0.38268351554870605 -1.8743191887438115e-08 0.9238795638084412 0.38268348574638367 -3.748638377487623e-08 0.9238795638084412 0.9238796234130859 -9.050013716205285e-08 0.3826834261417389 0.9238796830177307 0.0 0.38268324732780457 0.3826834261417389 -0.9238795638084412 -1.8743188334724437e-08 0.38268351554870605 -0.9238794445991516 3.748639088030359e-08 0.9238796830177307 -0.3826831877231598 9.050014426748021e-08 0.9238796234130859 -0.3826834261417389 0.0 0.0 -0.3826836049556732 -0.9238795042037964 0.0 -0.38268357515335083 -0.9238794445991516 0.0 -0.9238794445991516 -0.38268357515335083 0.0 -0.9238795042037964 -0.3826836049556732 0.0 -0.3826836049556732 0.9238795042037964 0.0 -0.3826836049556732 0.9238795042037964 0.0 -0.9238795042037964 0.3826836049556732 0.0 -0.9238795042037964 0.3826836049556732 0.0 0.0 -1.0 0.0 0.0 -1.0 -1.0 0.0 0.0 -1.0 0.0 0.0 0.0 -1.0 0.0 0.0 -1.0 0.0 0.0 0.0 1.0 0.0 0.0 1.0 0.0 1.0 0.0 0.0 1.0 0.0 1.0 0.0 0.0 1.0 0.0 0.0</float_array><technique_common><accessor source="#mesh9-normals-array" count="108" stride="3"><param name="X" type="float" /><param name="Y" type="float" /><param name="Z" type="float" /></accessor></technique_common></source><vertices id="mesh9-vertices"><input semantic="POSITION" source="#mesh9-positions" /></vertices><triangles count="108" material="ivory"><input semantic="VERTEX" source="#mesh9-vertices" offset="0" /><input semantic="NORMAL" source="#mesh9-normals" offset="1" /><p>0 0 3 0 4 0 0 1 4 1 6 1 1 2 5 2 4 2 1 3 4 3 3 3 2 4 6 4 4 4 2 5 4 5 5 5 7 6 10 6 11 6 7 7 11 7 13 7 8 8 12 8 11 8 8 9 11 9 10 9 9 10 13 10 11 10 9 11 11 11 12 11 14 12 17 12 18 12 14 13 18 13 20 13 15 14 19 14 18 14 15 15 18 15 17 15 16 16 20 16 18 16 16 17 18 17 19 17 21 18 24 18 25 18 21 19 25 19 27 19 22 20 26 20 25 20 22 21 25 21 24 21 23 22 27 22 25 22 23 23 25 23 26 23 28 24 31 24 32 24 28 25 32 25 34 25 29 26 33 26 32 26 29 27 32 27 31 27 30 28 34 28 32 28 30 29 32 29 33 29 35 30 38 30 39 30 35 31 39 31 41 31 36 32 40 32 39 32 36 33 39 33 38 33 37 34 41 34 39 34 37 35 39 35 40 35 42 36 45 36 46 36 42 37 46 37 48 37 43 38 47 38 46 38 43 39 46 39 45 39 44 40 48 40 46 40 44 41 46 41 47 41 49 42 52 42 53 42 49 43 53 43 55 43 50 44 54 44 53 44 50 45 53 45 52 45 51 46 55 46 53 46 51 47 53 47 54 47 14 48 0 48 6 48 14 49 6 49 17 49 17 50 6 50 2 50 17 51 2 51 15 51 1 52 7 52 13 52 1 53 13 53 5 53 5 54 13 54 9 54 5 55 9 55 2 55 8 56 21 56 27 56 8 57 27 57 12 57 12 58 27 58 23 58 12 59 23 59 9 59 22 60 16 60 19 60 22 61 19 61 26 61 26 62 19 62 15 62 26 63 15 63 23 63 42 64 14 64 20 64 42 65 20 65 45 65 45 66 20 66 16 66 45 67 16 67 43 67 21 68 49 68 55 68 21 69 55 69 24 69 24 70 55 70 51 70 24 71 51 71 22 71 50 72 44 72 47 72 50 73 47 73 54 73 54 74 47 74 43 74 54 75 43 75 51 75 28 76 42 76 48 76 28 77 48 77 31 77 31 78 48 78 44 78 31 79 44 79 29 79 49 80 35 80 41 80 49 81 41 81 52 81 52 82 41 82 37 82 52 83 37 83 50 83 36 84 30 84 33 84 36 85 33 85 40 85 40 86 33 86 29 86 40 87 29 87 37 87 0 88 28 88 34 88 0 89 34 89 3 89 3 90 34 90 30 90 3 91 30 91 1 91 35 92 8 92 10 92 35 93 10 93 38 93 38 94 10 94 7 94 38 95 7 95 36 95 14 96 42 96 28 96 14 97 28 97 0 97 2 98 9 98 23 98 2 99 23 99 15 99 30 100 36 100 7 100 30 101 7 101 1 101 49 102 21 102 8 102 49 103 8 103 35 103 16 104 22 104 51 104 16 105 51 105 43 105 44 106 50 106 37 106 44 107 37 107 29 107</p></triangles></mesh></geometry></library_geometries><library_visual_scenes><visual_scene id="Scene"><node id="mesh0-node"><instance_geometry url="#mesh0"><bind_material><technique_common><instance_material symbol="ivory" target="#ivory" /></technique_common></bind_material></instance_geometry></node><node id="mesh1-node"><instance_geometry url="#mesh1"><bind_material><technique_common><instance_material symbol="ivory" target="#ivory" /></technique_common></bind_material></instance_geometry></node><node id="mesh2-node"><instance_geometry url="#mesh2"><bind_material><technique_common><instance_material symbol="ivory" target="#ivory" /></technique_common></bind_material></instance_geometry></node><node id="mesh3-node"><instance_geometry url="#mesh3"><bind_material><technique_common><instance_material symbol="ivory" target="#ivory" /></technique_common></bind_material></instance_geometry></node><node id="mesh4-node"><instance_geometry url="#mesh4"><bind_material><technique_common><instance_material symbol="ivory" target="#ivory" /></technique_common></bind_material></instance_geometry></node><node id="mesh5-node"><instance_geometry url="#mesh5"><bind_material><technique_common><instance_material symbol="ivory" target="#ivory" /></technique_common></bind_material></instance_geometry></node><node id="mesh6-node"><instance_geometry url="#mesh6"><bind_material><technique_common><instance_material symbol="ivory" target="#ivory" /></technique_common></bind_material></instance_geometry></node><node id="mesh7-node"><instance_geometry url="#mesh7"><bind_material><technique_common><instance_material symbol="ivory" target="#ivory" /></technique_common></bind_material></instance_geometry></node><node id="mesh8-node"><instance_geometry url="#mesh8"><bind_material><technique_common><instance_material symbol="ivory" target="#ivory" /></technique_common></bind_material></instance_geometry></node><node id="mesh9-node"><instance_geometry url="#mesh9"><bind_material><technique_common><instance_material symbol="ivory" target="#ivory" /></technique_common></bind_material></instance_geometry></node></visual_scene></library_visual_scenes><scene><instance_visual_scene url="#Scene" /></scene></COLLADA>