<?xml version='1.0' encoding='utf-8'?>
<COLLADA xmlns="http://www.collada.org/2005/11/COLLADASchema" version="1.4.1"><asset><unit name="meter" meter="1" /><up_axis>Z_UP</up_axis></asset><library_effects><effect id="graphite-fx"><profile_COMMON><technique sid="common"><phong><emission><color>0 0 0 1</color></emission><ambient><color>0.065 0.075 0.085 1</color></ambient><diffuse><color>0.065 0.075 0.085 1</color></diffuse><specular><color>0.12 0.12 0.12 1</color></specular><shininess><float>25</float></shininess></phong></technique></profile_COMMON></effect><effect id="titanium-fx"><profile_COMMON><technique sid="common"><phong><emission><color>0 0 0 1</color></emission><ambient><color>0.36 0.4 0.43 1</color></ambient><diffuse><color>0.36 0.4 0.43 1</color></diffuse><specular><color>0.12 0.12 0.12 1</color></specular><shininess><float>25</float></shininess></phong></technique></profile_COMMON></effect><effect id="ivory-fx"><profile_COMMON><technique sid="common"><phong><emission><color>0 0 0 1</color></emission><ambient><color>0.72 0.72 0.65 1</color></ambient><diffuse><color>0.72 0.72 0.65 1</color></diffuse><specular><color>0.12 0.12 0.12 1</color></specular><shininess><float>25</float></shininess></phong></technique></profile_COMMON></effect><effect id="copper-fx"><profile_COMMON><technique sid="common"><phong><emission><color>0 0 0 1</color></emission><ambient><color>0.66 0.29 0.08 1</color></ambient><diffuse><color>0.66 0.29 0.08 1</color></diffuse><specular><color>0.12 0.12 0.12 1</color></specular><shininess><float>25</float></shininess></phong></technique></profile_COMMON></effect><effect id="rubber-fx"><profile_COMMON><technique sid="common"><phong><emission><color>0 0 0 1</color></emission><ambient><color>0.025 0.028 0.032 1</color></ambient><diffuse><color>0.025 0.028 0.032 1</color></diffuse><specular><color>0.12 0.12 0.12 1</color></specular><shininess><float>25</float></shininess></phong></technique></profile_COMMON></effect><effect id="lens-fx"><profile_COMMON><technique sid="common"><phong><emission><color>0 0 0 1</color></emission><ambient><color>0.05 0.26 0.33 1</color></ambient><diffuse><color>0.05 0.26 0.33 1</color></diffuse><specular><color>0.12 0.12 0.12 1</color></specular><shininess><float>25</float></shininess></phong></technique></profile_COMMON></effect></library_effects><library_materials><material id="graphite"><instance_effect url="#graphite-fx" /></material><material id="titanium"><instance_effect url="#titanium-fx" /></material><material id="ivory"><instance_effect url="#ivory-fx" /></material><material id="copper"><instance_effect url="#copper-fx" /></material><material id="rubber"><instance_effect url="#rubber-fx" /></material><material id="lens"><instance_effect url="#lens-fx" /></material></library_materials><library_geometries><geometry id="mesh0"><mesh><source id="mesh0-positions"><float_array id="mesh0-array" count="144">-0.05700000002980232 -0.03240000084042549 0.004999999888241291 -0.008999999612569809 -0.03240000084042549 0.004999999888241291 -0.05700000002980232 -0.031105905771255493 0.004829628858715296 -0.008999999612569809 -0.031105905771255493 0.004829628858715296 -0.05700000002980232 -0.029900001361966133 0.0043301270343363285 -0.008999999612569809 -0.029900001361966133 0.0043301270343363285 -0.05700000002980232 -0.02886446751654148 0.0035355337895452976 -0.008999999612569809 -0.02886446751654148 0.0035355337895452976 -0.05700000002980232 -0.02806987427175045 0.0024999999441206455 -0.008999999612569809 -0.02806987427175045 0.0024999999441206455 -0.05700000002980232 -0.027570372447371483 0.00129409518558532 -0.008999999612569809 -0.027570372447371483 0.00129409518558532 -0.05700000002980232 -0.027400001883506775 5.329070564522866e-18 -0.008999999612569809 -0.027400001883506775 -5.329070564522866e-18 -0.05700000002980232 -0.027570372447371483 -0.00129409518558532 -0.008999999612569809 -0.027570372447371483 -0.00129409518558532 -0.05700000002980232 -0.02806987427175045 -0.0024999999441206455 -0.008999999612569809 -0.02806987427175045 -0.0024999999441206455 -0.05700000002980232 -0.02886446751654148 -0.0035355337895452976 -0.008999999612569809 -0.02886446751654148 -0.0035355337895452976 -0.05700000002980232 -0.029900001361966133 -0.0043301270343363285 -0.008999999612569809 -0.029900001361966133 -0.0043301270343363285 -0.05700000002980232 -0.031105905771255493 -0.004829628858715296 -0.008999999612569809 -0.031105905771255493 -0.004829628858715296 -0.05700000002980232 -0.03240000084042549 -0.004999999888241291 -0.008999999612569809 -0.03240000084042549 -0.004999999888241291 -0.05700000002980232 -0.03369409590959549 -0.004829628858715296 -0.008999999612569809 -0.03369409590959549 -0.004829628858715296 -0.05700000002980232 -0.03490000218153 -0.0043301270343363285 -0.008999999612569809 -0.03490000218153 -0.0043301270343363285 -0.05700000002980232 -0.03593553602695465 -0.0035355337895452976 -0.008999999612569809 -0.03593553602695465 -0.0035355337895452976 -0.05700000002980232 -0.03673012927174568 -0.0024999999441206455 -0.008999999612569809 -0.03673012927174568 -0.0024999999441206455 -0.05700000002980232 -0.03722963109612465 -0.00129409518558532 -0.008999999612569809 -0.03722963109612465 -0.00129409518558532 -0.05700000002980232 -0.03739999979734421 5.329070564522866e-18 -0.008999999612569809 -0.03739999979734421 -5.329070564522866e-18 -0.05700000002980232 -0.03722963109612465 0.00129409518558532 -0.008999999612569809 -0.03722963109612465 0.00129409518558532 -0.05700000002980232 -0.03673012927174568 0.0024999999441206455 -0.008999999612569809 -0.03673012927174568 0.0024999999441206455 -0.05700000002980232 -0.03593553602695465 0.0035355337895452976 -0.008999999612569809 -0.03593553602695465 0.0035355337895452976 -0.05700000002980232 -0.03490000218153 0.0043301270343363285 -0.008999999612569809 -0.03490000218153 0.0043301270343363285 -0.05700000002980232 -0.03369409590959549 0.004829628858715296 -0.008999999612569809 -0.03369409590959549 0.004829628858715296</float_array><technique_common><accessor source="#mesh0-array" count="48" stride="3"><param name="X" type="float" /><param name="Y" type="float" /><param name="Z" type="float" /></accessor></technique_common></source><source id="mesh0-normals"><float_array id="mesh0-normals-array" count="276">2.2014498795702573e-16 0.1305263340473175 0.9914448857307434 2.2014498795702573e-16 0.1305263340473175 0.9914448857307434 2.0514248597904537e-16 0.38268327713012695 0.9238796234130859 2.0514248597904537e-16 0.38268327713012695 0.9238796234130859 1.761598110857512e-16 0.6087614893913269 0.793353259563446 1.761598110857512e-16 0.6087614893913269 0.793353259563446 1.3517220440547082e-16 0.793353259563446 0.6087614893913269 1.3517220440547082e-16 0.793353259563446 0.6087614893913269 8.497275708177531e-17 0.9238796234130859 0.38268327713012695 8.497275708177531e-17 0.9238796234130859 0.38268327713012695 2.898266827584928e-17 0.9914448857307434 0.1305263340473175 2.898266827584928e-17 0.9914448857307434 0.1305263340473175 -2.898266827584928e-17 0.9914448857307434 -0.1305263340473175 -2.898266827584928e-17 0.9914448857307434 -0.1305263340473175 -8.497275708177531e-17 0.9238796234130859 -0.38268327713012695 -8.497275708177531e-17 0.9238796234130859 -0.38268327713012695 -1.3517220440547082e-16 0.793353259563446 -0.6087614893913269 -1.3517220440547082e-16 0.793353259563446 -0.6087614893913269 -1.761598110857512e-16 0.6087614893913269 -0.793353259563446 -1.761598110857512e-16 0.6087614893913269 -0.793353259563446 -2.0514248597904537e-16 0.38268327713012695 -0.9238796234130859 -2.0514248597904537e-16 0.38268327713012695 -0.9238796234130859 -2.2014498795702573e-16 0.1305263340473175 -0.9914448857307434 -2.2014498795702573e-16 0.1305263340473175 -0.9914448857307434 -2.2014498795702573e-16 -0.1305263340473175 -0.9914448857307434 -2.2014498795702573e-16 -0.1305263340473175 -0.9914448857307434 -2.0514248597904537e-16 -0.38268327713012695 -0.9238796234130859 -2.0514248597904537e-16 -0.38268327713012695 -0.9238796234130859 -1.761598110857512e-16 -0.6087614893913269 -0.793353259563446 -1.761598110857512e-16 -0.6087614893913269 -0.793353259563446 -1.3517220440547082e-16 -0.793353259563446 -0.6087614893913269 -1.3517220440547082e-16 -0.793353259563446 -0.6087614893913269 -8.497275708177531e-17 -0.9238796234130859 -0.38268327713012695 -8.497275708177531e-17 -0.9238796234130859 -0.38268327713012695 -2.898266827584928e-17 -0.9914448857307434 -0.1305263340473175 -2.898266827584928e-17 -0.9914448857307434 -0.1305263340473175 2.898266827584928e-17 -0.9914448857307434 0.1305263340473175 2.898266827584928e-17 -0.9914448857307434 0.1305263340473175 8.497275708177531e-17 -0.9238796234130859 0.38268327713012695 8.497275708177531e-17 -0.9238796234130859 0.38268327713012695 1.3517220440547082e-16 -0.793353259563446 0.6087614893913269 1.3517220440547082e-16 -0.793353259563446 0.6087614893913269 1.761598110857512e-16 -0.6087614893913269 0.793353259563446 1.761598110857512e-16 -0.6087614893913269 0.793353259563446 1.0 2.220446049250313e-16 4.930380657631324e-32 1.0 2.220446049250313e-16 4.930380657631324e-32 1.0 2.220446049250313e-16 4.930380657631324e-32 1.0 2.220446049250313e-16 4.930380657631324e-32 1.0 2.220446049250313e-16 4.930380657631324e-32 1.0 2.220446049250313e-16 4.930380657631324e-32 1.0 2.220446049250313e-16 4.930380657631324e-32 1.0 2.220446049250313e-16 4.930380657631324e-32 1.0 2.220446049250313e-16 4.930380657631324e-32 1.0 2.220446049250313e-16 4.930380657631324e-32 1.0 2.220446049250313e-16 4.930380657631324e-32 1.0 2.220446049250313e-16 4.930380657631324e-32 1.0 2.220446049250313e-16 4.930380657631324e-32 1.0 2.220446049250313e-16 4.930380657631324e-32 1.0 2.220446049250313e-16 4.930380657631324e-32 1.0 2.220446049250313e-16 4.930380657631324e-32 1.0 2.220446049250313e-16 4.930380657631324e-32 1.0 2.220446049250313e-16 4.930380657631324e-32 1.0 2.220446049250313e-16 4.930380657631324e-32 1.0 2.220446049250313e-16 4.930380657631324e-32 1.0 2.220446049250313e-16 4.930380657631324e-32 1.0 2.220446049250313e-16 4.930380657631324e-32 2.0514248597904537e-16 -0.38268327713012695 0.9238796234130859 2.0514248597904537e-16 -0.38268327713012695 0.9238796234130859 2.2014498795702573e-16 -0.1305263340473175 0.9914448857307434 2.2014498795702573e-16 -0.1305263340473175 0.9914448857307434 -1.0 -2.220446049250313e-16 -4.930380657631324e-32 -1.0 -2.220446049250313e-16 -4.930380657631324e-32 -1.0 -2.220446049250313e-16 -4.930380657631324e-32 -1.0 -2.220446049250313e-16 -4.930380657631324e-32 -1.0 -2.220446049250313e-16 -4.930380657631324e-32 -1.0 -2.220446049250313e-16 -4.930380657631324e-32 -1.0 -2.220446049250313e-16 -4.930380657631324e-32 -1.0 -2.220446049250313e-16 -4.930380657631324e-32 -1.0 -2.220446049250313e-16 -4.930380657631324e-32 -1.0 -2.220446049250313e-16 -4.930380657631324e-32 -1.0 -2.220446049250313e-16 -4.930380657631324e-32 -1.0 -2.220446049250313e-16 -4.930380657631324e-32 -1.0 -2.220446049250313e-16 -4.930380657631324e-32 -1.0 -2.220446049250313e-16 -4.930380657631324e-32 -1.0 -2.220446049250313e-16 -4.930380657631324e-32 -1.0 -2.220446049250313e-16 -4.930380657631324e-32 -1.0 -2.220446049250313e-16 -4.930380657631324e-32 -1.0 -2.220446049250313e-16 -4.930380657631324e-32 -1.0 -2.220446049250313e-16 -4.930380657631324e-32 -1.0 -2.220446049250313e-16 -4.930380657631324e-32 -1.0 -2.220446049250313e-16 -4.930380657631324e-32 -1.0 -2.220446049250313e-16 -4.930380657631324e-32</float_array><technique_common><accessor source="#mesh0-normals-array" count="92" stride="3"><param name="X" type="float" /><param name="Y" type="float" /><param name="Z" type="float" /></accessor></technique_common></source><vertices id="mesh0-vertices"><input semantic="POSITION" source="#mesh0-positions" /></vertices><triangles count="92" material="copper"><input semantic="VERTEX" source="#mesh0-vertices" offset="0" /><input semantic="NORMAL" source="#mesh0-normals" offset="1" /><p>0 0 1 0 3 0 0 1 3 1 2 1 2 2 3 2 5 2 2 3 5 3 4 3 4 4 5 4 7 4 4 5 7 5 6 5 6 6 7 6 9 6 6 7 9 7 8 7 8 8 9 8 11 8 8 9 11 9 10 9 10 10 11 10 13 10 10 11 13 11 12 11 12 12 13 12 15 12 12 13 15 13 14 13 14 14 15 14 17 14 14 15 17 15 16 15 16 16 17 16 19 16 16 17 19 17 18 17 18 18 19 18 21 18 18 19 21 19 20 19 20 20 21 20 23 20 20 21 23 21 22 21 22 22 23 22 25 22 22 23 25 23 24 23 24 24 25 24 27 24 24 25 27 25 26 25 26 26 27 26 29 26 26 27 29 27 28 27 28 28 29 28 31 28 28 29 31 29 30 29 30 30 31 30 33 30 30 31 33 31 32 31 32 32 33 32 35 32 32 33 35 33 34 33 34 34 35 34 37 34 34 35 37 35 36 35 36 36 37 36 39 36 36 37 39 37 38 37 38 38 39 38 41 38 38 39 41 39 40 39 40 40 41 40 43 40 40 41 43 41 42 41 42 42 43 42 45 42 42 43 45 43 44 43 5 44 3 44 1 44 1 45 47 45 45 45 45 46 43 46 41 46 41 47 39 47 37 47 37 48 35 48 33 48 33 49 31 49 29 49 29 50 27 50 25 50 25 51 23 51 21 51 21 52 19 52 17 52 17 53 15 53 13 53 13 54 11 54 9 54 9 55 7 55 5 55 5 56 1 56 45 56 45 57 41 57 37 57 37 58 33 58 29 58 29 59 25 59 21 59 21 60 17 60 13 60 13 61 9 61 5 61 5 62 45 62 37 62 37 63 29 63 21 63 21 64 13 64 5 64 37 65 21 65 5 65 44 66 45 66 47 66 44 67 47 67 46 67 46 68 47 68 1 68 46 69 1 69 0 69 46 70 0 70 2 70 2 71 4 71 6 71 6 72 8 72 10 72 10 73 12 73 14 73 14 74 16 74 18 74 18 75 20 75 22 75 22 76 24 76 26 76 26 77 28 77 30 77 30 78 32 78 34 78 34 79 36 79 38 79 38 80 40 80 42 80 42 81 44 81 46 81 46 82 2 82 6 82 6 83 10 83 14 83 14 84 18 84 22 84 22 85 26 85 30 85 30 86 34 86 38 86 38 87 42 87 46 87 46 88 6 88 14 88 14 89 22 89 30 89 30 90 38 90 46 90 14 91 30 91 46 91</p></triangles></mesh></geometry><geometry id="mesh1"><mesh><source id="mesh1-positions"><float_array id="mesh1-array" count="144">-0.05700000002980232 0.03240000084042549 0.004999999888241291 -0.008999999612569809 0.03240000084042549 0.004999999888241291 -0.05700000002980232 0.03369409590959549 0.004829628858715296 -0.008999999612569809 0.03369409590959549 0.004829628858715296 -0.05700000002980232 0.03490000218153 0.0043301270343363285 -0.008999999612569809 0.03490000218153 0.0043301270343363285 -0.05700000002980232 0.03593553602695465 0.0035355337895452976 -0.008999999612569809 0.03593553602695465 0.0035355337895452976 -0.05700000002980232 0.03673012927174568 0.0024999999441206455 -0.008999999612569809 0.03673012927174568 0.0024999999441206455 -0.05700000002980232 0.03722963109612465 0.00129409518558532 -0.008999999612569809 0.03722963109612465 0.00129409518558532 -0.05700000002980232 0.03739999979734421 5.329070564522866e-18 -0.008999999612569809 0.03739999979734421 -5.329070564522866e-18 -0.05700000002980232 0.03722963109612465 -0.00129409518558532 -0.008999999612569809 0.03722963109612465 -0.00129409518558532 -0.05700000002980232 0.03673012927174568 -0.0024999999441206455 -0.008999999612569809 0.03673012927174568 -0.0024999999441206455 -0.05700000002980232 0.03593553602695465 -0.0035355337895452976 -0.008999999612569809 0.03593553602695465 -0.0035355337895452976 -0.05700000002980232 0.03490000218153 -0.0043301270343363285 -0.008999999612569809 0.03490000218153 -0.0043301270343363285 -0.05700000002980232 0.03369409590959549 -0.004829628858715296 -0.008999999612569809 0.03369409590959549 -0.004829628858715296 -0.05700000002980232 0.03240000084042549 -0.004999999888241291 -0.008999999612569809 0.03240000084042549 -0.004999999888241291 -0.05700000002980232 0.031105905771255493 -0.004829628858715296 -0.008999999612569809 0.031105905771255493 -0.004829628858715296 -0.05700000002980232 0.029900001361966133 -0.0043301270343363285 -0.008999999612569809 0.029900001361966133 -0.0043301270343363285 -0.05700000002980232 0.02886446751654148 -0.0035355337895452976 -0.008999999612569809 0.02886446751654148 -0.0035355337895452976 -0.05700000002980232 0.02806987427175045 -0.0024999999441206455 -0.008999999612569809 0.02806987427175045 -0.0024999999441206455 -0.05700000002980232 0.027570372447371483 -0.00129409518558532 -0.008999999612569809 0.027570372447371483 -0.00129409518558532 -0.05700000002980232 0.027400001883506775 5.329070564522866e-18 -0.008999999612569809 0.027400001883506775 -5.329070564522866e-18 -0.05700000002980232 0.027570372447371483 0.00129409518558532 -0.008999999612569809 0.027570372447371483 0.00129409518558532 -0.05700000002980232 0.02806987427175045 0.0024999999441206455 -0.008999999612569809 0.02806987427175045 0.0024999999441206455 -0.05700000002980232 0.02886446751654148 0.0035355337895452976 -0.008999999612569809 0.02886446751654148 0.0035355337895452976 -0.05700000002980232 0.029900001361966133 0.0043301270343363285 -0.008999999612569809 0.029900001361966133 0.0043301270343363285 -0.05700000002980232 0.031105905771255493 0.004829628858715296 -0.008999999612569809 0.031105905771255493 0.004829628858715296</float_array><technique_common><accessor source="#mesh1-array" count="48" stride="3"><param name="X" type="float" /><param name="Y" type="float" /><param name="Z" type="float" /></accessor></technique_common></source><source id="mesh1-normals"><float_array id="mesh1-normals-array" count="276">2.2014498795702573e-16 0.1305263340473175 0.9914448857307434 2.2014498795702573e-16 0.1305263340473175 0.9914448857307434 2.0514248597904537e-16 0.38268327713012695 0.9238796234130859 2.0514248597904537e-16 0.38268327713012695 0.9238796234130859 1.761598110857512e-16 0.6087614893913269 0.793353259563446 1.761598110857512e-16 0.6087614893913269 0.793353259563446 1.3517220440547082e-16 0.793353259563446 0.6087614893913269 1.3517220440547082e-16 0.793353259563446 0.6087614893913269 8.497275708177531e-17 0.9238796234130859 0.38268327713012695 8.497275708177531e-17 0.9238796234130859 0.38268327713012695 2.898266827584928e-17 0.9914448857307434 0.1305263340473175 2.898266827584928e-17 0.9914448857307434 0.1305263340473175 -2.898266827584928e-17 0.9914448857307434 -0.1305263340473175 -2.898266827584928e-17 0.9914448857307434 -0.1305263340473175 -8.497275708177531e-17 0.9238796234130859 -0.38268327713012695 -8.497275708177531e-17 0.9238796234130859 -0.38268327713012695 -1.3517220440547082e-16 0.793353259563446 -0.6087614893913269 -1.3517220440547082e-16 0.793353259563446 -0.6087614893913269 -1.761598110857512e-16 0.6087614893913269 -0.793353259563446 -1.761598110857512e-16 0.6087614893913269 -0.793353259563446 -2.0514248597904537e-16 0.38268327713012695 -0.9238796234130859 -2.0514248597904537e-16 0.38268327713012695 -0.9238796234130859 -2.2014498795702573e-16 0.1305263340473175 -0.9914448857307434 -2.2014498795702573e-16 0.1305263340473175 -0.9914448857307434 -2.2014498795702573e-16 -0.1305263340473175 -0.9914448857307434 -2.2014498795702573e-16 -0.1305263340473175 -0.9914448857307434 -2.0514248597904537e-16 -0.38268327713012695 -0.9238796234130859 -2.0514248597904537e-16 -0.38268327713012695 -0.9238796234130859 -1.761598110857512e-16 -0.6087614893913269 -0.793353259563446 -1.761598110857512e-16 -0.6087614893913269 -0.793353259563446 -1.3517220440547082e-16 -0.793353259563446 -0.6087614893913269 -1.3517220440547082e-16 -0.793353259563446 -0.6087614893913269 -8.497275708177531e-17 -0.9238796234130859 -0.38268327713012695 -8.497275708177531e-17 -0.9238796234130859 -0.38268327713012695 -2.898266827584928e-17 -0.9914448857307434 -0.1305263340473175 -2.898266827584928e-17 -0.9914448857307434 -0.1305263340473175 2.898266827584928e-17 -0.9914448857307434 0.1305263340473175 2.898266827584928e-17 -0.9914448857307434 0.1305263340473175 8.497275708177531e-17 -0.9238796234130859 0.38268327713012695 8.497275708177531e-17 -0.9238796234130859 0.38268327713012695 1.3517220440547082e-16 -0.793353259563446 0.6087614893913269 1.3517220440547082e-16 -0.793353259563446 0.6087614893913269 1.761598110857512e-16 -0.6087614893913269 0.793353259563446 1.761598110857512e-16 -0.6087614893913269 0.793353259563446 1.0 2.220446049250313e-16 4.930380657631324e-32 1.0 2.220446049250313e-16 4.930380657631324e-32 1.0 2.220446049250313e-16 4.930380657631324e-32 1.0 2.220446049250313e-16 4.930380657631324e-32 1.0 2.220446049250313e-16 4.930380657631324e-32 1.0 2.220446049250313e-16 4.930380657631324e-32 1.0 2.220446049250313e-16 4.930380657631324e-32 1.0 2.220446049250313e-16 4.930380657631324e-32 1.0 2.220446049250313e-16 4.930380657631324e-32 1.0 2.220446049250313e-16 4.930380657631324e-32 1.0 2.220446049250313e-16 4.930380657631324e-32 1.0 2.220446049250313e-16 4.930380657631324e-32 1.0 2.220446049250313e-16 4.930380657631324e-32 1.0 2.220446049250313e-16 4.930380657631324e-32 1.0 2.220446049250313e-16 4.930380657631324e-32 1.0 2.220446049250313e-16 4.930380657631324e-32 1.0 2.220446049250313e-16 4.930380657631324e-32 1.0 2.220446049250313e-16 4.930380657631324e-32 1.0 2.220446049250313e-16 4.930380657631324e-32 1.0 2.220446049250313e-16 4.930380657631324e-32 1.0 2.220446049250313e-16 4.930380657631324e-32 1.0 2.220446049250313e-16 4.930380657631324e-32 2.0514248597904537e-16 -0.38268327713012695 0.9238796234130859 2.0514248597904537e-16 -0.38268327713012695 0.9238796234130859 2.2014498795702573e-16 -0.1305263340473175 0.9914448857307434 2.2014498795702573e-16 -0.1305263340473175 0.9914448857307434 -1.0 -2.220446049250313e-16 -4.930380657631324e-32 -1.0 -2.220446049250313e-16 -4.930380657631324e-32 -1.0 -2.220446049250313e-16 -4.930380657631324e-32 -1.0 -2.220446049250313e-16 -4.930380657631324e-32 -1.0 -2.220446049250313e-16 -4.930380657631324e-32 -1.0 -2.220446049250313e-16 -4.930380657631324e-32 -1.0 -2.220446049250313e-16 -4.930380657631324e-32 -1.0 -2.220446049250313e-16 -4.930380657631324e-32 -1.0 -2.220446049250313e-16 -4.930380657631324e-32 -1.0 -2.220446049250313e-16 -4.930380657631324e-32 -1.0 -2.220446049250313e-16 -4.930380657631324e-32 -1.0 -2.220446049250313e-16 -4.930380657631324e-32 -1.0 -2.220446049250313e-16 -4.930380657631324e-32 -1.0 -2.220446049250313e-16 -4.930380657631324e-32 -1.0 -2.220446049250313e-16 -4.930380657631324e-32 -1.0 -2.220446049250313e-16 -4.930380657631324e-32 -1.0 -2.220446049250313e-16 -4.930380657631324e-32 -1.0 -2.220446049250313e-16 -4.930380657631324e-32 -1.0 -2.220446049250313e-16 -4.930380657631324e-32 -1.0 -2.220446049250313e-16 -4.930380657631324e-32 -1.0 -2.220446049250313e-16 -4.930380657631324e-32 -1.0 -2.220446049250313e-16 -4.930380657631324e-32</float_array><technique_common><accessor source="#mesh1-normals-array" count="92" stride="3"><param name="X" type="float" /><param name="Y" type="float" /><param name="Z" type="float" /></accessor></technique_common></source><vertices id="mesh1-vertices"><input semantic="POSITION" source="#mesh1-positions" /></vertices><triangles count="92" material="copper"><input semantic="VERTEX" source="#mesh1-vertices" offset="0" /><input semantic="NORMAL" source="#mesh1-normals" offset="1" /><p>0 0 1 0 3 0 0 1 3 1 2 1 2 2 3 2 5 2 2 3 5 3 4 3 4 4 5 4 7 4 4 5 7 5 6 5 6 6 7 6 9 6 6 7 9 7 8 7 8 8 9 8 11 8 8 9 11 9 10 9 10 10 11 10 13 10 10 11 13 11 12 11 12 12 13 12 15 12 12 13 15 13 14 13 14 14 15 14 17 14 14 15 17 15 16 15 16 16 17 16 19 16 16 17 19 17 18 17 18 18 19 18 21 18 18 19 21 19 20 19 20 20 21 20 23 20 20 21 23 21 22 21 22 22 23 22 25 22 22 23 25 23 24 23 24 24 25 24 27 24 24 25 27 25 26 25 26 26 27 26 29 26 26 27 29 27 28 27 28 28 29 28 31 28 28 29 31 29 30 29 30 30 31 30 33 30 30 31 33 31 32 31 32 32 33 32 35 32 32 33 35 33 34 33 34 34 35 34 37 34 34 35 37 35 36 35 36 36 37 36 39 36 36 37 39 37 38 37 38 38 39 38 41 38 38 39 41 39 40 39 40 40 41 40 43 40 40 41 43 41 42 41 42 42 43 42 45 42 42 43 45 43 44 43 5 44 3 44 1 44 1 45 47 45 45 45 45 46 43 46 41 46 41 47 39 47 37 47 37 48 35 48 33 48 33 49 31 49 29 49 29 50 27 50 25 50 25 51 23 51 21 51 21 52 19 52 17 52 17 53 15 53 13 53 13 54 11 54 9 54 9 55 7 55 5 55 5 56 1 56 45 56 45 57 41 57 37 57 37 58 33 58 29 58 29 59 25 59 21 59 21 60 17 60 13 60 13 61 9 61 5 61 5 62 45 62 37 62 37 63 29 63 21 63 21 64 13 64 5 64 37 65 21 65 5 65 44 66 45 66 47 66 44 67 47 67 46 67 46 68 47 68 1 68 46 69 1 69 0 69 46 70 0 70 2 70 2 71 4 71 6 71 6 72 8 72 10 72 10 73 12 73 14 73 14 74 16 74 18 74 18 75 20 75 22 75 22 76 24 76 26 76 26 77 28 77 30 77 30 78 32 78 34 78 34 79 36 79 38 79 38 80 40 80 42 80 42 81 44 81 46 81 46 82 2 82 6 82 6 83 10 83 14 83 14 84 18 84 22 84 22 85 26 85 30 85 30 86 34 86 38 86 38 87 42 87 46 87 46 88 6 88 14 88 14 89 22 89 30 89 30 90 38 90 46 90 14 91 30 91 46 91</p></triangles></mesh></geometry><geometry id="mesh2"><mesh><source id="mesh2-positions"><float_array id="mesh2-array" count="144">-0.11599999666213989 -0.030131999403238297 0.004999999888241291 -0.06800000369548798 -0.030131999403238297 0.004999999888241291 -0.11599999666213989 -0.0288379043340683 0.004829628858715296 -0.06800000369548798 -0.0288379043340683 0.004829628858715296 -0.11599999666213989 -0.02763199992477894 0.0043301270343363285 -0.06800000369548798 -0.02763199992477894 0.0043301270343363285 -0.11599999666213989 -0.026596466079354286 0.0035355337895452976 -0.06800000369548798 -0.026596466079354286 0.0035355337895452976 -0.11599999666213989 -0.025801872834563255 0.0024999999441206455 -0.06800000369548798 -0.025801872834563255 0.0024999999441206455 -0.11599999666213989 -0.025302371010184288 0.00129409518558532 -0.06800000369548798 -0.025302371010184288 0.00129409518558532 -0.11599999666213989 -0.02513200044631958 5.329069737342253e-18 -0.06800000369548798 -0.02513200044631958 -5.329069737342253e-18 -0.11599999666213989 -0.025302371010184288 -0.00129409518558532 -0.06800000369548798 -0.025302371010184288 -0.00129409518558532 -0.11599999666213989 -0.025801872834563255 -0.0024999999441206455 -0.06800000369548798 -0.025801872834563255 -0.0024999999441206455 -0.11599999666213989 -0.026596466079354286 -0.0035355337895452976 -0.06800000369548798 -0.026596466079354286 -0.0035355337895452976 -0.11599999666213989 -0.02763199992477894 -0.0043301270343363285 -0.06800000369548798 -0.02763199992477894 -0.0043301270343363285 -0.11599999666213989 -0.0288379043340683 -0.004829628858715296 -0.06800000369548798 -0.0288379043340683 -0.004829628858715296 -0.11599999666213989 -0.030131999403238297 -0.004999999888241291 -0.06800000369548798 -0.030131999403238297 -0.004999999888241291 -0.11599999666213989 -0.031426094472408295 -0.004829628858715296 -0.06800000369548798 -0.031426094472408295 -0.004829628858715296 -0.11599999666213989 -0.032632000744342804 -0.0043301270343363285 -0.06800000369548798 -0.032632000744342804 -0.0043301270343363285 -0.11599999666213989 -0.033667534589767456 -0.0035355337895452976 -0.06800000369548798 -0.033667534589767456 -0.0035355337895452976 -0.11599999666213989 -0.03446212783455849 -0.0024999999441206455 -0.06800000369548798 -0.03446212783455849 -0.0024999999441206455 -0.11599999666213989 -0.034961629658937454 -0.00129409518558532 -0.06800000369548798 -0.034961629658937454 -0.00129409518558532 -0.11599999666213989 -0.03513199836015701 5.329069737342253e-18 -0.06800000369548798 -0.03513199836015701 -5.329069737342253e-18 -0.11599999666213989 -0.034961629658937454 0.00129409518558532 -0.06800000369548798 -0.034961629658937454 0.00129409518558532 -0.11599999666213989 -0.03446212783455849 0.0024999999441206455 -0.06800000369548798 -0.03446212783455849 0.0024999999441206455 -0.11599999666213989 -0.033667534589767456 0.0035355337895452976 -0.06800000369548798 -0.033667534589767456 0.0035355337895452976 -0.11599999666213989 -0.032632000744342804 0.0043301270343363285 -0.06800000369548798 -0.032632000744342804 0.0043301270343363285 -0.11599999666213989 -0.031426094472408295 0.004829628858715296 -0.06800000369548798 -0.031426094472408295 0.004829628858715296</float_array><technique_common><accessor source="#mesh2-array" count="48" stride="3"><param name="X" type="float" /><param name="Y" type="float" /><param name="Z" type="float" /></accessor></technique_common></source><source id="mesh2-normals"><float_array id="mesh2-normals-array" count="276">2.2014498795702573e-16 0.1305263191461563 0.9914448857307434 2.2014498795702573e-16 0.1305263191461563 0.9914448857307434 2.0514249921393517e-16 0.38268330693244934 0.9238796830177307 2.0514249921393517e-16 0.38268330693244934 0.9238796830177307 1.761598110857512e-16 0.6087615489959717 0.793353259563446 1.761598110857512e-16 0.6087615489959717 0.793353259563446 1.3517221764036062e-16 0.793353259563446 0.6087615489959717 1.3517221764036062e-16 0.793353259563446 0.6087615489959717 8.497276369922021e-17 0.9238796830177307 0.38268330693244934 8.497276369922021e-17 0.9238796830177307 0.38268330693244934 2.898266496712683e-17 0.9914448857307434 0.1305263191461563 2.898266496712683e-17 0.9914448857307434 0.1305263191461563 -2.898266496712683e-17 0.9914448857307434 -0.1305263191461563 -2.898266496712683e-17 0.9914448857307434 -0.1305263191461563 -8.497276369922021e-17 0.9238796830177307 -0.38268330693244934 -8.497276369922021e-17 0.9238796830177307 -0.38268330693244934 -1.3517221764036062e-16 0.793353259563446 -0.6087615489959717 -1.3517221764036062e-16 0.793353259563446 -0.6087615489959717 -1.761598110857512e-16 0.6087615489959717 -0.793353259563446 -1.761598110857512e-16 0.6087615489959717 -0.793353259563446 -2.0514249921393517e-16 0.38268330693244934 -0.9238796830177307 -2.0514249921393517e-16 0.38268330693244934 -0.9238796830177307 -2.2014498795702573e-16 0.1305263191461563 -0.9914448857307434 -2.2014498795702573e-16 0.1305263191461563 -0.9914448857307434 -2.2014498795702573e-16 -0.1305263191461563 -0.9914448857307434 -2.2014498795702573e-16 -0.1305263191461563 -0.9914448857307434 -2.0514249921393517e-16 -0.38268330693244934 -0.9238796830177307 -2.0514249921393517e-16 -0.38268330693244934 -0.9238796830177307 -1.761598110857512e-16 -0.6087615489959717 -0.793353259563446 -1.761598110857512e-16 -0.6087615489959717 -0.793353259563446 -1.3517221764036062e-16 -0.793353259563446 -0.6087615489959717 -1.3517221764036062e-16 -0.793353259563446 -0.6087615489959717 -8.497276369922021e-17 -0.9238796830177307 -0.38268330693244934 -8.497276369922021e-17 -0.9238796830177307 -0.38268330693244934 -2.898266496712683e-17 -0.9914448857307434 -0.1305263191461563 -2.898266496712683e-17 -0.9914448857307434 -0.1305263191461563 2.898266496712683e-17 -0.9914448857307434 0.1305263191461563 2.898266496712683e-17 -0.9914448857307434 0.1305263191461563 8.497276369922021e-17 -0.9238796830177307 0.38268330693244934 8.497276369922021e-17 -0.9238796830177307 0.38268330693244934 1.3517221764036062e-16 -0.793353259563446 0.6087615489959717 1.3517221764036062e-16 -0.793353259563446 0.6087615489959717 1.761598110857512e-16 -0.6087615489959717 0.793353259563446 1.761598110857512e-16 -0.6087615489959717 0.793353259563446 1.0 2.220446049250313e-16 4.930380657631324e-32 1.0 2.220446049250313e-16 4.930380657631324e-32 1.0 2.220446049250313e-16 4.930380657631324e-32 1.0 2.220446049250313e-16 4.930380657631324e-32 1.0 2.220446049250313e-16 4.930380657631324e-32 1.0 2.220446049250313e-16 4.930380657631324e-32 1.0 2.220446049250313e-16 4.930380657631324e-32 1.0 2.220446049250313e-16 4.930380657631324e-32 1.0 2.220446049250313e-16 4.930380657631324e-32 1.0 2.220446049250313e-16 4.930380657631324e-32 1.0 2.220446049250313e-16 4.930380657631324e-32 1.0 2.220446049250313e-16 4.930380657631324e-32 1.0 2.220446049250313e-16 4.930380657631324e-32 1.0 2.220446049250313e-16 4.930380657631324e-32 1.0 2.220446049250313e-16 4.930380657631324e-32 1.0 2.220446049250313e-16 4.930380657631324e-32 1.0 2.220446049250313e-16 4.930380657631324e-32 1.0 2.220446049250313e-16 4.930380657631324e-32 1.0 2.220446049250313e-16 4.930380657631324e-32 1.0 2.220446049250313e-16 4.930380657631324e-32 1.0 2.220446049250313e-16 4.930380657631324e-32 1.0 2.220446049250313e-16 4.930380657631324e-32 2.0514249921393517e-16 -0.38268330693244934 0.9238796830177307 2.0514249921393517e-16 -0.38268330693244934 0.9238796830177307 2.2014498795702573e-16 -0.1305263191461563 0.9914448857307434 2.2014498795702573e-16 -0.1305263191461563 0.9914448857307434 -1.0 -2.220446049250313e-16 -4.930380657631324e-32 -1.0 -2.220446049250313e-16 -4.930380657631324e-32 -1.0 -2.220446049250313e-16 -4.930380657631324e-32 -1.0 -2.220446049250313e-16 -4.930380657631324e-32 -1.0 -2.220446049250313e-16 -4.930380657631324e-32 -1.0 -2.220446049250313e-16 -4.930380657631324e-32 -1.0 -2.220446049250313e-16 -4.930380657631324e-32 -1.0 -2.220446049250313e-16 -4.930380657631324e-32 -1.0 -2.220446049250313e-16 -4.930380657631324e-32 -1.0 -2.220446049250313e-16 -4.930380657631324e-32 -1.0 -2.220446049250313e-16 -4.930380657631324e-32 -1.0 -2.220446049250313e-16 -4.930380657631324e-32 -1.0 -2.220446049250313e-16 -4.930380657631324e-32 -1.0 -2.220446049250313e-16 -4.930380657631324e-32 -1.0 -2.220446049250313e-16 -4.930380657631324e-32 -1.0 -2.220446049250313e-16 -4.930380657631324e-32 -1.0 -2.220446049250313e-16 -4.930380657631324e-32 -1.0 -2.220446049250313e-16 -4.930380657631324e-32 -1.0 -2.220446049250313e-16 -4.930380657631324e-32 -1.0 -2.220446049250313e-16 -4.930380657631324e-32 -1.0 -2.220446049250313e-16 -4.930380657631324e-32 -1.0 -2.220446049250313e-16 -4.930380657631324e-32</float_array><technique_common><accessor source="#mesh2-normals-array" count="92" stride="3"><param name="X" type="float" /><param name="Y" type="float" /><param name="Z" type="float" /></accessor></technique_common></source><vertices id="mesh2-vertices"><input semantic="POSITION" source="#mesh2-positions" /></vertices><triangles count="92" material="copper"><input semantic="VERTEX" source="#mesh2-vertices" offset="0" /><input semantic="NORMAL" source="#mesh2-normals" offset="1" /><p>0 0 1 0 3 0 0 1 3 1 2 1 2 2 3 2 5 2 2 3 5 3 4 3 4 4 5 4 7 4 4 5 7 5 6 5 6 6 7 6 9 6 6 7 9 7 8 7 8 8 9 8 11 8 8 9 11 9 10 9 10 10 11 10 13 10 10 11 13 11 12 11 12 12 13 12 15 12 12 13 15 13 14 13 14 14 15 14 17 14 14 15 17 15 16 15 16 16 17 16 19 16 16 17 19 17 18 17 18 18 19 18 21 18 18 19 21 19 20 19 20 20 21 20 23 20 20 21 23 21 22 21 22 22 23 22 25 22 22 23 25 23 24 23 24 24 25 24 27 24 24 25 27 25 26 25 26 26 27 26 29 26 26 27 29 27 28 27 28 28 29 28 31 28 28 29 31 29 30 29 30 30 31 30 33 30 30 31 33 31 32 31 32 32 33 32 35 32 32 33 35 33 34 33 34 34 35 34 37 34 34 35 37 35 36 35 36 36 37 36 39 36 36 37 39 37 38 37 38 38 39 38 41 38 38 39 41 39 40 39 40 40 41 40 43 40 40 41 43 41 42 41 42 42 43 42 45 42 42 43 45 43 44 43 5 44 3 44 1 44 1 45 47 45 45 45 45 46 43 46 41 46 41 47 39 47 37 47 37 48 35 48 33 48 33 49 31 49 29 49 29 50 27 50 25 50 25 51 23 51 21 51 21 52 19 52 17 52 17 53 15 53 13 53 13 54 11 54 9 54 9 55 7 55 5 55 5 56 1 56 45 56 45 57 41 57 37 57 37 58 33 58 29 58 29 59 25 59 21 59 21 60 17 60 13 60 13 61 9 61 5 61 5 62 45 62 37 62 37 63 29 63 21 63 21 64 13 64 5 64 37 65 21 65 5 65 44 66 45 66 47 66 44 67 47 67 46 67 46 68 47 68 1 68 46 69 1 69 0 69 46 70 0 70 2 70 2 71 4 71 6 71 6 72 8 72 10 72 10 73 12 73 14 73 14 74 16 74 18 74 18 75 20 75 22 75 22 76 24 76 26 76 26 77 28 77 30 77 30 78 32 78 34 78 34 79 36 79 38 79 38 80 40 80 42 80 42 81 44 81 46 81 46 82 2 82 6 82 6 83 10 83 14 83 14 84 18 84 22 84 22 85 26 85 30 85 30 86 34 86 38 86 38 87 42 87 46 87 46 88 6 88 14 88 14 89 22 89 30 89 30 90 38 90 46 90 14 91 30 91 46 91</p></triangles></mesh></geometry><geometry id="mesh3"><mesh><source id="mesh3-positions"><float_array id="mesh3-array" count="144">-0.11599999666213989 0.030131999403238297 0.004999999888241291 -0.06800000369548798 0.030131999403238297 0.004999999888241291 -0.11599999666213989 0.031426094472408295 0.004829628858715296 -0.06800000369548798 0.031426094472408295 0.004829628858715296 -0.11599999666213989 0.032632000744342804 0.0043301270343363285 -0.06800000369548798 0.032632000744342804 0.0043301270343363285 -0.11599999666213989 0.033667534589767456 0.0035355337895452976 -0.06800000369548798 0.033667534589767456 0.0035355337895452976 -0.11599999666213989 0.03446212783455849 0.0024999999441206455 -0.06800000369548798 0.03446212783455849 0.0024999999441206455 -0.11599999666213989 0.034961629658937454 0.00129409518558532 -0.06800000369548798 0.034961629658937454 0.00129409518558532 -0.11599999666213989 0.03513199836015701 5.329069737342253e-18 -0.06800000369548798 0.03513199836015701 -5.329069737342253e-18 -0.11599999666213989 0.034961629658937454 -0.00129409518558532 -0.06800000369548798 0.034961629658937454 -0.00129409518558532 -0.11599999666213989 0.03446212783455849 -0.0024999999441206455 -0.06800000369548798 0.03446212783455849 -0.0024999999441206455 -0.11599999666213989 0.033667534589767456 -0.0035355337895452976 -0.06800000369548798 0.033667534589767456 -0.0035355337895452976 -0.11599999666213989 0.032632000744342804 -0.0043301270343363285 -0.06800000369548798 0.032632000744342804 -0.0043301270343363285 -0.11599999666213989 0.031426094472408295 -0.004829628858715296 -0.06800000369548798 0.031426094472408295 -0.004829628858715296 -0.11599999666213989 0.030131999403238297 -0.004999999888241291 -0.06800000369548798 0.030131999403238297 -0.004999999888241291 -0.11599999666213989 0.0288379043340683 -0.004829628858715296 -0.06800000369548798 0.0288379043340683 -0.004829628858715296 -0.11599999666213989 0.02763199992477894 -0.0043301270343363285 -0.06800000369548798 0.02763199992477894 -0.0043301270343363285 -0.11599999666213989 0.026596466079354286 -0.0035355337895452976 -0.06800000369548798 0.026596466079354286 -0.0035355337895452976 -0.11599999666213989 0.025801872834563255 -0.0024999999441206455 -0.06800000369548798 0.025801872834563255 -0.0024999999441206455 -0.11599999666213989 0.025302371010184288 -0.00129409518558532 -0.06800000369548798 0.025302371010184288 -0.00129409518558532 -0.11599999666213989 0.02513200044631958 5.329069737342253e-18 -0.06800000369548798 0.02513200044631958 -5.329069737342253e-18 -0.11599999666213989 0.025302371010184288 0.00129409518558532 -0.06800000369548798 0.025302371010184288 0.00129409518558532 -0.11599999666213989 0.025801872834563255 0.0024999999441206455 -0.06800000369548798 0.025801872834563255 0.0024999999441206455 -0.11599999666213989 0.026596466079354286 0.0035355337895452976 -0.06800000369548798 0.026596466079354286 0.0035355337895452976 -0.11599999666213989 0.02763199992477894 0.0043301270343363285 -0.06800000369548798 0.02763199992477894 0.0043301270343363285 -0.11599999666213989 0.0288379043340683 0.004829628858715296 -0.06800000369548798 0.0288379043340683 0.004829628858715296</float_array><technique_common><accessor source="#mesh3-array" count="48" stride="3"><param name="X" type="float" /><param name="Y" type="float" /><param name="Z" type="float" /></accessor></technique_common></source><source id="mesh3-normals"><float_array id="mesh3-normals-array" count="276">2.2014498795702573e-16 0.1305263191461563 0.9914448857307434 2.2014498795702573e-16 0.1305263191461563 0.9914448857307434 2.0514249921393517e-16 0.38268330693244934 0.9238796830177307 2.0514249921393517e-16 0.38268330693244934 0.9238796830177307 1.761598110857512e-16 0.6087615489959717 0.793353259563446 1.761598110857512e-16 0.6087615489959717 0.793353259563446 1.3517221764036062e-16 0.793353259563446 0.6087615489959717 1.3517221764036062e-16 0.793353259563446 0.6087615489959717 8.497276369922021e-17 0.9238796830177307 0.38268330693244934 8.497276369922021e-17 0.9238796830177307 0.38268330693244934 2.898266496712683e-17 0.9914448857307434 0.1305263191461563 2.898266496712683e-17 0.9914448857307434 0.1305263191461563 -2.898266496712683e-17 0.9914448857307434 -0.1305263191461563 -2.898266496712683e-17 0.9914448857307434 -0.1305263191461563 -8.497276369922021e-17 0.9238796830177307 -0.38268330693244934 -8.497276369922021e-17 0.9238796830177307 -0.38268330693244934 -1.3517221764036062e-16 0.793353259563446 -0.6087615489959717 -1.3517221764036062e-16 0.793353259563446 -0.6087615489959717 -1.761598110857512e-16 0.6087615489959717 -0.793353259563446 -1.761598110857512e-16 0.6087615489959717 -0.793353259563446 -2.0514249921393517e-16 0.38268330693244934 -0.9238796830177307 -2.0514249921393517e-16 0.38268330693244934 -0.9238796830177307 -2.2014498795702573e-16 0.1305263191461563 -0.9914448857307434 -2.2014498795702573e-16 0.1305263191461563 -0.9914448857307434 -2.2014498795702573e-16 -0.1305263191461563 -0.9914448857307434 -2.2014498795702573e-16 -0.1305263191461563 -0.9914448857307434 -2.0514249921393517e-16 -0.38268330693244934 -0.9238796830177307 -2.0514249921393517e-16 -0.38268330693244934 -0.9238796830177307 -1.761598110857512e-16 -0.6087615489959717 -0.793353259563446 -1.761598110857512e-16 -0.6087615489959717 -0.793353259563446 -1.3517221764036062e-16 -0.793353259563446 -0.6087615489959717 -1.3517221764036062e-16 -0.793353259563446 -0.6087615489959717 -8.497276369922021e-17 -0.9238796830177307 -0.38268330693244934 -8.497276369922021e-17 -0.9238796830177307 -0.38268330693244934 -2.898266496712683e-17 -0.9914448857307434 -0.1305263191461563 -2.898266496712683e-17 -0.9914448857307434 -0.1305263191461563 2.898266496712683e-17 -0.9914448857307434 0.1305263191461563 2.898266496712683e-17 -0.9914448857307434 0.1305263191461563 8.497276369922021e-17 -0.9238796830177307 0.38268330693244934 8.497276369922021e-17 -0.9238796830177307 0.38268330693244934 1.3517221764036062e-16 -0.793353259563446 0.6087615489959717 1.3517221764036062e-16 -0.793353259563446 0.6087615489959717 1.761598110857512e-16 -0.6087615489959717 0.793353259563446 1.761598110857512e-16 -0.6087615489959717 0.793353259563446 1.0 2.220446049250313e-16 4.930380657631324e-32 1.0 2.220446049250313e-16 4.930380657631324e-32 1.0 2.220446049250313e-16 4.930380657631324e-32 1.0 2.220446049250313e-16 4.930380657631324e-32 1.0 2.220446049250313e-16 4.930380657631324e-32 1.0 2.220446049250313e-16 4.930380657631324e-32 1.0 2.220446049250313e-16 4.930380657631324e-32 1.0 2.220446049250313e-16 4.930380657631324e-32 1.0 2.220446049250313e-16 4.930380657631324e-32 1.0 2.220446049250313e-16 4.930380657631324e-32 1.0 2.220446049250313e-16 4.930380657631324e-32 1.0 2.220446049250313e-16 4.930380657631324e-32 1.0 2.220446049250313e-16 4.930380657631324e-32 1.0 2.220446049250313e-16 4.930380657631324e-32 1.0 2.220446049250313e-16 4.930380657631324e-32 1.0 2.220446049250313e-16 4.930380657631324e-32 1.0 2.220446049250313e-16 4.930380657631324e-32 1.0 2.220446049250313e-16 4.930380657631324e-32 1.0 2.220446049250313e-16 4.930380657631324e-32 1.0 2.220446049250313e-16 4.930380657631324e-32 1.0 2.220446049250313e-16 4.930380657631324e-32 1.0 2.220446049250313e-16 4.930380657631324e-32 2.0514249921393517e-16 -0.38268330693244934 0.9238796830177307 2.0514249921393517e-16 -0.38268330693244934 0.9238796830177307 2.2014498795702573e-16 -0.1305263191461563 0.9914448857307434 2.2014498795702573e-16 -0.1305263191461563 0.9914448857307434 -1.0 -2.220446049250313e-16 -4.930380657631324e-32 -1.0 -2.220446049250313e-16 -4.930380657631324e-32 -1.0 -2.220446049250313e-16 -4.930380657631324e-32 -1.0 -2.220446049250313e-16 -4.930380657631324e-32 -1.0 -2.220446049250313e-16 -4.930380657631324e-32 -1.0 -2.220446049250313e-16 -4.930380657631324e-32 -1.0 -2.220446049250313e-16 -4.930380657631324e-32 -1.0 -2.220446049250313e-16 -4.930380657631324e-32 -1.0 -2.220446049250313e-16 -4.930380657631324e-32 -1.0 -2.220446049250313e-16 -4.930380657631324e-32 -1.0 -2.220446049250313e-16 -4.930380657631324e-32 -1.0 -2.220446049250313e-16 -4.930380657631324e-32 -1.0 -2.220446049250313e-16 -4.930380657631324e-32 -1.0 -2.220446049250313e-16 -4.930380657631324e-32 -1.0 -2.220446049250313e-16 -4.930380657631324e-32 -1.0 -2.220446049250313e-16 -4.930380657631324e-32 -1.0 -2.220446049250313e-16 -4.930380657631324e-32 -1.0 -2.220446049250313e-16 -4.930380657631324e-32 -1.0 -2.220446049250313e-16 -4.930380657631324e-32 -1.0 -2.220446049250313e-16 -4.930380657631324e-32 -1.0 -2.220446049250313e-16 -4.930380657631324e-32 -1.0 -2.220446049250313e-16 -4.930380657631324e-32</float_array><technique_common><accessor source="#mesh3-normals-array" count="92" stride="3"><param name="X" type="float" /><param name="Y" type="float" /><param name="Z" type="float" /></accessor></technique_common></source><vertices id="mesh3-vertices"><input semantic="POSITION" source="#mesh3-positions" /></vertices><triangles count="92" material="copper"><input semantic="VERTEX" source="#mesh3-vertices" offset="0" /><input semantic="NORMAL" source="#mesh3-normals" offset="1" /><p>0 0 1 0 3 0 0 1 3 1 2 1 2 2 3 2 5 2 2 3 5 3 4 3 4 4 5 4 7 4 4 5 7 5 6 5 6 6 7 6 9 6 6 7 9 7 8 7 8 8 9 8 11 8 8 9 11 9 10 9 10 10 11 10 13 10 10 11 13 11 12 11 12 12 13 12 15 12 12 13 15 13 14 13 14 14 15 14 17 14 14 15 17 15 16 15 16 16 17 16 19 16 16 17 19 17 18 17 18 18 19 18 21 18 18 19 21 19 20 19 20 20 21 20 23 20 20 21 23 21 22 21 22 22 23 22 25 22 22 23 25 23 24 23 24 24 25 24 27 24 24 25 27 25 26 25 26 26 27 26 29 26 26 27 29 27 28 27 28 28 29 28 31 28 28 29 31 29 30 29 30 30 31 30 33 30 30 31 33 31 32 31 32 32 33 32 35 32 32 33 35 33 34 33 34 34 35 34 37 34 34 35 37 35 36 35 36 36 37 36 39 36 36 37 39 37 38 37 38 38 39 38 41 38 38 39 41 39 40 39 40 40 41 40 43 40 40 41 43 41 42 41 42 42 43 42 45 42 42 43 45 43 44 43 5 44 3 44 1 44 1 45 47 45 45 45 45 46 43 46 41 46 41 47 39 47 37 47 37 48 35 48 33 48 33 49 31 49 29 49 29 50 27 50 25 50 25 51 23 51 21 51 21 52 19 52 17 52 17 53 15 53 13 53 13 54 11 54 9 54 9 55 7 55 5 55 5 56 1 56 45 56 45 57 41 57 37 57 37 58 33 58 29 58 29 59 25 59 21 59 21 60 17 60 13 60 13 61 9 61 5 61 5 62 45 62 37 62 37 63 29 63 21 63 21 64 13 64 5 64 37 65 21 65 5 65 44 66 45 66 47 66 44 67 47 67 46 67 46 68 47 68 1 68 46 69 1 69 0 69 46 70 0 70 2 70 2 71 4 71 6 71 6 72 8 72 10 72 10 73 12 73 14 73 14 74 16 74 18 74 18 75 20 75 22 75 22 76 24 76 26 76 26 77 28 77 30 77 30 78 32 78 34 78 34 79 36 79 38 79 38 80 40 80 42 80 42 81 44 81 46 81 46 82 2 82 6 82 6 83 10 83 14 83 14 84 18 84 22 84 22 85 26 85 30 85 30 86 34 86 38 86 38 87 42 87 46 87 46 88 6 88 14 88 14 89 22 89 30 89 30 90 38 90 46 90 14 91 30 91 46 91</p></triangles></mesh></geometry><geometry id="mesh4"><mesh><source id="mesh4-positions"><float_array id="mesh4-array" count="144">-0.17499998211860657 -0.02786399982869625 0.004999999888241291 -0.12700000405311584 -0.02786399982869625 0.004999999888241291 -0.17499998211860657 -0.026569904759526253 0.004829628858715296 -0.12700000405311584 -0.026569904759526253 0.004829628858715296 -0.17499998211860657 -0.025364000350236893 0.0043301270343363285 -0.12700000405311584 -0.025364000350236893 0.0043301270343363285 -0.17499998211860657 -0.02432846650481224 0.0035355337895452976 -0.12700000405311584 -0.02432846650481224 0.0035355337895452976 -0.17499998211860657 -0.02353387326002121 0.0024999999441206455 -0.12700000405311584 -0.02353387326002121 0.0024999999441206455 -0.17499998211860657 -0.023034371435642242 0.00129409518558532 -0.12700000405311584 -0.023034371435642242 0.00129409518558532 -0.17499998211860657 -0.022863999009132385 5.329069737342253e-18 -0.12700000405311584 -0.022863999009132385 -5.329069737342253e-18 -0.17499998211860657 -0.023034371435642242 -0.00129409518558532 -0.12700000405311584 -0.023034371435642242 -0.00129409518558532 -0.17499998211860657 -0.02353387326002121 -0.0024999999441206455 -0.12700000405311584 -0.02353387326002121 -0.0024999999441206455 -0.17499998211860657 -0.02432846650481224 -0.0035355337895452976 -0.12700000405311584 -0.02432846650481224 -0.0035355337895452976 -0.17499998211860657 -0.025364000350236893 -0.0043301270343363285 -0.12700000405311584 -0.025364000350236893 -0.0043301270343363285 -0.17499998211860657 -0.026569904759526253 -0.004829628858715296 -0.12700000405311584 -0.026569904759526253 -0.004829628858715296 -0.17499998211860657 -0.02786399982869625 -0.004999999888241291 -0.12700000405311584 -0.02786399982869625 -0.004999999888241291 -0.17499998211860657 -0.02915809489786625 -0.004829628858715296 -0.12700000405311584 -0.02915809489786625 -0.004829628858715296 -0.17499998211860657 -0.03036399930715561 -0.0043301270343363285 -0.12700000405311584 -0.03036399930715561 -0.0043301270343363285 -0.17499998211860657 -0.03139953315258026 -0.0035355337895452976 -0.12700000405311584 -0.03139953315258026 -0.0035355337895452976 -0.17499998211860657 -0.03219412639737129 -0.0024999999441206455 -0.12700000405311584 -0.03219412639737129 -0.0024999999441206455 -0.17499998211860657 -0.03269362822175026 -0.00129409518558532 -0.12700000405311584 -0.03269362822175026 -0.00129409518558532 -0.17499998211860657 -0.03286400064826012 5.329069737342253e-18 -0.12700000405311584 -0.03286400064826012 -5.329069737342253e-18 -0.17499998211860657 -0.03269362822175026 0.00129409518558532 -0.12700000405311584 -0.03269362822175026 0.00129409518558532 -0.17499998211860657 -0.03219412639737129 0.0024999999441206455 -0.12700000405311584 -0.03219412639737129 0.0024999999441206455 -0.17499998211860657 -0.03139953315258026 0.0035355337895452976 -0.12700000405311584 -0.03139953315258026 0.0035355337895452976 -0.17499998211860657 -0.03036399930715561 0.0043301270343363285 -0.12700000405311584 -0.03036399930715561 0.0043301270343363285 -0.17499998211860657 -0.02915809489786625 0.004829628858715296 -0.12700000405311584 -0.02915809489786625 0.004829628858715296</float_array><technique_common><accessor source="#mesh4-array" count="48" stride="3"><param name="X" type="float" /><param name="Y" type="float" /><param name="Z" type="float" /></accessor></technique_common></source><source id="mesh4-normals"><float_array id="mesh4-normals-array" count="276">2.2014498795702573e-16 0.1305263191461563 0.9914448857307434 2.2014498795702573e-16 0.1305263191461563 0.9914448857307434 2.0514249921393517e-16 0.38268330693244934 0.9238796830177307 2.0514249921393517e-16 0.38268330693244934 0.9238796830177307 1.761598110857512e-16 0.6087615489959717 0.793353259563446 1.761598110857512e-16 0.6087615489959717 0.793353259563446 1.3517221764036062e-16 0.793353259563446 0.6087615489959717 1.3517221764036062e-16 0.793353259563446 0.6087615489959717 8.497276369922021e-17 0.9238796830177307 0.38268330693244934 8.497276369922021e-17 0.9238796830177307 0.38268330693244934 2.898266496712683e-17 0.9914448857307434 0.1305263191461563 2.898266496712683e-17 0.9914448857307434 0.1305263191461563 -2.898266496712683e-17 0.9914448857307434 -0.1305263191461563 -2.898266496712683e-17 0.9914448857307434 -0.1305263191461563 -8.497276369922021e-17 0.9238796830177307 -0.38268330693244934 -8.497276369922021e-17 0.9238796830177307 -0.38268330693244934 -1.3517221764036062e-16 0.793353259563446 -0.6087615489959717 -1.3517221764036062e-16 0.793353259563446 -0.6087615489959717 -1.761598110857512e-16 0.6087615489959717 -0.793353259563446 -1.761598110857512e-16 0.6087615489959717 -0.793353259563446 -2.0514249921393517e-16 0.38268330693244934 -0.9238796830177307 -2.0514249921393517e-16 0.38268330693244934 -0.9238796830177307 -2.2014498795702573e-16 0.1305263191461563 -0.9914448857307434 -2.2014498795702573e-16 0.1305263191461563 -0.9914448857307434 -2.2014498795702573e-16 -0.1305263191461563 -0.9914448857307434 -2.2014498795702573e-16 -0.1305263191461563 -0.9914448857307434 -2.0514249921393517e-16 -0.38268330693244934 -0.9238796830177307 -2.0514249921393517e-16 -0.38268330693244934 -0.9238796830177307 -1.761598110857512e-16 -0.6087615489959717 -0.793353259563446 -1.761598110857512e-16 -0.6087615489959717 -0.793353259563446 -1.3517221764036062e-16 -0.793353259563446 -0.6087615489959717 -1.3517221764036062e-16 -0.793353259563446 -0.6087615489959717 -8.497276369922021e-17 -0.9238796830177307 -0.38268330693244934 -8.497276369922021e-17 -0.9238796830177307 -0.38268330693244934 -2.898266496712683e-17 -0.9914448857307434 -0.1305263191461563 -2.898266496712683e-17 -0.9914448857307434 -0.1305263191461563 2.898266496712683e-17 -0.9914448857307434 0.1305263191461563 2.898266496712683e-17 -0.9914448857307434 0.1305263191461563 8.497276369922021e-17 -0.9238796830177307 0.38268330693244934 8.497276369922021e-17 -0.9238796830177307 0.38268330693244934 1.3517221764036062e-16 -0.793353259563446 0.6087615489959717 1.3517221764036062e-16 -0.793353259563446 0.6087615489959717 1.761598110857512e-16 -0.6087615489959717 0.793353259563446 1.761598110857512e-16 -0.6087615489959717 0.793353259563446 1.0 2.220446049250313e-16 4.930380657631324e-32 1.0 2.220446049250313e-16 4.930380657631324e-32 1.0 2.220446049250313e-16 4.930380657631324e-32 1.0 2.220446049250313e-16 4.930380657631324e-32 1.0 2.220446049250313e-16 4.930380657631324e-32 1.0 2.220446049250313e-16 4.930380657631324e-32 1.0 2.220446049250313e-16 4.930380657631324e-32 1.0 2.220446049250313e-16 4.930380657631324e-32 1.0 2.220446049250313e-16 4.930380657631324e-32 1.0 2.220446049250313e-16 4.930380657631324e-32 1.0 2.220446049250313e-16 4.930380657631324e-32 1.0 2.220446049250313e-16 4.930380657631324e-32 1.0 2.220446049250313e-16 4.930380657631324e-32 1.0 2.220446049250313e-16 4.930380657631324e-32 1.0 2.220446049250313e-16 4.930380657631324e-32 1.0 2.220446049250313e-16 4.930380657631324e-32 1.0 2.220446049250313e-16 4.930380657631324e-32 1.0 2.220446049250313e-16 4.930380657631324e-32 1.0 2.220446049250313e-16 4.930380657631324e-32 1.0 2.220446049250313e-16 4.930380657631324e-32 1.0 2.220446049250313e-16 4.930380657631324e-32 1.0 2.220446049250313e-16 4.930380657631324e-32 2.0514249921393517e-16 -0.38268330693244934 0.9238796830177307 2.0514249921393517e-16 -0.38268330693244934 0.9238796830177307 2.2014498795702573e-16 -0.1305263191461563 0.9914448857307434 2.2014498795702573e-16 -0.1305263191461563 0.9914448857307434 -1.0 -2.220446049250313e-16 -4.930380657631324e-32 -1.0 -2.220446049250313e-16 -4.930380657631324e-32 -1.0 -2.220446049250313e-16 -4.930380657631324e-32 -1.0 -2.220446049250313e-16 -4.930380657631324e-32 -1.0 -2.220446049250313e-16 -4.930380657631324e-32 -1.0 -2.220446049250313e-16 -4.930380657631324e-32 -1.0 -2.220446049250313e-16 -4.930380657631324e-32 -1.0 -2.220446049250313e-16 -4.930380657631324e-32 -1.0 -2.220446049250313e-16 -4.930380657631324e-32 -1.0 -2.220446049250313e-16 -4.930380657631324e-32 -1.0 -2.220446049250313e-16 -4.930380657631324e-32 -1.0 -2.220446049250313e-16 -4.930380657631324e-32 -1.0 -2.220446049250313e-16 -4.930380657631324e-32 -1.0 -2.220446049250313e-16 -4.930380657631324e-32 -1.0 -2.220446049250313e-16 -4.930380657631324e-32 -1.0 -2.220446049250313e-16 -4.930380657631324e-32 -1.0 -2.220446049250313e-16 -4.930380657631324e-32 -1.0 -2.220446049250313e-16 -4.930380657631324e-32 -1.0 -2.220446049250313e-16 -4.930380657631324e-32 -1.0 -2.220446049250313e-16 -4.930380657631324e-32 -1.0 -2.220446049250313e-16 -4.930380657631324e-32 -1.0 -2.220446049250313e-16 -4.930380657631324e-32</float_array><technique_common><accessor source="#mesh4-normals-array" count="92" stride="3"><param name="X" type="float" /><param name="Y" type="float" /><param name="Z" type="float" /></accessor></technique_common></source><vertices id="mesh4-vertices"><input semantic="POSITION" source="#mesh4-positions" /></vertices><triangles count="92" material="copper"><input semantic="VERTEX" source="#mesh4-vertices" offset="0" /><input semantic="NORMAL" source="#mesh4-normals" offset="1" /><p>0 0 1 0 3 0 0 1 3 1 2 1 2 2 3 2 5 2 2 3 5 3 4 3 4 4 5 4 7 4 4 5 7 5 6 5 6 6 7 6 9 6 6 7 9 7 8 7 8 8 9 8 11 8 8 9 11 9 10 9 10 10 11 10 13 10 10 11 13 11 12 11 12 12 13 12 15 12 12 13 15 13 14 13 14 14 15 14 17 14 14 15 17 15 16 15 16 16 17 16 19 16 16 17 19 17 18 17 18 18 19 18 21 18 18 19 21 19 20 19 20 20 21 20 23 20 20 21 23 21 22 21 22 22 23 22 25 22 22 23 25 23 24 23 24 24 25 24 27 24 24 25 27 25 26 25 26 26 27 26 29 26 26 27 29 27 28 27 28 28 29 28 31 28 28 29 31 29 30 29 30 30 31 30 33 30 30 31 33 31 32 31 32 32 33 32 35 32 32 33 35 33 34 33 34 34 35 34 37 34 34 35 37 35 36 35 36 36 37 36 39 36 36 37 39 37 38 37 38 38 39 38 41 38 38 39 41 39 40 39 40 40 41 40 43 40 40 41 43 41 42 41 42 42 43 42 45 42 42 43 45 43 44 43 5 44 3 44 1 44 1 45 47 45 45 45 45 46 43 46 41 46 41 47 39 47 37 47 37 48 35 48 33 48 33 49 31 49 29 49 29 50 27 50 25 50 25 51 23 51 21 51 21 52 19 52 17 52 17 53 15 53 13 53 13 54 11 54 9 54 9 55 7 55 5 55 5 56 1 56 45 56 45 57 41 57 37 57 37 58 33 58 29 58 29 59 25 59 21 59 21 60 17 60 13 60 13 61 9 61 5 61 5 62 45 62 37 62 37 63 29 63 21 63 21 64 13 64 5 64 37 65 21 65 5 65 44 66 45 66 47 66 44 67 47 67 46 67 46 68 47 68 1 68 46 69 1 69 0 69 46 70 0 70 2 70 2 71 4 71 6 71 6 72 8 72 10 72 10 73 12 73 14 73 14 74 16 74 18 74 18 75 20 75 22 75 22 76 24 76 26 76 26 77 28 77 30 77 30 78 32 78 34 78 34 79 36 79 38 79 38 80 40 80 42 80 42 81 44 81 46 81 46 82 2 82 6 82 6 83 10 83 14 83 14 84 18 84 22 84 22 85 26 85 30 85 30 86 34 86 38 86 38 87 42 87 46 87 46 88 6 88 14 88 14 89 22 89 30 89 30 90 38 90 46 90 14 91 30 91 46 91</p></triangles></mesh></geometry><geometry id="mesh5"><mesh><source id="mesh5-positions"><float_array id="mesh5-array" count="144">-0.17499998211860657 0.02786399982869625 0.004999999888241291 -0.12700000405311584 0.02786399982869625 0.004999999888241291 -0.17499998211860657 0.02915809489786625 0.004829628858715296 -0.12700000405311584 0.02915809489786625 0.004829628858715296 -0.17499998211860657 0.03036399930715561 0.0043301270343363285 -0.12700000405311584 0.03036399930715561 0.0043301270343363285 -0.17499998211860657 0.03139953315258026 0.0035355337895452976 -0.12700000405311584 0.03139953315258026 0.0035355337895452976 -0.17499998211860657 0.03219412639737129 0.0024999999441206455 -0.12700000405311584 0.03219412639737129 0.0024999999441206455 -0.17499998211860657 0.03269362822175026 0.00129409518558532 -0.12700000405311584 0.03269362822175026 0.00129409518558532 -0.17499998211860657 0.03286400064826012 5.329069737342253e-18 -0.12700000405311584 0.03286400064826012 -5.329069737342253e-18 -0.17499998211860657 0.03269362822175026 -0.00129409518558532 -0.12700000405311584 0.03269362822175026 -0.00129409518558532 -0.17499998211860657 0.03219412639737129 -0.0024999999441206455 -0.12700000405311584 0.03219412639737129 -0.0024999999441206455 -0.17499998211860657 0.03139953315258026 -0.0035355337895452976 -0.12700000405311584 0.03139953315258026 -0.0035355337895452976 -0.17499998211860657 0.03036399930715561 -0.0043301270343363285 -0.12700000405311584 0.03036399930715561 -0.0043301270343363285 -0.17499998211860657 0.02915809489786625 -0.004829628858715296 -0.12700000405311584 0.02915809489786625 -0.004829628858715296 -0.17499998211860657 0.02786399982869625 -0.004999999888241291 -0.12700000405311584 0.02786399982869625 -0.004999999888241291 -0.17499998211860657 0.026569904759526253 -0.004829628858715296 -0.12700000405311584 0.026569904759526253 -0.004829628858715296 -0.17499998211860657 0.025364000350236893 -0.0043301270343363285 -0.12700000405311584 0.025364000350236893 -0.0043301270343363285 -0.17499998211860657 0.02432846650481224 -0.0035355337895452976 -0.12700000405311584 0.02432846650481224 -0.0035355337895452976 -0.17499998211860657 0.02353387326002121 -0.0024999999441206455 -0.12700000405311584 0.02353387326002121 -0.0024999999441206455 -0.17499998211860657 0.023034371435642242 -0.00129409518558532 -0.12700000405311584 0.023034371435642242 -0.00129409518558532 -0.17499998211860657 0.022863999009132385 5.329069737342253e-18 -0.12700000405311584 0.022863999009132385 -5.329069737342253e-18 -0.17499998211860657 0.023034371435642242 0.00129409518558532 -0.12700000405311584 0.023034371435642242 0.00129409518558532 -0.17499998211860657 0.02353387326002121 0.0024999999441206455 -0.12700000405311584 0.02353387326002121 0.0024999999441206455 -0.17499998211860657 0.02432846650481224 0.0035355337895452976 -0.12700000405311584 0.02432846650481224 0.0035355337895452976 -0.17499998211860657 0.025364000350236893 0.0043301270343363285 -0.12700000405311584 0.025364000350236893 0.0043301270343363285 -0.17499998211860657 0.026569904759526253 0.004829628858715296 -0.12700000405311584 0.026569904759526253 0.004829628858715296</float_array><technique_common><accessor source="#mesh5-array" count="48" stride="3"><param name="X" type="float" /><param name="Y" type="float" /><param name="Z" type="float" /></accessor></technique_common></source><source id="mesh5-normals"><float_array id="mesh5-normals-array" count="276">2.2014498795702573e-16 0.1305263191461563 0.9914448857307434 2.2014498795702573e-16 0.1305263191461563 0.9914448857307434 2.0514249921393517e-16 0.38268330693244934 0.9238796830177307 2.0514249921393517e-16 0.38268330693244934 0.9238796830177307 1.761598110857512e-16 0.6087615489959717 0.793353259563446 1.761598110857512e-16 0.6087615489959717 0.793353259563446 1.3517221764036062e-16 0.793353259563446 0.6087615489959717 1.3517221764036062e-16 0.793353259563446 0.6087615489959717 8.497276369922021e-17 0.9238796830177307 0.38268330693244934 8.497276369922021e-17 0.9238796830177307 0.38268330693244934 2.898266496712683e-17 0.9914448857307434 0.1305263191461563 2.898266496712683e-17 0.9914448857307434 0.1305263191461563 -2.898266496712683e-17 0.9914448857307434 -0.1305263191461563 -2.898266496712683e-17 0.9914448857307434 -0.1305263191461563 -8.497276369922021e-17 0.9238796830177307 -0.38268330693244934 -8.497276369922021e-17 0.9238796830177307 -0.38268330693244934 -1.3517221764036062e-16 0.793353259563446 -0.6087615489959717 -1.3517221764036062e-16 0.793353259563446 -0.6087615489959717 -1.761598110857512e-16 0.6087615489959717 -0.793353259563446 -1.761598110857512e-16 0.6087615489959717 -0.793353259563446 -2.0514249921393517e-16 0.38268330693244934 -0.9238796830177307 -2.0514249921393517e-16 0.38268330693244934 -0.9238796830177307 -2.2014498795702573e-16 0.1305263191461563 -0.9914448857307434 -2.2014498795702573e-16 0.1305263191461563 -0.9914448857307434 -2.2014498795702573e-16 -0.1305263191461563 -0.9914448857307434 -2.2014498795702573e-16 -0.1305263191461563 -0.9914448857307434 -2.0514249921393517e-16 -0.38268330693244934 -0.9238796830177307 -2.0514249921393517e-16 -0.38268330693244934 -0.9238796830177307 -1.761598110857512e-16 -0.6087615489959717 -0.793353259563446 -1.761598110857512e-16 -0.6087615489959717 -0.793353259563446 -1.3517221764036062e-16 -0.793353259563446 -0.6087615489959717 -1.3517221764036062e-16 -0.793353259563446 -0.6087615489959717 -8.497276369922021e-17 -0.9238796830177307 -0.38268330693244934 -8.497276369922021e-17 -0.9238796830177307 -0.38268330693244934 -2.898266496712683e-17 -0.9914448857307434 -0.1305263191461563 -2.898266496712683e-17 -0.9914448857307434 -0.1305263191461563 2.898266496712683e-17 -0.9914448857307434 0.1305263191461563 2.898266496712683e-17 -0.9914448857307434 0.1305263191461563 8.497276369922021e-17 -0.9238796830177307 0.38268330693244934 8.497276369922021e-17 -0.9238796830177307 0.38268330693244934 1.3517221764036062e-16 -0.793353259563446 0.6087615489959717 1.3517221764036062e-16 -0.793353259563446 0.6087615489959717 1.761598110857512e-16 -0.6087615489959717 0.793353259563446 1.761598110857512e-16 -0.6087615489959717 0.793353259563446 1.0 2.220446049250313e-16 4.930380657631324e-32 1.0 2.220446049250313e-16 4.930380657631324e-32 1.0 2.220446049250313e-16 4.930380657631324e-32 1.0 2.220446049250313e-16 4.930380657631324e-32 1.0 2.220446049250313e-16 4.930380657631324e-32 1.0 2.220446049250313e-16 4.930380657631324e-32 1.0 2.220446049250313e-16 4.930380657631324e-32 1.0 2.220446049250313e-16 4.930380657631324e-32 1.0 2.220446049250313e-16 4.930380657631324e-32 1.0 2.220446049250313e-16 4.930380657631324e-32 1.0 2.220446049250313e-16 4.930380657631324e-32 1.0 2.220446049250313e-16 4.930380657631324e-32 1.0 2.220446049250313e-16 4.930380657631324e-32 1.0 2.220446049250313e-16 4.930380657631324e-32 1.0 2.220446049250313e-16 4.930380657631324e-32 1.0 2.220446049250313e-16 4.930380657631324e-32 1.0 2.220446049250313e-16 4.930380657631324e-32 1.0 2.220446049250313e-16 4.930380657631324e-32 1.0 2.220446049250313e-16 4.930380657631324e-32 1.0 2.220446049250313e-16 4.930380657631324e-32 1.0 2.220446049250313e-16 4.930380657631324e-32 1.0 2.220446049250313e-16 4.930380657631324e-32 2.0514249921393517e-16 -0.38268330693244934 0.9238796830177307 2.0514249921393517e-16 -0.38268330693244934 0.9238796830177307 2.2014498795702573e-16 -0.1305263191461563 0.9914448857307434 2.2014498795702573e-16 -0.1305263191461563 0.9914448857307434 -1.0 -2.220446049250313e-16 -4.930380657631324e-32 -1.0 -2.220446049250313e-16 -4.930380657631324e-32 -1.0 -2.220446049250313e-16 -4.930380657631324e-32 -1.0 -2.220446049250313e-16 -4.930380657631324e-32 -1.0 -2.220446049250313e-16 -4.930380657631324e-32 -1.0 -2.220446049250313e-16 -4.930380657631324e-32 -1.0 -2.220446049250313e-16 -4.930380657631324e-32 -1.0 -2.220446049250313e-16 -4.930380657631324e-32 -1.0 -2.220446049250313e-16 -4.930380657631324e-32 -1.0 -2.220446049250313e-16 -4.930380657631324e-32 -1.0 -2.220446049250313e-16 -4.930380657631324e-32 -1.0 -2.220446049250313e-16 -4.930380657631324e-32 -1.0 -2.220446049250313e-16 -4.930380657631324e-32 -1.0 -2.220446049250313e-16 -4.930380657631324e-32 -1.0 -2.220446049250313e-16 -4.930380657631324e-32 -1.0 -2.220446049250313e-16 -4.930380657631324e-32 -1.0 -2.220446049250313e-16 -4.930380657631324e-32 -1.0 -2.220446049250313e-16 -4.930380657631324e-32 -1.0 -2.220446049250313e-16 -4.930380657631324e-32 -1.0 -2.220446049250313e-16 -4.930380657631324e-32 -1.0 -2.220446049250313e-16 -4.930380657631324e-32 -1.0 -2.220446049250313e-16 -4.930380657631324e-32</float_array><technique_common><accessor source="#mesh5-normals-array" count="92" stride="3"><param name="X" type="float" /><param name="Y" type="float" /><param name="Z" type="float" /></accessor></technique_common></source><vertices id="mesh5-vertices"><input semantic="POSITION" source="#mesh5-positions" /></vertices><triangles count="92" material="copper"><input semantic="VERTEX" source="#mesh5-vertices" offset="0" /><input semantic="NORMAL" source="#mesh5-normals" offset="1" /><p>0 0 1 0 3 0 0 1 3 1 2 1 2 2 3 2 5 2 2 3 5 3 4 3 4 4 5 4 7 4 4 5 7 5 6 5 6 6 7 6 9 6 6 7 9 7 8 7 8 8 9 8 11 8 8 9 11 9 10 9 10 10 11 10 13 10 10 11 13 11 12 11 12 12 13 12 15 12 12 13 15 13 14 13 14 14 15 14 17 14 14 15 17 15 16 15 16 16 17 16 19 16 16 17 19 17 18 17 18 18 19 18 21 18 18 19 21 19 20 19 20 20 21 20 23 20 20 21 23 21 22 21 22 22 23 22 25 22 22 23 25 23 24 23 24 24 25 24 27 24 24 25 27 25 26 25 26 26 27 26 29 26 26 27 29 27 28 27 28 28 29 28 31 28 28 29 31 29 30 29 30 30 31 30 33 30 30 31 33 31 32 31 32 32 33 32 35 32 32 33 35 33 34 33 34 34 35 34 37 34 34 35 37 35 36 35 36 36 37 36 39 36 36 37 39 37 38 37 38 38 39 38 41 38 38 39 41 39 40 39 40 40 41 40 43 40 40 41 43 41 42 41 42 42 43 42 45 42 42 43 45 43 44 43 5 44 3 44 1 44 1 45 47 45 45 45 45 46 43 46 41 46 41 47 39 47 37 47 37 48 35 48 33 48 33 49 31 49 29 49 29 50 27 50 25 50 25 51 23 51 21 51 21 52 19 52 17 52 17 53 15 53 13 53 13 54 11 54 9 54 9 55 7 55 5 55 5 56 1 56 45 56 45 57 41 57 37 57 37 58 33 58 29 58 29 59 25 59 21 59 21 60 17 60 13 60 13 61 9 61 5 61 5 62 45 62 37 62 37 63 29 63 21 63 21 64 13 64 5 64 37 65 21 65 5 65 44 66 45 66 47 66 44 67 47 67 46 67 46 68 47 68 1 68 46 69 1 69 0 69 46 70 0 70 2 70 2 71 4 71 6 71 6 72 8 72 10 72 10 73 12 73 14 73 14 74 16 74 18 74 18 75 20 75 22 75 22 76 24 76 26 76 26 77 28 77 30 77 30 78 32 78 34 78 34 79 36 79 38 79 38 80 40 80 42 80 42 81 44 81 46 81 46 82 2 82 6 82 6 83 10 83 14 83 14 84 18 84 22 84 22 85 26 85 30 85 30 86 34 86 38 86 38 87 42 87 46 87 46 88 6 88 14 88 14 89 22 89 30 89 30 90 38 90 46 90 14 91 30 91 46 91</p></triangles></mesh></geometry><geometry id="mesh6"><mesh><source id="mesh6-positions"><float_array id="mesh6-array" count="144">-0.23399999737739563 -0.025596000254154205 0.004999999888241291 -0.1860000193119049 -0.025596000254154205 0.004999999888241291 -0.23399999737739563 -0.024301905184984207 0.004829628858715296 -0.1860000193119049 -0.024301905184984207 0.004829628858715296 -0.23399999737739563 -0.023096000775694847 0.0043301270343363285 -0.1860000193119049 -0.023096000775694847 0.0043301270343363285 -0.23399999737739563 -0.022060466930270195 0.0035355337895452976 -0.1860000193119049 -0.022060466930270195 0.0035355337895452976 -0.23399999737739563 -0.021265873685479164 0.0024999999441206455 -0.1860000193119049 -0.021265873685479164 0.0024999999441206455 -0.23399999737739563 -0.020766371861100197 0.00129409518558532 -0.1860000193119049 -0.020766371861100197 0.00129409518558532 -0.23399999737739563 -0.02059600129723549 5.329069737342253e-18 -0.1860000193119049 -0.02059600129723549 -5.329069737342253e-18 -0.23399999737739563 -0.020766371861100197 -0.00129409518558532 -0.1860000193119049 -0.020766371861100197 -0.00129409518558532 -0.23399999737739563 -0.021265873685479164 -0.0024999999441206455 -0.1860000193119049 -0.021265873685479164 -0.0024999999441206455 -0.23399999737739563 -0.022060466930270195 -0.0035355337895452976 -0.1860000193119049 -0.022060466930270195 -0.0035355337895452976 -0.23399999737739563 -0.023096000775694847 -0.0043301270343363285 -0.1860000193119049 -0.023096000775694847 -0.0043301270343363285 -0.23399999737739563 -0.024301905184984207 -0.004829628858715296 -0.1860000193119049 -0.024301905184984207 -0.004829628858715296 -0.23399999737739563 -0.025596000254154205 -0.004999999888241291 -0.1860000193119049 -0.025596000254154205 -0.004999999888241291 -0.23399999737739563 -0.026890095323324203 -0.004829628858715296 -0.1860000193119049 -0.026890095323324203 -0.004829628858715296 -0.23399999737739563 -0.028095999732613564 -0.0043301270343363285 -0.1860000193119049 -0.028095999732613564 -0.0043301270343363285 -0.23399999737739563 -0.029131533578038216 -0.0035355337895452976 -0.1860000193119049 -0.029131533578038216 -0.0035355337895452976 -0.23399999737739563 -0.029926126822829247 -0.0024999999441206455 -0.1860000193119049 -0.029926126822829247 -0.0024999999441206455 -0.23399999737739563 -0.030425628647208214 -0.00129409518558532 -0.1860000193119049 -0.030425628647208214 -0.00129409518558532 -0.23399999737739563 -0.030595999211072922 5.329069737342253e-18 -0.1860000193119049 -0.030595999211072922 -5.329069737342253e-18 -0.23399999737739563 -0.030425628647208214 0.00129409518558532 -0.1860000193119049 -0.030425628647208214 0.00129409518558532 -0.23399999737739563 -0.029926126822829247 0.0024999999441206455 -0.1860000193119049 -0.029926126822829247 0.0024999999441206455 -0.23399999737739563 -0.029131533578038216 0.0035355337895452976 -0.1860000193119049 -0.029131533578038216 0.0035355337895452976 -0.23399999737739563 -0.028095999732613564 0.0043301270343363285 -0.1860000193119049 -0.028095999732613564 0.0043301270343363285 -0.23399999737739563 -0.026890095323324203 0.004829628858715296 -0.1860000193119049 -0.026890095323324203 0.004829628858715296</float_array><technique_common><accessor source="#mesh6-array" count="48" stride="3"><param name="X" type="float" /><param name="Y" type="float" /><param name="Z" type="float" /></accessor></technique_common></source><source id="mesh6-normals"><float_array id="mesh6-normals-array" count="276">2.2014498795702573e-16 0.1305263191461563 0.9914448857307434 2.2014498795702573e-16 0.1305263191461563 0.9914448857307434 2.0514249921393517e-16 0.38268330693244934 0.9238796830177307 2.0514249921393517e-16 0.38268330693244934 0.9238796830177307 1.761598110857512e-16 0.6087615489959717 0.793353259563446 1.761598110857512e-16 0.6087615489959717 0.793353259563446 1.3517221764036062e-16 0.793353259563446 0.6087615489959717 1.3517221764036062e-16 0.793353259563446 0.6087615489959717 8.497276369922021e-17 0.9238796830177307 0.38268330693244934 8.497276369922021e-17 0.9238796830177307 0.38268330693244934 2.898266496712683e-17 0.9914448857307434 0.1305263191461563 2.898266496712683e-17 0.9914448857307434 0.1305263191461563 -2.898266496712683e-17 0.9914448857307434 -0.1305263191461563 -2.898266496712683e-17 0.9914448857307434 -0.1305263191461563 -8.497276369922021e-17 0.9238796830177307 -0.38268330693244934 -8.497276369922021e-17 0.9238796830177307 -0.38268330693244934 -1.3517221764036062e-16 0.793353259563446 -0.6087615489959717 -1.3517221764036062e-16 0.793353259563446 -0.6087615489959717 -1.761598110857512e-16 0.6087615489959717 -0.793353259563446 -1.761598110857512e-16 0.6087615489959717 -0.793353259563446 -2.0514249921393517e-16 0.38268330693244934 -0.9238796830177307 -2.0514249921393517e-16 0.38268330693244934 -0.9238796830177307 -2.2014498795702573e-16 0.1305263191461563 -0.9914448857307434 -2.2014498795702573e-16 0.1305263191461563 -0.9914448857307434 -2.2014498795702573e-16 -0.1305263191461563 -0.9914448857307434 -2.2014498795702573e-16 -0.1305263191461563 -0.9914448857307434 -2.0514249921393517e-16 -0.38268330693244934 -0.9238796830177307 -2.0514249921393517e-16 -0.38268330693244934 -0.9238796830177307 -1.761598110857512e-16 -0.6087615489959717 -0.793353259563446 -1.761598110857512e-16 -0.6087615489959717 -0.793353259563446 -1.3517221764036062e-16 -0.793353259563446 -0.6087615489959717 -1.3517221764036062e-16 -0.793353259563446 -0.6087615489959717 -8.497276369922021e-17 -0.9238796830177307 -0.38268330693244934 -8.497276369922021e-17 -0.9238796830177307 -0.38268330693244934 -2.898266496712683e-17 -0.9914448857307434 -0.1305263191461563 -2.898266496712683e-17 -0.9914448857307434 -0.1305263191461563 2.898266496712683e-17 -0.9914448857307434 0.1305263191461563 2.898266496712683e-17 -0.9914448857307434 0.1305263191461563 8.497276369922021e-17 -0.9238796830177307 0.38268330693244934 8.497276369922021e-17 -0.9238796830177307 0.38268330693244934 1.3517221764036062e-16 -0.793353259563446 0.6087615489959717 1.3517221764036062e-16 -0.793353259563446 0.6087615489959717 1.761598110857512e-16 -0.6087615489959717 0.793353259563446 1.761598110857512e-16 -0.6087615489959717 0.793353259563446 1.0 2.220446049250313e-16 4.930380657631324e-32 1.0 2.220446049250313e-16 4.930380657631324e-32 1.0 2.220446049250313e-16 4.930380657631324e-32 1.0 2.220446049250313e-16 4.930380657631324e-32 1.0 2.220446049250313e-16 4.930380657631324e-32 1.0 2.220446049250313e-16 4.930380657631324e-32 1.0 2.220446049250313e-16 4.930380657631324e-32 1.0 2.220446049250313e-16 4.930380657631324e-32 1.0 2.220446049250313e-16 4.930380657631324e-32 1.0 2.220446049250313e-16 4.930380657631324e-32 1.0 2.220446049250313e-16 4.930380657631324e-32 1.0 2.220446049250313e-16 4.930380657631324e-32 1.0 2.220446049250313e-16 4.930380657631324e-32 1.0 2.220446049250313e-16 4.930380657631324e-32 1.0 2.220446049250313e-16 4.930380657631324e-32 1.0 2.220446049250313e-16 4.930380657631324e-32 1.0 2.220446049250313e-16 4.930380657631324e-32 1.0 2.220446049250313e-16 4.930380657631324e-32 1.0 2.220446049250313e-16 4.930380657631324e-32 1.0 2.220446049250313e-16 4.930380657631324e-32 1.0 2.220446049250313e-16 4.930380657631324e-32 1.0 2.220446049250313e-16 4.930380657631324e-32 2.0514249921393517e-16 -0.38268330693244934 0.9238796830177307 2.0514249921393517e-16 -0.38268330693244934 0.9238796830177307 2.2014498795702573e-16 -0.1305263191461563 0.9914448857307434 2.2014498795702573e-16 -0.1305263191461563 0.9914448857307434 -1.0 -2.220446049250313e-16 -4.930380657631324e-32 -1.0 -2.220446049250313e-16 -4.930380657631324e-32 -1.0 -2.220446049250313e-16 -4.930380657631324e-32 -1.0 -2.220446049250313e-16 -4.930380657631324e-32 -1.0 -2.220446049250313e-16 -4.930380657631324e-32 -1.0 -2.220446049250313e-16 -4.930380657631324e-32 -1.0 -2.220446049250313e-16 -4.930380657631324e-32 -1.0 -2.220446049250313e-16 -4.930380657631324e-32 -1.0 -2.220446049250313e-16 -4.930380657631324e-32 -1.0 -2.220446049250313e-16 -4.930380657631324e-32 -1.0 -2.220446049250313e-16 -4.930380657631324e-32 -1.0 -2.220446049250313e-16 -4.930380657631324e-32 -1.0 -2.220446049250313e-16 -4.930380657631324e-32 -1.0 -2.220446049250313e-16 -4.930380657631324e-32 -1.0 -2.220446049250313e-16 -4.930380657631324e-32 -1.0 -2.220446049250313e-16 -4.930380657631324e-32 -1.0 -2.220446049250313e-16 -4.930380657631324e-32 -1.0 -2.220446049250313e-16 -4.930380657631324e-32 -1.0 -2.220446049250313e-16 -4.930380657631324e-32 -1.0 -2.220446049250313e-16 -4.930380657631324e-32 -1.0 -2.220446049250313e-16 -4.930380657631324e-32 -1.0 -2.220446049250313e-16 -4.930380657631324e-32</float_array><technique_common><accessor source="#mesh6-normals-array" count="92" stride="3"><param name="X" type="float" /><param name="Y" type="float" /><param name="Z" type="float" /></accessor></technique_common></source><vertices id="mesh6-vertices"><input semantic="POSITION" source="#mesh6-positions" /></vertices><triangles count="92" material="copper"><input semantic="VERTEX" source="#mesh6-vertices" offset="0" /><input semantic="NORMAL" source="#mesh6-normals" offset="1" /><p>0 0 1 0 3 0 0 1 3 1 2 1 2 2 3 2 5 2 2 3 5 3 4 3 4 4 5 4 7 4 4 5 7 5 6 5 6 6 7 6 9 6 6 7 9 7 8 7 8 8 9 8 11 8 8 9 11 9 10 9 10 10 11 10 13 10 10 11 13 11 12 11 12 12 13 12 15 12 12 13 15 13 14 13 14 14 15 14 17 14 14 15 17 15 16 15 16 16 17 16 19 16 16 17 19 17 18 17 18 18 19 18 21 18 18 19 21 19 20 19 20 20 21 20 23 20 20 21 23 21 22 21 22 22 23 22 25 22 22 23 25 23 24 23 24 24 25 24 27 24 24 25 27 25 26 25 26 26 27 26 29 26 26 27 29 27 28 27 28 28 29 28 31 28 28 29 31 29 30 29 30 30 31 30 33 30 30 31 33 31 32 31 32 32 33 32 35 32 32 33 35 33 34 33 34 34 35 34 37 34 34 35 37 35 36 35 36 36 37 36 39 36 36 37 39 37 38 37 38 38 39 38 41 38 38 39 41 39 40 39 40 40 41 40 43 40 40 41 43 41 42 41 42 42 43 42 45 42 42 43 45 43 44 43 5 44 3 44 1 44 1 45 47 45 45 45 45 46 43 46 41 46 41 47 39 47 37 47 37 48 35 48 33 48 33 49 31 49 29 49 29 50 27 50 25 50 25 51 23 51 21 51 21 52 19 52 17 52 17 53 15 53 13 53 13 54 11 54 9 54 9 55 7 55 5 55 5 56 1 56 45 56 45 57 41 57 37 57 37 58 33 58 29 58 29 59 25 59 21 59 21 60 17 60 13 60 13 61 9 61 5 61 5 62 45 62 37 62 37 63 29 63 21 63 21 64 13 64 5 64 37 65 21 65 5 65 44 66 45 66 47 66 44 67 47 67 46 67 46 68 47 68 1 68 46 69 1 69 0 69 46 70 0 70 2 70 2 71 4 71 6 71 6 72 8 72 10 72 10 73 12 73 14 73 14 74 16 74 18 74 18 75 20 75 22 75 22 76 24 76 26 76 26 77 28 77 30 77 30 78 32 78 34 78 34 79 36 79 38 79 38 80 40 80 42 80 42 81 44 81 46 81 46 82 2 82 6 82 6 83 10 83 14 83 14 84 18 84 22 84 22 85 26 85 30 85 30 86 34 86 38 86 38 87 42 87 46 87 46 88 6 88 14 88 14 89 22 89 30 89 30 90 38 90 46 90 14 91 30 91 46 91</p></triangles></mesh></geometry><geometry id="mesh7"><mesh><source id="mesh7-positions"><float_array id="mesh7-array" count="144">-0.23399999737739563 0.025596000254154205 0.004999999888241291 -0.1860000193119049 0.025596000254154205 0.004999999888241291 -0.23399999737739563 0.026890095323324203 0.004829628858715296 -0.1860000193119049 0.026890095323324203 0.004829628858715296 -0.23399999737739563 0.028095999732613564 0.0043301270343363285 -0.1860000193119049 0.028095999732613564 0.0043301270343363285 -0.23399999737739563 0.029131533578038216 0.0035355337895452976 -0.1860000193119049 0.029131533578038216 0.0035355337895452976 -0.23399999737739563 0.029926126822829247 0.0024999999441206455 -0.1860000193119049 0.029926126822829247 0.0024999999441206455 -0.23399999737739563 0.030425628647208214 0.00129409518558532 -0.1860000193119049 0.030425628647208214 0.00129409518558532 -0.23399999737739563 0.030595999211072922 5.329069737342253e-18 -0.1860000193119049 0.030595999211072922 -5.329069737342253e-18 -0.23399999737739563 0.030425628647208214 -0.00129409518558532 -0.1860000193119049 0.030425628647208214 -0.00129409518558532 -0.23399999737739563 0.029926126822829247 -0.0024999999441206455 -0.1860000193119049 0.029926126822829247 -0.0024999999441206455 -0.23399999737739563 0.029131533578038216 -0.0035355337895452976 -0.1860000193119049 0.029131533578038216 -0.0035355337895452976 -0.23399999737739563 0.028095999732613564 -0.0043301270343363285 -0.1860000193119049 0.028095999732613564 -0.0043301270343363285 -0.23399999737739563 0.026890095323324203 -0.004829628858715296 -0.1860000193119049 0.026890095323324203 -0.004829628858715296 -0.23399999737739563 0.025596000254154205 -0.004999999888241291 -0.1860000193119049 0.025596000254154205 -0.004999999888241291 -0.23399999737739563 0.024301905184984207 -0.004829628858715296 -0.1860000193119049 0.024301905184984207 -0.004829628858715296 -0.23399999737739563 0.023096000775694847 -0.0043301270343363285 -0.1860000193119049 0.023096000775694847 -0.0043301270343363285 -0.23399999737739563 0.022060466930270195 -0.0035355337895452976 -0.1860000193119049 0.022060466930270195 -0.0035355337895452976 -0.23399999737739563 0.021265873685479164 -0.0024999999441206455 -0.1860000193119049 0.021265873685479164 -0.0024999999441206455 -0.23399999737739563 0.020766371861100197 -0.00129409518558532 -0.1860000193119049 0.020766371861100197 -0.00129409518558532 -0.23399999737739563 0.02059600129723549 5.329069737342253e-18 -0.1860000193119049 0.02059600129723549 -5.329069737342253e-18 -0.23399999737739563 0.020766371861100197 0.00129409518558532 -0.1860000193119049 0.020766371861100197 0.00129409518558532 -0.23399999737739563 0.021265873685479164 0.0024999999441206455 -0.1860000193119049 0.021265873685479164 0.0024999999441206455 -0.23399999737739563 0.022060466930270195 0.0035355337895452976 -0.1860000193119049 0.022060466930270195 0.0035355337895452976 -0.23399999737739563 0.023096000775694847 0.0043301270343363285 -0.1860000193119049 0.023096000775694847 0.0043301270343363285 -0.23399999737739563 0.024301905184984207 0.004829628858715296 -0.1860000193119049 0.024301905184984207 0.004829628858715296</float_array><technique_common><accessor source="#mesh7-array" count="48" stride="3"><param name="X" type="float" /><param name="Y" type="float" /><param name="Z" type="float" /></accessor></technique_common></source><source id="mesh7-normals"><float_array id="mesh7-normals-array" count="276">2.2014498795702573e-16 0.1305263191461563 0.9914448857307434 2.2014498795702573e-16 0.1305263191461563 0.9914448857307434 2.0514249921393517e-16 0.38268330693244934 0.9238796830177307 2.0514249921393517e-16 0.38268330693244934 0.9238796830177307 1.761598110857512e-16 0.6087615489959717 0.793353259563446 1.761598110857512e-16 0.6087615489959717 0.793353259563446 1.3517221764036062e-16 0.793353259563446 0.6087615489959717 1.3517221764036062e-16 0.793353259563446 0.6087615489959717 8.497276369922021e-17 0.9238796830177307 0.38268330693244934 8.497276369922021e-17 0.9238796830177307 0.38268330693244934 2.898266496712683e-17 0.9914448857307434 0.1305263191461563 2.898266496712683e-17 0.9914448857307434 0.1305263191461563 -2.898266496712683e-17 0.9914448857307434 -0.1305263191461563 -2.898266496712683e-17 0.9914448857307434 -0.1305263191461563 -8.497276369922021e-17 0.9238796830177307 -0.38268330693244934 -8.497276369922021e-17 0.9238796830177307 -0.38268330693244934 -1.3517221764036062e-16 0.793353259563446 -0.6087615489959717 -1.3517221764036062e-16 0.793353259563446 -0.6087615489959717 -1.761598110857512e-16 0.6087615489959717 -0.793353259563446 -1.761598110857512e-16 0.6087615489959717 -0.793353259563446 -2.0514249921393517e-16 0.38268330693244934 -0.9238796830177307 -2.0514249921393517e-16 0.38268330693244934 -0.9238796830177307 -2.2014498795702573e-16 0.1305263191461563 -0.9914448857307434 -2.2014498795702573e-16 0.1305263191461563 -0.9914448857307434 -2.2014498795702573e-16 -0.1305263191461563 -0.9914448857307434 -2.2014498795702573e-16 -0.1305263191461563 -0.9914448857307434 -2.0514249921393517e-16 -0.38268330693244934 -0.9238796830177307 -2.0514249921393517e-16 -0.38268330693244934 -0.9238796830177307 -1.761598110857512e-16 -0.6087615489959717 -0.793353259563446 -1.761598110857512e-16 -0.6087615489959717 -0.793353259563446 -1.3517221764036062e-16 -0.793353259563446 -0.6087615489959717 -1.3517221764036062e-16 -0.793353259563446 -0.6087615489959717 -8.497276369922021e-17 -0.9238796830177307 -0.38268330693244934 -8.497276369922021e-17 -0.9238796830177307 -0.38268330693244934 -2.898266496712683e-17 -0.9914448857307434 -0.1305263191461563 -2.898266496712683e-17 -0.9914448857307434 -0.1305263191461563 2.898266496712683e-17 -0.9914448857307434 0.1305263191461563 2.898266496712683e-17 -0.9914448857307434 0.1305263191461563 8.497276369922021e-17 -0.9238796830177307 0.38268330693244934 8.497276369922021e-17 -0.9238796830177307 0.38268330693244934 1.3517221764036062e-16 -0.793353259563446 0.6087615489959717 1.3517221764036062e-16 -0.793353259563446 0.6087615489959717 1.761598110857512e-16 -0.6087615489959717 0.793353259563446 1.761598110857512e-16 -0.6087615489959717 0.793353259563446 1.0 2.220446049250313e-16 4.930380657631324e-32 1.0 2.220446049250313e-16 4.930380657631324e-32 1.0 2.220446049250313e-16 4.930380657631324e-32 1.0 2.220446049250313e-16 4.930380657631324e-32 1.0 2.220446049250313e-16 4.930380657631324e-32 1.0 2.220446049250313e-16 4.930380657631324e-32 1.0 2.220446049250313e-16 4.930380657631324e-32 1.0 2.220446049250313e-16 4.930380657631324e-32 1.0 2.220446049250313e-16 4.930380657631324e-32 1.0 2.220446049250313e-16 4.930380657631324e-32 1.0 2.220446049250313e-16 4.930380657631324e-32 1.0 2.220446049250313e-16 4.930380657631324e-32 1.0 2.220446049250313e-16 4.930380657631324e-32 1.0 2.220446049250313e-16 4.930380657631324e-32 1.0 2.220446049250313e-16 4.930380657631324e-32 1.0 2.220446049250313e-16 4.930380657631324e-32 1.0 2.220446049250313e-16 4.930380657631324e-32 1.0 2.220446049250313e-16 4.930380657631324e-32 1.0 2.220446049250313e-16 4.930380657631324e-32 1.0 2.220446049250313e-16 4.930380657631324e-32 1.0 2.220446049250313e-16 4.930380657631324e-32 1.0 2.220446049250313e-16 4.930380657631324e-32 2.0514249921393517e-16 -0.38268330693244934 0.9238796830177307 2.0514249921393517e-16 -0.38268330693244934 0.9238796830177307 2.2014498795702573e-16 -0.1305263191461563 0.9914448857307434 2.2014498795702573e-16 -0.1305263191461563 0.9914448857307434 -1.0 -2.220446049250313e-16 -4.930380657631324e-32 -1.0 -2.220446049250313e-16 -4.930380657631324e-32 -1.0 -2.220446049250313e-16 -4.930380657631324e-32 -1.0 -2.220446049250313e-16 -4.930380657631324e-32 -1.0 -2.220446049250313e-16 -4.930380657631324e-32 -1.0 -2.220446049250313e-16 -4.930380657631324e-32 -1.0 -2.220446049250313e-16 -4.930380657631324e-32 -1.0 -2.220446049250313e-16 -4.930380657631324e-32 -1.0 -2.220446049250313e-16 -4.930380657631324e-32 -1.0 -2.220446049250313e-16 -4.930380657631324e-32 -1.0 -2.220446049250313e-16 -4.930380657631324e-32 -1.0 -2.220446049250313e-16 -4.930380657631324e-32 -1.0 -2.220446049250313e-16 -4.930380657631324e-32 -1.0 -2.220446049250313e-16 -4.930380657631324e-32 -1.0 -2.220446049250313e-16 -4.930380657631324e-32 -1.0 -2.220446049250313e-16 -4.930380657631324e-32 -1.0 -2.220446049250313e-16 -4.930380657631324e-32 -1.0 -2.220446049250313e-16 -4.930380657631324e-32 -1.0 -2.220446049250313e-16 -4.930380657631324e-32 -1.0 -2.220446049250313e-16 -4.930380657631324e-32 -1.0 -2.220446049250313e-16 -4.930380657631324e-32 -1.0 -2.220446049250313e-16 -4.930380657631324e-32</float_array><technique_common><accessor source="#mesh7-normals-array" count="92" stride="3"><param name="X" type="float" /><param name="Y" type="float" /><param name="Z" type="float" /></accessor></technique_common></source><vertices id="mesh7-vertices"><input semantic="POSITION" source="#mesh7-positions" /></vertices><triangles count="92" material="copper"><input semantic="VERTEX" source="#mesh7-vertices" offset="0" /><input semantic="NORMAL" source="#mesh7-normals" offset="1" /><p>0 0 1 0 3 0 0 1 3 1 2 1 2 2 3 2 5 2 2 3 5 3 4 3 4 4 5 4 7 4 4 5 7 5 6 5 6 6 7 6 9 6 6 7 9 7 8 7 8 8 9 8 11 8 8 9 11 9 10 9 10 10 11 10 13 10 10 11 13 11 12 11 12 12 13 12 15 12 12 13 15 13 14 13 14 14 15 14 17 14 14 15 17 15 16 15 16 16 17 16 19 16 16 17 19 17 18 17 18 18 19 18 21 18 18 19 21 19 20 19 20 20 21 20 23 20 20 21 23 21 22 21 22 22 23 22 25 22 22 23 25 23 24 23 24 24 25 24 27 24 24 25 27 25 26 25 26 26 27 26 29 26 26 27 29 27 28 27 28 28 29 28 31 28 28 29 31 29 30 29 30 30 31 30 33 30 30 31 33 31 32 31 32 32 33 32 35 32 32 33 35 33 34 33 34 34 35 34 37 34 34 35 37 35 36 35 36 36 37 36 39 36 36 37 39 37 38 37 38 38 39 38 41 38 38 39 41 39 40 39 40 40 41 40 43 40 40 41 43 41 42 41 42 42 43 42 45 42 42 43 45 43 44 43 5 44 3 44 1 44 1 45 47 45 45 45 45 46 43 46 41 46 41 47 39 47 37 47 37 48 35 48 33 48 33 49 31 49 29 49 29 50 27 50 25 50 25 51 23 51 21 51 21 52 19 52 17 52 17 53 15 53 13 53 13 54 11 54 9 54 9 55 7 55 5 55 5 56 1 56 45 56 45 57 41 57 37 57 37 58 33 58 29 58 29 59 25 59 21 59 21 60 17 60 13 60 13 61 9 61 5 61 5 62 45 62 37 62 37 63 29 63 21 63 21 64 13 64 5 64 37 65 21 65 5 65 44 66 45 66 47 66 44 67 47 67 46 67 46 68 47 68 1 68 46 69 1 69 0 69 46 70 0 70 2 70 2 71 4 71 6 71 6 72 8 72 10 72 10 73 12 73 14 73 14 74 16 74 18 74 18 75 20 75 22 75 22 76 24 76 26 76 26 77 28 77 30 77 30 78 32 78 34 78 34 79 36 79 38 79 38 80 40 80 42 80 42 81 44 81 46 81 46 82 2 82 6 82 6 83 10 83 14 83 14 84 18 84 22 84 22 85 26 85 30 85 30 86 34 86 38 86 38 87 42 87 46 87 46 88 6 88 14 88 14 89 22 89 30 89 30 90 38 90 46 90 14 91 30 91 46 91</p></triangles></mesh></geometry><geometry id="mesh8"><mesh><source id="mesh8-positions"><float_array id="mesh8-array" count="144">-0.2929999828338623 -0.02332800067961216 0.004999999888241291 -0.2449999898672104 -0.02332800067961216 0.004999999888241291 -0.2929999828338623 -0.02203390561044216 0.004829628858715296 -0.2449999898672104 -0.02203390561044216 0.004829628858715296 -0.2929999828338623 -0.0208280012011528 0.0043301270343363285 -0.2449999898672104 -0.0208280012011528 0.0043301270343363285 -0.2929999828338623 -0.01979246735572815 0.0035355337895452976 -0.2449999898672104 -0.01979246735572815 0.0035355337895452976 -0.2929999828338623 -0.01899787411093712 0.0024999999441206455 -0.2449999898672104 -0.01899787411093712 0.0024999999441206455 -0.2929999828338623 -0.01849837228655815 0.00129409518558532 -0.2449999898672104 -0.01849837228655815 0.00129409518558532 -0.2929999828338623 -0.018327999860048294 5.329071391703478e-18 -0.2449999898672104 -0.018327999860048294 -5.329071391703478e-18 -0.2929999828338623 -0.01849837228655815 -0.00129409518558532 -0.2449999898672104 -0.01849837228655815 -0.00129409518558532 -0.2929999828338623 -0.01899787411093712 -0.0024999999441206455 -0.2449999898672104 -0.01899787411093712 -0.0024999999441206455 -0.2929999828338623 -0.01979246735572815 -0.0035355337895452976 -0.2449999898672104 -0.01979246735572815 -0.0035355337895452976 -0.2929999828338623 -0.0208280012011528 -0.0043301270343363285 -0.2449999898672104 -0.0208280012011528 -0.0043301270343363285 -0.2929999828338623 -0.02203390561044216 -0.004829628858715296 -0.2449999898672104 -0.02203390561044216 -0.004829628858715296 -0.2929999828338623 -0.02332800067961216 -0.004999999888241291 -0.2449999898672104 -0.02332800067961216 -0.004999999888241291 -0.2929999828338623 -0.024622095748782158 -0.004829628858715296 -0.2449999898672104 -0.024622095748782158 -0.004829628858715296 -0.2929999828338623 -0.025828000158071518 -0.0043301270343363285 -0.2449999898672104 -0.025828000158071518 -0.0043301270343363285 -0.2929999828338623 -0.02686353400349617 -0.0035355337895452976 -0.2449999898672104 -0.02686353400349617 -0.0035355337895452976 -0.2929999828338623 -0.0276581272482872 -0.0024999999441206455 -0.2449999898672104 -0.0276581272482872 -0.0024999999441206455 -0.2929999828338623 -0.028157629072666168 -0.00129409518558532 -0.2449999898672104 -0.028157629072666168 -0.00129409518558532 -0.2929999828338623 -0.028328001499176025 5.329071391703478e-18 -0.2449999898672104 -0.028328001499176025 -5.329071391703478e-18 -0.2929999828338623 -0.028157629072666168 0.00129409518558532 -0.2449999898672104 -0.028157629072666168 0.00129409518558532 -0.2929999828338623 -0.0276581272482872 0.0024999999441206455 -0.2449999898672104 -0.0276581272482872 0.0024999999441206455 -0.2929999828338623 -0.02686353400349617 0.0035355337895452976 -0.2449999898672104 -0.02686353400349617 0.0035355337895452976 -0.2929999828338623 -0.025828000158071518 0.0043301270343363285 -0.2449999898672104 -0.025828000158071518 0.0043301270343363285 -0.2929999828338623 -0.024622095748782158 0.004829628858715296 -0.2449999898672104 -0.024622095748782158 0.004829628858715296</float_array><technique_common><accessor source="#mesh8-array" count="48" stride="3"><param name="X" type="float" /><param name="Y" type="float" /><param name="Z" type="float" /></accessor></technique_common></source><source id="mesh8-normals"><float_array id="mesh8-normals-array" count="276">2.2014497472213593e-16 0.13052630424499512 0.9914448261260986 2.2014497472213593e-16 0.13052630424499512 0.9914448261260986 2.0514249921393517e-16 0.38268330693244934 0.9238796830177307 2.0514249921393517e-16 0.38268330693244934 0.9238796830177307 1.761598110857512e-16 0.6087614893913269 0.793353259563446 1.761598110857512e-16 0.6087614893913269 0.793353259563446 1.3517220440547082e-16 0.793353259563446 0.6087614893913269 1.3517220440547082e-16 0.793353259563446 0.6087614893913269 8.497276369922021e-17 0.9238796830177307 0.38268330693244934 8.497276369922021e-17 0.9238796830177307 0.38268330693244934 2.898266165840438e-17 0.9914448261260986 0.13052630424499512 2.898266165840438e-17 0.9914448261260986 0.13052630424499512 -2.898266165840438e-17 0.9914448261260986 -0.13052630424499512 -2.898266165840438e-17 0.9914448261260986 -0.13052630424499512 -8.497276369922021e-17 0.9238796830177307 -0.38268330693244934 -8.497276369922021e-17 0.9238796830177307 -0.38268330693244934 -1.3517220440547082e-16 0.793353259563446 -0.6087614893913269 -1.3517220440547082e-16 0.793353259563446 -0.6087614893913269 -1.761598110857512e-16 0.6087614893913269 -0.793353259563446 -1.761598110857512e-16 0.6087614893913269 -0.793353259563446 -2.0514249921393517e-16 0.38268330693244934 -0.9238796830177307 -2.0514249921393517e-16 0.38268330693244934 -0.9238796830177307 -2.2014497472213593e-16 0.13052630424499512 -0.9914448261260986 -2.2014497472213593e-16 0.13052630424499512 -0.9914448261260986 -2.2014497472213593e-16 -0.13052630424499512 -0.9914448261260986 -2.2014497472213593e-16 -0.13052630424499512 -0.9914448261260986 -2.0514249921393517e-16 -0.38268330693244934 -0.9238796830177307 -2.0514249921393517e-16 -0.38268330693244934 -0.9238796830177307 -1.761598110857512e-16 -0.6087614893913269 -0.793353259563446 -1.761598110857512e-16 -0.6087614893913269 -0.793353259563446 -1.3517220440547082e-16 -0.793353259563446 -0.6087614893913269 -1.3517220440547082e-16 -0.793353259563446 -0.6087614893913269 -8.497276369922021e-17 -0.9238796830177307 -0.38268330693244934 -8.497276369922021e-17 -0.9238796830177307 -0.38268330693244934 -2.898266165840438e-17 -0.9914448261260986 -0.13052630424499512 -2.898266165840438e-17 -0.9914448261260986 -0.13052630424499512 2.898266165840438e-17 -0.9914448261260986 0.13052630424499512 2.898266165840438e-17 -0.9914448261260986 0.13052630424499512 8.497276369922021e-17 -0.9238796830177307 0.38268330693244934 8.497276369922021e-17 -0.9238796830177307 0.38268330693244934 1.3517220440547082e-16 -0.793353259563446 0.6087614893913269 1.3517220440547082e-16 -0.793353259563446 0.6087614893913269 1.761598110857512e-16 -0.6087614893913269 0.793353259563446 1.761598110857512e-16 -0.6087614893913269 0.793353259563446 1.0 2.220446049250313e-16 4.930380657631324e-32 1.0 2.220446049250313e-16 4.930380657631324e-32 1.0 2.220446049250313e-16 4.930380657631324e-32 1.0 2.220446049250313e-16 4.930380657631324e-32 1.0 2.220446049250313e-16 4.930380657631324e-32 1.0 2.220446049250313e-16 4.930380657631324e-32 1.0 2.220446049250313e-16 4.930380657631324e-32 1.0 2.220446049250313e-16 4.930380657631324e-32 1.0 2.220446049250313e-16 4.930380657631324e-32 1.0 2.220446049250313e-16 4.930380657631324e-32 1.0 2.220446049250313e-16 4.930380657631324e-32 1.0 2.220446049250313e-16 4.930380657631324e-32 1.0 2.220446049250313e-16 4.930380657631324e-32 1.0 2.220446049250313e-16 4.930380657631324e-32 1.0 2.220446049250313e-16 4.930380657631324e-32 1.0 2.220446049250313e-16 4.930380657631324e-32 1.0 2.220446049250313e-16 4.930380657631324e-32 1.0 2.220446049250313e-16 4.930380657631324e-32 1.0 2.220446049250313e-16 4.930380657631324e-32 1.0 2.220446049250313e-16 4.930380657631324e-32 1.0 2.220446049250313e-16 4.930380657631324e-32 1.0 2.220446049250313e-16 4.930380657631324e-32 2.0514249921393517e-16 -0.38268330693244934 0.9238796830177307 2.0514249921393517e-16 -0.38268330693244934 0.9238796830177307 2.2014497472213593e-16 -0.13052630424499512 0.9914448261260986 2.2014497472213593e-16 -0.13052630424499512 0.9914448261260986 -1.0 -2.220446049250313e-16 -4.930380657631324e-32 -1.0 -2.220446049250313e-16 -4.930380657631324e-32 -1.0 -2.220446049250313e-16 -4.930380657631324e-32 -1.0 -2.220446049250313e-16 -4.930380657631324e-32 -1.0 -2.220446049250313e-16 -4.930380657631324e-32 -1.0 -2.220446049250313e-16 -4.930380657631324e-32 -1.0 -2.220446049250313e-16 -4.930380657631324e-32 -1.0 -2.220446049250313e-16 -4.930380657631324e-32 -1.0 -2.220446049250313e-16 -4.930380657631324e-32 -1.0 -2.220446049250313e-16 -4.930380657631324e-32 -1.0 -2.220446049250313e-16 -4.930380657631324e-32 -1.0 -2.220446049250313e-16 -4.930380657631324e-32 -1.0 -2.220446049250313e-16 -4.930380657631324e-32 -1.0 -2.220446049250313e-16 -4.930380657631324e-32 -1.0 -2.220446049250313e-16 -4.930380657631324e-32 -1.0 -2.220446049250313e-16 -4.930380657631324e-32 -1.0 -2.220446049250313e-16 -4.930380657631324e-32 -1.0 -2.220446049250313e-16 -4.930380657631324e-32 -1.0 -2.220446049250313e-16 -4.930380657631324e-32 -1.0 -2.220446049250313e-16 -4.930380657631324e-32 -1.0 -2.220446049250313e-16 -4.930380657631324e-32 -1.0 -2.220446049250313e-16 -4.930380657631324e-32</float_array><technique_common><accessor source="#mesh8-normals-array" count="92" stride="3"><param name="X" type="float" /><param name="Y" type="float" /><param name="Z" type="float" /></accessor></technique_common></source><vertices id="mesh8-vertices"><input semantic="POSITION" source="#mesh8-positions" /></vertices><triangles count="92" material="copper"><input semantic="VERTEX" source="#mesh8-vertices" offset="0" /><input semantic="NORMAL" source="#mesh8-normals" offset="1" /><p>0 0 1 0 3 0 0 1 3 1 2 1 2 2 3 2 5 2 2 3 5 3 4 3 4 4 5 4 7 4 4 5 7 5 6 5 6 6 7 6 9 6 6 7 9 7 8 7 8 8 9 8 11 8 8 9 11 9 10 9 10 10 11 10 13 10 10 11 13 11 12 11 12 12 13 12 15 12 12 13 15 13 14 13 14 14 15 14 17 14 14 15 17 15 16 15 16 16 17 16 19 16 16 17 19 17 18 17 18 18 19 18 21 18 18 19 21 19 20 19 20 20 21 20 23 20 20 21 23 21 22 21 22 22 23 22 25 22 22 23 25 23 24 23 24 24 25 24 27 24 24 25 27 25 26 25 26 26 27 26 29 26 26 27 29 27 28 27 28 28 29 28 31 28 28 29 31 29 30 29 30 30 31 30 33 30 30 31 33 31 32 31 32 32 33 32 35 32 32 33 35 33 34 33 34 34 35 34 37 34 34 35 37 35 36 35 36 36 37 36 39 36 36 37 39 37 38 37 38 38 39 38 41 38 38 39 41 39 40 39 40 40 41 40 43 40 40 41 43 41 42 41 42 42 43 42 45 42 42 43 45 43 44 43 5 44 3 44 1 44 1 45 47 45 45 45 45 46 43 46 41 46 41 47 39 47 37 47 37 48 35 48 33 48 33 49 31 49 29 49 29 50 27 50 25 50 25 51 23 51 21 51 21 52 19 52 17 52 17 53 15 53 13 53 13 54 11 54 9 54 9 55 7 55 5 55 5 56 1 56 45 56 45 57 41 57 37 57 37 58 33 58 29 58 29 59 25 59 21 59 21 60 17 60 13 60 13 61 9 61 5 61 5 62 45 62 37 62 37 63 29 63 21 63 21 64 13 64 5 64 37 65 21 65 5 65 44 66 45 66 47 66 44 67 47 67 46 67 46 68 47 68 1 68 46 69 1 69 0 69 46 70 0 70 2 70 2 71 4 71 6 71 6 72 8 72 10 72 10 73 12 73 14 73 14 74 16 74 18 74 18 75 20 75 22 75 22 76 24 76 26 76 26 77 28 77 30 77 30 78 32 78 34 78 34 79 36 79 38 79 38 80 40 80 42 80 42 81 44 81 46 81 46 82 2 82 6 82 6 83 10 83 14 83 14 84 18 84 22 84 22 85 26 85 30 85 30 86 34 86 38 86 38 87 42 87 46 87 46 88 6 88 14 88 14 89 22 89 30 89 30 90 38 90 46 90 14 91 30 91 46 91</p></triangles></mesh></geometry><geometry id="mesh9"><mesh><source id="mesh9-positions"><float_array id="mesh9-array" count="144">-0.2929999828338623 0.02332800067961216 0.004999999888241291 -0.2449999898672104 0.02332800067961216 0.004999999888241291 -0.2929999828338623 0.024622095748782158 0.004829628858715296 -0.2449999898672104 0.024622095748782158 0.004829628858715296 -0.2929999828338623 0.025828000158071518 0.0043301270343363285 -0.2449999898672104 0.025828000158071518 0.0043301270343363285 -0.2929999828338623 0.02686353400349617 0.0035355337895452976 -0.2449999898672104 0.02686353400349617 0.0035355337895452976 -0.2929999828338623 0.0276581272482872 0.0024999999441206455 -0.2449999898672104 0.0276581272482872 0.0024999999441206455 -0.2929999828338623 0.028157629072666168 0.00129409518558532 -0.2449999898672104 0.028157629072666168 0.00129409518558532 -0.2929999828338623 0.028328001499176025 5.329071391703478e-18 -0.2449999898672104 0.028328001499176025 -5.329071391703478e-18 -0.2929999828338623 0.028157629072666168 -0.00129409518558532 -0.2449999898672104 0.028157629072666168 -0.00129409518558532 -0.2929999828338623 0.0276581272482872 -0.0024999999441206455 -0.2449999898672104 0.0276581272482872 -0.0024999999441206455 -0.2929999828338623 0.02686353400349617 -0.0035355337895452976 -0.2449999898672104 0.02686353400349617 -0.0035355337895452976 -0.2929999828338623 0.025828000158071518 -0.0043301270343363285 -0.2449999898672104 0.025828000158071518 -0.0043301270343363285 -0.2929999828338623 0.024622095748782158 -0.004829628858715296 -0.2449999898672104 0.024622095748782158 -0.004829628858715296 -0.2929999828338623 0.02332800067961216 -0.004999999888241291 -0.2449999898672104 0.02332800067961216 -0.004999999888241291 -0.2929999828338623 0.02203390561044216 -0.004829628858715296 -0.2449999898672104 0.02203390561044216 -0.004829628858715296 -0.2929999828338623 0.0208280012011528 -0.0043301270343363285 -0.2449999898672104 0.0208280012011528 -0.0043301270343363285 -0.2929999828338623 0.01979246735572815 -0.0035355337895452976 -0.2449999898672104 0.01979246735572815 -0.0035355337895452976 -0.2929999828338623 0.01899787411093712 -0.0024999999441206455 -0.2449999898672104 0.01899787411093712 -0.0024999999441206455 -0.2929999828338623 0.01849837228655815 -0.00129409518558532 -0.2449999898672104 0.01849837228655815 -0.00129409518558532 -0.2929999828338623 0.018327999860048294 5.329071391703478e-18 -0.2449999898672104 0.018327999860048294 -5.329071391703478e-18 -0.2929999828338623 0.01849837228655815 0.00129409518558532 -0.2449999898672104 0.01849837228655815 0.00129409518558532 -0.2929999828338623 0.01899787411093712 0.0024999999441206455 -0.2449999898672104 0.01899787411093712 0.0024999999441206455 -0.2929999828338623 0.01979246735572815 0.0035355337895452976 -0.2449999898672104 0.01979246735572815 0.0035355337895452976 -0.2929999828338623 0.0208280012011528 0.0043301270343363285 -0.2449999898672104 0.0208280012011528 0.0043301270343363285 -0.2929999828338623 0.02203390561044216 0.004829628858715296 -0.2449999898672104 0.02203390561044216 0.004829628858715296</float_array><technique_common><accessor source="#mesh9-array" count="48" stride="3"><param name="X" type="float" /><param name="Y" type="float" /><param name="Z" type="float" /></accessor></technique_common></source><source id="mesh9-normals"><float_array id="mesh9-normals-array" count="276">2.2014497472213593e-16 0.13052630424499512 0.9914448261260986 2.2014497472213593e-16 0.13052630424499512 0.9914448261260986 2.0514249921393517e-16 0.38268330693244934 0.9238796830177307 2.0514249921393517e-16 0.38268330693244934 0.9238796830177307 1.761598110857512e-16 0.6087614893913269 0.793353259563446 1.761598110857512e-16 0.6087614893913269 0.793353259563446 1.3517220440547082e-16 0.793353259563446 0.6087614893913269 1.3517220440547082e-16 0.793353259563446 0.6087614893913269 8.497276369922021e-17 0.9238796830177307 0.38268330693244934 8.497276369922021e-17 0.9238796830177307 0.38268330693244934 2.898266165840438e-17 0.9914448261260986 0.13052630424499512 2.898266165840438e-17 0.9914448261260986 0.13052630424499512 -2.898266165840438e-17 0.9914448261260986 -0.13052630424499512 -2.898266165840438e-17 0.9914448261260986 -0.13052630424499512 -8.497276369922021e-17 0.9238796830177307 -0.38268330693244934 -8.497276369922021e-17 0.9238796830177307 -0.38268330693244934 -1.3517220440547082e-16 0.793353259563446 -0.6087614893913269 -1.3517220440547082e-16 0.793353259563446 -0.6087614893913269 -1.761598110857512e-16 0.6087614893913269 -0.793353259563446 -1.761598110857512e-16 0.6087614893913269 -0.793353259563446 -2.0514249921393517e-16 0.38268330693244934 -0.9238796830177307 -2.0514249921393517e-16 0.38268330693244934 -0.9238796830177307 -2.2014497472213593e-16 0.13052630424499512 -0.9914448261260986 -2.2014497472213593e-16 0.13052630424499512 -0.9914448261260986 -2.2014497472213593e-16 -0.13052630424499512 -0.9914448261260986 -2.2014497472213593e-16 -0.13052630424499512 -0.9914448261260986 -2.0514249921393517e-16 -0.38268330693244934 -0.9238796830177307 -2.0514249921393517e-16 -0.38268330693244934 -0.9238796830177307 -1.761598110857512e-16 -0.6087614893913269 -0.793353259563446 -1.761598110857512e-16 -0.6087614893913269 -0.793353259563446 -1.3517220440547082e-16 -0.793353259563446 -0.6087614893913269 -1.3517220440547082e-16 -0.793353259563446 -0.6087614893913269 -8.497276369922021e-17 -0.9238796830177307 -0.38268330693244934 -8.497276369922021e-17 -0.9238796830177307 -0.38268330693244934 -2.898266165840438e-17 -0.9914448261260986 -0.13052630424499512 -2.898266165840438e-17 -0.9914448261260986 -0.13052630424499512 2.898266165840438e-17 -0.9914448261260986 0.13052630424499512 2.898266165840438e-17 -0.9914448261260986 0.13052630424499512 8.497276369922021e-17 -0.9238796830177307 0.38268330693244934 8.497276369922021e-17 -0.9238796830177307 0.38268330693244934 1.3517220440547082e-16 -0.793353259563446 0.6087614893913269 1.3517220440547082e-16 -0.793353259563446 0.6087614893913269 1.761598110857512e-16 -0.6087614893913269 0.793353259563446 1.761598110857512e-16 -0.6087614893913269 0.793353259563446 1.0 2.220446049250313e-16 4.930380657631324e-32 1.0 2.220446049250313e-16 4.930380657631324e-32 1.0 2.220446049250313e-16 4.930380657631324e-32 1.0 2.220446049250313e-16 4.930380657631324e-32 1.0 2.220446049250313e-16 4.930380657631324e-32 1.0 2.220446049250313e-16 4.930380657631324e-32 1.0 2.220446049250313e-16 4.930380657631324e-32 1.0 2.220446049250313e-16 4.930380657631324e-32 1.0 2.220446049250313e-16 4.930380657631324e-32 1.0 2.220446049250313e-16 4.930380657631324e-32 1.0 2.220446049250313e-16 4.930380657631324e-32 1.0 2.220446049250313e-16 4.930380657631324e-32 1.0 2.220446049250313e-16 4.930380657631324e-32 1.0 2.220446049250313e-16 4.930380657631324e-32 1.0 2.220446049250313e-16 4.930380657631324e-32 1.0 2.220446049250313e-16 4.930380657631324e-32 1.0 2.220446049250313e-16 4.930380657631324e-32 1.0 2.220446049250313e-16 4.930380657631324e-32 1.0 2.220446049250313e-16 4.930380657631324e-32 1.0 2.220446049250313e-16 4.930380657631324e-32 1.0 2.220446049250313e-16 4.930380657631324e-32 1.0 2.220446049250313e-16 4.930380657631324e-32 2.0514249921393517e-16 -0.38268330693244934 0.9238796830177307 2.0514249921393517e-16 -0.38268330693244934 0.9238796830177307 2.2014497472213593e-16 -0.13052630424499512 0.9914448261260986 2.2014497472213593e-16 -0.13052630424499512 0.9914448261260986 -1.0 -2.220446049250313e-16 -4.930380657631324e-32 -1.0 -2.220446049250313e-16 -4.930380657631324e-32 -1.0 -2.220446049250313e-16 -4.930380657631324e-32 -1.0 -2.220446049250313e-16 -4.930380657631324e-32 -1.0 -2.220446049250313e-16 -4.930380657631324e-32 -1.0 -2.220446049250313e-16 -4.930380657631324e-32 -1.0 -2.220446049250313e-16 -4.930380657631324e-32 -1.0 -2.220446049250313e-16 -4.930380657631324e-32 -1.0 -2.220446049250313e-16 -4.930380657631324e-32 -1.0 -2.220446049250313e-16 -4.930380657631324e-32 -1.0 -2.220446049250313e-16 -4.930380657631324e-32 -1.0 -2.220446049250313e-16 -4.930380657631324e-32 -1.0 -2.220446049250313e-16 -4.930380657631324e-32 -1.0 -2.220446049250313e-16 -4.930380657631324e-32 -1.0 -2.220446049250313e-16 -4.930380657631324e-32 -1.0 -2.220446049250313e-16 -4.930380657631324e-32 -1.0 -2.220446049250313e-16 -4.930380657631324e-32 -1.0 -2.220446049250313e-16 -4.930380657631324e-32 -1.0 -2.220446049250313e-16 -4.930380657631324e-32 -1.0 -2.220446049250313e-16 -4.930380657631324e-32 -1.0 -2.220446049250313e-16 -4.930380657631324e-32 -1.0 -2.220446049250313e-16 -4.930380657631324e-32</float_array><technique_common><accessor source="#mesh9-normals-array" count="92" stride="3"><param name="X" type="float" /><param name="Y" type="float" /><param name="Z" type="float" /></accessor></technique_common></source><vertices id="mesh9-vertices"><input semantic="POSITION" source="#mesh9-positions" /></vertices><triangles count="92" material="copper"><input semantic="VERTEX" source="#mesh9-vertices" offset="0" /><input semantic="NORMAL" source="#mesh9-normals" offset="1" /><p>0 0 1 0 3 0 0 1 3 1 2 1 2 2 3 2 5 2 2 3 5 3 4 3 4 4 5 4 7 4 4 5 7 5 6 5 6 6 7 6 9 6 6 7 9 7 8 7 8 8 9 8 11 8 8 9 11 9 10 9 10 10 11 10 13 10 10 11 13 11 12 11 12 12 13 12 15 12 12 13 15 13 14 13 14 14 15 14 17 14 14 15 17 15 16 15 16 16 17 16 19 16 16 17 19 17 18 17 18 18 19 18 21 18 18 19 21 19 20 19 20 20 21 20 23 20 20 21 23 21 22 21 22 22 23 22 25 22 22 23 25 23 24 23 24 24 25 24 27 24 24 25 27 25 26 25 26 26 27 26 29 26 26 27 29 27 28 27 28 28 29 28 31 28 28 29 31 29 30 29 30 30 31 30 33 30 30 31 33 31 32 31 32 32 33 32 35 32 32 33 35 33 34 33 34 34 35 34 37 34 34 35 37 35 36 35 36 36 37 36 39 36 36 37 39 37 38 37 38 38 39 38 41 38 38 39 41 39 40 39 40 40 41 40 43 40 40 41 43 41 42 41 42 42 43 42 45 42 42 43 45 43 44 43 5 44 3 44 1 44 1 45 47 45 45 45 45 46 43 46 41 46 41 47 39 47 37 47 37 48 35 48 33 48 33 49 31 49 29 49 29 50 27 50 25 50 25 51 23 51 21 51 21 52 19 52 17 52 17 53 15 53 13 53 13 54 11 54 9 54 9 55 7 55 5 55 5 56 1 56 45 56 45 57 41 57 37 57 37 58 33 58 29 58 29 59 25 59 21 59 21 60 17 60 13 60 13 61 9 61 5 61 5 62 45 62 37 62 37 63 29 63 21 63 21 64 13 64 5 64 37 65 21 65 5 65 44 66 45 66 47 66 44 67 47 67 46 67 46 68 47 68 1 68 46 69 1 69 0 69 46 70 0 70 2 70 2 71 4 71 6 71 6 72 8 72 10 72 10 73 12 73 14 73 14 74 16 74 18 74 18 75 20 75 22 75 22 76 24 76 26 76 26 77 28 77 30 77 30 78 32 78 34 78 34 79 36 79 38 79 38 80 40 80 42 80 42 81 44 81 46 81 46 82 2 82 6 82 6 83 10 83 14 83 14 84 18 84 22 84 22 85 26 85 30 85 30 86 34 86 38 86 38 87 42 87 46 87 46 88 6 88 14 88 14 89 22 89 30 89 30 90 38 90 46 90 14 91 30 91 46 91</p></triangles></mesh></geometry><geometry id="mesh10"><mesh><source id="mesh10-positions"><float_array id="mesh10-array" count="144">-0.35199999809265137 -0.021059999242424965 0.004999999888241291 -0.30400002002716064 -0.021059999242424965 0.004999999888241291 -0.35199999809265137 -0.019765904173254967 0.004829628858715296 -0.30400002002716064 -0.019765904173254967 0.004829628858715296 -0.35199999809265137 -0.018559999763965607 0.0043301270343363285 -0.30400002002716064 -0.018559999763965607 0.0043301270343363285 -0.35199999809265137 -0.017524465918540955 0.0035355337895452976 -0.30400002002716064 -0.017524465918540955 0.0035355337895452976 -0.35199999809265137 -0.016729872673749924 0.0024999999441206455 -0.30400002002716064 -0.016729872673749924 0.0024999999441206455 -0.35199999809265137 -0.016230370849370956 0.00129409518558532 -0.30400002002716064 -0.016230370849370956 0.00129409518558532 -0.35199999809265137 -0.0160599984228611 5.329071391703478e-18 -0.30400002002716064 -0.0160599984228611 -5.329071391703478e-18 -0.35199999809265137 -0.016230370849370956 -0.00129409518558532 -0.30400002002716064 -0.016230370849370956 -0.00129409518558532 -0.35199999809265137 -0.016729872673749924 -0.0024999999441206455 -0.30400002002716064 -0.016729872673749924 -0.0024999999441206455 -0.35199999809265137 -0.017524465918540955 -0.0035355337895452976 -0.30400002002716064 -0.017524465918540955 -0.0035355337895452976 -0.35199999809265137 -0.018559999763965607 -0.0043301270343363285 -0.30400002002716064 -0.018559999763965607 -0.0043301270343363285 -0.35199999809265137 -0.019765904173254967 -0.004829628858715296 -0.30400002002716064 -0.019765904173254967 -0.004829628858715296 -0.35199999809265137 -0.021059999242424965 -0.004999999888241291 -0.30400002002716064 -0.021059999242424965 -0.004999999888241291 -0.35199999809265137 -0.022354094311594963 -0.004829628858715296 -0.30400002002716064 -0.022354094311594963 -0.004829628858715296 -0.35199999809265137 -0.023559998720884323 -0.0043301270343363285 -0.30400002002716064 -0.023559998720884323 -0.0043301270343363285 -0.35199999809265137 -0.024595532566308975 -0.0035355337895452976 -0.30400002002716064 -0.024595532566308975 -0.0035355337895452976 -0.35199999809265137 -0.025390125811100006 -0.0024999999441206455 -0.30400002002716064 -0.025390125811100006 -0.0024999999441206455 -0.35199999809265137 -0.025889627635478973 -0.00129409518558532 -0.30400002002716064 -0.025889627635478973 -0.00129409518558532 -0.35199999809265137 -0.02606000006198883 5.329071391703478e-18 -0.30400002002716064 -0.02606000006198883 -5.329071391703478e-18 -0.35199999809265137 -0.025889627635478973 0.00129409518558532 -0.30400002002716064 -0.025889627635478973 0.00129409518558532 -0.35199999809265137 -0.025390125811100006 0.0024999999441206455 -0.30400002002716064 -0.025390125811100006 0.0024999999441206455 -0.35199999809265137 -0.024595532566308975 0.0035355337895452976 -0.30400002002716064 -0.024595532566308975 0.0035355337895452976 -0.35199999809265137 -0.023559998720884323 0.0043301270343363285 -0.30400002002716064 -0.023559998720884323 0.0043301270343363285 -0.35199999809265137 -0.022354094311594963 0.004829628858715296 -0.30400002002716064 -0.022354094311594963 0.004829628858715296</float_array><technique_common><accessor source="#mesh10-array" count="48" stride="3"><param name="X" type="float" /><param name="Y" type="float" /><param name="Z" type="float" /></accessor></technique_common></source><source id="mesh10-normals"><float_array id="mesh10-normals-array" count="276">2.2014497472213593e-16 0.13052630424499512 0.9914448261260986 2.2014497472213593e-16 0.13052630424499512 0.9914448261260986 2.0514249921393517e-16 0.38268330693244934 0.9238796830177307 2.0514249921393517e-16 0.38268330693244934 0.9238796830177307 1.761598110857512e-16 0.6087614893913269 0.793353259563446 1.761598110857512e-16 0.6087614893913269 0.793353259563446 1.3517220440547082e-16 0.793353259563446 0.6087614893913269 1.3517220440547082e-16 0.793353259563446 0.6087614893913269 8.497276369922021e-17 0.9238796830177307 0.38268330693244934 8.497276369922021e-17 0.9238796830177307 0.38268330693244934 2.898266165840438e-17 0.9914448261260986 0.13052630424499512 2.898266165840438e-17 0.9914448261260986 0.13052630424499512 -2.898266165840438e-17 0.9914448261260986 -0.13052630424499512 -2.898266165840438e-17 0.9914448261260986 -0.13052630424499512 -8.497276369922021e-17 0.9238796830177307 -0.38268330693244934 -8.497276369922021e-17 0.9238796830177307 -0.38268330693244934 -1.3517220440547082e-16 0.793353259563446 -0.6087614893913269 -1.3517220440547082e-16 0.793353259563446 -0.6087614893913269 -1.761598110857512e-16 0.6087614893913269 -0.793353259563446 -1.761598110857512e-16 0.6087614893913269 -0.793353259563446 -2.0514249921393517e-16 0.38268330693244934 -0.9238796830177307 -2.0514249921393517e-16 0.38268330693244934 -0.9238796830177307 -2.2014497472213593e-16 0.13052630424499512 -0.9914448261260986 -2.2014497472213593e-16 0.13052630424499512 -0.9914448261260986 -2.2014497472213593e-16 -0.13052630424499512 -0.9914448261260986 -2.2014497472213593e-16 -0.13052630424499512 -0.9914448261260986 -2.0514249921393517e-16 -0.38268330693244934 -0.9238796830177307 -2.0514249921393517e-16 -0.38268330693244934 -0.9238796830177307 -1.761598110857512e-16 -0.6087614893913269 -0.793353259563446 -1.761598110857512e-16 -0.6087614893913269 -0.793353259563446 -1.3517220440547082e-16 -0.793353259563446 -0.6087614893913269 -1.3517220440547082e-16 -0.793353259563446 -0.6087614893913269 -8.497276369922021e-17 -0.9238796830177307 -0.38268330693244934 -8.497276369922021e-17 -0.9238796830177307 -0.38268330693244934 -2.898266165840438e-17 -0.9914448261260986 -0.13052630424499512 -2.898266165840438e-17 -0.9914448261260986 -0.13052630424499512 2.898266165840438e-17 -0.9914448261260986 0.13052630424499512 2.898266165840438e-17 -0.9914448261260986 0.13052630424499512 8.497276369922021e-17 -0.9238796830177307 0.38268330693244934 8.497276369922021e-17 -0.9238796830177307 0.38268330693244934 1.3517220440547082e-16 -0.793353259563446 0.6087614893913269 1.3517220440547082e-16 -0.793353259563446 0.6087614893913269 1.761598110857512e-16 -0.6087614893913269 0.793353259563446 1.761598110857512e-16 -0.6087614893913269 0.793353259563446 1.0 2.220446049250313e-16 4.930380657631324e-32 1.0 2.220446049250313e-16 4.930380657631324e-32 1.0 2.220446049250313e-16 4.930380657631324e-32 1.0 2.220446049250313e-16 4.930380657631324e-32 1.0 2.220446049250313e-16 4.930380657631324e-32 1.0 2.220446049250313e-16 4.930380657631324e-32 1.0 2.220446049250313e-16 4.930380657631324e-32 1.0 2.220446049250313e-16 4.930380657631324e-32 1.0 2.220446049250313e-16 4.930380657631324e-32 1.0 2.220446049250313e-16 4.930380657631324e-32 1.0 2.220446049250313e-16 4.930380657631324e-32 1.0 2.220446049250313e-16 4.930380657631324e-32 1.0 2.220446049250313e-16 4.930380657631324e-32 1.0 2.220446049250313e-16 4.930380657631324e-32 1.0 2.220446049250313e-16 4.930380657631324e-32 1.0 2.220446049250313e-16 4.930380657631324e-32 1.0 2.220446049250313e-16 4.930380657631324e-32 1.0 2.220446049250313e-16 4.930380657631324e-32 1.0 2.220446049250313e-16 4.930380657631324e-32 1.0 2.220446049250313e-16 4.930380657631324e-32 1.0 2.220446049250313e-16 4.930380657631324e-32 1.0 2.220446049250313e-16 4.930380657631324e-32 2.0514249921393517e-16 -0.38268330693244934 0.9238796830177307 2.0514249921393517e-16 -0.38268330693244934 0.9238796830177307 2.2014497472213593e-16 -0.13052630424499512 0.9914448261260986 2.2014497472213593e-16 -0.13052630424499512 0.9914448261260986 -1.0 -2.220446049250313e-16 -4.930380657631324e-32 -1.0 -2.220446049250313e-16 -4.930380657631324e-32 -1.0 -2.220446049250313e-16 -4.930380657631324e-32 -1.0 -2.220446049250313e-16 -4.930380657631324e-32 -1.0 -2.220446049250313e-16 -4.930380657631324e-32 -1.0 -2.220446049250313e-16 -4.930380657631324e-32 -1.0 -2.220446049250313e-16 -4.930380657631324e-32 -1.0 -2.220446049250313e-16 -4.930380657631324e-32 -1.0 -2.220446049250313e-16 -4.930380657631324e-32 -1.0 -2.220446049250313e-16 -4.930380657631324e-32 -1.0 -2.220446049250313e-16 -4.930380657631324e-32 -1.0 -2.220446049250313e-16 -4.930380657631324e-32 -1.0 -2.220446049250313e-16 -4.930380657631324e-32 -1.0 -2.220446049250313e-16 -4.930380657631324e-32 -1.0 -2.220446049250313e-16 -4.930380657631324e-32 -1.0 -2.220446049250313e-16 -4.930380657631324e-32 -1.0 -2.220446049250313e-16 -4.930380657631324e-32 -1.0 -2.220446049250313e-16 -4.930380657631324e-32 -1.0 -2.220446049250313e-16 -4.930380657631324e-32 -1.0 -2.220446049250313e-16 -4.930380657631324e-32 -1.0 -2.220446049250313e-16 -4.930380657631324e-32 -1.0 -2.220446049250313e-16 -4.930380657631324e-32</float_array><technique_common><accessor source="#mesh10-normals-array" count="92" stride="3"><param name="X" type="float" /><param name="Y" type="float" /><param name="Z" type="float" /></accessor></technique_common></source><vertices id="mesh10-vertices"><input semantic="POSITION" source="#mesh10-positions" /></vertices><triangles count="92" material="copper"><input semantic="VERTEX" source="#mesh10-vertices" offset="0" /><input semantic="NORMAL" source="#mesh10-normals" offset="1" /><p>0 0 1 0 3 0 0 1 3 1 2 1 2 2 3 2 5 2 2 3 5 3 4 3 4 4 5 4 7 4 4 5 7 5 6 5 6 6 7 6 9 6 6 7 9 7 8 7 8 8 9 8 11 8 8 9 11 9 10 9 10 10 11 10 13 10 10 11 13 11 12 11 12 12 13 12 15 12 12 13 15 13 14 13 14 14 15 14 17 14 14 15 17 15 16 15 16 16 17 16 19 16 16 17 19 17 18 17 18 18 19 18 21 18 18 19 21 19 20 19 20 20 21 20 23 20 20 21 23 21 22 21 22 22 23 22 25 22 22 23 25 23 24 23 24 24 25 24 27 24 24 25 27 25 26 25 26 26 27 26 29 26 26 27 29 27 28 27 28 28 29 28 31 28 28 29 31 29 30 29 30 30 31 30 33 30 30 31 33 31 32 31 32 32 33 32 35 32 32 33 35 33 34 33 34 34 35 34 37 34 34 35 37 35 36 35 36 36 37 36 39 36 36 37 39 37 38 37 38 38 39 38 41 38 38 39 41 39 40 39 40 40 41 40 43 40 40 41 43 41 42 41 42 42 43 42 45 42 42 43 45 43 44 43 5 44 3 44 1 44 1 45 47 45 45 45 45 46 43 46 41 46 41 47 39 47 37 47 37 48 35 48 33 48 33 49 31 49 29 49 29 50 27 50 25 50 25 51 23 51 21 51 21 52 19 52 17 52 17 53 15 53 13 53 13 54 11 54 9 54 9 55 7 55 5 55 5 56 1 56 45 56 45 57 41 57 37 57 37 58 33 58 29 58 29 59 25 59 21 59 21 60 17 60 13 60 13 61 9 61 5 61 5 62 45 62 37 62 37 63 29 63 21 63 21 64 13 64 5 64 37 65 21 65 5 65 44 66 45 66 47 66 44 67 47 67 46 67 46 68 47 68 1 68 46 69 1 69 0 69 46 70 0 70 2 70 2 71 4 71 6 71 6 72 8 72 10 72 10 73 12 73 14 73 14 74 16 74 18 74 18 75 20 75 22 75 22 76 24 76 26 76 26 77 28 77 30 77 30 78 32 78 34 78 34 79 36 79 38 79 38 80 40 80 42 80 42 81 44 81 46 81 46 82 2 82 6 82 6 83 10 83 14 83 14 84 18 84 22 84 22 85 26 85 30 85 30 86 34 86 38 86 38 87 42 87 46 87 46 88 6 88 14 88 14 89 22 89 30 89 30 90 38 90 46 90 14 91 30 91 46 91</p></triangles></mesh></geometry><geometry id="mesh11"><mesh><source id="mesh11-positions"><float_array id="mesh11-array" count="144">-0.35199999809265137 0.021059999242424965 0.004999999888241291 -0.30400002002716064 0.021059999242424965 0.004999999888241291 -0.35199999809265137 0.022354094311594963 0.004829628858715296 -0.30400002002716064 0.022354094311594963 0.004829628858715296 -0.35199999809265137 0.023559998720884323 0.0043301270343363285 -0.30400002002716064 0.023559998720884323 0.0043301270343363285 -0.35199999809265137 0.024595532566308975 0.0035355337895452976 -0.30400002002716064 0.024595532566308975 0.0035355337895452976 -0.35199999809265137 0.025390125811100006 0.0024999999441206455 -0.30400002002716064 0.025390125811100006 0.0024999999441206455 -0.35199999809265137 0.025889627635478973 0.00129409518558532 -0.30400002002716064 0.025889627635478973 0.00129409518558532 -0.35199999809265137 0.02606000006198883 5.329071391703478e-18 -0.30400002002716064 0.02606000006198883 -5.329071391703478e-18 -0.35199999809265137 0.025889627635478973 -0.00129409518558532 -0.30400002002716064 0.025889627635478973 -0.00129409518558532 -0.35199999809265137 0.025390125811100006 -0.0024999999441206455 -0.30400002002716064 0.025390125811100006 -0.0024999999441206455 -0.35199999809265137 0.024595532566308975 -0.0035355337895452976 -0.30400002002716064 0.024595532566308975 -0.0035355337895452976 -0.35199999809265137 0.023559998720884323 -0.0043301270343363285 -0.30400002002716064 0.023559998720884323 -0.0043301270343363285 -0.35199999809265137 0.022354094311594963 -0.004829628858715296 -0.30400002002716064 0.022354094311594963 -0.004829628858715296 -0.35199999809265137 0.021059999242424965 -0.004999999888241291 -0.30400002002716064 0.021059999242424965 -0.004999999888241291 -0.35199999809265137 0.019765904173254967 -0.004829628858715296 -0.30400002002716064 0.019765904173254967 -0.004829628858715296 -0.35199999809265137 0.018559999763965607 -0.0043301270343363285 -0.30400002002716064 0.018559999763965607 -0.0043301270343363285 -0.35199999809265137 0.017524465918540955 -0.0035355337895452976 -0.30400002002716064 0.017524465918540955 -0.0035355337895452976 -0.35199999809265137 0.016729872673749924 -0.0024999999441206455 -0.30400002002716064 0.016729872673749924 -0.0024999999441206455 -0.35199999809265137 0.016230370849370956 -0.00129409518558532 -0.30400002002716064 0.016230370849370956 -0.00129409518558532 -0.35199999809265137 0.0160599984228611 5.329071391703478e-18 -0.30400002002716064 0.0160599984228611 -5.329071391703478e-18 -0.35199999809265137 0.016230370849370956 0.00129409518558532 -0.30400002002716064 0.016230370849370956 0.00129409518558532 -0.35199999809265137 0.016729872673749924 0.0024999999441206455 -0.30400002002716064 0.016729872673749924 0.0024999999441206455 -0.35199999809265137 0.017524465918540955 0.0035355337895452976 -0.30400002002716064 0.017524465918540955 0.0035355337895452976 -0.35199999809265137 0.018559999763965607 0.0043301270343363285 -0.30400002002716064 0.018559999763965607 0.0043301270343363285 -0.35199999809265137 0.019765904173254967 0.004829628858715296 -0.30400002002716064 0.019765904173254967 0.004829628858715296</float_array><technique_common><accessor source="#mesh11-array" count="48" stride="3"><param name="X" type="float" /><param name="Y" type="float" /><param name="Z" type="float" /></accessor></technique_common></source><source id="mesh11-normals"><float_array id="mesh11-normals-array" count="276">2.2014497472213593e-16 0.13052630424499512 0.9914448261260986 2.2014497472213593e-16 0.13052630424499512 0.9914448261260986 2.0514249921393517e-16 0.38268330693244934 0.9238796830177307 2.0514249921393517e-16 0.38268330693244934 0.9238796830177307 1.761598110857512e-16 0.6087614893913269 0.793353259563446 1.761598110857512e-16 0.6087614893913269 0.793353259563446 1.3517220440547082e-16 0.793353259563446 0.6087614893913269 1.3517220440547082e-16 0.793353259563446 0.6087614893913269 8.497276369922021e-17 0.9238796830177307 0.38268330693244934 8.497276369922021e-17 0.9238796830177307 0.38268330693244934 2.898266165840438e-17 0.9914448261260986 0.13052630424499512 2.898266165840438e-17 0.9914448261260986 0.13052630424499512 -2.898266165840438e-17 0.9914448261260986 -0.13052630424499512 -2.898266165840438e-17 0.9914448261260986 -0.13052630424499512 -8.497276369922021e-17 0.9238796830177307 -0.38268330693244934 -8.497276369922021e-17 0.9238796830177307 -0.38268330693244934 -1.3517220440547082e-16 0.793353259563446 -0.6087614893913269 -1.3517220440547082e-16 0.793353259563446 -0.6087614893913269 -1.761598110857512e-16 0.6087614893913269 -0.793353259563446 -1.761598110857512e-16 0.6087614893913269 -0.793353259563446 -2.0514249921393517e-16 0.38268330693244934 -0.9238796830177307 -2.0514249921393517e-16 0.38268330693244934 -0.9238796830177307 -2.2014497472213593e-16 0.13052630424499512 -0.9914448261260986 -2.2014497472213593e-16 0.13052630424499512 -0.9914448261260986 -2.2014497472213593e-16 -0.13052630424499512 -0.9914448261260986 -2.2014497472213593e-16 -0.13052630424499512 -0.9914448261260986 -2.0514249921393517e-16 -0.38268330693244934 -0.9238796830177307 -2.0514249921393517e-16 -0.38268330693244934 -0.9238796830177307 -1.761598110857512e-16 -0.6087614893913269 -0.793353259563446 -1.761598110857512e-16 -0.6087614893913269 -0.793353259563446 -1.3517220440547082e-16 -0.793353259563446 -0.6087614893913269 -1.3517220440547082e-16 -0.793353259563446 -0.6087614893913269 -8.497276369922021e-17 -0.9238796830177307 -0.38268330693244934 -8.497276369922021e-17 -0.9238796830177307 -0.38268330693244934 -2.898266165840438e-17 -0.9914448261260986 -0.13052630424499512 -2.898266165840438e-17 -0.9914448261260986 -0.13052630424499512 2.898266165840438e-17 -0.9914448261260986 0.13052630424499512 2.898266165840438e-17 -0.9914448261260986 0.13052630424499512 8.497276369922021e-17 -0.9238796830177307 0.38268330693244934 8.497276369922021e-17 -0.9238796830177307 0.38268330693244934 1.3517220440547082e-16 -0.793353259563446 0.6087614893913269 1.3517220440547082e-16 -0.793353259563446 0.6087614893913269 1.761598110857512e-16 -0.6087614893913269 0.793353259563446 1.761598110857512e-16 -0.6087614893913269 0.793353259563446 1.0 2.220446049250313e-16 4.930380657631324e-32 1.0 2.220446049250313e-16 4.930380657631324e-32 1.0 2.220446049250313e-16 4.930380657631324e-32 1.0 2.220446049250313e-16 4.930380657631324e-32 1.0 2.220446049250313e-16 4.930380657631324e-32 1.0 2.220446049250313e-16 4.930380657631324e-32 1.0 2.220446049250313e-16 4.930380657631324e-32 1.0 2.220446049250313e-16 4.930380657631324e-32 1.0 2.220446049250313e-16 4.930380657631324e-32 1.0 2.220446049250313e-16 4.930380657631324e-32 1.0 2.220446049250313e-16 4.930380657631324e-32 1.0 2.220446049250313e-16 4.930380657631324e-32 1.0 2.220446049250313e-16 4.930380657631324e-32 1.0 2.220446049250313e-16 4.930380657631324e-32 1.0 2.220446049250313e-16 4.930380657631324e-32 1.0 2.220446049250313e-16 4.930380657631324e-32 1.0 2.220446049250313e-16 4.930380657631324e-32 1.0 2.220446049250313e-16 4.930380657631324e-32 1.0 2.220446049250313e-16 4.930380657631324e-32 1.0 2.220446049250313e-16 4.930380657631324e-32 1.0 2.220446049250313e-16 4.930380657631324e-32 1.0 2.220446049250313e-16 4.930380657631324e-32 2.0514249921393517e-16 -0.38268330693244934 0.9238796830177307 2.0514249921393517e-16 -0.38268330693244934 0.9238796830177307 2.2014497472213593e-16 -0.13052630424499512 0.9914448261260986 2.2014497472213593e-16 -0.13052630424499512 0.9914448261260986 -1.0 -2.220446049250313e-16 -4.930380657631324e-32 -1.0 -2.220446049250313e-16 -4.930380657631324e-32 -1.0 -2.220446049250313e-16 -4.930380657631324e-32 -1.0 -2.220446049250313e-16 -4.930380657631324e-32 -1.0 -2.220446049250313e-16 -4.930380657631324e-32 -1.0 -2.220446049250313e-16 -4.930380657631324e-32 -1.0 -2.220446049250313e-16 -4.930380657631324e-32 -1.0 -2.220446049250313e-16 -4.930380657631324e-32 -1.0 -2.220446049250313e-16 -4.930380657631324e-32 -1.0 -2.220446049250313e-16 -4.930380657631324e-32 -1.0 -2.220446049250313e-16 -4.930380657631324e-32 -1.0 -2.220446049250313e-16 -4.930380657631324e-32 -1.0 -2.220446049250313e-16 -4.930380657631324e-32 -1.0 -2.220446049250313e-16 -4.930380657631324e-32 -1.0 -2.220446049250313e-16 -4.930380657631324e-32 -1.0 -2.220446049250313e-16 -4.930380657631324e-32 -1.0 -2.220446049250313e-16 -4.930380657631324e-32 -1.0 -2.220446049250313e-16 -4.930380657631324e-32 -1.0 -2.220446049250313e-16 -4.930380657631324e-32 -1.0 -2.220446049250313e-16 -4.930380657631324e-32 -1.0 -2.220446049250313e-16 -4.930380657631324e-32 -1.0 -2.220446049250313e-16 -4.930380657631324e-32</float_array><technique_common><accessor source="#mesh11-normals-array" count="92" stride="3"><param name="X" type="float" /><param name="Y" type="float" /><param name="Z" type="float" /></accessor></technique_common></source><vertices id="mesh11-vertices"><input semantic="POSITION" source="#mesh11-positions" /></vertices><triangles count="92" material="copper"><input semantic="VERTEX" source="#mesh11-vertices" offset="0" /><input semantic="NORMAL" source="#mesh11-normals" offset="1" /><p>0 0 1 0 3 0 0 1 3 1 2 1 2 2 3 2 5 2 2 3 5 3 4 3 4 4 5 4 7 4 4 5 7 5 6 5 6 6 7 6 9 6 6 7 9 7 8 7 8 8 9 8 11 8 8 9 11 9 10 9 10 10 11 10 13 10 10 11 13 11 12 11 12 12 13 12 15 12 12 13 15 13 14 13 14 14 15 14 17 14 14 15 17 15 16 15 16 16 17 16 19 16 16 17 19 17 18 17 18 18 19 18 21 18 18 19 21 19 20 19 20 20 21 20 23 20 20 21 23 21 22 21 22 22 23 22 25 22 22 23 25 23 24 23 24 24 25 24 27 24 24 25 27 25 26 25 26 26 27 26 29 26 26 27 29 27 28 27 28 28 29 28 31 28 28 29 31 29 30 29 30 30 31 30 33 30 30 31 33 31 32 31 32 32 33 32 35 32 32 33 35 33 34 33 34 34 35 34 37 34 34 35 37 35 36 35 36 36 37 36 39 36 36 37 39 37 38 37 38 38 39 38 41 38 38 39 41 39 40 39 40 40 41 40 43 40 40 41 43 41 42 41 42 42 43 42 45 42 42 43 45 43 44 43 5 44 3 44 1 44 1 45 47 45 45 45 45 46 43 46 41 46 41 47 39 47 37 47 37 48 35 48 33 48 33 49 31 49 29 49 29 50 27 50 25 50 25 51 23 51 21 51 21 52 19 52 17 52 17 53 15 53 13 53 13 54 11 54 9 54 9 55 7 55 5 55 5 56 1 56 45 56 45 57 41 57 37 57 37 58 33 58 29 58 29 59 25 59 21 59 21 60 17 60 13 60 13 61 9 61 5 61 5 62 45 62 37 62 37 63 29 63 21 63 21 64 13 64 5 64 37 65 21 65 5 65 44 66 45 66 47 66 44 67 47 67 46 67 46 68 47 68 1 68 46 69 1 69 0 69 46 70 0 70 2 70 2 71 4 71 6 71 6 72 8 72 10 72 10 73 12 73 14 73 14 74 16 74 18 74 18 75 20 75 22 75 22 76 24 76 26 76 26 77 28 77 30 77 30 78 32 78 34 78 34 79 36 79 38 79 38 80 40 80 42 80 42 81 44 81 46 81 46 82 2 82 6 82 6 83 10 83 14 83 14 84 18 84 22 84 22 85 26 85 30 85 30 86 34 86 38 86 38 87 42 87 46 87 46 88 6 88 14 88 14 89 22 89 30 89 30 90 38 90 46 90 14 91 30 91 46 91</p></triangles></mesh></geometry><geometry id="mesh12"><mesh><source id="mesh12-positions"><float_array id="mesh12-array" count="144">-0.41100001335144043 -0.01879199966788292 0.004999999888241291 -0.3630000352859497 -0.01879199966788292 0.004999999888241291 -0.41100001335144043 -0.01749790459871292 0.004829628858715296 -0.3630000352859497 -0.01749790459871292 0.004829628858715296 -0.41100001335144043 -0.01629200018942356 0.0043301270343363285 -0.3630000352859497 -0.01629200018942356 0.0043301270343363285 -0.41100001335144043 -0.015256466343998909 0.0035355337895452976 -0.3630000352859497 -0.015256466343998909 0.0035355337895452976 -0.41100001335144043 -0.014461873099207878 0.0024999999441206455 -0.3630000352859497 -0.014461873099207878 0.0024999999441206455 -0.41100001335144043 -0.01396237127482891 0.00129409518558532 -0.3630000352859497 -0.01396237127482891 0.00129409518558532 -0.41100001335144043 -0.013791999779641628 5.329071391703478e-18 -0.3630000352859497 -0.013791999779641628 -5.329071391703478e-18 -0.41100001335144043 -0.01396237127482891 -0.00129409518558532 -0.3630000352859497 -0.01396237127482891 -0.00129409518558532 -0.41100001335144043 -0.014461873099207878 -0.0024999999441206455 -0.3630000352859497 -0.014461873099207878 -0.0024999999441206455 -0.41100001335144043 -0.015256466343998909 -0.0035355337895452976 -0.3630000352859497 -0.015256466343998909 -0.0035355337895452976 -0.41100001335144043 -0.01629200018942356 -0.0043301270343363285 -0.3630000352859497 -0.01629200018942356 -0.0043301270343363285 -0.41100001335144043 -0.01749790459871292 -0.004829628858715296 -0.3630000352859497 -0.01749790459871292 -0.004829628858715296 -0.41100001335144043 -0.01879199966788292 -0.004999999888241291 -0.3630000352859497 -0.01879199966788292 -0.004999999888241291 -0.41100001335144043 -0.020086094737052917 -0.004829628858715296 -0.3630000352859497 -0.020086094737052917 -0.004829628858715296 -0.41100001335144043 -0.021291999146342278 -0.0043301270343363285 -0.3630000352859497 -0.021291999146342278 -0.0043301270343363285 -0.41100001335144043 -0.02232753299176693 -0.0035355337895452976 -0.3630000352859497 -0.02232753299176693 -0.0035355337895452976 -0.41100001335144043 -0.02312212623655796 -0.0024999999441206455 -0.3630000352859497 -0.02312212623655796 -0.0024999999441206455 -0.41100001335144043 -0.023621628060936928 -0.00129409518558532 -0.3630000352859497 -0.023621628060936928 -0.00129409518558532 -0.41100001335144043 -0.023791998624801636 5.329071391703478e-18 -0.3630000352859497 -0.023791998624801636 -5.329071391703478e-18 -0.41100001335144043 -0.023621628060936928 0.00129409518558532 -0.3630000352859497 -0.023621628060936928 0.00129409518558532 -0.41100001335144043 -0.02312212623655796 0.0024999999441206455 -0.3630000352859497 -0.02312212623655796 0.0024999999441206455 -0.41100001335144043 -0.02232753299176693 0.0035355337895452976 -0.3630000352859497 -0.02232753299176693 0.0035355337895452976 -0.41100001335144043 -0.021291999146342278 0.0043301270343363285 -0.3630000352859497 -0.021291999146342278 0.0043301270343363285 -0.41100001335144043 -0.020086094737052917 0.004829628858715296 -0.3630000352859497 -0.020086094737052917 0.004829628858715296</float_array><technique_common><accessor source="#mesh12-array" count="48" stride="3"><param name="X" type="float" /><param name="Y" type="float" /><param name="Z" type="float" /></accessor></technique_common></source><source id="mesh12-normals"><float_array id="mesh12-normals-array" count="276">2.2014497472213593e-16 0.13052630424499512 0.9914448261260986 2.2014497472213593e-16 0.13052630424499512 0.9914448261260986 2.0514249921393517e-16 0.38268330693244934 0.9238796830177307 2.0514249921393517e-16 0.38268330693244934 0.9238796830177307 1.761598110857512e-16 0.6087614893913269 0.793353259563446 1.761598110857512e-16 0.6087614893913269 0.793353259563446 1.3517220440547082e-16 0.793353259563446 0.6087614893913269 1.3517220440547082e-16 0.793353259563446 0.6087614893913269 8.497276369922021e-17 0.9238796830177307 0.38268330693244934 8.497276369922021e-17 0.9238796830177307 0.38268330693244934 2.898266165840438e-17 0.9914448261260986 0.13052630424499512 2.898266165840438e-17 0.9914448261260986 0.13052630424499512 -2.898266165840438e-17 0.9914448261260986 -0.13052630424499512 -2.898266165840438e-17 0.9914448261260986 -0.13052630424499512 -8.497276369922021e-17 0.9238796830177307 -0.38268330693244934 -8.497276369922021e-17 0.9238796830177307 -0.38268330693244934 -1.3517220440547082e-16 0.793353259563446 -0.6087614893913269 -1.3517220440547082e-16 0.793353259563446 -0.6087614893913269 -1.761598110857512e-16 0.6087614893913269 -0.793353259563446 -1.761598110857512e-16 0.6087614893913269 -0.793353259563446 -2.0514249921393517e-16 0.38268330693244934 -0.9238796830177307 -2.0514249921393517e-16 0.38268330693244934 -0.9238796830177307 -2.2014497472213593e-16 0.13052630424499512 -0.9914448261260986 -2.2014497472213593e-16 0.13052630424499512 -0.9914448261260986 -2.2014497472213593e-16 -0.13052630424499512 -0.9914448261260986 -2.2014497472213593e-16 -0.13052630424499512 -0.9914448261260986 -2.0514249921393517e-16 -0.38268330693244934 -0.9238796830177307 -2.0514249921393517e-16 -0.38268330693244934 -0.9238796830177307 -1.761598110857512e-16 -0.6087614893913269 -0.793353259563446 -1.761598110857512e-16 -0.6087614893913269 -0.793353259563446 -1.3517220440547082e-16 -0.793353259563446 -0.6087614893913269 -1.3517220440547082e-16 -0.793353259563446 -0.6087614893913269 -8.497276369922021e-17 -0.9238796830177307 -0.38268330693244934 -8.497276369922021e-17 -0.9238796830177307 -0.38268330693244934 -2.898266165840438e-17 -0.9914448261260986 -0.13052630424499512 -2.898266165840438e-17 -0.9914448261260986 -0.13052630424499512 2.898266165840438e-17 -0.9914448261260986 0.13052630424499512 2.898266165840438e-17 -0.9914448261260986 0.13052630424499512 8.497276369922021e-17 -0.9238796830177307 0.38268330693244934 8.497276369922021e-17 -0.9238796830177307 0.38268330693244934 1.3517220440547082e-16 -0.793353259563446 0.6087614893913269 1.3517220440547082e-16 -0.793353259563446 0.6087614893913269 1.761598110857512e-16 -0.6087614893913269 0.793353259563446 1.761598110857512e-16 -0.6087614893913269 0.793353259563446 1.0 2.220446049250313e-16 4.930380657631324e-32 1.0 2.220446049250313e-16 4.930380657631324e-32 1.0 2.220446049250313e-16 4.930380657631324e-32 1.0 2.220446049250313e-16 4.930380657631324e-32 1.0 2.220446049250313e-16 4.930380657631324e-32 1.0 2.220446049250313e-16 4.930380657631324e-32 1.0 2.220446049250313e-16 4.930380657631324e-32 1.0 2.220446049250313e-16 4.930380657631324e-32 1.0 2.220446049250313e-16 4.930380657631324e-32 1.0 2.220446049250313e-16 4.930380657631324e-32 1.0 2.220446049250313e-16 4.930380657631324e-32 1.0 2.220446049250313e-16 4.930380657631324e-32 1.0 2.220446049250313e-16 4.930380657631324e-32 1.0 2.220446049250313e-16 4.930380657631324e-32 1.0 2.220446049250313e-16 4.930380657631324e-32 1.0 2.220446049250313e-16 4.930380657631324e-32 1.0 2.220446049250313e-16 4.930380657631324e-32 1.0 2.220446049250313e-16 4.930380657631324e-32 1.0 2.220446049250313e-16 4.930380657631324e-32 1.0 2.220446049250313e-16 4.930380657631324e-32 1.0 2.220446049250313e-16 4.930380657631324e-32 1.0 2.220446049250313e-16 4.930380657631324e-32 2.0514249921393517e-16 -0.38268330693244934 0.9238796830177307 2.0514249921393517e-16 -0.38268330693244934 0.9238796830177307 2.2014497472213593e-16 -0.13052630424499512 0.9914448261260986 2.2014497472213593e-16 -0.13052630424499512 0.9914448261260986 -1.0 -2.220446049250313e-16 -4.930380657631324e-32 -1.0 -2.220446049250313e-16 -4.930380657631324e-32 -1.0 -2.220446049250313e-16 -4.930380657631324e-32 -1.0 -2.220446049250313e-16 -4.930380657631324e-32 -1.0 -2.220446049250313e-16 -4.930380657631324e-32 -1.0 -2.220446049250313e-16 -4.930380657631324e-32 -1.0 -2.220446049250313e-16 -4.930380657631324e-32 -1.0 -2.220446049250313e-16 -4.930380657631324e-32 -1.0 -2.220446049250313e-16 -4.930380657631324e-32 -1.0 -2.220446049250313e-16 -4.930380657631324e-32 -1.0 -2.220446049250313e-16 -4.930380657631324e-32 -1.0 -2.220446049250313e-16 -4.930380657631324e-32 -1.0 -2.220446049250313e-16 -4.930380657631324e-32 -1.0 -2.220446049250313e-16 -4.930380657631324e-32 -1.0 -2.220446049250313e-16 -4.930380657631324e-32 -1.0 -2.220446049250313e-16 -4.930380657631324e-32 -1.0 -2.220446049250313e-16 -4.930380657631324e-32 -1.0 -2.220446049250313e-16 -4.930380657631324e-32 -1.0 -2.220446049250313e-16 -4.930380657631324e-32 -1.0 -2.220446049250313e-16 -4.930380657631324e-32 -1.0 -2.220446049250313e-16 -4.930380657631324e-32 -1.0 -2.220446049250313e-16 -4.930380657631324e-32</float_array><technique_common><accessor source="#mesh12-normals-array" count="92" stride="3"><param name="X" type="float" /><param name="Y" type="float" /><param name="Z" type="float" /></accessor></technique_common></source><vertices id="mesh12-vertices"><input semantic="POSITION" source="#mesh12-positions" /></vertices><triangles count="92" material="copper"><input semantic="VERTEX" source="#mesh12-vertices" offset="0" /><input semantic="NORMAL" source="#mesh12-normals" offset="1" /><p>0 0 1 0 3 0 0 1 3 1 2 1 2 2 3 2 5 2 2 3 5 3 4 3 4 4 5 4 7 4 4 5 7 5 6 5 6 6 7 6 9 6 6 7 9 7 8 7 8 8 9 8 11 8 8 9 11 9 10 9 10 10 11 10 13 10 10 11 13 11 12 11 12 12 13 12 15 12 12 13 15 13 14 13 14 14 15 14 17 14 14 15 17 15 16 15 16 16 17 16 19 16 16 17 19 17 18 17 18 18 19 18 21 18 18 19 21 19 20 19 20 20 21 20 23 20 20 21 23 21 22 21 22 22 23 22 25 22 22 23 25 23 24 23 24 24 25 24 27 24 24 25 27 25 26 25 26 26 27 26 29 26 26 27 29 27 28 27 28 28 29 28 31 28 28 29 31 29 30 29 30 30 31 30 33 30 30 31 33 31 32 31 32 32 33 32 35 32 32 33 35 33 34 33 34 34 35 34 37 34 34 35 37 35 36 35 36 36 37 36 39 36 36 37 39 37 38 37 38 38 39 38 41 38 38 39 41 39 40 39 40 40 41 40 43 40 40 41 43 41 42 41 42 42 43 42 45 42 42 43 45 43 44 43 5 44 3 44 1 44 1 45 47 45 45 45 45 46 43 46 41 46 41 47 39 47 37 47 37 48 35 48 33 48 33 49 31 49 29 49 29 50 27 50 25 50 25 51 23 51 21 51 21 52 19 52 17 52 17 53 15 53 13 53 13 54 11 54 9 54 9 55 7 55 5 55 5 56 1 56 45 56 45 57 41 57 37 57 37 58 33 58 29 58 29 59 25 59 21 59 21 60 17 60 13 60 13 61 9 61 5 61 5 62 45 62 37 62 37 63 29 63 21 63 21 64 13 64 5 64 37 65 21 65 5 65 44 66 45 66 47 66 44 67 47 67 46 67 46 68 47 68 1 68 46 69 1 69 0 69 46 70 0 70 2 70 2 71 4 71 6 71 6 72 8 72 10 72 10 73 12 73 14 73 14 74 16 74 18 74 18 75 20 75 22 75 22 76 24 76 26 76 26 77 28 77 30 77 30 78 32 78 34 78 34 79 36 79 38 79 38 80 40 80 42 80 42 81 44 81 46 81 46 82 2 82 6 82 6 83 10 83 14 83 14 84 18 84 22 84 22 85 26 85 30 85 30 86 34 86 38 86 38 87 42 87 46 87 46 88 6 88 14 88 14 89 22 89 30 89 30 90 38 90 46 90 14 91 30 91 46 91</p></triangles></mesh></geometry><geometry id="mesh13"><mesh><source id="mesh13-positions"><float_array id="mesh13-array" count="144">-0.41100001335144043 0.01879199966788292 0.004999999888241291 -0.3630000352859497 0.01879199966788292 0.004999999888241291 -0.41100001335144043 0.020086094737052917 0.004829628858715296 -0.3630000352859497 0.020086094737052917 0.004829628858715296 -0.41100001335144043 0.021291999146342278 0.0043301270343363285 -0.3630000352859497 0.021291999146342278 0.0043301270343363285 -0.41100001335144043 0.02232753299176693 0.0035355337895452976 -0.3630000352859497 0.02232753299176693 0.0035355337895452976 -0.41100001335144043 0.02312212623655796 0.0024999999441206455 -0.3630000352859497 0.02312212623655796 0.0024999999441206455 -0.41100001335144043 0.023621628060936928 0.00129409518558532 -0.3630000352859497 0.023621628060936928 0.00129409518558532 -0.41100001335144043 0.023791998624801636 5.329071391703478e-18 -0.3630000352859497 0.023791998624801636 -5.329071391703478e-18 -0.41100001335144043 0.023621628060936928 -0.00129409518558532 -0.3630000352859497 0.023621628060936928 -0.00129409518558532 -0.41100001335144043 0.02312212623655796 -0.0024999999441206455 -0.3630000352859497 0.02312212623655796 -0.0024999999441206455 -0.41100001335144043 0.02232753299176693 -0.0035355337895452976 -0.3630000352859497 0.02232753299176693 -0.0035355337895452976 -0.41100001335144043 0.021291999146342278 -0.0043301270343363285 -0.3630000352859497 0.021291999146342278 -0.0043301270343363285 -0.41100001335144043 0.020086094737052917 -0.004829628858715296 -0.3630000352859497 0.020086094737052917 -0.004829628858715296 -0.41100001335144043 0.01879199966788292 -0.004999999888241291 -0.3630000352859497 0.01879199966788292 -0.004999999888241291 -0.41100001335144043 0.01749790459871292 -0.004829628858715296 -0.3630000352859497 0.01749790459871292 -0.004829628858715296 -0.41100001335144043 0.01629200018942356 -0.0043301270343363285 -0.3630000352859497 0.01629200018942356 -0.0043301270343363285 -0.41100001335144043 0.015256466343998909 -0.0035355337895452976 -0.3630000352859497 0.015256466343998909 -0.0035355337895452976 -0.41100001335144043 0.014461873099207878 -0.0024999999441206455 -0.3630000352859497 0.014461873099207878 -0.0024999999441206455 -0.41100001335144043 0.01396237127482891 -0.00129409518558532 -0.3630000352859497 0.01396237127482891 -0.00129409518558532 -0.41100001335144043 0.013791999779641628 5.329071391703478e-18 -0.3630000352859497 0.013791999779641628 -5.329071391703478e-18 -0.41100001335144043 0.01396237127482891 0.00129409518558532 -0.3630000352859497 0.01396237127482891 0.00129409518558532 -0.41100001335144043 0.014461873099207878 0.0024999999441206455 -0.3630000352859497 0.014461873099207878 0.0024999999441206455 -0.41100001335144043 0.015256466343998909 0.0035355337895452976 -0.3630000352859497 0.015256466343998909 0.0035355337895452976 -0.41100001335144043 0.01629200018942356 0.0043301270343363285 -0.3630000352859497 0.01629200018942356 0.0043301270343363285 -0.41100001335144043 0.01749790459871292 0.004829628858715296 -0.3630000352859497 0.01749790459871292 0.004829628858715296</float_array><technique_common><accessor source="#mesh13-array" count="48" stride="3"><param name="X" type="float" /><param name="Y" type="float" /><param name="Z" type="float" /></accessor></technique_common></source><source id="mesh13-normals"><float_array id="mesh13-normals-array" count="276">2.2014497472213593e-16 0.13052630424499512 0.9914448261260986 2.2014497472213593e-16 0.13052630424499512 0.9914448261260986 2.0514249921393517e-16 0.38268330693244934 0.9238796830177307 2.0514249921393517e-16 0.38268330693244934 0.9238796830177307 1.761598110857512e-16 0.6087614893913269 0.793353259563446 1.761598110857512e-16 0.6087614893913269 0.793353259563446 1.3517220440547082e-16 0.793353259563446 0.6087614893913269 1.3517220440547082e-16 0.793353259563446 0.6087614893913269 8.497276369922021e-17 0.9238796830177307 0.38268330693244934 8.497276369922021e-17 0.9238796830177307 0.38268330693244934 2.898266165840438e-17 0.9914448261260986 0.13052630424499512 2.898266165840438e-17 0.9914448261260986 0.13052630424499512 -2.898266165840438e-17 0.9914448261260986 -0.13052630424499512 -2.898266165840438e-17 0.9914448261260986 -0.13052630424499512 -8.497276369922021e-17 0.9238796830177307 -0.38268330693244934 -8.497276369922021e-17 0.9238796830177307 -0.38268330693244934 -1.3517220440547082e-16 0.793353259563446 -0.6087614893913269 -1.3517220440547082e-16 0.793353259563446 -0.6087614893913269 -1.761598110857512e-16 0.6087614893913269 -0.793353259563446 -1.761598110857512e-16 0.6087614893913269 -0.793353259563446 -2.0514249921393517e-16 0.38268330693244934 -0.9238796830177307 -2.0514249921393517e-16 0.38268330693244934 -0.9238796830177307 -2.2014497472213593e-16 0.13052630424499512 -0.9914448261260986 -2.2014497472213593e-16 0.13052630424499512 -0.9914448261260986 -2.2014497472213593e-16 -0.13052630424499512 -0.9914448261260986 -2.2014497472213593e-16 -0.13052630424499512 -0.9914448261260986 -2.0514249921393517e-16 -0.38268330693244934 -0.9238796830177307 -2.0514249921393517e-16 -0.38268330693244934 -0.9238796830177307 -1.761598110857512e-16 -0.6087614893913269 -0.793353259563446 -1.761598110857512e-16 -0.6087614893913269 -0.793353259563446 -1.3517220440547082e-16 -0.793353259563446 -0.6087614893913269 -1.3517220440547082e-16 -0.793353259563446 -0.6087614893913269 -8.497276369922021e-17 -0.9238796830177307 -0.38268330693244934 -8.497276369922021e-17 -0.9238796830177307 -0.38268330693244934 -2.898266165840438e-17 -0.9914448261260986 -0.13052630424499512 -2.898266165840438e-17 -0.9914448261260986 -0.13052630424499512 2.898266165840438e-17 -0.9914448261260986 0.13052630424499512 2.898266165840438e-17 -0.9914448261260986 0.13052630424499512 8.497276369922021e-17 -0.9238796830177307 0.38268330693244934 8.497276369922021e-17 -0.9238796830177307 0.38268330693244934 1.3517220440547082e-16 -0.793353259563446 0.6087614893913269 1.3517220440547082e-16 -0.793353259563446 0.6087614893913269 1.761598110857512e-16 -0.6087614893913269 0.793353259563446 1.761598110857512e-16 -0.6087614893913269 0.793353259563446 1.0 2.220446049250313e-16 4.930380657631324e-32 1.0 2.220446049250313e-16 4.930380657631324e-32 1.0 2.220446049250313e-16 4.930380657631324e-32 1.0 2.220446049250313e-16 4.930380657631324e-32 1.0 2.220446049250313e-16 4.930380657631324e-32 1.0 2.220446049250313e-16 4.930380657631324e-32 1.0 2.220446049250313e-16 4.930380657631324e-32 1.0 2.220446049250313e-16 4.930380657631324e-32 1.0 2.220446049250313e-16 4.930380657631324e-32 1.0 2.220446049250313e-16 4.930380657631324e-32 1.0 2.220446049250313e-16 4.930380657631324e-32 1.0 2.220446049250313e-16 4.930380657631324e-32 1.0 2.220446049250313e-16 4.930380657631324e-32 1.0 2.220446049250313e-16 4.930380657631324e-32 1.0 2.220446049250313e-16 4.930380657631324e-32 1.0 2.220446049250313e-16 4.930380657631324e-32 1.0 2.220446049250313e-16 4.930380657631324e-32 1.0 2.220446049250313e-16 4.930380657631324e-32 1.0 2.220446049250313e-16 4.930380657631324e-32 1.0 2.220446049250313e-16 4.930380657631324e-32 1.0 2.220446049250313e-16 4.930380657631324e-32 1.0 2.220446049250313e-16 4.930380657631324e-32 2.0514249921393517e-16 -0.38268330693244934 0.9238796830177307 2.0514249921393517e-16 -0.38268330693244934 0.9238796830177307 2.2014497472213593e-16 -0.13052630424499512 0.9914448261260986 2.2014497472213593e-16 -0.13052630424499512 0.9914448261260986 -1.0 -2.220446049250313e-16 -4.930380657631324e-32 -1.0 -2.220446049250313e-16 -4.930380657631324e-32 -1.0 -2.220446049250313e-16 -4.930380657631324e-32 -1.0 -2.220446049250313e-16 -4.930380657631324e-32 -1.0 -2.220446049250313e-16 -4.930380657631324e-32 -1.0 -2.220446049250313e-16 -4.930380657631324e-32 -1.0 -2.220446049250313e-16 -4.930380657631324e-32 -1.0 -2.220446049250313e-16 -4.930380657631324e-32 -1.0 -2.220446049250313e-16 -4.930380657631324e-32 -1.0 -2.220446049250313e-16 -4.930380657631324e-32 -1.0 -2.220446049250313e-16 -4.930380657631324e-32 -1.0 -2.220446049250313e-16 -4.930380657631324e-32 -1.0 -2.220446049250313e-16 -4.930380657631324e-32 -1.0 -2.220446049250313e-16 -4.930380657631324e-32 -1.0 -2.220446049250313e-16 -4.930380657631324e-32 -1.0 -2.220446049250313e-16 -4.930380657631324e-32 -1.0 -2.220446049250313e-16 -4.930380657631324e-32 -1.0 -2.220446049250313e-16 -4.930380657631324e-32 -1.0 -2.220446049250313e-16 -4.930380657631324e-32 -1.0 -2.220446049250313e-16 -4.930380657631324e-32 -1.0 -2.220446049250313e-16 -4.930380657631324e-32 -1.0 -2.220446049250313e-16 -4.930380657631324e-32</float_array><technique_common><accessor source="#mesh13-normals-array" count="92" stride="3"><param name="X" type="float" /><param name="Y" type="float" /><param name="Z" type="float" /></accessor></technique_common></source><vertices id="mesh13-vertices"><input semantic="POSITION" source="#mesh13-positions" /></vertices><triangles count="92" material="copper"><input semantic="VERTEX" source="#mesh13-vertices" offset="0" /><input semantic="NORMAL" source="#mesh13-normals" offset="1" /><p>0 0 1 0 3 0 0 1 3 1 2 1 2 2 3 2 5 2 2 3 5 3 4 3 4 4 5 4 7 4 4 5 7 5 6 5 6 6 7 6 9 6 6 7 9 7 8 7 8 8 9 8 11 8 8 9 11 9 10 9 10 10 11 10 13 10 10 11 13 11 12 11 12 12 13 12 15 12 12 13 15 13 14 13 14 14 15 14 17 14 14 15 17 15 16 15 16 16 17 16 19 16 16 17 19 17 18 17 18 18 19 18 21 18 18 19 21 19 20 19 20 20 21 20 23 20 20 21 23 21 22 21 22 22 23 22 25 22 22 23 25 23 24 23 24 24 25 24 27 24 24 25 27 25 26 25 26 26 27 26 29 26 26 27 29 27 28 27 28 28 29 28 31 28 28 29 31 29 30 29 30 30 31 30 33 30 30 31 33 31 32 31 32 32 33 32 35 32 32 33 35 33 34 33 34 34 35 34 37 34 34 35 37 35 36 35 36 36 37 36 39 36 36 37 39 37 38 37 38 38 39 38 41 38 38 39 41 39 40 39 40 40 41 40 43 40 40 41 43 41 42 41 42 42 43 42 45 42 42 43 45 43 44 43 5 44 3 44 1 44 1 45 47 45 45 45 45 46 43 46 41 46 41 47 39 47 37 47 37 48 35 48 33 48 33 49 31 49 29 49 29 50 27 50 25 50 25 51 23 51 21 51 21 52 19 52 17 52 17 53 15 53 13 53 13 54 11 54 9 54 9 55 7 55 5 55 5 56 1 56 45 56 45 57 41 57 37 57 37 58 33 58 29 58 29 59 25 59 21 59 21 60 17 60 13 60 13 61 9 61 5 61 5 62 45 62 37 62 37 63 29 63 21 63 21 64 13 64 5 64 37 65 21 65 5 65 44 66 45 66 47 66 44 67 47 67 46 67 46 68 47 68 1 68 46 69 1 69 0 69 46 70 0 70 2 70 2 71 4 71 6 71 6 72 8 72 10 72 10 73 12 73 14 73 14 74 16 74 18 74 18 75 20 75 22 75 22 76 24 76 26 76 26 77 28 77 30 77 30 78 32 78 34 78 34 79 36 79 38 79 38 80 40 80 42 80 42 81 44 81 46 81 46 82 2 82 6 82 6 83 10 83 14 83 14 84 18 84 22 84 22 85 26 85 30 85 30 86 34 86 38 86 38 87 42 87 46 87 46 88 6 88 14 88 14 89 22 89 30 89 30 90 38 90 46 90 14 91 30 91 46 91</p></triangles></mesh></geometry><geometry id="mesh14"><mesh><source id="mesh14-positions"><float_array id="mesh14-array" count="144">-0.4699999690055847 -0.016524000093340874 0.004999999888241291 -0.421999990940094 -0.016524000093340874 0.004999999888241291 -0.4699999690055847 -0.015229905024170876 0.004829628858715296 -0.421999990940094 -0.015229905024170876 0.004829628858715296 -0.4699999690055847 -0.014024000614881516 0.0043301270343363285 -0.421999990940094 -0.014024000614881516 0.0043301270343363285 -0.4699999690055847 -0.012988466769456863 0.0035355337895452976 -0.421999990940094 -0.012988466769456863 0.0035355337895452976 -0.4699999690055847 -0.012193873524665833 0.0024999999441206455 -0.421999990940094 -0.012193873524665833 0.0024999999441206455 -0.4699999690055847 -0.011694371700286865 0.00129409518558532 -0.421999990940094 -0.011694371700286865 0.00129409518558532 -0.4699999690055847 -0.011524000205099583 5.329071391703478e-18 -0.421999990940094 -0.011524000205099583 -5.329071391703478e-18 -0.4699999690055847 -0.011694371700286865 -0.00129409518558532 -0.421999990940094 -0.011694371700286865 -0.00129409518558532 -0.4699999690055847 -0.012193873524665833 -0.0024999999441206455 -0.421999990940094 -0.012193873524665833 -0.0024999999441206455 -0.4699999690055847 -0.012988466769456863 -0.0035355337895452976 -0.421999990940094 -0.012988466769456863 -0.0035355337895452976 -0.4699999690055847 -0.014024000614881516 -0.0043301270343363285 -0.421999990940094 -0.014024000614881516 -0.0043301270343363285 -0.4699999690055847 -0.015229905024170876 -0.004829628858715296 -0.421999990940094 -0.015229905024170876 -0.004829628858715296 -0.4699999690055847 -0.016524000093340874 -0.004999999888241291 -0.421999990940094 -0.016524000093340874 -0.004999999888241291 -0.4699999690055847 -0.017818095162510872 -0.004829628858715296 -0.421999990940094 -0.017818095162510872 -0.004829628858715296 -0.4699999690055847 -0.019023999571800232 -0.0043301270343363285 -0.421999990940094 -0.019023999571800232 -0.0043301270343363285 -0.4699999690055847 -0.020059533417224884 -0.0035355337895452976 -0.421999990940094 -0.020059533417224884 -0.0035355337895452976 -0.4699999690055847 -0.020854126662015915 -0.0024999999441206455 -0.421999990940094 -0.020854126662015915 -0.0024999999441206455 -0.4699999690055847 -0.021353628486394882 -0.00129409518558532 -0.421999990940094 -0.021353628486394882 -0.00129409518558532 -0.4699999690055847 -0.02152400091290474 5.329071391703478e-18 -0.421999990940094 -0.02152400091290474 -5.329071391703478e-18 -0.4699999690055847 -0.021353628486394882 0.00129409518558532 -0.421999990940094 -0.021353628486394882 0.00129409518558532 -0.4699999690055847 -0.020854126662015915 0.0024999999441206455 -0.421999990940094 -0.020854126662015915 0.0024999999441206455 -0.4699999690055847 -0.020059533417224884 0.0035355337895452976 -0.421999990940094 -0.020059533417224884 0.0035355337895452976 -0.4699999690055847 -0.019023999571800232 0.0043301270343363285 -0.421999990940094 -0.019023999571800232 0.0043301270343363285 -0.4699999690055847 -0.017818095162510872 0.004829628858715296 -0.421999990940094 -0.017818095162510872 0.004829628858715296</float_array><technique_common><accessor source="#mesh14-array" count="48" stride="3"><param name="X" type="float" /><param name="Y" type="float" /><param name="Z" type="float" /></accessor></technique_common></source><source id="mesh14-normals"><float_array id="mesh14-normals-array" count="276">2.2014497472213593e-16 0.13052630424499512 0.9914448261260986 2.2014497472213593e-16 0.13052630424499512 0.9914448261260986 2.0514249921393517e-16 0.38268330693244934 0.9238796830177307 2.0514249921393517e-16 0.38268330693244934 0.9238796830177307 1.761598110857512e-16 0.6087614893913269 0.793353259563446 1.761598110857512e-16 0.6087614893913269 0.793353259563446 1.3517220440547082e-16 0.793353259563446 0.6087614893913269 1.3517220440547082e-16 0.793353259563446 0.6087614893913269 8.497276369922021e-17 0.9238796830177307 0.38268330693244934 8.497276369922021e-17 0.9238796830177307 0.38268330693244934 2.898266165840438e-17 0.9914448261260986 0.13052630424499512 2.898266165840438e-17 0.9914448261260986 0.13052630424499512 -2.898266165840438e-17 0.9914448261260986 -0.13052630424499512 -2.898266165840438e-17 0.9914448261260986 -0.13052630424499512 -8.497276369922021e-17 0.9238796830177307 -0.38268330693244934 -8.497276369922021e-17 0.9238796830177307 -0.38268330693244934 -1.3517220440547082e-16 0.793353259563446 -0.6087614893913269 -1.3517220440547082e-16 0.793353259563446 -0.6087614893913269 -1.761598110857512e-16 0.6087614893913269 -0.793353259563446 -1.761598110857512e-16 0.6087614893913269 -0.793353259563446 -2.0514249921393517e-16 0.38268330693244934 -0.9238796830177307 -2.0514249921393517e-16 0.38268330693244934 -0.9238796830177307 -2.2014497472213593e-16 0.13052630424499512 -0.9914448261260986 -2.2014497472213593e-16 0.13052630424499512 -0.9914448261260986 -2.2014497472213593e-16 -0.13052630424499512 -0.9914448261260986 -2.2014497472213593e-16 -0.13052630424499512 -0.9914448261260986 -2.0514249921393517e-16 -0.38268330693244934 -0.9238796830177307 -2.0514249921393517e-16 -0.38268330693244934 -0.9238796830177307 -1.761598110857512e-16 -0.6087614893913269 -0.793353259563446 -1.761598110857512e-16 -0.6087614893913269 -0.793353259563446 -1.3517220440547082e-16 -0.793353259563446 -0.6087614893913269 -1.3517220440547082e-16 -0.793353259563446 -0.6087614893913269 -8.497276369922021e-17 -0.9238796830177307 -0.38268330693244934 -8.497276369922021e-17 -0.9238796830177307 -0.38268330693244934 -2.898266165840438e-17 -0.9914448261260986 -0.13052630424499512 -2.898266165840438e-17 -0.9914448261260986 -0.13052630424499512 2.898266165840438e-17 -0.9914448261260986 0.13052630424499512 2.898266165840438e-17 -0.9914448261260986 0.13052630424499512 8.497276369922021e-17 -0.9238796830177307 0.38268330693244934 8.497276369922021e-17 -0.9238796830177307 0.38268330693244934 1.3517220440547082e-16 -0.793353259563446 0.6087614893913269 1.3517220440547082e-16 -0.793353259563446 0.6087614893913269 1.761598110857512e-16 -0.6087614893913269 0.793353259563446 1.761598110857512e-16 -0.6087614893913269 0.793353259563446 1.0 2.220446049250313e-16 4.930380657631324e-32 1.0 2.220446049250313e-16 4.930380657631324e-32 1.0 2.220446049250313e-16 4.930380657631324e-32 1.0 2.220446049250313e-16 4.930380657631324e-32 1.0 2.220446049250313e-16 4.930380657631324e-32 1.0 2.220446049250313e-16 4.930380657631324e-32 1.0 2.220446049250313e-16 4.930380657631324e-32 1.0 2.220446049250313e-16 4.930380657631324e-32 1.0 2.220446049250313e-16 4.930380657631324e-32 1.0 2.220446049250313e-16 4.930380657631324e-32 1.0 2.220446049250313e-16 4.930380657631324e-32 1.0 2.220446049250313e-16 4.930380657631324e-32 1.0 2.220446049250313e-16 4.930380657631324e-32 1.0 2.220446049250313e-16 4.930380657631324e-32 1.0 2.220446049250313e-16 4.930380657631324e-32 1.0 2.220446049250313e-16 4.930380657631324e-32 1.0 2.220446049250313e-16 4.930380657631324e-32 1.0 2.220446049250313e-16 4.930380657631324e-32 1.0 2.220446049250313e-16 4.930380657631324e-32 1.0 2.220446049250313e-16 4.930380657631324e-32 1.0 2.220446049250313e-16 4.930380657631324e-32 1.0 2.220446049250313e-16 4.930380657631324e-32 2.0514249921393517e-16 -0.38268330693244934 0.9238796830177307 2.0514249921393517e-16 -0.38268330693244934 0.9238796830177307 2.2014497472213593e-16 -0.13052630424499512 0.9914448261260986 2.2014497472213593e-16 -0.13052630424499512 0.9914448261260986 -1.0 -2.220446049250313e-16 -4.930380657631324e-32 -1.0 -2.220446049250313e-16 -4.930380657631324e-32 -1.0 -2.220446049250313e-16 -4.930380657631324e-32 -1.0 -2.220446049250313e-16 -4.930380657631324e-32 -1.0 -2.220446049250313e-16 -4.930380657631324e-32 -1.0 -2.220446049250313e-16 -4.930380657631324e-32 -1.0 -2.220446049250313e-16 -4.930380657631324e-32 -1.0 -2.220446049250313e-16 -4.930380657631324e-32 -1.0 -2.220446049250313e-16 -4.930380657631324e-32 -1.0 -2.220446049250313e-16 -4.930380657631324e-32 -1.0 -2.220446049250313e-16 -4.930380657631324e-32 -1.0 -2.220446049250313e-16 -4.930380657631324e-32 -1.0 -2.220446049250313e-16 -4.930380657631324e-32 -1.0 -2.220446049250313e-16 -4.930380657631324e-32 -1.0 -2.220446049250313e-16 -4.930380657631324e-32 -1.0 -2.220446049250313e-16 -4.930380657631324e-32 -1.0 -2.220446049250313e-16 -4.930380657631324e-32 -1.0 -2.220446049250313e-16 -4.930380657631324e-32 -1.0 -2.220446049250313e-16 -4.930380657631324e-32 -1.0 -2.220446049250313e-16 -4.930380657631324e-32 -1.0 -2.220446049250313e-16 -4.930380657631324e-32 -1.0 -2.220446049250313e-16 -4.930380657631324e-32</float_array><technique_common><accessor source="#mesh14-normals-array" count="92" stride="3"><param name="X" type="float" /><param name="Y" type="float" /><param name="Z" type="float" /></accessor></technique_common></source><vertices id="mesh14-vertices"><input semantic="POSITION" source="#mesh14-positions" /></vertices><triangles count="92" material="copper"><input semantic="VERTEX" source="#mesh14-vertices" offset="0" /><input semantic="NORMAL" source="#mesh14-normals" offset="1" /><p>0 0 1 0 3 0 0 1 3 1 2 1 2 2 3 2 5 2 2 3 5 3 4 3 4 4 5 4 7 4 4 5 7 5 6 5 6 6 7 6 9 6 6 7 9 7 8 7 8 8 9 8 11 8 8 9 11 9 10 9 10 10 11 10 13 10 10 11 13 11 12 11 12 12 13 12 15 12 12 13 15 13 14 13 14 14 15 14 17 14 14 15 17 15 16 15 16 16 17 16 19 16 16 17 19 17 18 17 18 18 19 18 21 18 18 19 21 19 20 19 20 20 21 20 23 20 20 21 23 21 22 21 22 22 23 22 25 22 22 23 25 23 24 23 24 24 25 24 27 24 24 25 27 25 26 25 26 26 27 26 29 26 26 27 29 27 28 27 28 28 29 28 31 28 28 29 31 29 30 29 30 30 31 30 33 30 30 31 33 31 32 31 32 32 33 32 35 32 32 33 35 33 34 33 34 34 35 34 37 34 34 35 37 35 36 35 36 36 37 36 39 36 36 37 39 37 38 37 38 38 39 38 41 38 38 39 41 39 40 39 40 40 41 40 43 40 40 41 43 41 42 41 42 42 43 42 45 42 42 43 45 43 44 43 5 44 3 44 1 44 1 45 47 45 45 45 45 46 43 46 41 46 41 47 39 47 37 47 37 48 35 48 33 48 33 49 31 49 29 49 29 50 27 50 25 50 25 51 23 51 21 51 21 52 19 52 17 52 17 53 15 53 13 53 13 54 11 54 9 54 9 55 7 55 5 55 5 56 1 56 45 56 45 57 41 57 37 57 37 58 33 58 29 58 29 59 25 59 21 59 21 60 17 60 13 60 13 61 9 61 5 61 5 62 45 62 37 62 37 63 29 63 21 63 21 64 13 64 5 64 37 65 21 65 5 65 44 66 45 66 47 66 44 67 47 67 46 67 46 68 47 68 1 68 46 69 1 69 0 69 46 70 0 70 2 70 2 71 4 71 6 71 6 72 8 72 10 72 10 73 12 73 14 73 14 74 16 74 18 74 18 75 20 75 22 75 22 76 24 76 26 76 26 77 28 77 30 77 30 78 32 78 34 78 34 79 36 79 38 79 38 80 40 80 42 80 42 81 44 81 46 81 46 82 2 82 6 82 6 83 10 83 14 83 14 84 18 84 22 84 22 85 26 85 30 85 30 86 34 86 38 86 38 87 42 87 46 87 46 88 6 88 14 88 14 89 22 89 30 89 30 90 38 90 46 90 14 91 30 91 46 91</p></triangles></mesh></geometry><geometry id="mesh15"><mesh><source id="mesh15-positions"><float_array id="mesh15-array" count="144">-0.4699999690055847 0.016524000093340874 0.004999999888241291 -0.421999990940094 0.016524000093340874 0.004999999888241291 -0.4699999690055847 0.017818095162510872 0.004829628858715296 -0.421999990940094 0.017818095162510872 0.004829628858715296 -0.4699999690055847 0.019023999571800232 0.0043301270343363285 -0.421999990940094 0.019023999571800232 0.0043301270343363285 -0.4699999690055847 0.020059533417224884 0.0035355337895452976 -0.421999990940094 0.020059533417224884 0.0035355337895452976 -0.4699999690055847 0.020854126662015915 0.0024999999441206455 -0.421999990940094 0.020854126662015915 0.0024999999441206455 -0.4699999690055847 0.021353628486394882 0.00129409518558532 -0.421999990940094 0.021353628486394882 0.00129409518558532 -0.4699999690055847 0.02152400091290474 5.329071391703478e-18 -0.421999990940094 0.02152400091290474 -5.329071391703478e-18 -0.4699999690055847 0.021353628486394882 -0.00129409518558532 -0.421999990940094 0.021353628486394882 -0.00129409518558532 -0.4699999690055847 0.020854126662015915 -0.0024999999441206455 -0.421999990940094 0.020854126662015915 -0.0024999999441206455 -0.4699999690055847 0.020059533417224884 -0.0035355337895452976 -0.421999990940094 0.020059533417224884 -0.0035355337895452976 -0.4699999690055847 0.019023999571800232 -0.0043301270343363285 -0.421999990940094 0.019023999571800232 -0.0043301270343363285 -0.4699999690055847 0.017818095162510872 -0.004829628858715296 -0.421999990940094 0.017818095162510872 -0.004829628858715296 -0.4699999690055847 0.016524000093340874 -0.004999999888241291 -0.421999990940094 0.016524000093340874 -0.004999999888241291 -0.4699999690055847 0.015229905024170876 -0.004829628858715296 -0.421999990940094 0.015229905024170876 -0.004829628858715296 -0.4699999690055847 0.014024000614881516 -0.0043301270343363285 -0.421999990940094 0.014024000614881516 -0.0043301270343363285 -0.4699999690055847 0.012988466769456863 -0.0035355337895452976 -0.421999990940094 0.012988466769456863 -0.0035355337895452976 -0.4699999690055847 0.012193873524665833 -0.0024999999441206455 -0.421999990940094 0.012193873524665833 -0.0024999999441206455 -0.4699999690055847 0.011694371700286865 -0.00129409518558532 -0.421999990940094 0.011694371700286865 -0.00129409518558532 -0.4699999690055847 0.011524000205099583 5.329071391703478e-18 -0.421999990940094 0.011524000205099583 -5.329071391703478e-18 -0.4699999690055847 0.011694371700286865 0.00129409518558532 -0.421999990940094 0.011694371700286865 0.00129409518558532 -0.4699999690055847 0.012193873524665833 0.0024999999441206455 -0.421999990940094 0.012193873524665833 0.0024999999441206455 -0.4699999690055847 0.012988466769456863 0.0035355337895452976 -0.421999990940094 0.012988466769456863 0.0035355337895452976 -0.4699999690055847 0.014024000614881516 0.0043301270343363285 -0.421999990940094 0.014024000614881516 0.0043301270343363285 -0.4699999690055847 0.015229905024170876 0.004829628858715296 -0.421999990940094 0.015229905024170876 0.004829628858715296</float_array><technique_common><accessor source="#mesh15-array" count="48" stride="3"><param name="X" type="float" /><param name="Y" type="float" /><param name="Z" type="float" /></accessor></technique_common></source><source id="mesh15-normals"><float_array id="mesh15-normals-array" count="276">2.2014497472213593e-16 0.13052630424499512 0.9914448261260986 2.2014497472213593e-16 0.13052630424499512 0.9914448261260986 2.0514249921393517e-16 0.38268330693244934 0.9238796830177307 2.0514249921393517e-16 0.38268330693244934 0.9238796830177307 1.761598110857512e-16 0.6087614893913269 0.793353259563446 1.761598110857512e-16 0.6087614893913269 0.793353259563446 1.3517220440547082e-16 0.793353259563446 0.6087614893913269 1.3517220440547082e-16 0.793353259563446 0.6087614893913269 8.497276369922021e-17 0.9238796830177307 0.38268330693244934 8.497276369922021e-17 0.9238796830177307 0.38268330693244934 2.898266165840438e-17 0.9914448261260986 0.13052630424499512 2.898266165840438e-17 0.9914448261260986 0.13052630424499512 -2.898266165840438e-17 0.9914448261260986 -0.13052630424499512 -2.898266165840438e-17 0.9914448261260986 -0.13052630424499512 -8.497276369922021e-17 0.9238796830177307 -0.38268330693244934 -8.497276369922021e-17 0.9238796830177307 -0.38268330693244934 -1.3517220440547082e-16 0.793353259563446 -0.6087614893913269 -1.3517220440547082e-16 0.793353259563446 -0.6087614893913269 -1.761598110857512e-16 0.6087614893913269 -0.793353259563446 -1.761598110857512e-16 0.6087614893913269 -0.793353259563446 -2.0514249921393517e-16 0.38268330693244934 -0.9238796830177307 -2.0514249921393517e-16 0.38268330693244934 -0.9238796830177307 -2.2014497472213593e-16 0.13052630424499512 -0.9914448261260986 -2.2014497472213593e-16 0.13052630424499512 -0.9914448261260986 -2.2014497472213593e-16 -0.13052630424499512 -0.9914448261260986 -2.2014497472213593e-16 -0.13052630424499512 -0.9914448261260986 -2.0514249921393517e-16 -0.38268330693244934 -0.9238796830177307 -2.0514249921393517e-16 -0.38268330693244934 -0.9238796830177307 -1.761598110857512e-16 -0.6087614893913269 -0.793353259563446 -1.761598110857512e-16 -0.6087614893913269 -0.793353259563446 -1.3517220440547082e-16 -0.793353259563446 -0.6087614893913269 -1.3517220440547082e-16 -0.793353259563446 -0.6087614893913269 -8.497276369922021e-17 -0.9238796830177307 -0.38268330693244934 -8.497276369922021e-17 -0.9238796830177307 -0.38268330693244934 -2.898266165840438e-17 -0.9914448261260986 -0.13052630424499512 -2.898266165840438e-17 -0.9914448261260986 -0.13052630424499512 2.898266165840438e-17 -0.9914448261260986 0.13052630424499512 2.898266165840438e-17 -0.9914448261260986 0.13052630424499512 8.497276369922021e-17 -0.9238796830177307 0.38268330693244934 8.497276369922021e-17 -0.9238796830177307 0.38268330693244934 1.3517220440547082e-16 -0.793353259563446 0.6087614893913269 1.3517220440547082e-16 -0.793353259563446 0.6087614893913269 1.761598110857512e-16 -0.6087614893913269 0.793353259563446 1.761598110857512e-16 -0.6087614893913269 0.793353259563446 1.0 2.220446049250313e-16 4.930380657631324e-32 1.0 2.220446049250313e-16 4.930380657631324e-32 1.0 2.220446049250313e-16 4.930380657631324e-32 1.0 2.220446049250313e-16 4.930380657631324e-32 1.0 2.220446049250313e-16 4.930380657631324e-32 1.0 2.220446049250313e-16 4.930380657631324e-32 1.0 2.220446049250313e-16 4.930380657631324e-32 1.0 2.220446049250313e-16 4.930380657631324e-32 1.0 2.220446049250313e-16 4.930380657631324e-32 1.0 2.220446049250313e-16 4.930380657631324e-32 1.0 2.220446049250313e-16 4.930380657631324e-32 1.0 2.220446049250313e-16 4.930380657631324e-32 1.0 2.220446049250313e-16 4.930380657631324e-32 1.0 2.220446049250313e-16 4.930380657631324e-32 1.0 2.220446049250313e-16 4.930380657631324e-32 1.0 2.220446049250313e-16 4.930380657631324e-32 1.0 2.220446049250313e-16 4.930380657631324e-32 1.0 2.220446049250313e-16 4.930380657631324e-32 1.0 2.220446049250313e-16 4.930380657631324e-32 1.0 2.220446049250313e-16 4.930380657631324e-32 1.0 2.220446049250313e-16 4.930380657631324e-32 1.0 2.220446049250313e-16 4.930380657631324e-32 2.0514249921393517e-16 -0.38268330693244934 0.9238796830177307 2.0514249921393517e-16 -0.38268330693244934 0.9238796830177307 2.2014497472213593e-16 -0.13052630424499512 0.9914448261260986 2.2014497472213593e-16 -0.13052630424499512 0.9914448261260986 -1.0 -2.220446049250313e-16 -4.930380657631324e-32 -1.0 -2.220446049250313e-16 -4.930380657631324e-32 -1.0 -2.220446049250313e-16 -4.930380657631324e-32 -1.0 -2.220446049250313e-16 -4.930380657631324e-32 -1.0 -2.220446049250313e-16 -4.930380657631324e-32 -1.0 -2.220446049250313e-16 -4.930380657631324e-32 -1.0 -2.220446049250313e-16 -4.930380657631324e-32 -1.0 -2.220446049250313e-16 -4.930380657631324e-32 -1.0 -2.220446049250313e-16 -4.930380657631324e-32 -1.0 -2.220446049250313e-16 -4.930380657631324e-32 -1.0 -2.220446049250313e-16 -4.930380657631324e-32 -1.0 -2.220446049250313e-16 -4.930380657631324e-32 -1.0 -2.220446049250313e-16 -4.930380657631324e-32 -1.0 -2.220446049250313e-16 -4.930380657631324e-32 -1.0 -2.220446049250313e-16 -4.930380657631324e-32 -1.0 -2.220446049250313e-16 -4.930380657631324e-32 -1.0 -2.220446049250313e-16 -4.930380657631324e-32 -1.0 -2.220446049250313e-16 -4.930380657631324e-32 -1.0 -2.220446049250313e-16 -4.930380657631324e-32 -1.0 -2.220446049250313e-16 -4.930380657631324e-32 -1.0 -2.220446049250313e-16 -4.930380657631324e-32 -1.0 -2.220446049250313e-16 -4.930380657631324e-32</float_array><technique_common><accessor source="#mesh15-normals-array" count="92" stride="3"><param name="X" type="float" /><param name="Y" type="float" /><param name="Z" type="float" /></accessor></technique_common></source><vertices id="mesh15-vertices"><input semantic="POSITION" source="#mesh15-positions" /></vertices><triangles count="92" material="copper"><input semantic="VERTEX" source="#mesh15-vertices" offset="0" /><input semantic="NORMAL" source="#mesh15-normals" offset="1" /><p>0 0 1 0 3 0 0 1 3 1 2 1 2 2 3 2 5 2 2 3 5 3 4 3 4 4 5 4 7 4 4 5 7 5 6 5 6 6 7 6 9 6 6 7 9 7 8 7 8 8 9 8 11 8 8 9 11 9 10 9 10 10 11 10 13 10 10 11 13 11 12 11 12 12 13 12 15 12 12 13 15 13 14 13 14 14 15 14 17 14 14 15 17 15 16 15 16 16 17 16 19 16 16 17 19 17 18 17 18 18 19 18 21 18 18 19 21 19 20 19 20 20 21 20 23 20 20 21 23 21 22 21 22 22 23 22 25 22 22 23 25 23 24 23 24 24 25 24 27 24 24 25 27 25 26 25 26 26 27 26 29 26 26 27 29 27 28 27 28 28 29 28 31 28 28 29 31 29 30 29 30 30 31 30 33 30 30 31 33 31 32 31 32 32 33 32 35 32 32 33 35 33 34 33 34 34 35 34 37 34 34 35 37 35 36 35 36 36 37 36 39 36 36 37 39 37 38 37 38 38 39 38 41 38 38 39 41 39 40 39 40 40 41 40 43 40 40 41 43 41 42 41 42 42 43 42 45 42 42 43 45 43 44 43 5 44 3 44 1 44 1 45 47 45 45 45 45 46 43 46 41 46 41 47 39 47 37 47 37 48 35 48 33 48 33 49 31 49 29 49 29 50 27 50 25 50 25 51 23 51 21 51 21 52 19 52 17 52 17 53 15 53 13 53 13 54 11 54 9 54 9 55 7 55 5 55 5 56 1 56 45 56 45 57 41 57 37 57 37 58 33 58 29 58 29 59 25 59 21 59 21 60 17 60 13 60 13 61 9 61 5 61 5 62 45 62 37 62 37 63 29 63 21 63 21 64 13 64 5 64 37 65 21 65 5 65 44 66 45 66 47 66 44 67 47 67 46 67 46 68 47 68 1 68 46 69 1 69 0 69 46 70 0 70 2 70 2 71 4 71 6 71 6 72 8 72 10 72 10 73 12 73 14 73 14 74 16 74 18 74 18 75 20 75 22 75 22 76 24 76 26 76 26 77 28 77 30 77 30 78 32 78 34 78 34 79 36 79 38 79 38 80 40 80 42 80 42 81 44 81 46 81 46 82 2 82 6 82 6 83 10 83 14 83 14 84 18 84 22 84 22 85 26 85 30 85 30 86 34 86 38 86 38 87 42 87 46 87 46 88 6 88 14 88 14 89 22 89 30 89 30 90 38 90 46 90 14 91 30 91 46 91</p></triangles></mesh></geometry></library_geometries><library_visual_scenes><visual_scene id="Scene"><node id="mesh0-node"><instance_geometry url="#mesh0"><bind_material><technique_common><instance_material symbol="copper" target="#copper" /></technique_common></bind_material></instance_geometry></node><node id="mesh1-node"><instance_geometry url="#mesh1"><bind_material><technique_common><instance_material symbol="copper" target="#copper" /></technique_common></bind_material></instance_geometry></node><node id="mesh2-node"><instance_geometry url="#mesh2"><bind_material><technique_common><instance_material symbol="copper" target="#copper" /></technique_common></bind_material></instance_geometry></node><node id="mesh3-node"><instance_geometry url="#mesh3"><bind_material><technique_common><instance_material symbol="copper" target="#copper" /></technique_common></bind_material></instance_geometry></node><node id="mesh4-node"><instance_geometry url="#mesh4"><bind_material><technique_common><instance_material symbol="copper" target="#copper" /></technique_common></bind_material></instance_geometry></node><node id="mesh5-node"><instance_geometry url="#mesh5"><bind_material><technique_common><instance_material symbol="copper" target="#copper" /></technique_common></bind_material></instance_geometry></node><node id="mesh6-node"><instance_geometry url="#mesh6"><bind_material><technique_common><instance_material symbol="copper" target="#copper" /></technique_common></bind_material></instance_geometry></node><node id="mesh7-node"><instance_geometry url="#mesh7"><bind_material><technique_common><instance_material symbol="copper" target="#copper" /></technique_common></bind_material></instance_geometry></node><node id="mesh8-node"><instance_geometry url="#mesh8"><bind_material><technique_common><instance_material symbol="copper" target="#copper" /></technique_common></bind_material></instance_geometry></node><node id="mesh9-node"><instance_geometry url="#mesh9"><bind_material><technique_common><instance_material symbol="copper" target="#copper" /></technique_common></bind_material></instance_geometry></node><node id="mesh10-node"><instance_geometry url="#mesh10"><bind_material><technique_common><instance_material symbol="copper" target="#copper" /></technique_common></bind_material></instance_geometry></node><node id="mesh11-node"><instance_geometry url="#mesh11"><bind_material><technique_common><instance_material symbol="copper" target="#copper" /></technique_common></bind_material></instance_geometry></node><node id="mesh12-node"><instance_geometry url="#mesh12"><bind_material><technique_common><instance_material symbol="copper" target="#copper" /></technique_common></bind_material></instance_geometry></node><node id="mesh13-node"><instance_geometry url="#mesh13"><bind_material><technique_common><instance_material symbol="copper" target="#copper" /></technique_common></bind_material></instance_geometry></node><node id="mesh14-node"><instance_geometry url="#mesh14"><bind_material><technique_common><instance_material symbol="copper" target="#copper" /></technique_common></bind_material></instance_geometry></node><node id="mesh15-node"><instance_geometry url="#mesh15"><bind_material><technique_common><instance_material symbol="copper" target="#copper" /></technique_common></bind_material></instance_geometry></node></visual_scene></library_visual_scenes><scene><instance_visual_scene url="#Scene" /></scene></COLLADA>