<?xml version='1.0' encoding='utf-8'?>
<COLLADA xmlns="http://www.collada.org/2005/11/COLLADASchema" version="1.4.1"><asset><unit name="meter" meter="1" /><up_axis>Z_UP</up_axis></asset><library_effects><effect id="graphite-fx"><profile_COMMON><technique sid="common"><phong><emission><color>0 0 0 1</color></emission><ambient><color>0.065 0.075 0.085 1</color></ambient><diffuse><color>0.065 0.075 0.085 1</color></diffuse><specular><color>0.12 0.12 0.12 1</color></specular><shininess><float>25</float></shininess></phong></technique></profile_COMMON></effect><effect id="titanium-fx"><profile_COMMON><technique sid="common"><phong><emission><color>0 0 0 1</color></emission><ambient><color>0.36 0.4 0.43 1</color></ambient><diffuse><color>0.36 0.4 0.43 1</color></diffuse><specular><color>0.12 0.12 0.12 1</color></specular><shininess><float>25</float></shininess></phong></technique></profile_COMMON></effect><effect id="ivory-fx"><profile_COMMON><technique sid="common"><phong><emission><color>0 0 0 1</color></emission><ambient><color>0.72 0.72 0.65 1</color></ambient><diffuse><color>0.72 0.72 0.65 1</color></diffuse><specular><color>0.12 0.12 0.12 1</color></specular><shininess><float>25</float></shininess></phong></technique></profile_COMMON></effect><effect id="copper-fx"><profile_COMMON><technique sid="common"><phong><emission><color>0 0 0 1</color></emission><ambient><color>0.66 0.29 0.08 1</color></ambient><diffuse><color>0.66 0.29 0.08 1</color></diffuse><specular><color>0.12 0.12 0.12 1</color></specular><shininess><float>25</float></shininess></phong></technique></profile_COMMON></effect><effect id="rubber-fx"><profile_COMMON><technique sid="common"><phong><emission><color>0 0 0 1</color></emission><ambient><color>0.025 0.028 0.032 1</color></ambient><diffuse><color>0.025 0.028 0.032 1</color></diffuse><specular><color>0.12 0.12 0.12 1</color></specular><shininess><float>25</float></shininess></phong></technique></profile_COMMON></effect><effect id="lens-fx"><profile_COMMON><technique sid="common"><phong><emission><color>0 0 0 1</color></emission><ambient><color>0.05 0.26 0.33 1</color></ambient><diffuse><color>0.05 0.26 0.33 1</color></diffuse><specular><color>0.12 0.12 0.12 1</color></specular><shininess><float>25</float></shininess></phong></technique></profile_COMMON></effect></library_effects><library_materials><material id="graphite"><instance_effect url="#graphite-fx" /></material><material id="titanium"><instance_effect url="#titanium-fx" /></material><material id="ivory"><instance_effect url="#ivory-fx" /></material><material id="copper"><instance_effect url="#copper-fx" /></material><material id="rubber"><instance_effect url="#rubber-fx" /></material><material id="lens"><instance_effect url="#lens-fx" /></material></library_materials><library_geometries><geometry id="mesh0"><mesh><source id="mesh0-positions"><float_array id="mesh0-array" count="144">-5.888837417700188e-09 -0.04750001057982445 0.0390000119805336 -5.888837417700188e-09 0.04750000312924385 0.038999997079372406 -0.010093951597809792 -0.04750001057982445 0.03767111524939537 -0.010093951597809792 0.04750000312924385 0.037671104073524475 -0.0195000097155571 -0.04750001057982445 0.03377499803900719 -0.0195000097155571 0.04750000312924385 0.03377498313784599 -0.027577174827456474 -0.04750001057982445 0.027577169239521027 -0.027577174827456474 0.04750000312924385 0.027577156201004982 -0.033775001764297485 -0.04750001057982445 0.01950000412762165 -0.033775001764297485 0.04750000312924385 0.019499991089105606 -0.03767111524939537 -0.04750000685453415 0.01009394507855177 -0.03767111524939537 0.04750000685453415 0.010093932040035725 -0.0390000082552433 -0.04750000685453415 4.932081409947386e-10 -0.0390000082552433 0.04750000685453415 -1.2270882976395114e-08 -0.03767111524939537 -0.04750000685453415 -0.01009394321590662 -0.03767111524939537 0.04750000685453415 -0.010093956254422665 -0.03377499431371689 -0.04750000312924385 -0.019500000402331352 -0.03377499431371689 0.04750001057982445 -0.019500013440847397 -0.027577167376875877 -0.04750000312924385 -0.027577165514230728 -0.027577167376875877 0.04750001057982445 -0.027577178552746773 -0.019499998539686203 -0.04750000312924385 -0.03377499058842659 -0.019499998539686203 0.04750001057982445 -0.033775005489587784 -0.010093940421938896 -0.04750000312924385 -0.037671107798814774 -0.010093940421938896 0.04750001057982445 -0.03767111897468567 5.888837417700188e-09 -0.04750000312924385 -0.038999997079372406 5.888837417700188e-09 0.04750001057982445 -0.0390000119805336 0.010093951597809792 -0.04750000312924385 -0.037671104073524475 0.010093951597809792 0.04750001057982445 -0.03767111524939537 0.0195000097155571 -0.04750000312924385 -0.03377498313784599 0.0195000097155571 0.04750001057982445 -0.03377499803900719 0.027577174827456474 -0.04750000312924385 -0.027577156201004982 0.027577174827456474 0.04750001057982445 -0.027577169239521027 0.033775001764297485 -0.04750000312924385 -0.019499991089105606 0.033775001764297485 0.04750001057982445 -0.01950000412762165 0.03767111524939537 -0.04750000685453415 -0.010093932040035725 0.03767111524939537 0.04750000685453415 -0.01009394507855177 0.0390000082552433 -0.04750000685453415 1.2270882976395114e-08 0.0390000082552433 0.04750000685453415 -4.932081409947386e-10 0.03767111524939537 -0.04750000685453415 0.010093956254422665 0.03767111524939537 0.04750000685453415 0.01009394321590662 0.03377499431371689 -0.04750001057982445 0.019500013440847397 0.03377499431371689 0.04750000312924385 0.019500000402331352 0.027577167376875877 -0.04750001057982445 0.027577178552746773 0.027577167376875877 0.04750000312924385 0.027577165514230728 0.019499998539686203 -0.04750001057982445 0.033775005489587784 0.019499998539686203 0.04750000312924385 0.03377499058842659 0.010093940421938896 -0.04750001057982445 0.03767111897468567 0.010093940421938896 0.04750000312924385 0.037671107798814774</float_array><technique_common><accessor source="#mesh0-array" count="48" stride="3"><param name="X" type="float" /><param name="Y" type="float" /><param name="Z" type="float" /></accessor></technique_common></source><source id="mesh0-normals"><float_array id="mesh0-normals-array" count="276">-0.1305263489484787 1.3320936886884738e-07 0.9914448857307434 -0.1305263489484787 1.3320936886884738e-07 0.9914448857307434 -0.3826836347579956 1.2413136118993862e-07 0.9238795042037964 -0.3826836347579956 1.2413136118993862e-07 0.9238795042037964 -0.6087616086006165 1.0659401539214741e-07 0.7933531999588013 -0.6087616086006165 1.0659401539214741e-07 0.7933531999588013 -0.7933533787727356 8.179247856787697e-08 0.6087614297866821 -0.7933533787727356 8.179247856787697e-08 0.6087614297866821 -0.9238796234130859 5.1416897406397766e-08 0.3826833963394165 -0.9238796234130859 5.1416897406397766e-08 0.3826833963394165 -0.9914448857307434 1.753733158693649e-08 0.1305260807275772 -0.9914448857307434 1.753733158693649e-08 0.1305260807275772 -0.9914448857307434 -1.7537370666786956e-08 -0.1305263787508011 -0.9914448857307434 -1.7537370666786956e-08 -0.1305263787508011 -0.9238795042037964 -5.1416932933534554e-08 -0.3826836943626404 -0.9238795042037964 -5.1416932933534554e-08 -0.3826836943626404 -0.7933531403541565 -8.17925069895864e-08 -0.6087616682052612 -0.7933531403541565 -8.17925069895864e-08 -0.6087616682052612 -0.6087613701820374 -1.0659404381385684e-07 -0.7933534383773804 -0.6087613701820374 -1.0659404381385684e-07 -0.7933534383773804 -0.38268333673477173 -1.2413138961164805e-07 -0.9238796234130859 -0.38268333673477173 -1.2413138961164805e-07 -0.9238796234130859 -0.13052605092525482 -1.3320936886884738e-07 -0.9914448857307434 -0.13052605092525482 -1.3320936886884738e-07 -0.9914448857307434 0.1305263489484787 -1.3320936886884738e-07 -0.9914448857307434 0.1305263489484787 -1.3320936886884738e-07 -0.9914448857307434 0.3826836347579956 -1.2413136118993862e-07 -0.9238795042037964 0.3826836347579956 -1.2413136118993862e-07 -0.9238795042037964 0.6087616086006165 -1.0659401539214741e-07 -0.7933531999588013 0.6087616086006165 -1.0659401539214741e-07 -0.7933531999588013 0.7933533787727356 -8.179247856787697e-08 -0.6087614297866821 0.7933533787727356 -8.179247856787697e-08 -0.6087614297866821 0.9238796234130859 -5.1416897406397766e-08 -0.3826833963394165 0.9238796234130859 -5.1416897406397766e-08 -0.3826833963394165 0.9914448857307434 -1.753733158693649e-08 -0.1305260807275772 0.9914448857307434 -1.753733158693649e-08 -0.1305260807275772 0.9914448857307434 1.7537370666786956e-08 0.1305263787508011 0.9914448857307434 1.7537370666786956e-08 0.1305263787508011 0.9238795042037964 5.1416932933534554e-08 0.3826836943626404 0.9238795042037964 5.1416932933534554e-08 0.3826836943626404 0.7933531403541565 8.17925069895864e-08 0.6087616682052612 0.7933531403541565 8.17925069895864e-08 0.6087616682052612 0.6087613701820374 1.0659404381385684e-07 0.7933534383773804 0.6087613701820374 1.0659404381385684e-07 0.7933534383773804 -2.028761815660307e-14 1.0 1.343588280633412e-07 -2.028761815660307e-14 1.0 1.343588280633412e-07 -2.028761815660307e-14 1.0 1.343588280633412e-07 -2.028761815660307e-14 1.0 1.343588280633412e-07 -2.028761815660307e-14 1.0 1.343588280633412e-07 -2.028761815660307e-14 1.0 1.343588280633412e-07 -2.028761815660307e-14 1.0 1.343588280633412e-07 -2.028761815660307e-14 1.0 1.343588280633412e-07 -2.028761815660307e-14 1.0 1.343588280633412e-07 -2.028761815660307e-14 1.0 1.343588280633412e-07 -2.028761815660307e-14 1.0 1.343588280633412e-07 -2.028761815660307e-14 1.0 1.343588280633412e-07 -2.028761815660307e-14 1.0 1.343588280633412e-07 -2.0287619850668966e-14 1.0 1.343588280633412e-07 -2.0287619850668966e-14 1.0 1.343588280633412e-07 -2.028761815660307e-14 1.0 1.343588280633412e-07 -2.0287619850668966e-14 1.0 1.343588280633412e-07 -2.0287619850668966e-14 1.0 1.343588280633412e-07 -2.028761815660307e-14 1.0 1.343588280633412e-07 -2.028761815660307e-14 1.0 1.343588280633412e-07 -2.028761815660307e-14 1.0 1.343588280633412e-07 -2.028761815660307e-14 1.0 1.343588280633412e-07 0.38268333673477173 1.2413138961164805e-07 0.9238796234130859 0.38268333673477173 1.2413138961164805e-07 0.9238796234130859 0.13052605092525482 1.3320936886884738e-07 0.9914448857307434 0.13052605092525482 1.3320936886884738e-07 0.9914448857307434 2.0287619850668966e-14 -1.0 -1.343588280633412e-07 2.028761815660307e-14 -1.0 -1.343588280633412e-07 2.028761815660307e-14 -1.0 -1.343588280633412e-07 2.0287619850668966e-14 -1.0 -1.343588280633412e-07 2.028761815660307e-14 -1.0 -1.343588280633412e-07 2.028761815660307e-14 -1.0 -1.343588280633412e-07 2.0287619850668966e-14 -1.0 -1.343588280633412e-07 2.028761815660307e-14 -1.0 -1.343588280633412e-07 2.028761815660307e-14 -1.0 -1.343588280633412e-07 2.0287619850668966e-14 -1.0 -1.343588280633412e-07 2.028761815660307e-14 -1.0 -1.343588280633412e-07 2.028761815660307e-14 -1.0 -1.343588280633412e-07 2.028761815660307e-14 -1.0 -1.343588280633412e-07 2.028761815660307e-14 -1.0 -1.343588280633412e-07 2.028761815660307e-14 -1.0 -1.343588280633412e-07 2.028761815660307e-14 -1.0 -1.343588280633412e-07 2.028761815660307e-14 -1.0 -1.343588280633412e-07 2.028761815660307e-14 -1.0 -1.343588280633412e-07 2.028761815660307e-14 -1.0 -1.343588280633412e-07 2.028761815660307e-14 -1.0 -1.343588280633412e-07 2.028761815660307e-14 -1.0 -1.343588280633412e-07 2.028761815660307e-14 -1.0 -1.343588280633412e-07</float_array><technique_common><accessor source="#mesh0-normals-array" count="92" stride="3"><param name="X" type="float" /><param name="Y" type="float" /><param name="Z" type="float" /></accessor></technique_common></source><vertices id="mesh0-vertices"><input semantic="POSITION" source="#mesh0-positions" /></vertices><triangles count="92" material="graphite"><input semantic="VERTEX" source="#mesh0-vertices" offset="0" /><input semantic="NORMAL" source="#mesh0-normals" offset="1" /><p>0 0 1 0 3 0 0 1 3 1 2 1 2 2 3 2 5 2 2 3 5 3 4 3 4 4 5 4 7 4 4 5 7 5 6 5 6 6 7 6 9 6 6 7 9 7 8 7 8 8 9 8 11 8 8 9 11 9 10 9 10 10 11 10 13 10 10 11 13 11 12 11 12 12 13 12 15 12 12 13 15 13 14 13 14 14 15 14 17 14 14 15 17 15 16 15 16 16 17 16 19 16 16 17 19 17 18 17 18 18 19 18 21 18 18 19 21 19 20 19 20 20 21 20 23 20 20 21 23 21 22 21 22 22 23 22 25 22 22 23 25 23 24 23 24 24 25 24 27 24 24 25 27 25 26 25 26 26 27 26 29 26 26 27 29 27 28 27 28 28 29 28 31 28 28 29 31 29 30 29 30 30 31 30 33 30 30 31 33 31 32 31 32 32 33 32 35 32 32 33 35 33 34 33 34 34 35 34 37 34 34 35 37 35 36 35 36 36 37 36 39 36 36 37 39 37 38 37 38 38 39 38 41 38 38 39 41 39 40 39 40 40 41 40 43 40 40 41 43 41 42 41 42 42 43 42 45 42 42 43 45 43 44 43 5 44 3 44 1 44 1 45 47 45 45 45 45 46 43 46 41 46 41 47 39 47 37 47 37 48 35 48 33 48 33 49 31 49 29 49 29 50 27 50 25 50 25 51 23 51 21 51 21 52 19 52 17 52 17 53 15 53 13 53 13 54 11 54 9 54 9 55 7 55 5 55 5 56 1 56 45 56 45 57 41 57 37 57 37 58 33 58 29 58 29 59 25 59 21 59 21 60 17 60 13 60 13 61 9 61 5 61 5 62 45 62 37 62 37 63 29 63 21 63 21 64 13 64 5 64 37 65 21 65 5 65 44 66 45 66 47 66 44 67 47 67 46 67 46 68 47 68 1 68 46 69 1 69 0 69 46 70 0 70 2 70 2 71 4 71 6 71 6 72 8 72 10 72 10 73 12 73 14 73 14 74 16 74 18 74 18 75 20 75 22 75 22 76 24 76 26 76 26 77 28 77 30 77 30 78 32 78 34 78 34 79 36 79 38 79 38 80 40 80 42 80 42 81 44 81 46 81 46 82 2 82 6 82 6 83 10 83 14 83 14 84 18 84 22 84 22 85 26 85 30 85 30 86 34 86 38 86 38 87 42 87 46 87 46 88 6 88 14 88 14 89 22 89 30 89 30 90 38 90 46 90 14 91 30 91 46 91</p></triangles></mesh></geometry><geometry id="mesh1"><mesh><source id="mesh1-positions"><float_array id="mesh1-array" count="144">-5.005511560796094e-09 -0.05750000476837158 0.03315000236034393 -5.005511560796094e-09 -0.045500002801418304 0.03315000236034393 -0.008579857647418976 -0.05750000476837158 0.0320204421877861 -0.008579857647418976 -0.045500002801418304 0.032020438462495804 -0.016575006768107414 -0.05750000476837158 0.028708742931485176 -0.016575006768107414 -0.045500002801418304 0.028708741068840027 -0.02344059757888317 -0.05750000476837158 0.023440590128302574 -0.02344059757888317 -0.045500002801418304 0.023440588265657425 -0.028708750382065773 -0.05750000476837158 0.016574997454881668 -0.028708750382065773 -0.045499999076128006 0.01657499559223652 -0.0320204459130764 -0.05750000476837158 0.00857984833419323 -0.0320204459130764 -0.045499999076128006 0.00857984647154808 -0.03315000608563423 -0.057500001043081284 -4.199358194512115e-09 -0.03315000608563423 -0.045499999076128006 -5.8116649270800735e-09 -0.0320204459130764 -0.057500001043081284 -0.008579855784773827 -0.0320204459130764 -0.04549999535083771 -0.008579857647418976 -0.028708746656775475 -0.057500001043081284 -0.016575004905462265 -0.028708746656775475 -0.04549999535083771 -0.016575006768107414 -0.023440590128302574 -0.057499997317790985 -0.023440593853592873 -0.023440590128302574 -0.04549999535083771 -0.023440595716238022 -0.016574999317526817 -0.057499997317790985 -0.028708746656775475 -0.016574999317526817 -0.04549999535083771 -0.028708748519420624 -0.00857984833419323 -0.057499997317790985 -0.0320204421877861 -0.00857984833419323 -0.04549999535083771 -0.0320204459130764 5.005511560796094e-09 -0.057499997317790985 -0.03315000236034393 5.005511560796094e-09 -0.04549999535083771 -0.03315000236034393 0.008579857647418976 -0.057499997317790985 -0.032020438462495804 0.008579857647418976 -0.04549999535083771 -0.0320204421877861 0.016575006768107414 -0.057499997317790985 -0.028708741068840027 0.016575006768107414 -0.04549999535083771 -0.028708742931485176 0.02344059757888317 -0.057499997317790985 -0.023440588265657425 0.02344059757888317 -0.04549999535083771 -0.023440590128302574 0.028708750382065773 -0.057500001043081284 -0.01657499559223652 0.028708750382065773 -0.04549999535083771 -0.016574997454881668 0.0320204459130764 -0.057500001043081284 -0.00857984647154808 0.0320204459130764 -0.04549999535083771 -0.00857984833419323 0.03315000608563423 -0.057500001043081284 5.8116649270800735e-09 0.03315000608563423 -0.045499999076128006 4.199358194512115e-09 0.0320204459130764 -0.05750000476837158 0.008579857647418976 0.0320204459130764 -0.045499999076128006 0.008579855784773827 0.028708746656775475 -0.05750000476837158 0.016575006768107414 0.028708746656775475 -0.045499999076128006 0.016575004905462265 0.023440590128302574 -0.05750000476837158 0.023440595716238022 0.023440590128302574 -0.045500002801418304 0.023440593853592873 0.016574999317526817 -0.05750000476837158 0.028708748519420624 0.016574999317526817 -0.045500002801418304 0.028708746656775475 0.00857984833419323 -0.05750000476837158 0.0320204459130764 0.00857984833419323 -0.045500002801418304 0.0320204421877861</float_array><technique_common><accessor source="#mesh1-array" count="48" stride="3"><param name="X" type="float" /><param name="Y" type="float" /><param name="Z" type="float" /></accessor></technique_common></source><source id="mesh1-normals"><float_array id="mesh1-normals-array" count="276">-0.13052648305892944 1.3320936886884738e-07 0.9914448857307434 -0.13052648305892944 1.3320936886884738e-07 0.9914448857307434 -0.3826834261417389 1.2413137540079333e-07 0.9238796234130859 -0.3826834261417389 1.2413137540079333e-07 0.9238796234130859 -0.6087616086006165 1.0659402249757477e-07 0.793353259563446 -0.6087616086006165 1.0659402249757477e-07 0.793353259563446 -0.7933533787727356 8.179246435702225e-08 0.6087613701820374 -0.7933533787727356 8.179246435702225e-08 0.6087613701820374 -0.9238797426223755 5.1416872537402014e-08 0.3826832175254822 -0.9238797426223755 5.1416872537402014e-08 0.3826832175254822 -0.9914448857307434 1.7537349350504883e-08 0.13052621483802795 -0.9914448857307434 1.7537349350504883e-08 0.13052621483802795 -0.9914448857307434 -1.753738843035535e-08 -0.13052651286125183 -0.9914448857307434 -1.753738843035535e-08 -0.13052651286125183 -0.9238796234130859 -5.14169080645388e-08 -0.38268351554870605 -0.9238796234130859 -5.14169080645388e-08 -0.38268351554870605 -0.7933531999588013 -8.17925069895864e-08 -0.6087616682052612 -0.7933531999588013 -8.17925069895864e-08 -0.6087616682052612 -0.6087613105773926 -1.0659403670842948e-07 -0.7933534383773804 -0.6087613105773926 -1.0659403670842948e-07 -0.7933534383773804 -0.382683128118515 -1.2413140382250276e-07 -0.9238797426223755 -0.382683128118515 -1.2413140382250276e-07 -0.9238797426223755 -0.13052618503570557 -1.3320936886884738e-07 -0.9914448857307434 -0.13052618503570557 -1.3320936886884738e-07 -0.9914448857307434 0.13052648305892944 -1.3320936886884738e-07 -0.9914448857307434 0.13052648305892944 -1.3320936886884738e-07 -0.9914448857307434 0.3826834261417389 -1.2413137540079333e-07 -0.9238796234130859 0.3826834261417389 -1.2413137540079333e-07 -0.9238796234130859 0.6087616086006165 -1.0659402249757477e-07 -0.793353259563446 0.6087616086006165 -1.0659402249757477e-07 -0.793353259563446 0.7933533787727356 -8.179246435702225e-08 -0.6087613701820374 0.7933533787727356 -8.179246435702225e-08 -0.6087613701820374 0.9238797426223755 -5.1416872537402014e-08 -0.3826832175254822 0.9238797426223755 -5.1416872537402014e-08 -0.3826832175254822 0.9914448857307434 -1.7537349350504883e-08 -0.13052621483802795 0.9914448857307434 -1.7537349350504883e-08 -0.13052621483802795 0.9914448857307434 1.753738843035535e-08 0.13052651286125183 0.9914448857307434 1.753738843035535e-08 0.13052651286125183 0.9238796234130859 5.14169080645388e-08 0.38268351554870605 0.9238796234130859 5.14169080645388e-08 0.38268351554870605 0.7933531999588013 8.17925069895864e-08 0.6087616682052612 0.7933531999588013 8.17925069895864e-08 0.6087616682052612 0.6087613105773926 1.0659403670842948e-07 0.7933534383773804 0.6087613105773926 1.0659403670842948e-07 0.7933534383773804 -2.028761815660307e-14 1.0 1.343588280633412e-07 -2.028761815660307e-14 1.0 1.343588280633412e-07 -2.028761815660307e-14 1.0 1.343588280633412e-07 -2.028761815660307e-14 1.0 1.343588280633412e-07 -2.028761815660307e-14 1.0 1.343588280633412e-07 -2.028761815660307e-14 1.0 1.343588280633412e-07 -2.028761815660307e-14 1.0 1.343588280633412e-07 -2.028761815660307e-14 1.0 1.343588280633412e-07 -2.028761815660307e-14 1.0 1.343588280633412e-07 -2.028761815660307e-14 1.0 1.343588280633412e-07 -2.028761815660307e-14 1.0 1.343588280633412e-07 -2.028761815660307e-14 1.0 1.343588280633412e-07 -2.028761815660307e-14 1.0 1.343588280633412e-07 -2.028761815660307e-14 1.0 1.343588280633412e-07 -2.028761815660307e-14 1.0 1.343588280633412e-07 -2.028761815660307e-14 1.0 1.343588280633412e-07 -2.028761815660307e-14 1.0 1.343588280633412e-07 -2.028761815660307e-14 1.0 1.343588280633412e-07 -2.028761815660307e-14 1.0 1.343588280633412e-07 -2.028761815660307e-14 1.0 1.343588280633412e-07 -2.028761815660307e-14 1.0 1.343588280633412e-07 -2.028761815660307e-14 1.0 1.343588280633412e-07 0.382683128118515 1.2413140382250276e-07 0.9238797426223755 0.382683128118515 1.2413140382250276e-07 0.9238797426223755 0.13052618503570557 1.3320936886884738e-07 0.9914448857307434 0.13052618503570557 1.3320936886884738e-07 0.9914448857307434 2.028761815660307e-14 -1.0 -1.343588280633412e-07 2.0287619850668966e-14 -1.0 -1.343588280633412e-07 2.0287619850668966e-14 -1.0 -1.343588280633412e-07 2.028761815660307e-14 -1.0 -1.343588280633412e-07 2.0287619850668966e-14 -1.0 -1.343588280633412e-07 2.0287619850668966e-14 -1.0 -1.343588280633412e-07 2.028761815660307e-14 -1.0 -1.343588280633412e-07 2.0287619850668966e-14 -1.0 -1.343588280633412e-07 2.0287619850668966e-14 -1.0 -1.343588280633412e-07 2.028761815660307e-14 -1.0 -1.343588280633412e-07 2.0287619850668966e-14 -1.0 -1.343588280633412e-07 2.0287619850668966e-14 -1.0 -1.343588280633412e-07 2.028761815660307e-14 -1.0 -1.343588280633412e-07 2.028761815660307e-14 -1.0 -1.343588280633412e-07 2.028761815660307e-14 -1.0 -1.343588280633412e-07 2.028761815660307e-14 -1.0 -1.343588280633412e-07 2.028761815660307e-14 -1.0 -1.343588280633412e-07 2.028761815660307e-14 -1.0 -1.343588280633412e-07 2.028761815660307e-14 -1.0 -1.343588280633412e-07 2.028761815660307e-14 -1.0 -1.343588280633412e-07 2.028761815660307e-14 -1.0 -1.343588280633412e-07 2.028761815660307e-14 -1.0 -1.343588280633412e-07</float_array><technique_common><accessor source="#mesh1-normals-array" count="92" stride="3"><param name="X" type="float" /><param name="Y" type="float" /><param name="Z" type="float" /></accessor></technique_common></source><vertices id="mesh1-vertices"><input semantic="POSITION" source="#mesh1-positions" /></vertices><triangles count="92" material="ivory"><input semantic="VERTEX" source="#mesh1-vertices" offset="0" /><input semantic="NORMAL" source="#mesh1-normals" offset="1" /><p>0 0 1 0 3 0 0 1 3 1 2 1 2 2 3 2 5 2 2 3 5 3 4 3 4 4 5 4 7 4 4 5 7 5 6 5 6 6 7 6 9 6 6 7 9 7 8 7 8 8 9 8 11 8 8 9 11 9 10 9 10 10 11 10 13 10 10 11 13 11 12 11 12 12 13 12 15 12 12 13 15 13 14 13 14 14 15 14 17 14 14 15 17 15 16 15 16 16 17 16 19 16 16 17 19 17 18 17 18 18 19 18 21 18 18 19 21 19 20 19 20 20 21 20 23 20 20 21 23 21 22 21 22 22 23 22 25 22 22 23 25 23 24 23 24 24 25 24 27 24 24 25 27 25 26 25 26 26 27 26 29 26 26 27 29 27 28 27 28 28 29 28 31 28 28 29 31 29 30 29 30 30 31 30 33 30 30 31 33 31 32 31 32 32 33 32 35 32 32 33 35 33 34 33 34 34 35 34 37 34 34 35 37 35 36 35 36 36 37 36 39 36 36 37 39 37 38 37 38 38 39 38 41 38 38 39 41 39 40 39 40 40 41 40 43 40 40 41 43 41 42 41 42 42 43 42 45 42 42 43 45 43 44 43 5 44 3 44 1 44 1 45 47 45 45 45 45 46 43 46 41 46 41 47 39 47 37 47 37 48 35 48 33 48 33 49 31 49 29 49 29 50 27 50 25 50 25 51 23 51 21 51 21 52 19 52 17 52 17 53 15 53 13 53 13 54 11 54 9 54 9 55 7 55 5 55 5 56 1 56 45 56 45 57 41 57 37 57 37 58 33 58 29 58 29 59 25 59 21 59 21 60 17 60 13 60 13 61 9 61 5 61 5 62 45 62 37 62 37 63 29 63 21 63 21 64 13 64 5 64 37 65 21 65 5 65 44 66 45 66 47 66 44 67 47 67 46 67 46 68 47 68 1 68 46 69 1 69 0 69 46 70 0 70 2 70 2 71 4 71 6 71 6 72 8 72 10 72 10 73 12 73 14 73 14 74 16 74 18 74 18 75 20 75 22 75 22 76 24 76 26 76 26 77 28 77 30 77 30 78 32 78 34 78 34 79 36 79 38 79 38 80 40 80 42 80 42 81 44 81 46 81 46 82 2 82 6 82 6 83 10 83 14 83 14 84 18 84 22 84 22 85 26 85 30 85 30 86 34 86 38 86 38 87 42 87 46 87 46 88 6 88 14 88 14 89 22 89 30 89 30 90 38 90 46 90 14 91 30 91 46 91</p></triangles></mesh></geometry><geometry id="mesh2"><mesh><source id="mesh2-positions"><float_array id="mesh2-array" count="144">-2.5910884549062985e-09 -0.06050000339746475 0.017160004004836082 -2.5910884549062985e-09 -0.042500000447034836 0.017160000279545784 -0.004441338125616312 -0.06050000339746475 0.016575289890170097 -0.004441338125616312 -0.042500000447034836 0.016575288027524948 -0.00858000386506319 -0.06050000339746475 0.014860997907817364 -0.00858000386506319 -0.042500000447034836 0.01486099511384964 -0.012133956886827946 -0.06050000339746475 0.012133953161537647 -0.012133956886827946 -0.042500000447034836 0.012133951298892498 -0.014861000701785088 -0.06050000339746475 0.008580000139772892 -0.014861000701785088 -0.042500000447034836 0.008579997345805168 -0.016575291752815247 -0.060499999672174454 0.004441333934664726 -0.016575291752815247 -0.042500000447034836 0.00444133160635829 -0.017160004004836082 -0.060499999672174454 -1.3818588495695394e-09 -0.017160004004836082 -0.042500000447034836 -3.8003182822876624e-09 -0.016575291752815247 -0.060499999672174454 -0.00444133672863245 -0.016575291752815247 -0.042500000447034836 -0.004441339056938887 -0.014860998839139938 -0.060499999672174454 -0.008580002002418041 -0.014860998839139938 -0.04249999672174454 -0.008580004796385765 -0.012133953161537647 -0.060499999672174454 -0.012133955024182796 -0.012133953161537647 -0.04249999672174454 -0.012133956886827946 -0.008580000139772892 -0.060499999672174454 -0.014860997907817364 -0.008580000139772892 -0.04249999672174454 -0.014861000701785088 -0.004441333469003439 -0.060499999672174454 -0.016575289890170097 -0.004441333469003439 -0.04249999672174454 -0.016575291752815247 2.5910884549062985e-09 -0.060499999672174454 -0.017160000279545784 2.5910884549062985e-09 -0.04249999672174454 -0.017160004004836082 0.004441338125616312 -0.060499999672174454 -0.016575288027524948 0.004441338125616312 -0.04249999672174454 -0.016575289890170097 0.00858000386506319 -0.060499999672174454 -0.01486099511384964 0.00858000386506319 -0.04249999672174454 -0.014860997907817364 0.012133956886827946 -0.060499999672174454 -0.012133951298892498 0.012133956886827946 -0.04249999672174454 -0.012133953161537647 0.014861000701785088 -0.060499999672174454 -0.008579997345805168 0.014861000701785088 -0.04249999672174454 -0.008580000139772892 0.016575291752815247 -0.060499999672174454 -0.00444133160635829 0.016575291752815247 -0.042500000447034836 -0.004441333934664726 0.017160004004836082 -0.060499999672174454 3.8003182822876624e-09 0.017160004004836082 -0.042500000447034836 1.3818588495695394e-09 0.016575291752815247 -0.060499999672174454 0.004441339056938887 0.016575291752815247 -0.042500000447034836 0.00444133672863245 0.014860998839139938 -0.06050000339746475 0.008580004796385765 0.014860998839139938 -0.042500000447034836 0.008580002002418041 0.012133953161537647 -0.06050000339746475 0.012133956886827946 0.012133953161537647 -0.042500000447034836 0.012133955024182796 0.008580000139772892 -0.06050000339746475 0.014861000701785088 0.008580000139772892 -0.042500000447034836 0.014860997907817364 0.004441333469003439 -0.06050000339746475 0.016575291752815247 0.004441333469003439 -0.042500000447034836 0.016575289890170097</float_array><technique_common><accessor source="#mesh2-array" count="48" stride="3"><param name="X" type="float" /><param name="Y" type="float" /><param name="Z" type="float" /></accessor></technique_common></source><source id="mesh2-normals"><float_array id="mesh2-normals-array" count="276">-0.13052619993686676 1.3320936886884738e-07 0.9914448857307434 -0.13052619993686676 1.3320936886884738e-07 0.9914448857307434 -0.3826836943626404 1.2413136118993862e-07 0.9238794445991516 -0.3826836943626404 1.2413136118993862e-07 0.9238794445991516 -0.6087616086006165 1.0659401539214741e-07 0.7933531999588013 -0.6087616086006165 1.0659401539214741e-07 0.7933531999588013 -0.7933533787727356 8.179247856787697e-08 0.6087614297866821 -0.7933533787727356 8.179247856787697e-08 0.6087614297866821 -0.9238795638084412 5.1416904511825123e-08 0.3826834559440613 -0.9238795638084412 5.1416904511825123e-08 0.3826834559440613 -0.9914448857307434 1.7537312047011255e-08 0.13052593171596527 -0.9914448857307434 1.7537312047011255e-08 0.13052593171596527 -0.9914448857307434 -1.7537351126861722e-08 -0.13052622973918915 -0.9914448857307434 -1.7537351126861722e-08 -0.13052622973918915 -0.9238794445991516 -5.141694003896191e-08 -0.38268375396728516 -0.9238794445991516 -5.141694003896191e-08 -0.38268375396728516 -0.7933531403541565 -8.17925069895864e-08 -0.6087616682052612 -0.7933531403541565 -8.17925069895864e-08 -0.6087616682052612 -0.6087613701820374 -1.0659404381385684e-07 -0.7933534383773804 -0.6087613701820374 -1.0659404381385684e-07 -0.7933534383773804 -0.3826833963394165 -1.2413138961164805e-07 -0.9238795638084412 -0.3826833963394165 -1.2413138961164805e-07 -0.9238795638084412 -0.13052590191364288 -1.3320936886884738e-07 -0.9914448857307434 -0.13052590191364288 -1.3320936886884738e-07 -0.9914448857307434 0.13052619993686676 -1.3320936886884738e-07 -0.9914448857307434 0.13052619993686676 -1.3320936886884738e-07 -0.9914448857307434 0.3826836943626404 -1.2413136118993862e-07 -0.9238794445991516 0.3826836943626404 -1.2413136118993862e-07 -0.9238794445991516 0.6087616086006165 -1.0659401539214741e-07 -0.7933531999588013 0.6087616086006165 -1.0659401539214741e-07 -0.7933531999588013 0.7933533787727356 -8.179247856787697e-08 -0.6087614297866821 0.7933533787727356 -8.179247856787697e-08 -0.6087614297866821 0.9238795638084412 -5.1416904511825123e-08 -0.3826834559440613 0.9238795638084412 -5.1416904511825123e-08 -0.3826834559440613 0.9914448857307434 -1.7537312047011255e-08 -0.13052593171596527 0.9914448857307434 -1.7537312047011255e-08 -0.13052593171596527 0.9914448857307434 1.7537351126861722e-08 0.13052622973918915 0.9914448857307434 1.7537351126861722e-08 0.13052622973918915 0.9238794445991516 5.141694003896191e-08 0.38268375396728516 0.9238794445991516 5.141694003896191e-08 0.38268375396728516 0.7933531403541565 8.17925069895864e-08 0.6087616682052612 0.7933531403541565 8.17925069895864e-08 0.6087616682052612 0.6087613701820374 1.0659404381385684e-07 0.7933534383773804 0.6087613701820374 1.0659404381385684e-07 0.7933534383773804 -2.0287619850668966e-14 1.0 1.343588280633412e-07 -2.0287619850668966e-14 1.0 1.343588280633412e-07 -2.028761815660307e-14 1.0 1.343588280633412e-07 -2.0287619850668966e-14 1.0 1.343588280633412e-07 -2.0287619850668966e-14 1.0 1.343588280633412e-07 -2.028761815660307e-14 1.0 1.343588280633412e-07 -2.0287619850668966e-14 1.0 1.343588280633412e-07 -2.0287619850668966e-14 1.0 1.343588280633412e-07 -2.028761815660307e-14 1.0 1.343588280633412e-07 -2.0287619850668966e-14 1.0 1.343588280633412e-07 -2.0287619850668966e-14 1.0 1.343588280633412e-07 -2.028761815660307e-14 1.0 1.343588280633412e-07 -2.028761815660307e-14 1.0 1.343588280633412e-07 -2.028761815660307e-14 1.0 1.343588280633412e-07 -2.028761815660307e-14 1.0 1.343588280633412e-07 -2.028761815660307e-14 1.0 1.343588280633412e-07 -2.028761815660307e-14 1.0 1.343588280633412e-07 -2.028761815660307e-14 1.0 1.343588280633412e-07 -2.028761815660307e-14 1.0 1.343588280633412e-07 -2.028761815660307e-14 1.0 1.343588280633412e-07 -2.028761815660307e-14 1.0 1.343588280633412e-07 -2.028761815660307e-14 1.0 1.343588280633412e-07 0.3826833963394165 1.2413138961164805e-07 0.9238795638084412 0.3826833963394165 1.2413138961164805e-07 0.9238795638084412 0.13052590191364288 1.3320936886884738e-07 0.9914448857307434 0.13052590191364288 1.3320936886884738e-07 0.9914448857307434 2.028761815660307e-14 -1.0 -1.343588280633412e-07 2.028761815660307e-14 -1.0 -1.343588280633412e-07 2.028761815660307e-14 -1.0 -1.343588280633412e-07 2.028761815660307e-14 -1.0 -1.343588280633412e-07 2.028761815660307e-14 -1.0 -1.343588280633412e-07 2.028761815660307e-14 -1.0 -1.343588280633412e-07 2.028761815660307e-14 -1.0 -1.343588280633412e-07 2.028761815660307e-14 -1.0 -1.343588280633412e-07 2.028761815660307e-14 -1.0 -1.343588280633412e-07 2.028761815660307e-14 -1.0 -1.343588280633412e-07 2.028761815660307e-14 -1.0 -1.343588280633412e-07 2.028761815660307e-14 -1.0 -1.343588280633412e-07 2.0287619850668966e-14 -1.0 -1.343588280633412e-07 2.0287619850668966e-14 -1.0 -1.343588280633412e-07 2.0287619850668966e-14 -1.0 -1.343588280633412e-07 2.0287619850668966e-14 -1.0 -1.343588280633412e-07 2.0287619850668966e-14 -1.0 -1.343588280633412e-07 2.0287619850668966e-14 -1.0 -1.343588280633412e-07 2.028761815660307e-14 -1.0 -1.343588280633412e-07 2.028761815660307e-14 -1.0 -1.343588280633412e-07 2.028761815660307e-14 -1.0 -1.343588280633412e-07 2.028761815660307e-14 -1.0 -1.343588280633412e-07</float_array><technique_common><accessor source="#mesh2-normals-array" count="92" stride="3"><param name="X" type="float" /><param name="Y" type="float" /><param name="Z" type="float" /></accessor></technique_common></source><vertices id="mesh2-vertices"><input semantic="POSITION" source="#mesh2-positions" /></vertices><triangles count="92" material="titanium"><input semantic="VERTEX" source="#mesh2-vertices" offset="0" /><input semantic="NORMAL" source="#mesh2-normals" offset="1" /><p>0 0 1 0 3 0 0 1 3 1 2 1 2 2 3 2 5 2 2 3 5 3 4 3 4 4 5 4 7 4 4 5 7 5 6 5 6 6 7 6 9 6 6 7 9 7 8 7 8 8 9 8 11 8 8 9 11 9 10 9 10 10 11 10 13 10 10 11 13 11 12 11 12 12 13 12 15 12 12 13 15 13 14 13 14 14 15 14 17 14 14 15 17 15 16 15 16 16 17 16 19 16 16 17 19 17 18 17 18 18 19 18 21 18 18 19 21 19 20 19 20 20 21 20 23 20 20 21 23 21 22 21 22 22 23 22 25 22 22 23 25 23 24 23 24 24 25 24 27 24 24 25 27 25 26 25 26 26 27 26 29 26 26 27 29 27 28 27 28 28 29 28 31 28 28 29 31 29 30 29 30 30 31 30 33 30 30 31 33 31 32 31 32 32 33 32 35 32 32 33 35 33 34 33 34 34 35 34 37 34 34 35 37 35 36 35 36 36 37 36 39 36 36 37 39 37 38 37 38 38 39 38 41 38 38 39 41 39 40 39 40 40 41 40 43 40 40 41 43 41 42 41 42 42 43 42 45 42 42 43 45 43 44 43 5 44 3 44 1 44 1 45 47 45 45 45 45 46 43 46 41 46 41 47 39 47 37 47 37 48 35 48 33 48 33 49 31 49 29 49 29 50 27 50 25 50 25 51 23 51 21 51 21 52 19 52 17 52 17 53 15 53 13 53 13 54 11 54 9 54 9 55 7 55 5 55 5 56 1 56 45 56 45 57 41 57 37 57 37 58 33 58 29 58 29 59 25 59 21 59 21 60 17 60 13 60 13 61 9 61 5 61 5 62 45 62 37 62 37 63 29 63 21 63 21 64 13 64 5 64 37 65 21 65 5 65 44 66 45 66 47 66 44 67 47 67 46 67 46 68 47 68 1 68 46 69 1 69 0 69 46 70 0 70 2 70 2 71 4 71 6 71 6 72 8 72 10 72 10 73 12 73 14 73 14 74 16 74 18 74 18 75 20 75 22 75 22 76 24 76 26 76 26 77 28 77 30 77 30 78 32 78 34 78 34 79 36 79 38 79 38 80 40 80 42 80 42 81 44 81 46 81 46 82 2 82 6 82 6 83 10 83 14 83 14 84 18 84 22 84 22 85 26 85 30 85 30 86 34 86 38 86 38 87 42 87 46 87 46 88 6 88 14 88 14 89 22 89 30 89 30 90 38 90 46 90 14 91 30 91 46 91</p></triangles></mesh></geometry><geometry id="mesh3"><mesh><source id="mesh3-positions"><float_array id="mesh3-array" count="36">0.02613000199198723 -0.06149999797344208 0.0040000020526349545 0.02613000199198723 -0.04150000214576721 0.003999999258667231 0.022665899246931076 -0.06149999797344208 0.002000001259148121 0.022665899246931076 -0.04150000214576721 0.001999998465180397 0.022665899246931076 -0.06149999797344208 -0.0019999993965029716 0.022665899246931076 -0.04150000214576721 -0.0020000021904706955 0.02613000199198723 -0.06149999797344208 -0.003999999258667231 0.02613000199198723 -0.04150000214576721 -0.0040000020526349545 0.02959410473704338 -0.06149999797344208 -0.001999998465180397 0.02959410473704338 -0.04150000214576721 -0.002000001259148121 0.02959410473704338 -0.06149999797344208 0.0020000021904706955 0.02959410473704338 -0.04150000214576721 0.0019999993965029716</float_array><technique_common><accessor source="#mesh3-array" count="12" stride="3"><param name="X" type="float" /><param name="Y" type="float" /><param name="Z" type="float" /></accessor></technique_common></source><source id="mesh3-normals"><float_array id="mesh3-normals-array" count="60">-0.5000000596046448 1.1635816576927027e-07 0.8660253882408142 -0.5000000596046448 1.1635816576927027e-07 0.8660253882408142 -1.0 -2.028762154473486e-14 -1.5099581673894136e-07 -1.0 -2.028762154473486e-14 -1.5099581673894136e-07 -0.49999985098838806 -1.1635817998012499e-07 -0.8660255074501038 -0.49999985098838806 -1.1635817998012499e-07 -0.8660255074501038 0.5000000596046448 -1.1635816576927027e-07 -0.8660253882408142 0.5000000596046448 -1.1635816576927027e-07 -0.8660253882408142 -2.028761815660307e-14 1.0 1.343588280633412e-07 -2.028761815660307e-14 1.0 1.343588280633412e-07 -2.028761815660307e-14 1.0 1.343588280633412e-07 -2.028761815660307e-14 1.0 1.343588280633412e-07 1.0 2.028762154473486e-14 1.5099581673894136e-07 1.0 2.028762154473486e-14 1.5099581673894136e-07 0.49999985098838806 1.1635817998012499e-07 0.8660255074501038 0.49999985098838806 1.1635817998012499e-07 0.8660255074501038 2.028761815660307e-14 -1.0 -1.343588280633412e-07 2.028761815660307e-14 -1.0 -1.343588280633412e-07 2.028761815660307e-14 -1.0 -1.343588280633412e-07 2.028761815660307e-14 -1.0 -1.343588280633412e-07</float_array><technique_common><accessor source="#mesh3-normals-array" count="20" stride="3"><param name="X" type="float" /><param name="Y" type="float" /><param name="Z" type="float" /></accessor></technique_common></source><vertices id="mesh3-vertices"><input semantic="POSITION" source="#mesh3-positions" /></vertices><triangles count="20" material="graphite"><input semantic="VERTEX" source="#mesh3-vertices" offset="0" /><input semantic="NORMAL" source="#mesh3-normals" offset="1" /><p>0 0 1 0 3 0 0 1 3 1 2 1 2 2 3 2 5 2 2 3 5 3 4 3 4 4 5 4 7 4 4 5 7 5 6 5 6 6 7 6 9 6 6 7 9 7 8 7 5 8 3 8 1 8 1 9 11 9 9 9 9 10 7 10 5 10 1 11 9 11 5 11 8 12 9 12 11 12 8 13 11 13 10 13 10 14 11 14 1 14 10 15 1 15 0 15 10 16 0 16 2 16 2 17 4 17 6 17 6 18 8 18 10 18 2 19 6 19 10 19</p></triangles></mesh></geometry><geometry id="mesh4"><mesh><source id="mesh4-positions"><float_array id="mesh4-array" count="36">0.01306500006467104 -0.06149999797344208 0.026629246771335602 0.01306500006467104 -0.04150000214576721 0.026629243046045303 0.009600898250937462 -0.06149999797344208 0.024629244580864906 0.009600898250937462 -0.04150000214576721 0.024629242718219757 0.009600898250937462 -0.06149999797344208 0.020629243925213814 0.009600898250937462 -0.04150000214576721 0.020629242062568665 0.013065001927316189 -0.06149999797344208 0.018629245460033417 0.013065001927316189 -0.04150000214576721 0.01862924173474312 0.016529103741049767 -0.06149999797344208 0.020629245787858963 0.016529103741049767 -0.04150000214576721 0.020629243925213814 0.016529103741049767 -0.06149999797344208 0.024629246443510056 0.016529103741049767 -0.04150000214576721 0.024629244580864906</float_array><technique_common><accessor source="#mesh4-array" count="12" stride="3"><param name="X" type="float" /><param name="Y" type="float" /><param name="Z" type="float" /></accessor></technique_common></source><source id="mesh4-normals"><float_array id="mesh4-normals-array" count="60">-0.5000000596046448 1.1635816576927027e-07 0.8660253882408142 -0.5000000596046448 1.1635816576927027e-07 0.8660253882408142 -1.0 -2.028762154473486e-14 -1.5099581673894136e-07 -1.0 -2.028762154473486e-14 -1.5099581673894136e-07 -0.49999985098838806 -1.1635817998012499e-07 -0.8660255074501038 -0.49999985098838806 -1.1635817998012499e-07 -0.8660255074501038 0.5000000596046448 -1.1635816576927027e-07 -0.8660253882408142 0.5000000596046448 -1.1635816576927027e-07 -0.8660253882408142 -2.028761815660307e-14 1.0 1.343588280633412e-07 -2.028761815660307e-14 1.0 1.343588280633412e-07 -2.028761815660307e-14 1.0 1.343588280633412e-07 -2.028761815660307e-14 1.0 1.343588280633412e-07 1.0 2.028762154473486e-14 1.5099581673894136e-07 1.0 2.028762154473486e-14 1.5099581673894136e-07 0.49999985098838806 1.1635817998012499e-07 0.8660255074501038 0.49999985098838806 1.1635817998012499e-07 0.8660255074501038 2.028761815660307e-14 -1.0 -1.343588280633412e-07 2.028761815660307e-14 -1.0 -1.343588280633412e-07 2.028761815660307e-14 -1.0 -1.343588280633412e-07 2.028761815660307e-14 -1.0 -1.343588280633412e-07</float_array><technique_common><accessor source="#mesh4-normals-array" count="20" stride="3"><param name="X" type="float" /><param name="Y" type="float" /><param name="Z" type="float" /></accessor></technique_common></source><vertices id="mesh4-vertices"><input semantic="POSITION" source="#mesh4-positions" /></vertices><triangles count="20" material="graphite"><input semantic="VERTEX" source="#mesh4-vertices" offset="0" /><input semantic="NORMAL" source="#mesh4-normals" offset="1" /><p>0 0 1 0 3 0 0 1 3 1 2 1 2 2 3 2 5 2 2 3 5 3 4 3 4 4 5 4 7 4 4 5 7 5 6 5 6 6 7 6 9 6 6 7 9 7 8 7 5 8 3 8 1 8 1 9 11 9 9 9 9 10 7 10 5 10 1 11 9 11 5 11 8 12 9 12 11 12 8 13 11 13 10 13 10 14 11 14 1 14 10 15 1 15 0 15 10 16 0 16 2 16 2 17 4 17 6 17 6 18 8 18 10 18 2 19 6 19 10 19</p></triangles></mesh></geometry><geometry id="mesh5"><mesh><source id="mesh5-positions"><float_array id="mesh5-array" count="36">-0.013065001927316189 -0.06149999797344208 0.026629246771335602 -0.013065001927316189 -0.04150000214576721 0.026629243046045303 -0.016529103741049767 -0.06149999797344208 0.024629244580864906 -0.016529103741049767 -0.04150000214576721 0.024629242718219757 -0.016529103741049767 -0.06149999797344208 0.020629243925213814 -0.016529103741049767 -0.04150000214576721 0.020629242062568665 -0.01306500006467104 -0.06149999797344208 0.018629245460033417 -0.01306500006467104 -0.04150000214576721 0.01862924173474312 -0.009600898250937462 -0.06149999797344208 0.020629245787858963 -0.009600898250937462 -0.04150000214576721 0.020629243925213814 -0.009600898250937462 -0.06149999797344208 0.024629246443510056 -0.009600898250937462 -0.04150000214576721 0.024629244580864906</float_array><technique_common><accessor source="#mesh5-array" count="12" stride="3"><param name="X" type="float" /><param name="Y" type="float" /><param name="Z" type="float" /></accessor></technique_common></source><source id="mesh5-normals"><float_array id="mesh5-normals-array" count="60">-0.5000000596046448 1.1635816576927027e-07 0.8660253882408142 -0.5000000596046448 1.1635816576927027e-07 0.8660253882408142 -1.0 -2.028762154473486e-14 -1.5099581673894136e-07 -1.0 -2.028762154473486e-14 -1.5099581673894136e-07 -0.49999985098838806 -1.1635817998012499e-07 -0.8660255074501038 -0.49999985098838806 -1.1635817998012499e-07 -0.8660255074501038 0.5000000596046448 -1.1635816576927027e-07 -0.8660253882408142 0.5000000596046448 -1.1635816576927027e-07 -0.8660253882408142 -2.028761815660307e-14 1.0 1.343588280633412e-07 -2.028761815660307e-14 1.0 1.343588280633412e-07 -2.028761815660307e-14 1.0 1.343588280633412e-07 -2.028761815660307e-14 1.0 1.343588280633412e-07 1.0 2.028762154473486e-14 1.5099581673894136e-07 1.0 2.028762154473486e-14 1.5099581673894136e-07 0.49999985098838806 1.1635817998012499e-07 0.8660255074501038 0.49999985098838806 1.1635817998012499e-07 0.8660255074501038 2.028761815660307e-14 -1.0 -1.343588280633412e-07 2.028761815660307e-14 -1.0 -1.343588280633412e-07 2.028761815660307e-14 -1.0 -1.343588280633412e-07 2.028761815660307e-14 -1.0 -1.343588280633412e-07</float_array><technique_common><accessor source="#mesh5-normals-array" count="20" stride="3"><param name="X" type="float" /><param name="Y" type="float" /><param name="Z" type="float" /></accessor></technique_common></source><vertices id="mesh5-vertices"><input semantic="POSITION" source="#mesh5-positions" /></vertices><triangles count="20" material="graphite"><input semantic="VERTEX" source="#mesh5-vertices" offset="0" /><input semantic="NORMAL" source="#mesh5-normals" offset="1" /><p>0 0 1 0 3 0 0 1 3 1 2 1 2 2 3 2 5 2 2 3 5 3 4 3 4 4 5 4 7 4 4 5 7 5 6 5 6 6 7 6 9 6 6 7 9 7 8 7 5 8 3 8 1 8 1 9 11 9 9 9 9 10 7 10 5 10 1 11 9 11 5 11 8 12 9 12 11 12 8 13 11 13 10 13 10 14 11 14 1 14 10 15 1 15 0 15 10 16 0 16 2 16 2 17 4 17 6 17 6 18 8 18 10 18 2 19 6 19 10 19</p></triangles></mesh></geometry><geometry id="mesh6"><mesh><source id="mesh6-positions"><float_array id="mesh6-array" count="36">-0.02613000199198723 -0.06149999797344208 0.0040000020526349545 -0.02613000199198723 -0.04150000214576721 0.003999999258667231 -0.02959410473704338 -0.06149999797344208 0.002000001259148121 -0.02959410473704338 -0.04150000214576721 0.001999998465180397 -0.02959410473704338 -0.06149999797344208 -0.0019999993965029716 -0.02959410473704338 -0.04150000214576721 -0.0020000021904706955 -0.02613000199198723 -0.06149999797344208 -0.003999999258667231 -0.02613000199198723 -0.04150000214576721 -0.0040000020526349545 -0.022665899246931076 -0.06149999797344208 -0.001999998465180397 -0.022665899246931076 -0.04150000214576721 -0.002000001259148121 -0.022665899246931076 -0.06149999797344208 0.0020000021904706955 -0.022665899246931076 -0.04150000214576721 0.0019999993965029716</float_array><technique_common><accessor source="#mesh6-array" count="12" stride="3"><param name="X" type="float" /><param name="Y" type="float" /><param name="Z" type="float" /></accessor></technique_common></source><source id="mesh6-normals"><float_array id="mesh6-normals-array" count="60">-0.5000000596046448 1.1635816576927027e-07 0.8660253882408142 -0.5000000596046448 1.1635816576927027e-07 0.8660253882408142 -1.0 -2.028762154473486e-14 -1.5099581673894136e-07 -1.0 -2.028762154473486e-14 -1.5099581673894136e-07 -0.49999985098838806 -1.1635817998012499e-07 -0.8660255074501038 -0.49999985098838806 -1.1635817998012499e-07 -0.8660255074501038 0.5000000596046448 -1.1635816576927027e-07 -0.8660253882408142 0.5000000596046448 -1.1635816576927027e-07 -0.8660253882408142 -2.028761815660307e-14 1.0 1.343588280633412e-07 -2.028761815660307e-14 1.0 1.343588280633412e-07 -2.028761815660307e-14 1.0 1.343588280633412e-07 -2.028761815660307e-14 1.0 1.343588280633412e-07 1.0 2.028762154473486e-14 1.5099581673894136e-07 1.0 2.028762154473486e-14 1.5099581673894136e-07 0.49999985098838806 1.1635817998012499e-07 0.8660255074501038 0.49999985098838806 1.1635817998012499e-07 0.8660255074501038 2.028761815660307e-14 -1.0 -1.343588280633412e-07 2.028761815660307e-14 -1.0 -1.343588280633412e-07 2.028761815660307e-14 -1.0 -1.343588280633412e-07 2.028761815660307e-14 -1.0 -1.343588280633412e-07</float_array><technique_common><accessor source="#mesh6-normals-array" count="20" stride="3"><param name="X" type="float" /><param name="Y" type="float" /><param name="Z" type="float" /></accessor></technique_common></source><vertices id="mesh6-vertices"><input semantic="POSITION" source="#mesh6-positions" /></vertices><triangles count="20" material="graphite"><input semantic="VERTEX" source="#mesh6-vertices" offset="0" /><input semantic="NORMAL" source="#mesh6-normals" offset="1" /><p>0 0 1 0 3 0 0 1 3 1 2 1 2 2 3 2 5 2 2 3 5 3 4 3 4 4 5 4 7 4 4 5 7 5 6 5 6 6 7 6 9 6 6 7 9 7 8 7 5 8 3 8 1 8 1 9 11 9 9 9 9 10 7 10 5 10 1 11 9 11 5 11 8 12 9 12 11 12 8 13 11 13 10 13 10 14 11 14 1 14 10 15 1 15 0 15 10 16 0 16 2 16 2 17 4 17 6 17 6 18 8 18 10 18 2 19 6 19 10 19</p></triangles></mesh></geometry><geometry id="mesh7"><mesh><source id="mesh7-positions"><float_array id="mesh7-array" count="36">-0.013065001927316189 -0.06149999797344208 -0.01862924173474312 -0.013065001927316189 -0.04150000214576721 -0.018629245460033417 -0.016529103741049767 -0.06149999797344208 -0.020629243925213814 -0.016529103741049767 -0.04150000214576721 -0.020629245787858963 -0.016529103741049767 -0.06149999797344208 -0.024629244580864906 -0.016529103741049767 -0.04150000214576721 -0.024629246443510056 -0.01306500006467104 -0.06149999797344208 -0.026629243046045303 -0.01306500006467104 -0.04150000214576721 -0.026629246771335602 -0.009600898250937462 -0.06149999797344208 -0.024629242718219757 -0.009600898250937462 -0.04150000214576721 -0.024629244580864906 -0.009600898250937462 -0.06149999797344208 -0.020629242062568665 -0.009600898250937462 -0.04150000214576721 -0.020629243925213814</float_array><technique_common><accessor source="#mesh7-array" count="12" stride="3"><param name="X" type="float" /><param name="Y" type="float" /><param name="Z" type="float" /></accessor></technique_common></source><source id="mesh7-normals"><float_array id="mesh7-normals-array" count="60">-0.5000000596046448 1.1635816576927027e-07 0.8660253882408142 -0.5000000596046448 1.1635816576927027e-07 0.8660253882408142 -1.0 -2.028762154473486e-14 -1.5099581673894136e-07 -1.0 -2.028762154473486e-14 -1.5099581673894136e-07 -0.49999985098838806 -1.1635817998012499e-07 -0.8660255074501038 -0.49999985098838806 -1.1635817998012499e-07 -0.8660255074501038 0.5000000596046448 -1.1635816576927027e-07 -0.8660253882408142 0.5000000596046448 -1.1635816576927027e-07 -0.8660253882408142 -2.028761815660307e-14 1.0 1.343588280633412e-07 -2.028761815660307e-14 1.0 1.343588280633412e-07 -2.028761815660307e-14 1.0 1.343588280633412e-07 -2.028761815660307e-14 1.0 1.343588280633412e-07 1.0 2.028762154473486e-14 1.5099581673894136e-07 1.0 2.028762154473486e-14 1.5099581673894136e-07 0.49999985098838806 1.1635817998012499e-07 0.8660255074501038 0.49999985098838806 1.1635817998012499e-07 0.8660255074501038 2.028761815660307e-14 -1.0 -1.343588280633412e-07 2.028761815660307e-14 -1.0 -1.343588280633412e-07 2.028761815660307e-14 -1.0 -1.343588280633412e-07 2.028761815660307e-14 -1.0 -1.343588280633412e-07</float_array><technique_common><accessor source="#mesh7-normals-array" count="20" stride="3"><param name="X" type="float" /><param name="Y" type="float" /><param name="Z" type="float" /></accessor></technique_common></source><vertices id="mesh7-vertices"><input semantic="POSITION" source="#mesh7-positions" /></vertices><triangles count="20" material="graphite"><input semantic="VERTEX" source="#mesh7-vertices" offset="0" /><input semantic="NORMAL" source="#mesh7-normals" offset="1" /><p>0 0 1 0 3 0 0 1 3 1 2 1 2 2 3 2 5 2 2 3 5 3 4 3 4 4 5 4 7 4 4 5 7 5 6 5 6 6 7 6 9 6 6 7 9 7 8 7 5 8 3 8 1 8 1 9 11 9 9 9 9 10 7 10 5 10 1 11 9 11 5 11 8 12 9 12 11 12 8 13 11 13 10 13 10 14 11 14 1 14 10 15 1 15 0 15 10 16 0 16 2 16 2 17 4 17 6 17 6 18 8 18 10 18 2 19 6 19 10 19</p></triangles></mesh></geometry><geometry id="mesh8"><mesh><source id="mesh8-positions"><float_array id="mesh8-array" count="36">0.01306500006467104 -0.06149999797344208 -0.01862924173474312 0.01306500006467104 -0.04150000214576721 -0.018629245460033417 0.009600898250937462 -0.06149999797344208 -0.020629243925213814 0.009600898250937462 -0.04150000214576721 -0.020629245787858963 0.009600898250937462 -0.06149999797344208 -0.024629244580864906 0.009600898250937462 -0.04150000214576721 -0.024629246443510056 0.013065001927316189 -0.06149999797344208 -0.026629243046045303 0.013065001927316189 -0.04150000214576721 -0.026629246771335602 0.016529103741049767 -0.06149999797344208 -0.024629242718219757 0.016529103741049767 -0.04150000214576721 -0.024629244580864906 0.016529103741049767 -0.06149999797344208 -0.020629242062568665 0.016529103741049767 -0.04150000214576721 -0.020629243925213814</float_array><technique_common><accessor source="#mesh8-array" count="12" stride="3"><param name="X" type="float" /><param name="Y" type="float" /><param name="Z" type="float" /></accessor></technique_common></source><source id="mesh8-normals"><float_array id="mesh8-normals-array" count="60">-0.5000000596046448 1.1635816576927027e-07 0.8660253882408142 -0.5000000596046448 1.1635816576927027e-07 0.8660253882408142 -1.0 -2.028762154473486e-14 -1.5099581673894136e-07 -1.0 -2.028762154473486e-14 -1.5099581673894136e-07 -0.49999985098838806 -1.1635817998012499e-07 -0.8660255074501038 -0.49999985098838806 -1.1635817998012499e-07 -0.8660255074501038 0.5000000596046448 -1.1635816576927027e-07 -0.8660253882408142 0.5000000596046448 -1.1635816576927027e-07 -0.8660253882408142 -2.028761815660307e-14 1.0 1.343588280633412e-07 -2.028761815660307e-14 1.0 1.343588280633412e-07 -2.028761815660307e-14 1.0 1.343588280633412e-07 -2.028761815660307e-14 1.0 1.343588280633412e-07 1.0 2.028762154473486e-14 1.5099581673894136e-07 1.0 2.028762154473486e-14 1.5099581673894136e-07 0.49999985098838806 1.1635817998012499e-07 0.8660255074501038 0.49999985098838806 1.1635817998012499e-07 0.8660255074501038 2.028761815660307e-14 -1.0 -1.343588280633412e-07 2.028761815660307e-14 -1.0 -1.343588280633412e-07 2.028761815660307e-14 -1.0 -1.343588280633412e-07 2.028761815660307e-14 -1.0 -1.343588280633412e-07</float_array><technique_common><accessor source="#mesh8-normals-array" count="20" stride="3"><param name="X" type="float" /><param name="Y" type="float" /><param name="Z" type="float" /></accessor></technique_common></source><vertices id="mesh8-vertices"><input semantic="POSITION" source="#mesh8-positions" /></vertices><triangles count="20" material="graphite"><input semantic="VERTEX" source="#mesh8-vertices" offset="0" /><input semantic="NORMAL" source="#mesh8-normals" offset="1" /><p>0 0 1 0 3 0 0 1 3 1 2 1 2 2 3 2 5 2 2 3 5 3 4 3 4 4 5 4 7 4 4 5 7 5 6 5 6 6 7 6 9 6 6 7 9 7 8 7 5 8 3 8 1 8 1 9 11 9 9 9 9 10 7 10 5 10 1 11 9 11 5 11 8 12 9 12 11 12 8 13 11 13 10 13 10 14 11 14 1 14 10 15 1 15 0 15 10 16 0 16 2 16 2 17 4 17 6 17 6 18 8 18 10 18 2 19 6 19 10 19</p></triangles></mesh></geometry><geometry id="mesh9"><mesh><source id="mesh9-positions"><float_array id="mesh9-array" count="144">-5.005511560796094e-09 0.04549999535083771 0.03315000236034393 -5.005511560796094e-09 0.057499997317790985 0.03315000236034393 -0.008579857647418976 0.04549999535083771 0.0320204421877861 -0.008579857647418976 0.057499997317790985 0.032020438462495804 -0.016575006768107414 0.04549999535083771 0.028708742931485176 -0.016575006768107414 0.057499997317790985 0.028708741068840027 -0.02344059757888317 0.04549999535083771 0.023440590128302574 -0.02344059757888317 0.057499997317790985 0.023440588265657425 -0.028708750382065773 0.04549999535083771 0.016574997454881668 -0.028708750382065773 0.057500001043081284 0.01657499559223652 -0.0320204459130764 0.04549999535083771 0.00857984833419323 -0.0320204459130764 0.057500001043081284 0.00857984647154808 -0.03315000608563423 0.045499999076128006 -4.199358194512115e-09 -0.03315000608563423 0.057500001043081284 -5.8116649270800735e-09 -0.0320204459130764 0.045499999076128006 -0.008579855784773827 -0.0320204459130764 0.05750000476837158 -0.008579857647418976 -0.028708746656775475 0.045499999076128006 -0.016575004905462265 -0.028708746656775475 0.05750000476837158 -0.016575006768107414 -0.023440590128302574 0.045500002801418304 -0.023440593853592873 -0.023440590128302574 0.05750000476837158 -0.023440595716238022 -0.016574999317526817 0.045500002801418304 -0.028708746656775475 -0.016574999317526817 0.05750000476837158 -0.028708748519420624 -0.00857984833419323 0.045500002801418304 -0.0320204421877861 -0.00857984833419323 0.05750000476837158 -0.0320204459130764 5.005511560796094e-09 0.045500002801418304 -0.03315000236034393 5.005511560796094e-09 0.05750000476837158 -0.03315000236034393 0.008579857647418976 0.045500002801418304 -0.032020438462495804 0.008579857647418976 0.05750000476837158 -0.0320204421877861 0.016575006768107414 0.045500002801418304 -0.028708741068840027 0.016575006768107414 0.05750000476837158 -0.028708742931485176 0.02344059757888317 0.045500002801418304 -0.023440588265657425 0.02344059757888317 0.05750000476837158 -0.023440590128302574 0.028708750382065773 0.045499999076128006 -0.01657499559223652 0.028708750382065773 0.05750000476837158 -0.016574997454881668 0.0320204459130764 0.045499999076128006 -0.00857984647154808 0.0320204459130764 0.05750000476837158 -0.00857984833419323 0.03315000608563423 0.045499999076128006 5.8116649270800735e-09 0.03315000608563423 0.057500001043081284 4.199358194512115e-09 0.0320204459130764 0.04549999535083771 0.008579857647418976 0.0320204459130764 0.057500001043081284 0.008579855784773827 0.028708746656775475 0.04549999535083771 0.016575006768107414 0.028708746656775475 0.057500001043081284 0.016575004905462265 0.023440590128302574 0.04549999535083771 0.023440595716238022 0.023440590128302574 0.057499997317790985 0.023440593853592873 0.016574999317526817 0.04549999535083771 0.028708748519420624 0.016574999317526817 0.057499997317790985 0.028708746656775475 0.00857984833419323 0.04549999535083771 0.0320204459130764 0.00857984833419323 0.057499997317790985 0.0320204421877861</float_array><technique_common><accessor source="#mesh9-array" count="48" stride="3"><param name="X" type="float" /><param name="Y" type="float" /><param name="Z" type="float" /></accessor></technique_common></source><source id="mesh9-normals"><float_array id="mesh9-normals-array" count="276">-0.13052648305892944 1.3320936886884738e-07 0.9914448857307434 -0.13052648305892944 1.3320936886884738e-07 0.9914448857307434 -0.3826834261417389 1.2413137540079333e-07 0.9238796234130859 -0.3826834261417389 1.2413137540079333e-07 0.9238796234130859 -0.6087616086006165 1.0659402249757477e-07 0.793353259563446 -0.6087616086006165 1.0659402249757477e-07 0.793353259563446 -0.7933533787727356 8.179246435702225e-08 0.6087613701820374 -0.7933533787727356 8.179246435702225e-08 0.6087613701820374 -0.9238797426223755 5.1416872537402014e-08 0.3826832175254822 -0.9238797426223755 5.1416872537402014e-08 0.3826832175254822 -0.9914448857307434 1.7537349350504883e-08 0.13052621483802795 -0.9914448857307434 1.7537349350504883e-08 0.13052621483802795 -0.9914448857307434 -1.753738843035535e-08 -0.13052651286125183 -0.9914448857307434 -1.753738843035535e-08 -0.13052651286125183 -0.9238796234130859 -5.14169080645388e-08 -0.38268351554870605 -0.9238796234130859 -5.14169080645388e-08 -0.38268351554870605 -0.7933531999588013 -8.17925069895864e-08 -0.6087616682052612 -0.7933531999588013 -8.17925069895864e-08 -0.6087616682052612 -0.6087613105773926 -1.0659403670842948e-07 -0.7933534383773804 -0.6087613105773926 -1.0659403670842948e-07 -0.7933534383773804 -0.382683128118515 -1.2413140382250276e-07 -0.9238797426223755 -0.382683128118515 -1.2413140382250276e-07 -0.9238797426223755 -0.13052618503570557 -1.3320936886884738e-07 -0.9914448857307434 -0.13052618503570557 -1.3320936886884738e-07 -0.9914448857307434 0.13052648305892944 -1.3320936886884738e-07 -0.9914448857307434 0.13052648305892944 -1.3320936886884738e-07 -0.9914448857307434 0.3826834261417389 -1.2413137540079333e-07 -0.9238796234130859 0.3826834261417389 -1.2413137540079333e-07 -0.9238796234130859 0.6087616086006165 -1.0659402249757477e-07 -0.793353259563446 0.6087616086006165 -1.0659402249757477e-07 -0.793353259563446 0.7933533787727356 -8.179246435702225e-08 -0.6087613701820374 0.7933533787727356 -8.179246435702225e-08 -0.6087613701820374 0.9238797426223755 -5.1416872537402014e-08 -0.3826832175254822 0.9238797426223755 -5.1416872537402014e-08 -0.3826832175254822 0.9914448857307434 -1.7537349350504883e-08 -0.13052621483802795 0.9914448857307434 -1.7537349350504883e-08 -0.13052621483802795 0.9914448857307434 1.753738843035535e-08 0.13052651286125183 0.9914448857307434 1.753738843035535e-08 0.13052651286125183 0.9238796234130859 5.14169080645388e-08 0.38268351554870605 0.9238796234130859 5.14169080645388e-08 0.38268351554870605 0.7933531999588013 8.17925069895864e-08 0.6087616682052612 0.7933531999588013 8.17925069895864e-08 0.6087616682052612 0.6087613105773926 1.0659403670842948e-07 0.7933534383773804 0.6087613105773926 1.0659403670842948e-07 0.7933534383773804 -2.028761815660307e-14 1.0 1.343588280633412e-07 -2.028761815660307e-14 1.0 1.343588280633412e-07 -2.028761815660307e-14 1.0 1.343588280633412e-07 -2.028761815660307e-14 1.0 1.343588280633412e-07 -2.028761815660307e-14 1.0 1.343588280633412e-07 -2.028761815660307e-14 1.0 1.343588280633412e-07 -2.028761815660307e-14 1.0 1.343588280633412e-07 -2.028761815660307e-14 1.0 1.343588280633412e-07 -2.028761815660307e-14 1.0 1.343588280633412e-07 -2.028761815660307e-14 1.0 1.343588280633412e-07 -2.028761815660307e-14 1.0 1.343588280633412e-07 -2.028761815660307e-14 1.0 1.343588280633412e-07 -2.028761815660307e-14 1.0 1.343588280633412e-07 -2.028761815660307e-14 1.0 1.343588280633412e-07 -2.028761815660307e-14 1.0 1.343588280633412e-07 -2.028761815660307e-14 1.0 1.343588280633412e-07 -2.028761815660307e-14 1.0 1.343588280633412e-07 -2.028761815660307e-14 1.0 1.343588280633412e-07 -2.028761815660307e-14 1.0 1.343588280633412e-07 -2.028761815660307e-14 1.0 1.343588280633412e-07 -2.028761815660307e-14 1.0 1.343588280633412e-07 -2.028761815660307e-14 1.0 1.343588280633412e-07 0.382683128118515 1.2413140382250276e-07 0.9238797426223755 0.382683128118515 1.2413140382250276e-07 0.9238797426223755 0.13052618503570557 1.3320936886884738e-07 0.9914448857307434 0.13052618503570557 1.3320936886884738e-07 0.9914448857307434 2.028761815660307e-14 -1.0 -1.343588280633412e-07 2.0287619850668966e-14 -1.0 -1.343588280633412e-07 2.0287619850668966e-14 -1.0 -1.343588280633412e-07 2.028761815660307e-14 -1.0 -1.343588280633412e-07 2.0287619850668966e-14 -1.0 -1.343588280633412e-07 2.0287619850668966e-14 -1.0 -1.343588280633412e-07 2.028761815660307e-14 -1.0 -1.343588280633412e-07 2.0287619850668966e-14 -1.0 -1.343588280633412e-07 2.0287619850668966e-14 -1.0 -1.343588280633412e-07 2.028761815660307e-14 -1.0 -1.343588280633412e-07 2.0287619850668966e-14 -1.0 -1.343588280633412e-07 2.0287619850668966e-14 -1.0 -1.343588280633412e-07 2.028761815660307e-14 -1.0 -1.343588280633412e-07 2.028761815660307e-14 -1.0 -1.343588280633412e-07 2.028761815660307e-14 -1.0 -1.343588280633412e-07 2.028761815660307e-14 -1.0 -1.343588280633412e-07 2.028761815660307e-14 -1.0 -1.343588280633412e-07 2.028761815660307e-14 -1.0 -1.343588280633412e-07 2.028761815660307e-14 -1.0 -1.343588280633412e-07 2.028761815660307e-14 -1.0 -1.343588280633412e-07 2.028761815660307e-14 -1.0 -1.343588280633412e-07 2.028761815660307e-14 -1.0 -1.343588280633412e-07</float_array><technique_common><accessor source="#mesh9-normals-array" count="92" stride="3"><param name="X" type="float" /><param name="Y" type="float" /><param name="Z" type="float" /></accessor></technique_common></source><vertices id="mesh9-vertices"><input semantic="POSITION" source="#mesh9-positions" /></vertices><triangles count="92" material="ivory"><input semantic="VERTEX" source="#mesh9-vertices" offset="0" /><input semantic="NORMAL" source="#mesh9-normals" offset="1" /><p>0 0 1 0 3 0 0 1 3 1 2 1 2 2 3 2 5 2 2 3 5 3 4 3 4 4 5 4 7 4 4 5 7 5 6 5 6 6 7 6 9 6 6 7 9 7 8 7 8 8 9 8 11 8 8 9 11 9 10 9 10 10 11 10 13 10 10 11 13 11 12 11 12 12 13 12 15 12 12 13 15 13 14 13 14 14 15 14 17 14 14 15 17 15 16 15 16 16 17 16 19 16 16 17 19 17 18 17 18 18 19 18 21 18 18 19 21 19 20 19 20 20 21 20 23 20 20 21 23 21 22 21 22 22 23 22 25 22 22 23 25 23 24 23 24 24 25 24 27 24 24 25 27 25 26 25 26 26 27 26 29 26 26 27 29 27 28 27 28 28 29 28 31 28 28 29 31 29 30 29 30 30 31 30 33 30 30 31 33 31 32 31 32 32 33 32 35 32 32 33 35 33 34 33 34 34 35 34 37 34 34 35 37 35 36 35 36 36 37 36 39 36 36 37 39 37 38 37 38 38 39 38 41 38 38 39 41 39 40 39 40 40 41 40 43 40 40 41 43 41 42 41 42 42 43 42 45 42 42 43 45 43 44 43 5 44 3 44 1 44 1 45 47 45 45 45 45 46 43 46 41 46 41 47 39 47 37 47 37 48 35 48 33 48 33 49 31 49 29 49 29 50 27 50 25 50 25 51 23 51 21 51 21 52 19 52 17 52 17 53 15 53 13 53 13 54 11 54 9 54 9 55 7 55 5 55 5 56 1 56 45 56 45 57 41 57 37 57 37 58 33 58 29 58 29 59 25 59 21 59 21 60 17 60 13 60 13 61 9 61 5 61 5 62 45 62 37 62 37 63 29 63 21 63 21 64 13 64 5 64 37 65 21 65 5 65 44 66 45 66 47 66 44 67 47 67 46 67 46 68 47 68 1 68 46 69 1 69 0 69 46 70 0 70 2 70 2 71 4 71 6 71 6 72 8 72 10 72 10 73 12 73 14 73 14 74 16 74 18 74 18 75 20 75 22 75 22 76 24 76 26 76 26 77 28 77 30 77 30 78 32 78 34 78 34 79 36 79 38 79 38 80 40 80 42 80 42 81 44 81 46 81 46 82 2 82 6 82 6 83 10 83 14 83 14 84 18 84 22 84 22 85 26 85 30 85 30 86 34 86 38 86 38 87 42 87 46 87 46 88 6 88 14 88 14 89 22 89 30 89 30 90 38 90 46 90 14 91 30 91 46 91</p></triangles></mesh></geometry><geometry id="mesh10"><mesh><source id="mesh10-positions"><float_array id="mesh10-array" count="144">-2.5910884549062985e-09 0.04249999672174454 0.017160004004836082 -2.5910884549062985e-09 0.060499999672174454 0.017160000279545784 -0.004441338125616312 0.04249999672174454 0.016575289890170097 -0.004441338125616312 0.060499999672174454 0.016575288027524948 -0.00858000386506319 0.04249999672174454 0.014860997907817364 -0.00858000386506319 0.060499999672174454 0.01486099511384964 -0.012133956886827946 0.04249999672174454 0.012133953161537647 -0.012133956886827946 0.060499999672174454 0.012133951298892498 -0.014861000701785088 0.04249999672174454 0.008580000139772892 -0.014861000701785088 0.060499999672174454 0.008579997345805168 -0.016575291752815247 0.042500000447034836 0.004441333934664726 -0.016575291752815247 0.060499999672174454 0.00444133160635829 -0.017160004004836082 0.042500000447034836 -1.3818588495695394e-09 -0.017160004004836082 0.060499999672174454 -3.8003182822876624e-09 -0.016575291752815247 0.042500000447034836 -0.00444133672863245 -0.016575291752815247 0.060499999672174454 -0.004441339056938887 -0.014860998839139938 0.042500000447034836 -0.008580002002418041 -0.014860998839139938 0.06050000339746475 -0.008580004796385765 -0.012133953161537647 0.042500000447034836 -0.012133955024182796 -0.012133953161537647 0.06050000339746475 -0.012133956886827946 -0.008580000139772892 0.042500000447034836 -0.014860997907817364 -0.008580000139772892 0.06050000339746475 -0.014861000701785088 -0.004441333469003439 0.042500000447034836 -0.016575289890170097 -0.004441333469003439 0.06050000339746475 -0.016575291752815247 2.5910884549062985e-09 0.042500000447034836 -0.017160000279545784 2.5910884549062985e-09 0.06050000339746475 -0.017160004004836082 0.004441338125616312 0.042500000447034836 -0.016575288027524948 0.004441338125616312 0.06050000339746475 -0.016575289890170097 0.00858000386506319 0.042500000447034836 -0.01486099511384964 0.00858000386506319 0.06050000339746475 -0.014860997907817364 0.012133956886827946 0.042500000447034836 -0.012133951298892498 0.012133956886827946 0.06050000339746475 -0.012133953161537647 0.014861000701785088 0.042500000447034836 -0.008579997345805168 0.014861000701785088 0.06050000339746475 -0.008580000139772892 0.016575291752815247 0.042500000447034836 -0.00444133160635829 0.016575291752815247 0.060499999672174454 -0.004441333934664726 0.017160004004836082 0.042500000447034836 3.8003182822876624e-09 0.017160004004836082 0.060499999672174454 1.3818588495695394e-09 0.016575291752815247 0.042500000447034836 0.004441339056938887 0.016575291752815247 0.060499999672174454 0.00444133672863245 0.014860998839139938 0.04249999672174454 0.008580004796385765 0.014860998839139938 0.060499999672174454 0.008580002002418041 0.012133953161537647 0.04249999672174454 0.012133956886827946 0.012133953161537647 0.060499999672174454 0.012133955024182796 0.008580000139772892 0.04249999672174454 0.014861000701785088 0.008580000139772892 0.060499999672174454 0.014860997907817364 0.004441333469003439 0.04249999672174454 0.016575291752815247 0.004441333469003439 0.060499999672174454 0.016575289890170097</float_array><technique_common><accessor source="#mesh10-array" count="48" stride="3"><param name="X" type="float" /><param name="Y" type="float" /><param name="Z" type="float" /></accessor></technique_common></source><source id="mesh10-normals"><float_array id="mesh10-normals-array" count="276">-0.13052619993686676 1.3320936886884738e-07 0.9914448857307434 -0.13052619993686676 1.3320936886884738e-07 0.9914448857307434 -0.3826836943626404 1.2413136118993862e-07 0.9238794445991516 -0.3826836943626404 1.2413136118993862e-07 0.9238794445991516 -0.6087616086006165 1.0659401539214741e-07 0.7933531999588013 -0.6087616086006165 1.0659401539214741e-07 0.7933531999588013 -0.7933533787727356 8.179247856787697e-08 0.6087614297866821 -0.7933533787727356 8.179247856787697e-08 0.6087614297866821 -0.9238795638084412 5.1416904511825123e-08 0.3826834559440613 -0.9238795638084412 5.1416904511825123e-08 0.3826834559440613 -0.9914448857307434 1.7537312047011255e-08 0.13052593171596527 -0.9914448857307434 1.7537312047011255e-08 0.13052593171596527 -0.9914448857307434 -1.7537351126861722e-08 -0.13052622973918915 -0.9914448857307434 -1.7537351126861722e-08 -0.13052622973918915 -0.9238794445991516 -5.141694003896191e-08 -0.38268375396728516 -0.9238794445991516 -5.141694003896191e-08 -0.38268375396728516 -0.7933531403541565 -8.17925069895864e-08 -0.6087616682052612 -0.7933531403541565 -8.17925069895864e-08 -0.6087616682052612 -0.6087613701820374 -1.0659404381385684e-07 -0.7933534383773804 -0.6087613701820374 -1.0659404381385684e-07 -0.7933534383773804 -0.3826833963394165 -1.2413138961164805e-07 -0.9238795638084412 -0.3826833963394165 -1.2413138961164805e-07 -0.9238795638084412 -0.13052590191364288 -1.3320936886884738e-07 -0.9914448857307434 -0.13052590191364288 -1.3320936886884738e-07 -0.9914448857307434 0.13052619993686676 -1.3320936886884738e-07 -0.9914448857307434 0.13052619993686676 -1.3320936886884738e-07 -0.9914448857307434 0.3826836943626404 -1.2413136118993862e-07 -0.9238794445991516 0.3826836943626404 -1.2413136118993862e-07 -0.9238794445991516 0.6087616086006165 -1.0659401539214741e-07 -0.7933531999588013 0.6087616086006165 -1.0659401539214741e-07 -0.7933531999588013 0.7933533787727356 -8.179247856787697e-08 -0.6087614297866821 0.7933533787727356 -8.179247856787697e-08 -0.6087614297866821 0.9238795638084412 -5.1416904511825123e-08 -0.3826834559440613 0.9238795638084412 -5.1416904511825123e-08 -0.3826834559440613 0.9914448857307434 -1.7537312047011255e-08 -0.13052593171596527 0.9914448857307434 -1.7537312047011255e-08 -0.13052593171596527 0.9914448857307434 1.7537351126861722e-08 0.13052622973918915 0.9914448857307434 1.7537351126861722e-08 0.13052622973918915 0.9238794445991516 5.141694003896191e-08 0.38268375396728516 0.9238794445991516 5.141694003896191e-08 0.38268375396728516 0.7933531403541565 8.17925069895864e-08 0.6087616682052612 0.7933531403541565 8.17925069895864e-08 0.6087616682052612 0.6087613701820374 1.0659404381385684e-07 0.7933534383773804 0.6087613701820374 1.0659404381385684e-07 0.7933534383773804 -2.0287619850668966e-14 1.0 1.343588280633412e-07 -2.0287619850668966e-14 1.0 1.343588280633412e-07 -2.028761815660307e-14 1.0 1.343588280633412e-07 -2.0287619850668966e-14 1.0 1.343588280633412e-07 -2.0287619850668966e-14 1.0 1.343588280633412e-07 -2.028761815660307e-14 1.0 1.343588280633412e-07 -2.0287619850668966e-14 1.0 1.343588280633412e-07 -2.0287619850668966e-14 1.0 1.343588280633412e-07 -2.028761815660307e-14 1.0 1.343588280633412e-07 -2.0287619850668966e-14 1.0 1.343588280633412e-07 -2.0287619850668966e-14 1.0 1.343588280633412e-07 -2.028761815660307e-14 1.0 1.343588280633412e-07 -2.028761815660307e-14 1.0 1.343588280633412e-07 -2.028761815660307e-14 1.0 1.343588280633412e-07 -2.028761815660307e-14 1.0 1.343588280633412e-07 -2.028761815660307e-14 1.0 1.343588280633412e-07 -2.028761815660307e-14 1.0 1.343588280633412e-07 -2.028761815660307e-14 1.0 1.343588280633412e-07 -2.028761815660307e-14 1.0 1.343588280633412e-07 -2.028761815660307e-14 1.0 1.343588280633412e-07 -2.028761815660307e-14 1.0 1.343588280633412e-07 -2.028761815660307e-14 1.0 1.343588280633412e-07 0.3826833963394165 1.2413138961164805e-07 0.9238795638084412 0.3826833963394165 1.2413138961164805e-07 0.9238795638084412 0.13052590191364288 1.3320936886884738e-07 0.9914448857307434 0.13052590191364288 1.3320936886884738e-07 0.9914448857307434 2.028761815660307e-14 -1.0 -1.343588280633412e-07 2.028761815660307e-14 -1.0 -1.343588280633412e-07 2.028761815660307e-14 -1.0 -1.343588280633412e-07 2.028761815660307e-14 -1.0 -1.343588280633412e-07 2.028761815660307e-14 -1.0 -1.343588280633412e-07 2.028761815660307e-14 -1.0 -1.343588280633412e-07 2.028761815660307e-14 -1.0 -1.343588280633412e-07 2.028761815660307e-14 -1.0 -1.343588280633412e-07 2.028761815660307e-14 -1.0 -1.343588280633412e-07 2.028761815660307e-14 -1.0 -1.343588280633412e-07 2.028761815660307e-14 -1.0 -1.343588280633412e-07 2.028761815660307e-14 -1.0 -1.343588280633412e-07 2.0287619850668966e-14 -1.0 -1.343588280633412e-07 2.0287619850668966e-14 -1.0 -1.343588280633412e-07 2.0287619850668966e-14 -1.0 -1.343588280633412e-07 2.0287619850668966e-14 -1.0 -1.343588280633412e-07 2.0287619850668966e-14 -1.0 -1.343588280633412e-07 2.0287619850668966e-14 -1.0 -1.343588280633412e-07 2.028761815660307e-14 -1.0 -1.343588280633412e-07 2.028761815660307e-14 -1.0 -1.343588280633412e-07 2.028761815660307e-14 -1.0 -1.343588280633412e-07 2.028761815660307e-14 -1.0 -1.343588280633412e-07</float_array><technique_common><accessor source="#mesh10-normals-array" count="92" stride="3"><param name="X" type="float" /><param name="Y" type="float" /><param name="Z" type="float" /></accessor></technique_common></source><vertices id="mesh10-vertices"><input semantic="POSITION" source="#mesh10-positions" /></vertices><triangles count="92" material="titanium"><input semantic="VERTEX" source="#mesh10-vertices" offset="0" /><input semantic="NORMAL" source="#mesh10-normals" offset="1" /><p>0 0 1 0 3 0 0 1 3 1 2 1 2 2 3 2 5 2 2 3 5 3 4 3 4 4 5 4 7 4 4 5 7 5 6 5 6 6 7 6 9 6 6 7 9 7 8 7 8 8 9 8 11 8 8 9 11 9 10 9 10 10 11 10 13 10 10 11 13 11 12 11 12 12 13 12 15 12 12 13 15 13 14 13 14 14 15 14 17 14 14 15 17 15 16 15 16 16 17 16 19 16 16 17 19 17 18 17 18 18 19 18 21 18 18 19 21 19 20 19 20 20 21 20 23 20 20 21 23 21 22 21 22 22 23 22 25 22 22 23 25 23 24 23 24 24 25 24 27 24 24 25 27 25 26 25 26 26 27 26 29 26 26 27 29 27 28 27 28 28 29 28 31 28 28 29 31 29 30 29 30 30 31 30 33 30 30 31 33 31 32 31 32 32 33 32 35 32 32 33 35 33 34 33 34 34 35 34 37 34 34 35 37 35 36 35 36 36 37 36 39 36 36 37 39 37 38 37 38 38 39 38 41 38 38 39 41 39 40 39 40 40 41 40 43 40 40 41 43 41 42 41 42 42 43 42 45 42 42 43 45 43 44 43 5 44 3 44 1 44 1 45 47 45 45 45 45 46 43 46 41 46 41 47 39 47 37 47 37 48 35 48 33 48 33 49 31 49 29 49 29 50 27 50 25 50 25 51 23 51 21 51 21 52 19 52 17 52 17 53 15 53 13 53 13 54 11 54 9 54 9 55 7 55 5 55 5 56 1 56 45 56 45 57 41 57 37 57 37 58 33 58 29 58 29 59 25 59 21 59 21 60 17 60 13 60 13 61 9 61 5 61 5 62 45 62 37 62 37 63 29 63 21 63 21 64 13 64 5 64 37 65 21 65 5 65 44 66 45 66 47 66 44 67 47 67 46 67 46 68 47 68 1 68 46 69 1 69 0 69 46 70 0 70 2 70 2 71 4 71 6 71 6 72 8 72 10 72 10 73 12 73 14 73 14 74 16 74 18 74 18 75 20 75 22 75 22 76 24 76 26 76 26 77 28 77 30 77 30 78 32 78 34 78 34 79 36 79 38 79 38 80 40 80 42 80 42 81 44 81 46 81 46 82 2 82 6 82 6 83 10 83 14 83 14 84 18 84 22 84 22 85 26 85 30 85 30 86 34 86 38 86 38 87 42 87 46 87 46 88 6 88 14 88 14 89 22 89 30 89 30 90 38 90 46 90 14 91 30 91 46 91</p></triangles></mesh></geometry><geometry id="mesh11"><mesh><source id="mesh11-positions"><float_array id="mesh11-array" count="36">0.02613000199198723 0.04150000214576721 0.0040000020526349545 0.02613000199198723 0.06149999797344208 0.003999999258667231 0.022665899246931076 0.04150000214576721 0.002000001259148121 0.022665899246931076 0.06149999797344208 0.001999998465180397 0.022665899246931076 0.04150000214576721 -0.0019999993965029716 0.022665899246931076 0.06149999797344208 -0.0020000021904706955 0.02613000199198723 0.04150000214576721 -0.003999999258667231 0.02613000199198723 0.06149999797344208 -0.0040000020526349545 0.02959410473704338 0.04150000214576721 -0.001999998465180397 0.02959410473704338 0.06149999797344208 -0.002000001259148121 0.02959410473704338 0.04150000214576721 0.0020000021904706955 0.02959410473704338 0.06149999797344208 0.0019999993965029716</float_array><technique_common><accessor source="#mesh11-array" count="12" stride="3"><param name="X" type="float" /><param name="Y" type="float" /><param name="Z" type="float" /></accessor></technique_common></source><source id="mesh11-normals"><float_array id="mesh11-normals-array" count="60">-0.5000000596046448 1.1635816576927027e-07 0.8660253882408142 -0.5000000596046448 1.1635816576927027e-07 0.8660253882408142 -1.0 -2.028762154473486e-14 -1.5099581673894136e-07 -1.0 -2.028762154473486e-14 -1.5099581673894136e-07 -0.49999985098838806 -1.1635817998012499e-07 -0.8660255074501038 -0.49999985098838806 -1.1635817998012499e-07 -0.8660255074501038 0.5000000596046448 -1.1635816576927027e-07 -0.8660253882408142 0.5000000596046448 -1.1635816576927027e-07 -0.8660253882408142 -2.028761815660307e-14 1.0 1.343588280633412e-07 -2.028761815660307e-14 1.0 1.343588280633412e-07 -2.028761815660307e-14 1.0 1.343588280633412e-07 -2.028761815660307e-14 1.0 1.343588280633412e-07 1.0 2.028762154473486e-14 1.5099581673894136e-07 1.0 2.028762154473486e-14 1.5099581673894136e-07 0.49999985098838806 1.1635817998012499e-07 0.8660255074501038 0.49999985098838806 1.1635817998012499e-07 0.8660255074501038 2.028761815660307e-14 -1.0 -1.343588280633412e-07 2.028761815660307e-14 -1.0 -1.343588280633412e-07 2.028761815660307e-14 -1.0 -1.343588280633412e-07 2.028761815660307e-14 -1.0 -1.343588280633412e-07</float_array><technique_common><accessor source="#mesh11-normals-array" count="20" stride="3"><param name="X" type="float" /><param name="Y" type="float" /><param name="Z" type="float" /></accessor></technique_common></source><vertices id="mesh11-vertices"><input semantic="POSITION" source="#mesh11-positions" /></vertices><triangles count="20" material="graphite"><input semantic="VERTEX" source="#mesh11-vertices" offset="0" /><input semantic="NORMAL" source="#mesh11-normals" offset="1" /><p>0 0 1 0 3 0 0 1 3 1 2 1 2 2 3 2 5 2 2 3 5 3 4 3 4 4 5 4 7 4 4 5 7 5 6 5 6 6 7 6 9 6 6 7 9 7 8 7 5 8 3 8 1 8 1 9 11 9 9 9 9 10 7 10 5 10 1 11 9 11 5 11 8 12 9 12 11 12 8 13 11 13 10 13 10 14 11 14 1 14 10 15 1 15 0 15 10 16 0 16 2 16 2 17 4 17 6 17 6 18 8 18 10 18 2 19 6 19 10 19</p></triangles></mesh></geometry><geometry id="mesh12"><mesh><source id="mesh12-positions"><float_array id="mesh12-array" count="36">0.01306500006467104 0.04150000214576721 0.026629246771335602 0.01306500006467104 0.06149999797344208 0.026629243046045303 0.009600898250937462 0.04150000214576721 0.024629244580864906 0.009600898250937462 0.06149999797344208 0.024629242718219757 0.009600898250937462 0.04150000214576721 0.020629243925213814 0.009600898250937462 0.06149999797344208 0.020629242062568665 0.013065001927316189 0.04150000214576721 0.018629245460033417 0.013065001927316189 0.06149999797344208 0.01862924173474312 0.016529103741049767 0.04150000214576721 0.020629245787858963 0.016529103741049767 0.06149999797344208 0.020629243925213814 0.016529103741049767 0.04150000214576721 0.024629246443510056 0.016529103741049767 0.06149999797344208 0.024629244580864906</float_array><technique_common><accessor source="#mesh12-array" count="12" stride="3"><param name="X" type="float" /><param name="Y" type="float" /><param name="Z" type="float" /></accessor></technique_common></source><source id="mesh12-normals"><float_array id="mesh12-normals-array" count="60">-0.5000000596046448 1.1635816576927027e-07 0.8660253882408142 -0.5000000596046448 1.1635816576927027e-07 0.8660253882408142 -1.0 -2.028762154473486e-14 -1.5099581673894136e-07 -1.0 -2.028762154473486e-14 -1.5099581673894136e-07 -0.49999985098838806 -1.1635817998012499e-07 -0.8660255074501038 -0.49999985098838806 -1.1635817998012499e-07 -0.8660255074501038 0.5000000596046448 -1.1635816576927027e-07 -0.8660253882408142 0.5000000596046448 -1.1635816576927027e-07 -0.8660253882408142 -2.028761815660307e-14 1.0 1.343588280633412e-07 -2.028761815660307e-14 1.0 1.343588280633412e-07 -2.028761815660307e-14 1.0 1.343588280633412e-07 -2.028761815660307e-14 1.0 1.343588280633412e-07 1.0 2.028762154473486e-14 1.5099581673894136e-07 1.0 2.028762154473486e-14 1.5099581673894136e-07 0.49999985098838806 1.1635817998012499e-07 0.8660255074501038 0.49999985098838806 1.1635817998012499e-07 0.8660255074501038 2.028761815660307e-14 -1.0 -1.343588280633412e-07 2.028761815660307e-14 -1.0 -1.343588280633412e-07 2.028761815660307e-14 -1.0 -1.343588280633412e-07 2.028761815660307e-14 -1.0 -1.343588280633412e-07</float_array><technique_common><accessor source="#mesh12-normals-array" count="20" stride="3"><param name="X" type="float" /><param name="Y" type="float" /><param name="Z" type="float" /></accessor></technique_common></source><vertices id="mesh12-vertices"><input semantic="POSITION" source="#mesh12-positions" /></vertices><triangles count="20" material="graphite"><input semantic="VERTEX" source="#mesh12-vertices" offset="0" /><input semantic="NORMAL" source="#mesh12-normals" offset="1" /><p>0 0 1 0 3 0 0 1 3 1 2 1 2 2 3 2 5 2 2 3 5 3 4 3 4 4 5 4 7 4 4 5 7 5 6 5 6 6 7 6 9 6 6 7 9 7 8 7 5 8 3 8 1 8 1 9 11 9 9 9 9 10 7 10 5 10 1 11 9 11 5 11 8 12 9 12 11 12 8 13 11 13 10 13 10 14 11 14 1 14 10 15 1 15 0 15 10 16 0 16 2 16 2 17 4 17 6 17 6 18 8 18 10 18 2 19 6 19 10 19</p></triangles></mesh></geometry><geometry id="mesh13"><mesh><source id="mesh13-positions"><float_array id="mesh13-array" count="36">-0.013065001927316189 0.04150000214576721 0.026629246771335602 -0.013065001927316189 0.06149999797344208 0.026629243046045303 -0.016529103741049767 0.04150000214576721 0.024629244580864906 -0.016529103741049767 0.06149999797344208 0.024629242718219757 -0.016529103741049767 0.04150000214576721 0.020629243925213814 -0.016529103741049767 0.06149999797344208 0.020629242062568665 -0.01306500006467104 0.04150000214576721 0.018629245460033417 -0.01306500006467104 0.06149999797344208 0.01862924173474312 -0.009600898250937462 0.04150000214576721 0.020629245787858963 -0.009600898250937462 0.06149999797344208 0.020629243925213814 -0.009600898250937462 0.04150000214576721 0.024629246443510056 -0.009600898250937462 0.06149999797344208 0.024629244580864906</float_array><technique_common><accessor source="#mesh13-array" count="12" stride="3"><param name="X" type="float" /><param name="Y" type="float" /><param name="Z" type="float" /></accessor></technique_common></source><source id="mesh13-normals"><float_array id="mesh13-normals-array" count="60">-0.5000000596046448 1.1635816576927027e-07 0.8660253882408142 -0.5000000596046448 1.1635816576927027e-07 0.8660253882408142 -1.0 -2.028762154473486e-14 -1.5099581673894136e-07 -1.0 -2.028762154473486e-14 -1.5099581673894136e-07 -0.49999985098838806 -1.1635817998012499e-07 -0.8660255074501038 -0.49999985098838806 -1.1635817998012499e-07 -0.8660255074501038 0.5000000596046448 -1.1635816576927027e-07 -0.8660253882408142 0.5000000596046448 -1.1635816576927027e-07 -0.8660253882408142 -2.028761815660307e-14 1.0 1.343588280633412e-07 -2.028761815660307e-14 1.0 1.343588280633412e-07 -2.028761815660307e-14 1.0 1.343588280633412e-07 -2.028761815660307e-14 1.0 1.343588280633412e-07 1.0 2.028762154473486e-14 1.5099581673894136e-07 1.0 2.028762154473486e-14 1.5099581673894136e-07 0.49999985098838806 1.1635817998012499e-07 0.8660255074501038 0.49999985098838806 1.1635817998012499e-07 0.8660255074501038 2.028761815660307e-14 -1.0 -1.343588280633412e-07 2.028761815660307e-14 -1.0 -1.343588280633412e-07 2.028761815660307e-14 -1.0 -1.343588280633412e-07 2.028761815660307e-14 -1.0 -1.343588280633412e-07</float_array><technique_common><accessor source="#mesh13-normals-array" count="20" stride="3"><param name="X" type="float" /><param name="Y" type="float" /><param name="Z" type="float" /></accessor></technique_common></source><vertices id="mesh13-vertices"><input semantic="POSITION" source="#mesh13-positions" /></vertices><triangles count="20" material="graphite"><input semantic="VERTEX" source="#mesh13-vertices" offset="0" /><input semantic="NORMAL" source="#mesh13-normals" offset="1" /><p>0 0 1 0 3 0 0 1 3 1 2 1 2 2 3 2 5 2 2 3 5 3 4 3 4 4 5 4 7 4 4 5 7 5 6 5 6 6 7 6 9 6 6 7 9 7 8 7 5 8 3 8 1 8 1 9 11 9 9 9 9 10 7 10 5 10 1 11 9 11 5 11 8 12 9 12 11 12 8 13 11 13 10 13 10 14 11 14 1 14 10 15 1 15 0 15 10 16 0 16 2 16 2 17 4 17 6 17 6 18 8 18 10 18 2 19 6 19 10 19</p></triangles></mesh></geometry><geometry id="mesh14"><mesh><source id="mesh14-positions"><float_array id="mesh14-array" count="36">-0.02613000199198723 0.04150000214576721 0.0040000020526349545 -0.02613000199198723 0.06149999797344208 0.003999999258667231 -0.02959410473704338 0.04150000214576721 0.002000001259148121 -0.02959410473704338 0.06149999797344208 0.001999998465180397 -0.02959410473704338 0.04150000214576721 -0.0019999993965029716 -0.02959410473704338 0.06149999797344208 -0.0020000021904706955 -0.02613000199198723 0.04150000214576721 -0.003999999258667231 -0.02613000199198723 0.06149999797344208 -0.0040000020526349545 -0.022665899246931076 0.04150000214576721 -0.001999998465180397 -0.022665899246931076 0.06149999797344208 -0.002000001259148121 -0.022665899246931076 0.04150000214576721 0.0020000021904706955 -0.022665899246931076 0.06149999797344208 0.0019999993965029716</float_array><technique_common><accessor source="#mesh14-array" count="12" stride="3"><param name="X" type="float" /><param name="Y" type="float" /><param name="Z" type="float" /></accessor></technique_common></source><source id="mesh14-normals"><float_array id="mesh14-normals-array" count="60">-0.5000000596046448 1.1635816576927027e-07 0.8660253882408142 -0.5000000596046448 1.1635816576927027e-07 0.8660253882408142 -1.0 -2.028762154473486e-14 -1.5099581673894136e-07 -1.0 -2.028762154473486e-14 -1.5099581673894136e-07 -0.49999985098838806 -1.1635817998012499e-07 -0.8660255074501038 -0.49999985098838806 -1.1635817998012499e-07 -0.8660255074501038 0.5000000596046448 -1.1635816576927027e-07 -0.8660253882408142 0.5000000596046448 -1.1635816576927027e-07 -0.8660253882408142 -2.028761815660307e-14 1.0 1.343588280633412e-07 -2.028761815660307e-14 1.0 1.343588280633412e-07 -2.028761815660307e-14 1.0 1.343588280633412e-07 -2.028761815660307e-14 1.0 1.343588280633412e-07 1.0 2.028762154473486e-14 1.5099581673894136e-07 1.0 2.028762154473486e-14 1.5099581673894136e-07 0.49999985098838806 1.1635817998012499e-07 0.8660255074501038 0.49999985098838806 1.1635817998012499e-07 0.8660255074501038 2.028761815660307e-14 -1.0 -1.343588280633412e-07 2.028761815660307e-14 -1.0 -1.343588280633412e-07 2.028761815660307e-14 -1.0 -1.343588280633412e-07 2.028761815660307e-14 -1.0 -1.343588280633412e-07</float_array><technique_common><accessor source="#mesh14-normals-array" count="20" stride="3"><param name="X" type="float" /><param name="Y" type="float" /><param name="Z" type="float" /></accessor></technique_common></source><vertices id="mesh14-vertices"><input semantic="POSITION" source="#mesh14-positions" /></vertices><triangles count="20" material="graphite"><input semantic="VERTEX" source="#mesh14-vertices" offset="0" /><input semantic="NORMAL" source="#mesh14-normals" offset="1" /><p>0 0 1 0 3 0 0 1 3 1 2 1 2 2 3 2 5 2 2 3 5 3 4 3 4 4 5 4 7 4 4 5 7 5 6 5 6 6 7 6 9 6 6 7 9 7 8 7 5 8 3 8 1 8 1 9 11 9 9 9 9 10 7 10 5 10 1 11 9 11 5 11 8 12 9 12 11 12 8 13 11 13 10 13 10 14 11 14 1 14 10 15 1 15 0 15 10 16 0 16 2 16 2 17 4 17 6 17 6 18 8 18 10 18 2 19 6 19 10 19</p></triangles></mesh></geometry><geometry id="mesh15"><mesh><source id="mesh15-positions"><float_array id="mesh15-array" count="36">-0.013065001927316189 0.04150000214576721 -0.01862924173474312 -0.013065001927316189 0.06149999797344208 -0.018629245460033417 -0.016529103741049767 0.04150000214576721 -0.020629243925213814 -0.016529103741049767 0.06149999797344208 -0.020629245787858963 -0.016529103741049767 0.04150000214576721 -0.024629244580864906 -0.016529103741049767 0.06149999797344208 -0.024629246443510056 -0.01306500006467104 0.04150000214576721 -0.026629243046045303 -0.01306500006467104 0.06149999797344208 -0.026629246771335602 -0.009600898250937462 0.04150000214576721 -0.024629242718219757 -0.009600898250937462 0.06149999797344208 -0.024629244580864906 -0.009600898250937462 0.04150000214576721 -0.020629242062568665 -0.009600898250937462 0.06149999797344208 -0.020629243925213814</float_array><technique_common><accessor source="#mesh15-array" count="12" stride="3"><param name="X" type="float" /><param name="Y" type="float" /><param name="Z" type="float" /></accessor></technique_common></source><source id="mesh15-normals"><float_array id="mesh15-normals-array" count="60">-0.5000000596046448 1.1635816576927027e-07 0.8660253882408142 -0.5000000596046448 1.1635816576927027e-07 0.8660253882408142 -1.0 -2.028762154473486e-14 -1.5099581673894136e-07 -1.0 -2.028762154473486e-14 -1.5099581673894136e-07 -0.49999985098838806 -1.1635817998012499e-07 -0.8660255074501038 -0.49999985098838806 -1.1635817998012499e-07 -0.8660255074501038 0.5000000596046448 -1.1635816576927027e-07 -0.8660253882408142 0.5000000596046448 -1.1635816576927027e-07 -0.8660253882408142 -2.028761815660307e-14 1.0 1.343588280633412e-07 -2.028761815660307e-14 1.0 1.343588280633412e-07 -2.028761815660307e-14 1.0 1.343588280633412e-07 -2.028761815660307e-14 1.0 1.343588280633412e-07 1.0 2.028762154473486e-14 1.5099581673894136e-07 1.0 2.028762154473486e-14 1.5099581673894136e-07 0.49999985098838806 1.1635817998012499e-07 0.8660255074501038 0.49999985098838806 1.1635817998012499e-07 0.8660255074501038 2.028761815660307e-14 -1.0 -1.343588280633412e-07 2.028761815660307e-14 -1.0 -1.343588280633412e-07 2.028761815660307e-14 -1.0 -1.343588280633412e-07 2.028761815660307e-14 -1.0 -1.343588280633412e-07</float_array><technique_common><accessor source="#mesh15-normals-array" count="20" stride="3"><param name="X" type="float" /><param name="Y" type="float" /><param name="Z" type="float" /></accessor></technique_common></source><vertices id="mesh15-vertices"><input semantic="POSITION" source="#mesh15-positions" /></vertices><triangles count="20" material="graphite"><input semantic="VERTEX" source="#mesh15-vertices" offset="0" /><input semantic="NORMAL" source="#mesh15-normals" offset="1" /><p>0 0 1 0 3 0 0 1 3 1 2 1 2 2 3 2 5 2 2 3 5 3 4 3 4 4 5 4 7 4 4 5 7 5 6 5 6 6 7 6 9 6 6 7 9 7 8 7 5 8 3 8 1 8 1 9 11 9 9 9 9 10 7 10 5 10 1 11 9 11 5 11 8 12 9 12 11 12 8 13 11 13 10 13 10 14 11 14 1 14 10 15 1 15 0 15 10 16 0 16 2 16 2 17 4 17 6 17 6 18 8 18 10 18 2 19 6 19 10 19</p></triangles></mesh></geometry><geometry id="mesh16"><mesh><source id="mesh16-positions"><float_array id="mesh16-array" count="36">0.01306500006467104 0.04150000214576721 -0.01862924173474312 0.01306500006467104 0.06149999797344208 -0.018629245460033417 0.009600898250937462 0.04150000214576721 -0.020629243925213814 0.009600898250937462 0.06149999797344208 -0.020629245787858963 0.009600898250937462 0.04150000214576721 -0.024629244580864906 0.009600898250937462 0.06149999797344208 -0.024629246443510056 0.013065001927316189 0.04150000214576721 -0.026629243046045303 0.013065001927316189 0.06149999797344208 -0.026629246771335602 0.016529103741049767 0.04150000214576721 -0.024629242718219757 0.016529103741049767 0.06149999797344208 -0.024629244580864906 0.016529103741049767 0.04150000214576721 -0.020629242062568665 0.016529103741049767 0.06149999797344208 -0.020629243925213814</float_array><technique_common><accessor source="#mesh16-array" count="12" stride="3"><param name="X" type="float" /><param name="Y" type="float" /><param name="Z" type="float" /></accessor></technique_common></source><source id="mesh16-normals"><float_array id="mesh16-normals-array" count="60">-0.5000000596046448 1.1635816576927027e-07 0.8660253882408142 -0.5000000596046448 1.1635816576927027e-07 0.8660253882408142 -1.0 -2.028762154473486e-14 -1.5099581673894136e-07 -1.0 -2.028762154473486e-14 -1.5099581673894136e-07 -0.49999985098838806 -1.1635817998012499e-07 -0.8660255074501038 -0.49999985098838806 -1.1635817998012499e-07 -0.8660255074501038 0.5000000596046448 -1.1635816576927027e-07 -0.8660253882408142 0.5000000596046448 -1.1635816576927027e-07 -0.8660253882408142 -2.028761815660307e-14 1.0 1.343588280633412e-07 -2.028761815660307e-14 1.0 1.343588280633412e-07 -2.028761815660307e-14 1.0 1.343588280633412e-07 -2.028761815660307e-14 1.0 1.343588280633412e-07 1.0 2.028762154473486e-14 1.5099581673894136e-07 1.0 2.028762154473486e-14 1.5099581673894136e-07 0.49999985098838806 1.1635817998012499e-07 0.8660255074501038 0.49999985098838806 1.1635817998012499e-07 0.8660255074501038 2.028761815660307e-14 -1.0 -1.343588280633412e-07 2.028761815660307e-14 -1.0 -1.343588280633412e-07 2.028761815660307e-14 -1.0 -1.343588280633412e-07 2.028761815660307e-14 -1.0 -1.343588280633412e-07</float_array><technique_common><accessor source="#mesh16-normals-array" count="20" stride="3"><param name="X" type="float" /><param name="Y" type="float" /><param name="Z" type="float" /></accessor></technique_common></source><vertices id="mesh16-vertices"><input semantic="POSITION" source="#mesh16-positions" /></vertices><triangles count="20" material="graphite"><input semantic="VERTEX" source="#mesh16-vertices" offset="0" /><input semantic="NORMAL" source="#mesh16-normals" offset="1" /><p>0 0 1 0 3 0 0 1 3 1 2 1 2 2 3 2 5 2 2 3 5 3 4 3 4 4 5 4 7 4 4 5 7 5 6 5 6 6 7 6 9 6 6 7 9 7 8 7 5 8 3 8 1 8 1 9 11 9 9 9 9 10 7 10 5 10 1 11 9 11 5 11 8 12 9 12 11 12 8 13 11 13 10 13 10 14 11 14 1 14 10 15 1 15 0 15 10 16 0 16 2 16 2 17 4 17 6 17 6 18 8 18 10 18 2 19 6 19 10 19</p></triangles></mesh></geometry><geometry id="mesh17"><mesh><source id="mesh17-positions"><float_array id="mesh17-array" count="72">-0.054999999701976776 -7.494005714004827e-18 0.03375000134110451 -0.010999999940395355 -7.494005714004827e-18 0.03375000134110451 -0.054999999701976776 0.016875000670552254 0.02922835759818554 -0.010999999940395355 0.016875000670552254 0.02922835759818554 -0.054999999701976776 0.02922835759818554 0.016875000670552254 -0.010999999940395355 0.02922835759818554 0.016875000670552254 -0.054999999701976776 0.03375000134110451 4.884981281880909e-18 -0.010999999940395355 0.03375000134110451 -4.884981281880909e-18 -0.054999999701976776 0.02922835759818554 -0.016875000670552254 -0.010999999940395355 0.02922835759818554 -0.016875000670552254 -0.054999999701976776 0.016875000670552254 -0.02922835759818554 -0.010999999940395355 0.016875000670552254 -0.02922835759818554 -0.054999999701976776 7.494005714004827e-18 -0.03375000134110451 -0.010999999940395355 7.494005714004827e-18 -0.03375000134110451 -0.054999999701976776 -0.016875000670552254 -0.02922835759818554 -0.010999999940395355 -0.016875000670552254 -0.02922835759818554 -0.054999999701976776 -0.02922835759818554 -0.016875000670552254 -0.010999999940395355 -0.02922835759818554 -0.016875000670552254 -0.054999999701976776 -0.03375000134110451 4.884981281880909e-18 -0.010999999940395355 -0.03375000134110451 -4.884981281880909e-18 -0.054999999701976776 -0.02922835759818554 0.016875000670552254 -0.010999999940395355 -0.02922835759818554 0.016875000670552254 -0.054999999701976776 -0.016875000670552254 0.02922835759818554 -0.010999999940395355 -0.016875000670552254 0.02922835759818554</float_array><technique_common><accessor source="#mesh17-array" count="24" stride="3"><param name="X" type="float" /><param name="Y" type="float" /><param name="Z" type="float" /></accessor></technique_common></source><source id="mesh17-normals"><float_array id="mesh17-normals-array" count="132">2.1447861547258028e-16 0.2588191032409668 0.9659258127212524 2.1447861547258028e-16 0.2588191032409668 0.9659258127212524 1.5700924318127872e-16 0.7071067690849304 0.7071067690849304 1.5700924318127872e-16 0.7071067690849304 0.7071067690849304 5.746938552619136e-17 0.9659258127212524 0.2588191032409668 5.746938552619136e-17 0.9659258127212524 0.2588191032409668 -5.746938552619136e-17 0.9659258127212524 -0.2588191032409668 -5.746938552619136e-17 0.9659258127212524 -0.2588191032409668 -1.5700924318127872e-16 0.7071067690849304 -0.7071067690849304 -1.5700924318127872e-16 0.7071067690849304 -0.7071067690849304 -2.1447861547258028e-16 0.2588191032409668 -0.9659258127212524 -2.1447861547258028e-16 0.2588191032409668 -0.9659258127212524 -2.1447861547258028e-16 -0.2588191032409668 -0.9659258127212524 -2.1447861547258028e-16 -0.2588191032409668 -0.9659258127212524 -1.5700924318127872e-16 -0.7071067690849304 -0.7071067690849304 -1.5700924318127872e-16 -0.7071067690849304 -0.7071067690849304 -5.746938552619136e-17 -0.9659258127212524 -0.2588191032409668 -5.746938552619136e-17 -0.9659258127212524 -0.2588191032409668 5.746938552619136e-17 -0.9659258127212524 0.2588191032409668 5.746938552619136e-17 -0.9659258127212524 0.2588191032409668 1.0 2.220446049250313e-16 4.930380657631324e-32 1.0 2.220446049250313e-16 4.930380657631324e-32 1.0 2.220446049250313e-16 4.930380657631324e-32 1.0 2.220446049250313e-16 4.930380657631324e-32 1.0 2.220446049250313e-16 4.930380657631324e-32 1.0 2.220446049250313e-16 4.930380657631324e-32 1.0 2.220446049250313e-16 4.930380657631324e-32 1.0 2.220446049250313e-16 4.930380657631324e-32 1.0 2.220446049250313e-16 4.930380657631324e-32 1.0 2.220446049250313e-16 4.930380657631324e-32 1.5700924318127872e-16 -0.7071067690849304 0.7071067690849304 1.5700924318127872e-16 -0.7071067690849304 0.7071067690849304 2.1447861547258028e-16 -0.2588191032409668 0.9659258127212524 2.1447861547258028e-16 -0.2588191032409668 0.9659258127212524 -1.0 -2.220446049250313e-16 -4.930380657631324e-32 -1.0 -2.220446049250313e-16 -4.930380657631324e-32 -1.0 -2.220446049250313e-16 -4.930380657631324e-32 -1.0 -2.220446049250313e-16 -4.930380657631324e-32 -1.0 -2.220446049250313e-16 -4.930380657631324e-32 -1.0 -2.220446049250313e-16 -4.930380657631324e-32 -1.0 -2.220446049250313e-16 -4.930380657631324e-32 -1.0 -2.220446049250313e-16 -4.930380657631324e-32 -1.0 -2.220446049250313e-16 -4.930380657631324e-32 -1.0 -2.220446049250313e-16 -4.930380657631324e-32</float_array><technique_common><accessor source="#mesh17-normals-array" count="44" stride="3"><param name="X" type="float" /><param name="Y" type="float" /><param name="Z" type="float" /></accessor></technique_common></source><vertices id="mesh17-vertices"><input semantic="POSITION" source="#mesh17-positions" /></vertices><triangles count="44" material="graphite"><input semantic="VERTEX" source="#mesh17-vertices" offset="0" /><input semantic="NORMAL" source="#mesh17-normals" offset="1" /><p>0 0 1 0 3 0 0 1 3 1 2 1 2 2 3 2 5 2 2 3 5 3 4 3 4 4 5 4 7 4 4 5 7 5 6 5 6 6 7 6 9 6 6 7 9 7 8 7 8 8 9 8 11 8 8 9 11 9 10 9 10 10 11 10 13 10 10 11 13 11 12 11 12 12 13 12 15 12 12 13 15 13 14 13 14 14 15 14 17 14 14 15 17 15 16 15 16 16 17 16 19 16 16 17 19 17 18 17 18 18 19 18 21 18 18 19 21 19 20 19 5 20 3 20 1 20 1 21 23 21 21 21 21 22 19 22 17 22 17 23 15 23 13 23 13 24 11 24 9 24 9 25 7 25 5 25 5 26 1 26 21 26 21 27 17 27 13 27 13 28 9 28 5 28 21 29 13 29 5 29 20 30 21 30 23 30 20 31 23 31 22 31 22 32 23 32 1 32 22 33 1 33 0 33 22 34 0 34 2 34 2 35 4 35 6 35 6 36 8 36 10 36 10 37 12 37 14 37 14 38 16 38 18 38 18 39 20 39 22 39 22 40 2 40 6 40 6 41 10 41 14 41 14 42 18 42 22 42 6 43 14 43 22 43</p></triangles></mesh></geometry><geometry id="mesh18"><mesh><source id="mesh18-positions"><float_array id="mesh18-array" count="288">-0.05291179195046425 -0.029250001534819603 -0.015883561223745346 -0.04854615032672882 -0.03375000134110451 -0.01697496883571148 -0.049634359776973724 -0.029250001534819603 -0.021341409534215927 -0.052328553050756454 -0.0314970500767231 -0.016029367223381996 -0.0528719425201416 -0.029250001534819603 -0.018209723755717278 -0.052282411605119705 -0.03140195459127426 -0.018259083852171898 -0.04908953234553337 -0.03314881771802902 -0.01915532350540161 -0.05072610080242157 -0.03314881771802902 -0.016429979354143143 -0.0511542372405529 -0.03256484866142273 -0.01854112558066845 -0.0516689270734787 -0.029250001534819603 -0.020213080570101738 -0.04948897287249565 -0.0314970500767231 -0.020758068189024925 -0.051435455679893494 -0.03140195459127426 -0.019669506698846817 -0.01721234992146492 -0.029250001534819603 -0.024819469079375267 -0.022365640848875046 -0.029250001534819603 -0.02815859019756317 -0.02158653549849987 -0.03375000134110451 -0.02371487207710743 -0.018187329173088074 -0.029250001534819603 -0.02688843198120594 -0.01779828779399395 -0.0314970500767231 -0.02466948702931404 -0.018739907070994377 -0.03140195459127426 -0.026649022474884987 -0.022263118997216225 -0.0314970500767231 -0.027562513947486877 -0.02007889561355114 -0.029250001534819603 -0.028114087879657745 -0.02007162570953369 -0.03140195459127426 -0.027511920779943466 -0.01940387487411499 -0.03314881771802902 -0.024264033883810043 -0.0219771396368742 -0.03314881771802902 -0.025931404903531075 -0.01987028867006302 -0.03256484866142273 -0.026363570243120193 -0.014206962659955025 -0.029250001534819603 0.01734733209013939 -0.010787650011479855 -0.029250001534819603 0.011319469660520554 -0.015083168633282185 -0.03375000134110451 0.012866565957665443 -0.012195272371172905 -0.029250001534819603 0.015966998413205147 -0.014340214431285858 -0.0314970500767231 0.016739530488848686 -0.012414246797561646 -0.03140195459127426 0.015409995801746845 -0.011377708986401558 -0.0314970500767231 0.011516967788338661 -0.010940180160105228 -0.029250001534819603 0.013754411600530148 -0.011530623771250248 -0.03140195459127426 0.013852270320057869 -0.014661833643913269 -0.03314881771802902 0.015094822272658348 -0.01295442134141922 -0.03314881771802902 0.012084845453500748 -0.012640675529837608 -0.03256484866142273 0.0142520722001791 -0.04308820888400078 -0.029250001534819603 0.02353356033563614 -0.03779303655028343 -0.029250001534819603 0.026302669197320938 -0.03885917365550995 -0.03375000134110451 0.021894017234444618 -0.041986819356679916 -0.029250001534819603 0.02550823986530304 -0.04251918941736221 -0.0314970500767231 0.02330680564045906 -0.041456930339336395 -0.03140195459127426 0.025195399299263954 -0.03793143108487129 -0.0314970500767231 0.0257059708237648 -0.0400431752204895 -0.029250001534819603 0.02652466669678688 -0.04008854553103447 -0.03140195459127426 0.02591099590063095 -0.040966879576444626 -0.03314881771802902 0.022704994305968285 -0.03832276538014412 -0.03314881771802902 0.024087732657790184 -0.04036405682563782 -0.03256484866142273 0.024771707132458687 -0.05291179195046425 -0.029249999672174454 -0.015883561223745346 -0.049634359776973724 -0.029249999672174454 -0.021341409534215927 -0.04854615032672882 -0.02474999986588955 -0.01697496883571148 -0.0528719499707222 -0.029249999672174454 -0.018209725618362427 -0.05232856050133705 -0.027002952992916107 -0.016029369086027145 -0.0522824190557003 -0.027098048478364944 -0.018259085714817047 -0.04948898032307625 -0.027002952992916107 -0.020758070051670074 -0.051668934524059296 -0.029249999672174454 -0.020213082432746887 -0.05143546313047409 -0.027098048478364944 -0.019669506698846817 -0.05072610825300217 -0.025351183488965034 -0.016429981216788292 -0.04908953979611397 -0.025351183488965034 -0.01915532536804676 -0.0511542446911335 -0.025935154408216476 -0.0185411274433136 -0.022365640848875046 -0.029249999672174454 -0.02815859019756317 -0.01721234992146492 -0.029249999672174454 -0.024819469079375267 -0.02158653549849987 -0.02474999986588955 -0.02371487207710743 -0.02007889561355114 -0.029249999672174454 -0.028114087879657745 -0.022263118997216225 -0.027002952992916107 -0.027562513947486877 -0.02007162570953369 -0.027098048478364944 -0.027511920779943466 -0.01779828779399395 -0.027002952992916107 -0.02466948702931404 -0.018187329173088074 -0.029249999672174454 -0.02688843198120594 -0.018739907070994377 -0.027098048478364944 -0.026649022474884987 -0.0219771396368742 -0.025351183488965034 -0.025931404903531075 -0.01940387487411499 -0.025351183488965034 -0.024264033883810043 -0.01987028867006302 -0.025935154408216476 -0.026363570243120193 -0.01078764908015728 -0.029249999672174454 0.011319469660520554 -0.014206962659955025 -0.029249999672174454 0.01734733209013939 -0.015083168633282185 -0.02474999986588955 0.012866565957665443 -0.010940181091427803 -0.029249999672174454 0.013754411600530148 -0.011377708986401558 -0.027002952992916107 0.011516967788338661 -0.011530624702572823 -0.027098048478364944 0.013852269388735294 -0.014340214431285858 -0.027002952992916107 0.016739530488848686 -0.01219527330249548 -0.029249999672174454 0.015966998413205147 -0.012414246797561646 -0.027098048478364944 0.015409995801746845 -0.01295442134141922 -0.025351183488965034 0.012084845453500748 -0.014661834575235844 -0.025351183488965034 0.015094822272658348 -0.012640676461160183 -0.025935154408216476 0.0142520722001791 -0.04308820888400078 -0.029249999672174454 0.02353356033563614 -0.03885917365550995 -0.02474999986588955 0.021894017234444618 -0.03779303655028343 -0.029249999672174454 0.02630266733467579 -0.04251919686794281 -0.027002952992916107 0.023306801915168762 -0.04198682680726051 -0.029249999672174454 0.02550823614001274 -0.04145693778991699 -0.027098048478364944 0.025195395573973656 -0.038322772830724716 -0.025351183488965034 0.024087728932499886 -0.04096688702702522 -0.025351183488965034 0.022704992443323135 -0.040364064276218414 -0.025935154408216476 0.02477170340716839 -0.0400431826710701 -0.029249999672174454 0.026524662971496582 -0.03793143853545189 -0.027002952992916107 0.025705967098474503 -0.040088552981615067 -0.027098048478364944 0.025910992175340652</float_array><technique_common><accessor source="#mesh18-array" count="96" stride="3"><param name="X" type="float" /><param name="Y" type="float" /><param name="Z" type="float" /></accessor></technique_common></source><source id="mesh18-normals"><float_array id="mesh18-normals-array" count="564">0.9679535627365112 0.24925032258033752 0.030661005526781082 0.9644283056259155 0.26382768154144287 0.016521595418453217 0.7223908305168152 0.6900594234466553 0.04437945410609245 0.7223908305168152 0.6900594234466553 0.044379495084285736 0.3164880573749542 0.9317403435707092 0.17803208529949188 0.30587896704673767 0.9317403435707092 0.19569918513298035 0.3786539137363434 0.6900597214698792 0.6167972683906555 0.3786541223526001 0.6900599002838135 0.6167969107627869 0.46780723333358765 0.26382699608802795 0.843535304069519 0.4819445013999939 0.24924984574317932 0.8400023579597473 0.8367417454719543 0.21770155429840088 0.5024632811546326 0.8367427587509155 0.2177003026008606 0.5024622678756714 0.7000710964202881 0.5772103071212769 0.4203912615776062 -0.8711553812026978 0.26936668157577515 0.41052374243736267 -0.8684197068214417 0.254837304353714 0.42532941699028015 -0.5295976996421814 0.22691993415355682 0.8173332214355469 -0.5295978784561157 0.22692009806632996 0.8173331022262573 -0.03336881101131439 0.2548373341560364 0.9664080142974854 -0.01873812824487686 0.2693663239479065 0.9628555178642273 -0.04678025469183922 0.6977616548538208 0.7148008942604065 -0.04677999019622803 0.6977618932723999 0.7148006558418274 -0.18214932084083557 0.9361185431480408 0.3008384108543396 -0.20015370845794678 0.9361185431480408 0.28917238116264343 -0.6332944631576538 0.6977617740631104 0.3347634971141815 -0.6332942247390747 0.6977618932723999 0.33476370573043823 -0.4382484555244446 0.5920180678367615 0.6763526797294617 -0.5460795760154724 0.261562317609787 -0.7958531379699707 -0.5587020516395569 0.24726442992687225 -0.7916516661643982 -0.8501588702201843 0.2113327533006668 -0.4822535216808319 -0.8501582741737366 0.2113334685564041 -0.4822540283203125 -0.9661691784858704 0.24726375937461853 -0.07333320379257202 -0.9632986187934875 0.26156169176101685 -0.06034315004944801 -0.7341275215148926 0.6747957468032837 -0.07554833590984344 -0.7341278791427612 0.6747953295707703 -0.07554866373538971 -0.3427927792072296 0.9212669134140015 -0.18374009430408478 -0.33360061049461365 0.9212669134140015 -0.19994471967220306 -0.44153910875320435 0.674795389175415 -0.591349720954895 -0.44153881072998047 0.6747951507568359 -0.5913500785827637 -0.7257294654846191 0.5512197613716125 -0.41167151927948 0.8397047519683838 0.27485236525535583 -0.46835047006607056 0.8358525037765503 0.260428249835968 -0.48324713110923767 0.4503113627433777 0.2360651195049286 -0.861099898815155 0.4503117799758911 0.23606561124324799 -0.8610994219779968 -0.07997003197669983 0.2604287266731262 -0.9621754884719849 -0.09440141916275024 0.27485188841819763 -0.956840991973877 -0.03641260787844658 0.7037440538406372 -0.7095199227333069 -0.036412715911865234 0.7037442326545715 -0.7095196843147278 0.14907364547252655 0.939338743686676 -0.30890101194381714 0.16865158081054688 0.9393386840820312 -0.2986627519130707 0.6034979224205017 0.7037443518638611 -0.37487897276878357 0.6034978032112122 0.7037443518638611 -0.37487897276878357 0.3692391514778137 0.6042579412460327 -0.7060699462890625 0.9644283652305603 -0.26382797956466675 0.016518494114279747 0.9679543972015381 -0.24924752116203308 0.030660906806588173 0.8367418050765991 -0.21770109236240387 0.5024632811546326 0.8367420434951782 -0.21770179271697998 0.5024625062942505 0.48194536566734314 -0.24924787878990173 0.8400025963783264 0.4678051769733429 -0.263827919960022 0.8435360789299011 0.3786546587944031 -0.6900591850280762 0.6167973875999451 0.37865445017814636 -0.6900593042373657 0.6167973279953003 0.30587801337242126 -0.931740403175354 0.19570019841194153 0.3164885342121124 -0.931740403175354 0.17803074419498444 0.7223911881446838 -0.6900590062141418 0.04437948390841484 0.7223908305168152 -0.6900593042373657 0.04438002035021782 0.7000710368156433 -0.5772100687026978 0.4203917384147644 -0.018738115206360817 -0.2693665027618408 0.9628553986549377 -0.03336881846189499 -0.2548375427722931 0.9664080142974854 -0.5295976996421814 -0.2269202619791031 0.8173331618309021 -0.529597818851471 -0.22692008316516876 0.8173331022262573 -0.8684197068214417 -0.2548375129699707 0.42532941699028015 -0.8711554408073425 -0.26936691999435425 0.41052377223968506 -0.6332946419715881 -0.6977613568305969 0.3347642421722412 -0.6332943439483643 -0.6977618932723999 0.33476343750953674 -0.20015445351600647 -0.9361183047294617 0.2891724407672882 -0.18214906752109528 -0.9361183643341064 0.3008391559123993 -0.04677998274564743 -0.6977612376213074 0.7148013114929199 -0.04678096994757652 -0.6977617740631104 0.7148007750511169 -0.4382484555244446 -0.5920181274414062 0.6763526797294617 -0.9632985591888428 -0.26156187057495117 -0.06034388765692711 -0.966168999671936 -0.24726423621177673 -0.07333362102508545 -0.8501588106155396 -0.21133317053318024 -0.48225343227386475 -0.8501588106155396 -0.21133312582969666 -0.4822535514831543 -0.5587020516395569 -0.24726462364196777 -0.7916516065597534 -0.5460797548294067 -0.2615622580051422 -0.7958530187606812 -0.44153937697410583 -0.6747950911521912 -0.5913498997688293 -0.44153904914855957 -0.6747952699661255 -0.5913497805595398 -0.33360087871551514 -0.9212667346000671 -0.1999455690383911 -0.3427934944629669 -0.9212666153907776 -0.18373998999595642 -0.7341279983520508 -0.6747951507568359 -0.07554899156093597 -0.7341279983520508 -0.6747951507568359 -0.07554900646209717 -0.7257297039031982 -0.5512198805809021 -0.4116710424423218 0.8358529806137085 -0.2604266107082367 -0.4832472801208496 0.8397057056427002 -0.27485254406929016 -0.4683486521244049 0.6034981608390808 -0.7037436962127686 -0.3748798370361328 0.6034978628158569 -0.7037443518638611 -0.3748789429664612 0.16865237057209015 -0.9393385648727417 -0.29866287112236023 0.14907297492027283 -0.9393385648727417 -0.30890193581581116 -0.036412809044122696 -0.7037436962127686 -0.7095202207565308 -0.03641194850206375 -0.703744113445282 -0.7095198631286621 -0.09440033882856369 -0.27485212683677673 -0.9568411111831665 -0.07996995002031326 -0.26042988896369934 -0.962175190448761 0.45031124353408813 -0.23606573045253754 -0.8610997200012207 0.4503118395805359 -0.23606520891189575 -0.8610995411872864 0.3692391812801361 -0.6042579412460327 -0.7060699462890625 0.9367476105690002 0.2607710361480713 -0.23345738649368286 0.9373183250427246 0.2584555447101593 -0.23374149203300476 0.6860888600349426 0.7071136236190796 -0.17109176516532898 0.6860950589179993 0.7071071863174438 -0.1710938662290573 0.25137344002723694 0.9658581018447876 -0.06268584728240967 0.25078344345092773 0.9660234451293945 -0.06250055879354477 -0.09196209162473679 0.9658570885658264 -0.2422047257423401 -0.09237801283597946 0.965604305267334 -0.24305254220962524 -0.251225084066391 0.7070918679237366 -0.66098952293396 -0.2512276768684387 0.7070863246917725 -0.6609944105148315 -0.34298795461654663 0.2607601583003998 -0.9024209380149841 -0.34235066175460815 0.2641919255256653 -0.9016643166542053 -0.2559874951839447 0.9656082987785339 0.045508887618780136 -0.2546919584274292 0.965965747833252 0.04519049823284149 -0.6962519288063049 0.7070868015289307 0.1235373467206955 -0.6962406635284424 0.7070984840393066 0.12353428453207016 -0.9496415853500366 0.2641785442829132 0.168495312333107 -0.9509032964706421 0.25923970341682434 0.169049471616745 0.06273525953292847 0.9659673571586609 0.25094106793403625 0.06266673654317856 0.9660236239433289 0.250741571187973 0.17145009338855743 0.707108736038208 0.6860045194625854 0.1714506447315216 0.7071071267127991 0.6860059499740601 0.2341786026954651 0.2592410445213318 0.9369922280311584 0.23429514467716217 0.25845447182655334 0.9371804594993591 0.2513858675956726 -0.965857207775116 -0.06265070289373398 0.25077369809150696 -0.9660236835479736 -0.06253629177808762 0.6860891580581665 -0.7071132063865662 -0.17109239101409912 0.6860954165458679 -0.7071068286895752 -0.1710934042930603 0.936713695526123 -0.2607734203338623 -0.2335907518863678 0.9373524188995361 -0.25845277309417725 -0.23360812664031982 0.23424409329891205 -0.2592400312423706 0.9369762539863586 0.2342296987771988 -0.25845327973365784 0.9371970891952515 0.17145027220249176 -0.7071083188056946 0.6860048174858093 0.17145051062107086 -0.7071067094802856 0.686006486415863 0.06271737068891525 -0.9659676551818848 0.2509442865848541 0.06268419325351715 -0.9660236239433289 0.250736802816391 -0.9495812654495239 -0.2641913890838623 0.16881448030471802 -0.9509616494178772 -0.2592339515686035 0.1687295287847519 -0.6962525844573975 -0.7070863246917725 0.12353640049695969 -0.6962408423423767 -0.7070980668067932 0.1235353872179985 -0.25601696968078613 -0.9656043648719788 0.04542560130357742 -0.25467103719711304 -0.9659673571586609 0.045274849981069565 -0.3426807224750519 -0.26077330112457275 -0.9025338292121887 -0.34265726804733276 -0.26417988538742065 -0.9015514850616455 -0.25122570991516113 -0.7070913910865784 -0.6609897017478943 -0.2512269914150238 -0.7070860266685486 -0.6609950065612793 -0.09204771369695663 -0.9658541679382324 -0.24218370020389557 -0.09229070693254471 -0.9656082987785339 -0.24307018518447876 0.4849884808063507 0.0 0.8745205998420715 0.16237492859363556 0.9422890543937683 0.29278936982154846 0.21070057153701782 0.9693279266357422 0.1265256553888321 0.21070057153701782 0.9693279266357422 0.1265256553888321 0.24155990779399872 0.9703770279884338 0.0041373795829713345 0.9998533725738525 0.0 0.017128461971879005 -0.9045912027359009 0.0 0.42628008127212524 -0.9045912027359009 0.0 0.42628008127212524 -0.5437831878662109 0.0 0.8392258286476135 -0.5437831878662109 0.0 0.8392258286476135 -0.01945730298757553 0.0 0.9998106956481934 -0.01945730298757553 0.0 0.9998106956481934 -0.5657763481140137 0.0 -0.8245587944984436 -0.5444118976593018 -0.2722059488296509 -0.7934226989746094 -0.7976364493370056 -0.3988182246685028 -0.4524601399898529 -0.7976364493370056 -0.3988182246685028 -0.4524601399898529 -0.8930265307426453 -0.44651326537132263 -0.05594184249639511 -0.8930265307426453 0.44651326537132263 -0.055941157042980194 0.8733412623405457 0.0 -0.4871090352535248 0.3222227096557617 0.9294474720954895 -0.1797216832637787 0.46188294887542725 0.08107688277959824 -0.8832274675369263 0.46188294887542725 0.08107688277959824 -0.8832274675369263 -0.03799048811197281 -0.92210453748703 -0.3850713074207306 -0.0695936381816864 -0.7053923606872559 -0.7053923606872559 0.9703200459480286 0.0 -0.24182434380054474 0.9703200459480286 0.0 -0.24182434380054474 0.0 1.0 0.0 0.0 1.0 0.0 0.24253566563129425 0.0 0.9701425433158875 0.24253566563129425 0.0 0.9701425433158875 -0.8833298087120056 0.4416649043560028 0.1570364236831665 -0.9845625162124634 0.0 0.1750333607196808 -0.2592969536781311 -0.6829220652580261 -0.6829220652580261 -0.35496237874031067 0.0 -0.9348806142807007 0.0 -1.0 0.0 0.0 -1.0 0.0</float_array><technique_common><accessor source="#mesh18-normals-array" count="188" stride="3"><param name="X" type="float" /><param name="Y" type="float" /><param name="Z" type="float" /></accessor></technique_common></source><vertices id="mesh18-vertices"><input semantic="POSITION" source="#mesh18-positions" /></vertices><triangles count="188" material="ivory"><input semantic="VERTEX" source="#mesh18-vertices" offset="0" /><input semantic="NORMAL" source="#mesh18-normals" offset="1" /><p>0 0 3 0 5 0 0 1 5 1 4 1 3 2 7 2 8 2 3 3 8 3 5 3 1 4 6 4 8 4 1 5 8 5 7 5 6 6 10 6 11 6 6 7 11 7 8 7 2 8 9 8 11 8 2 9 11 9 10 9 9 10 4 10 5 10 9 11 5 11 11 11 5 12 8 12 11 12 12 13 15 13 17 13 12 14 17 14 16 14 15 15 19 15 20 15 15 16 20 16 17 16 13 17 18 17 20 17 13 18 20 18 19 18 18 19 22 19 23 19 18 20 23 20 20 20 14 21 21 21 23 21 14 22 23 22 22 22 21 23 16 23 17 23 21 24 17 24 23 24 17 25 20 25 23 25 24 26 27 26 29 26 24 27 29 27 28 27 27 28 31 28 32 28 27 29 32 29 29 29 25 30 30 30 32 30 25 31 32 31 31 31 30 32 34 32 35 32 30 33 35 33 32 33 26 34 33 34 35 34 26 35 35 35 34 35 33 36 28 36 29 36 33 37 29 37 35 37 29 38 32 38 35 38 36 39 39 39 41 39 36 40 41 40 40 40 39 41 43 41 44 41 39 42 44 42 41 42 37 43 42 43 44 43 37 44 44 44 43 44 42 45 46 45 47 45 42 46 47 46 44 46 38 47 45 47 47 47 38 48 47 48 46 48 45 49 40 49 41 49 45 50 41 50 47 50 41 51 44 51 47 51 48 52 51 52 53 52 48 53 53 53 52 53 51 54 55 54 56 54 51 55 56 55 53 55 49 56 54 56 56 56 49 57 56 57 55 57 54 58 58 58 59 58 54 59 59 59 56 59 50 60 57 60 59 60 50 61 59 61 58 61 57 62 52 62 53 62 57 63 53 63 59 63 53 64 56 64 59 64 60 65 63 65 65 65 60 66 65 66 64 66 63 67 67 67 68 67 63 68 68 68 65 68 61 69 66 69 68 69 61 70 68 70 67 70 66 71 70 71 71 71 66 72 71 72 68 72 62 73 69 73 71 73 62 74 71 74 70 74 69 75 64 75 65 75 69 76 65 76 71 76 65 77 68 77 71 77 72 78 75 78 77 78 72 79 77 79 76 79 75 80 79 80 80 80 75 81 80 81 77 81 73 82 78 82 80 82 73 83 80 83 79 83 78 84 82 84 83 84 78 85 83 85 80 85 74 86 81 86 83 86 74 87 83 87 82 87 81 88 76 88 77 88 81 89 77 89 83 89 77 90 80 90 83 90 84 91 87 91 89 91 84 92 89 92 88 92 87 93 91 93 92 93 87 94 92 94 89 94 85 95 90 95 92 95 85 96 92 96 91 96 90 97 94 97 95 97 90 98 95 98 92 98 86 99 93 99 95 99 86 100 95 100 94 100 93 101 88 101 89 101 93 102 89 102 95 102 89 103 92 103 95 103 0 104 36 104 40 104 0 105 40 105 3 105 3 106 40 106 45 106 3 107 45 107 7 107 7 108 45 108 38 108 7 109 38 109 1 109 26 110 38 110 46 110 26 111 46 111 33 111 33 112 46 112 42 112 33 113 42 113 28 113 28 114 42 114 37 114 28 115 37 115 24 115 14 116 26 116 34 116 14 117 34 117 21 117 21 118 34 118 30 118 21 119 30 119 16 119 16 120 30 120 25 120 16 121 25 121 12 121 1 122 14 122 22 122 1 123 22 123 6 123 6 124 22 124 18 124 6 125 18 125 10 125 10 126 18 126 13 126 10 127 13 127 2 127 50 128 85 128 91 128 50 129 91 129 57 129 57 130 91 130 87 130 57 131 87 131 52 131 52 132 87 132 84 132 52 133 84 133 48 133 49 134 60 134 64 134 49 135 64 135 54 135 54 136 64 136 69 136 54 137 69 137 58 137 58 138 69 138 62 138 58 139 62 139 50 139 61 140 72 140 76 140 61 141 76 141 66 141 66 142 76 142 81 142 66 143 81 143 70 143 70 144 81 144 74 144 70 145 74 145 62 145 73 146 86 146 94 146 73 147 94 147 78 147 78 148 94 148 90 148 78 149 90 149 82 149 82 150 90 150 85 150 82 151 85 151 74 151 2 152 49 152 55 152 2 153 55 153 9 153 9 154 55 154 51 154 9 155 51 155 4 155 4 156 51 156 48 156 4 157 48 157 0 157 12 158 61 158 67 158 12 159 67 159 15 159 15 160 67 160 63 160 15 161 63 161 19 161 19 162 63 162 60 162 19 163 60 163 13 163 24 164 73 164 79 164 24 165 79 165 27 165 27 166 79 166 75 166 27 167 75 167 31 167 31 168 75 168 72 168 31 169 72 169 25 169 36 170 84 170 88 170 36 171 88 171 39 171 39 172 88 172 93 172 39 173 93 173 43 173 43 174 93 174 86 174 43 175 86 175 37 175 36 176 0 176 48 176 36 177 48 177 84 177 38 178 26 178 14 178 38 179 14 179 1 179 2 180 13 180 60 180 2 181 60 181 49 181 12 182 25 182 72 182 12 183 72 183 61 183 24 184 37 184 86 184 24 185 86 185 73 185 50 186 62 186 74 186 50 187 74 187 85 187</p></triangles></mesh></geometry><geometry id="mesh19"><mesh><source id="mesh19-positions"><float_array id="mesh19-array" count="288">-0.05291179195046425 0.029249999672174454 -0.015883561223745346 -0.04854615032672882 0.02474999986588955 -0.01697496883571148 -0.049634359776973724 0.029249999672174454 -0.021341409534215927 -0.052328553050756454 0.027002952992916107 -0.016029367223381996 -0.0528719425201416 0.029249999672174454 -0.018209723755717278 -0.052282411605119705 0.027098048478364944 -0.018259083852171898 -0.04908953234553337 0.025351183488965034 -0.01915532350540161 -0.05072610080242157 0.025351183488965034 -0.016429979354143143 -0.0511542372405529 0.025935154408216476 -0.01854112558066845 -0.0516689270734787 0.029249999672174454 -0.020213080570101738 -0.04948897287249565 0.027002952992916107 -0.020758068189024925 -0.051435455679893494 0.027098048478364944 -0.019669506698846817 -0.01721234992146492 0.029249999672174454 -0.024819469079375267 -0.022365640848875046 0.029249999672174454 -0.02815859019756317 -0.02158653549849987 0.02474999986588955 -0.02371487207710743 -0.018187329173088074 0.029249999672174454 -0.02688843198120594 -0.01779828779399395 0.027002952992916107 -0.02466948702931404 -0.018739907070994377 0.027098048478364944 -0.026649022474884987 -0.022263118997216225 0.027002952992916107 -0.027562513947486877 -0.02007889561355114 0.029249999672174454 -0.028114087879657745 -0.02007162570953369 0.027098048478364944 -0.027511920779943466 -0.01940387487411499 0.025351183488965034 -0.024264033883810043 -0.0219771396368742 0.025351183488965034 -0.025931404903531075 -0.01987028867006302 0.025935154408216476 -0.026363570243120193 -0.014206962659955025 0.029249999672174454 0.01734733209013939 -0.010787650011479855 0.029249999672174454 0.011319469660520554 -0.015083168633282185 0.02474999986588955 0.012866565957665443 -0.012195272371172905 0.029249999672174454 0.015966998413205147 -0.014340214431285858 0.027002952992916107 0.016739530488848686 -0.012414246797561646 0.027098048478364944 0.015409995801746845 -0.011377708986401558 0.027002952992916107 0.011516967788338661 -0.010940180160105228 0.029249999672174454 0.013754411600530148 -0.011530623771250248 0.027098048478364944 0.013852270320057869 -0.014661833643913269 0.025351183488965034 0.015094822272658348 -0.01295442134141922 0.025351183488965034 0.012084845453500748 -0.012640675529837608 0.025935154408216476 0.0142520722001791 -0.04308820888400078 0.029249999672174454 0.02353356033563614 -0.03779303655028343 0.029249999672174454 0.026302669197320938 -0.03885917365550995 0.02474999986588955 0.021894017234444618 -0.041986819356679916 0.029249999672174454 0.02550823986530304 -0.04251918941736221 0.027002952992916107 0.02330680564045906 -0.041456930339336395 0.027098048478364944 0.025195399299263954 -0.03793143108487129 0.027002952992916107 0.0257059708237648 -0.0400431752204895 0.029249999672174454 0.02652466669678688 -0.04008854553103447 0.027098048478364944 0.02591099590063095 -0.040966879576444626 0.025351183488965034 0.022704994305968285 -0.03832276538014412 0.025351183488965034 0.024087732657790184 -0.04036405682563782 0.025935154408216476 0.024771707132458687 -0.05291179195046425 0.029250001534819603 -0.015883561223745346 -0.049634359776973724 0.029250001534819603 -0.021341409534215927 -0.04854615032672882 0.03375000134110451 -0.01697496883571148 -0.0528719499707222 0.029250001534819603 -0.018209725618362427 -0.05232856050133705 0.0314970500767231 -0.016029369086027145 -0.0522824190557003 0.03140195459127426 -0.018259085714817047 -0.04948898032307625 0.0314970500767231 -0.020758070051670074 -0.051668934524059296 0.029250001534819603 -0.020213082432746887 -0.05143546313047409 0.03140195459127426 -0.019669506698846817 -0.05072610825300217 0.03314881771802902 -0.016429981216788292 -0.04908953979611397 0.03314881771802902 -0.01915532536804676 -0.0511542446911335 0.03256484866142273 -0.0185411274433136 -0.022365640848875046 0.029250001534819603 -0.02815859019756317 -0.01721234992146492 0.029250001534819603 -0.024819469079375267 -0.02158653549849987 0.03375000134110451 -0.02371487207710743 -0.02007889561355114 0.029250001534819603 -0.028114087879657745 -0.022263118997216225 0.0314970500767231 -0.027562513947486877 -0.02007162570953369 0.03140195459127426 -0.027511920779943466 -0.01779828779399395 0.0314970500767231 -0.02466948702931404 -0.018187329173088074 0.029250001534819603 -0.02688843198120594 -0.018739907070994377 0.03140195459127426 -0.026649022474884987 -0.0219771396368742 0.03314881771802902 -0.025931404903531075 -0.01940387487411499 0.03314881771802902 -0.024264033883810043 -0.01987028867006302 0.03256484866142273 -0.026363570243120193 -0.01078764908015728 0.029250001534819603 0.011319469660520554 -0.014206962659955025 0.029250001534819603 0.01734733209013939 -0.015083168633282185 0.03375000134110451 0.012866565957665443 -0.010940181091427803 0.029250001534819603 0.013754411600530148 -0.011377708986401558 0.0314970500767231 0.011516967788338661 -0.011530624702572823 0.03140195459127426 0.013852269388735294 -0.014340214431285858 0.0314970500767231 0.016739530488848686 -0.01219527330249548 0.029250001534819603 0.015966998413205147 -0.012414246797561646 0.03140195459127426 0.015409995801746845 -0.01295442134141922 0.03314881771802902 0.012084845453500748 -0.014661834575235844 0.03314881771802902 0.015094822272658348 -0.012640676461160183 0.03256484866142273 0.0142520722001791 -0.04308820888400078 0.029250001534819603 0.02353356033563614 -0.03885917365550995 0.03375000134110451 0.021894017234444618 -0.03779303655028343 0.029250001534819603 0.02630266733467579 -0.04251919686794281 0.0314970500767231 0.023306801915168762 -0.04198682680726051 0.029250001534819603 0.02550823614001274 -0.04145693778991699 0.03140195459127426 0.025195395573973656 -0.038322772830724716 0.03314881771802902 0.024087728932499886 -0.04096688702702522 0.03314881771802902 0.022704992443323135 -0.040364064276218414 0.03256484866142273 0.02477170340716839 -0.0400431826710701 0.029250001534819603 0.026524662971496582 -0.03793143853545189 0.0314970500767231 0.025705967098474503 -0.040088552981615067 0.03140195459127426 0.025910992175340652</float_array><technique_common><accessor source="#mesh19-array" count="96" stride="3"><param name="X" type="float" /><param name="Y" type="float" /><param name="Z" type="float" /></accessor></technique_common></source><source id="mesh19-normals"><float_array id="mesh19-normals-array" count="564">0.9679535627365112 0.24925056099891663 0.030661016702651978 0.9644283056259155 0.263827919960022 0.01652158796787262 0.7223912477493286 0.6900589466094971 0.04437985271215439 0.7223908305168152 0.6900594234466553 0.044379495084285736 0.31648874282836914 0.9317401051521301 0.17803184688091278 0.3058790862560272 0.9317400455474854 0.19569991528987885 0.37865403294563293 0.6900593042373657 0.6167975664138794 0.3786546289920807 0.6900597810745239 0.6167967319488525 0.46780720353126526 0.26382720470428467 0.8435351848602295 0.4819445013999939 0.24925003945827484 0.8400022983551025 0.8367417454719543 0.2177017331123352 0.5024632215499878 0.836742639541626 0.21770045161247253 0.5024621486663818 0.7000710964202881 0.5772103071212769 0.4203912615776062 -0.8711553812026978 0.26936694979667664 0.41052377223968506 -0.8684197068214417 0.2548375129699707 0.42532941699028015 -0.5295976996421814 0.22692012786865234 0.8173331618309021 -0.529597818851471 0.22692029178142548 0.8173331022262573 -0.03336881846189499 0.2548375427722931 0.9664080142974854 -0.018738120794296265 0.2693665623664856 0.9628553986549377 -0.046780649572610855 0.6977611780166626 0.7148013710975647 -0.04677999019622803 0.6977618932723999 0.7148006558418274 -0.18214909732341766 0.9361183643341064 0.3008391559123993 -0.20015445351600647 0.9361183047294617 0.2891724407672882 -0.6332948207855225 0.6977613568305969 0.33476367592811584 -0.6332941055297852 0.6977618336677551 0.3347642421722412 -0.4382484555244446 0.5920180678367615 0.6763526797294617 -0.5460795164108276 0.2615625262260437 -0.7958531975746155 -0.5587019920349121 0.24726462364196777 -0.7916516065597534 -0.8501588106155396 0.21133291721343994 -0.48225343227386475 -0.8501582741737366 0.21133367717266083 -0.4822540879249573 -0.9661691784858704 0.24726395308971405 -0.07333321124315262 -0.9632985591888428 0.26156187057495117 -0.06034315004944801 -0.734127938747406 0.6747952699661255 -0.07554873079061508 -0.7341278791427612 0.6747953295707703 -0.07554866373538971 -0.3427934944629669 0.9212666749954224 -0.18373990058898926 -0.333600789308548 0.9212666749954224 -0.19994542002677917 -0.4415391981601715 0.6747949719429016 -0.5913500189781189 -0.44153931736946106 0.6747950315475464 -0.5913498401641846 -0.7257294654846191 0.5512197613716125 -0.41167151927948 0.8397047519683838 0.27485260367393494 -0.46835047006607056 0.8358524441719055 0.26042845845222473 -0.48324713110923767 0.4503113329410553 0.2360653281211853 -0.8610998392105103 0.4503118097782135 0.2360658198595047 -0.8610994815826416 -0.07997001707553864 0.26042890548706055 -0.9621754884719849 -0.09440144151449203 0.2748521566390991 -0.9568410515785217 -0.03641223534941673 0.7037436366081238 -0.7095203399658203 -0.036412715911865234 0.7037442326545715 -0.7095196843147278 0.14907331764698029 0.9393385052680969 -0.30890172719955444 0.16865232586860657 0.9393385648727417 -0.298662930727005 0.6034982800483704 0.7037439346313477 -0.3748791515827179 0.6034975647926331 0.7037443518638611 -0.37487947940826416 0.3692391514778137 0.6042579412460327 -0.7060699462890625 0.9644283652305603 -0.26382777094841003 0.016518495976924896 0.9679543375968933 -0.24924731254577637 0.030660895630717278 0.8367418050765991 -0.21770091354846954 0.5024633407592773 0.8367421627044678 -0.21770162880420685 0.5024625658988953 0.48194536566734314 -0.2492476850748062 0.8400026559829712 0.46780529618263245 -0.26382774114608765 0.8435361981391907 0.3786541223526001 -0.6900596618652344 0.6167972087860107 0.37865445017814636 -0.6900593042373657 0.6167973279953003 0.3058778941631317 -0.9317405223846436 0.19569945335388184 0.31648778915405273 -0.9317405223846436 0.17803096771240234 0.7223907709121704 -0.6900594234466553 0.04437949135899544 0.7223908305168152 -0.6900593638420105 0.044379398226737976 0.7000710368156433 -0.5772100687026978 0.4203917384147644 -0.018738118931651115 -0.2693663239479065 0.9628555178642273 -0.03336881101131439 -0.2548373341560364 0.9664080142974854 -0.5295976996421814 -0.22692006826400757 0.8173332214355469 -0.5295979380607605 -0.22691990435123444 0.8173331618309021 -0.8684198260307312 -0.2548373341560364 0.42532944679260254 -0.8711555004119873 -0.2693667411804199 0.4105238616466522 -0.633294403553009 -0.6977617740631104 0.33476370573043823 -0.6332943439483643 -0.6977618932723999 0.33476343750953674 -0.20015370845794678 -0.9361185431480408 0.28917235136032104 -0.18214932084083557 -0.9361185431480408 0.300838440656662 -0.04677998647093773 -0.6977616548538208 0.7148009538650513 -0.04678040370345116 -0.6977618336677551 0.7148006558418274 -0.4382484555244446 -0.5920181274414062 0.6763526797294617 -0.9632985591888428 -0.26156163215637207 -0.06034388765692711 -0.9661691188812256 -0.2472640872001648 -0.07333362102508545 -0.8501588702201843 -0.2113330215215683 -0.4822535216808319 -0.8501588106155396 -0.21133293211460114 -0.4822535514831543 -0.5587020516395569 -0.24726442992687225 -0.7916516661643982 -0.5460798144340515 -0.2615620791912079 -0.7958531975746155 -0.44153881072998047 -0.6747955679893494 -0.591349720954895 -0.44153904914855957 -0.6747952699661255 -0.5913497805595398 -0.3336006700992584 -0.9212668538093567 -0.1999448537826538 -0.3427927792072296 -0.9212668538093567 -0.18374021351337433 -0.7341276407241821 -0.6747955679893494 -0.07554898411035538 -0.7341278791427612 -0.6747952699661255 -0.07554847747087479 -0.7257297039031982 -0.5512198805809021 -0.4116710424423218 0.8358529806137085 -0.2604263722896576 -0.4832472801208496 0.8397057056427002 -0.27485233545303345 -0.4683487117290497 0.6034979820251465 -0.703744113445282 -0.37487930059432983 0.6034978628158569 -0.7037443518638611 -0.3748789429664612 0.16865161061286926 -0.9393386840820312 -0.2986627221107483 0.14907331764698029 -0.9393386840820312 -0.30890122056007385 -0.03641275689005852 -0.703744113445282 -0.7095198631286621 -0.036412522196769714 -0.7037441730499268 -0.7095197439193726 -0.09440035372972488 -0.2748519480228424 -0.956841230392456 -0.07996996492147446 -0.260429710149765 -0.9621752500534058 0.4503113031387329 -0.23606553673744202 -0.8610997796058655 0.45031189918518066 -0.23606503009796143 -0.8610996007919312 0.3692391812801361 -0.6042579412460327 -0.7060699462890625 0.9367476105690002 0.2607712745666504 -0.23345738649368286 0.9373182654380798 0.258455753326416 -0.23374149203300476 0.686089277267456 0.7071132659912109 -0.17109185457229614 0.6860954165458679 0.7071067094802856 -0.17109395563602448 0.25137344002723694 0.9658581018447876 -0.06268584728240967 0.25078344345092773 0.9660234451293945 -0.06250055879354477 -0.09196209162473679 0.9658570885658264 -0.2422047257423401 -0.09237801283597946 0.965604305267334 -0.24305254220962524 -0.25122520327568054 0.7070914506912231 -0.6609898805618286 -0.25122782588005066 0.707085907459259 -0.6609947681427002 -0.34298795461654663 0.2607603669166565 -0.9024208784103394 -0.34235066175460815 0.264192134141922 -0.9016643166542053 -0.2559874951839447 0.9656082987785339 0.045508887618780136 -0.2546919584274292 0.965965747833252 0.04519049823284149 -0.6962523460388184 0.707086443901062 0.12353742867708206 -0.696241021156311 0.7070980668067932 0.12353435158729553 -0.9496415257453918 0.2641787528991699 0.1684952974319458 -0.9509032368659973 0.25923991203308105 0.1690494567155838 0.06273525953292847 0.9659673571586609 0.25094106793403625 0.06266673654317856 0.9660236239433289 0.250741571187973 0.1714501678943634 0.7071083188056946 0.6860048174858093 0.17145074903964996 0.7071067690849304 0.6860063672065735 0.2341786026954651 0.2592412531375885 0.9369921684265137 0.23429512977600098 0.25845468044281006 0.9371803998947144 0.2513858675956726 -0.965857207775116 -0.06265070289373398 0.25077369809150696 -0.9660236835479736 -0.06253629177808762 0.6860888004302979 -0.7071136236190796 -0.17109231650829315 0.6860950589179993 -0.7071073055267334 -0.17109332978725433 0.9367137551307678 -0.260773241519928 -0.23359078168869019 0.9373524188995361 -0.25845253467559814 -0.23360811173915863 0.23424407839775085 -0.2592397928237915 0.9369761943817139 0.23422971367835999 -0.2584531009197235 0.9371971487998962 0.1714501827955246 -0.707108736038208 0.6860044598579407 0.1714503914117813 -0.7071070671081543 0.6860060691833496 0.06271737068891525 -0.9659676551818848 0.2509442865848541 0.06268419325351715 -0.9660236239433289 0.250736802816391 -0.9495813250541687 -0.264191210269928 0.16881448030471802 -0.9509617686271667 -0.2592337727546692 0.16872955858707428 -0.696252167224884 -0.7070867419242859 0.12353632599115372 -0.6962404847145081 -0.7070984840393066 0.12353532761335373 -0.25601696968078613 -0.9656043648719788 0.04542560130357742 -0.25467103719711304 -0.9659673571586609 0.045274849981069565 -0.3426807224750519 -0.26077309250831604 -0.9025338292121887 -0.34265726804733276 -0.26417964696884155 -0.9015514850616455 -0.2512255907058716 -0.707091748714447 -0.6609893441200256 -0.25122687220573425 -0.707086443901062 -0.6609946489334106 -0.09204771369695663 -0.9658541679382324 -0.24218370020389557 -0.09229070693254471 -0.9656082987785339 -0.24307018518447876 0.4849884808063507 0.0 0.8745205998420715 0.16237492859363556 0.9422890543937683 0.29278936982154846 0.21070057153701782 0.9693279266357422 0.1265256553888321 0.21070057153701782 0.9693279266357422 0.1265256553888321 0.24155990779399872 0.9703770279884338 0.0041373795829713345 0.9998533725738525 0.0 0.017128461971879005 -0.9045912027359009 0.0 0.42628008127212524 -0.9045912027359009 0.0 0.42628008127212524 -0.5437831878662109 0.0 0.8392258286476135 -0.5437831878662109 0.0 0.8392258286476135 -0.01945730298757553 0.0 0.9998106956481934 -0.01945730298757553 0.0 0.9998106956481934 -0.5657763481140137 0.0 -0.8245587944984436 -0.5444118976593018 -0.2722059488296509 -0.7934226989746094 -0.7976364493370056 -0.3988182246685028 -0.4524601399898529 -0.7976364493370056 -0.3988182246685028 -0.4524601399898529 -0.8930265307426453 -0.44651326537132263 -0.05594184249639511 -0.8930265307426453 0.44651326537132263 -0.055941157042980194 0.8733412623405457 0.0 -0.4871090352535248 0.3222227096557617 0.9294474720954895 -0.1797216832637787 0.46188294887542725 0.08107688277959824 -0.8832274675369263 0.46188294887542725 0.08107688277959824 -0.8832274675369263 -0.03799048811197281 -0.92210453748703 -0.3850713074207306 -0.0695936381816864 -0.7053923606872559 -0.7053923606872559 0.9703200459480286 0.0 -0.24182434380054474 0.9703200459480286 0.0 -0.24182434380054474 0.0 1.0 0.0 0.0 1.0 0.0 0.24253566563129425 0.0 0.9701425433158875 0.24253566563129425 0.0 0.9701425433158875 -0.8833298087120056 0.4416649043560028 0.1570364236831665 -0.9845625162124634 0.0 0.1750333607196808 -0.2592969536781311 -0.6829220652580261 -0.6829220652580261 -0.35496237874031067 0.0 -0.9348806142807007 0.0 -1.0 0.0 0.0 -1.0 0.0</float_array><technique_common><accessor source="#mesh19-normals-array" count="188" stride="3"><param name="X" type="float" /><param name="Y" type="float" /><param name="Z" type="float" /></accessor></technique_common></source><vertices id="mesh19-vertices"><input semantic="POSITION" source="#mesh19-positions" /></vertices><triangles count="188" material="ivory"><input semantic="VERTEX" source="#mesh19-vertices" offset="0" /><input semantic="NORMAL" source="#mesh19-normals" offset="1" /><p>0 0 3 0 5 0 0 1 5 1 4 1 3 2 7 2 8 2 3 3 8 3 5 3 1 4 6 4 8 4 1 5 8 5 7 5 6 6 10 6 11 6 6 7 11 7 8 7 2 8 9 8 11 8 2 9 11 9 10 9 9 10 4 10 5 10 9 11 5 11 11 11 5 12 8 12 11 12 12 13 15 13 17 13 12 14 17 14 16 14 15 15 19 15 20 15 15 16 20 16 17 16 13 17 18 17 20 17 13 18 20 18 19 18 18 19 22 19 23 19 18 20 23 20 20 20 14 21 21 21 23 21 14 22 23 22 22 22 21 23 16 23 17 23 21 24 17 24 23 24 17 25 20 25 23 25 24 26 27 26 29 26 24 27 29 27 28 27 27 28 31 28 32 28 27 29 32 29 29 29 25 30 30 30 32 30 25 31 32 31 31 31 30 32 34 32 35 32 30 33 35 33 32 33 26 34 33 34 35 34 26 35 35 35 34 35 33 36 28 36 29 36 33 37 29 37 35 37 29 38 32 38 35 38 36 39 39 39 41 39 36 40 41 40 40 40 39 41 43 41 44 41 39 42 44 42 41 42 37 43 42 43 44 43 37 44 44 44 43 44 42 45 46 45 47 45 42 46 47 46 44 46 38 47 45 47 47 47 38 48 47 48 46 48 45 49 40 49 41 49 45 50 41 50 47 50 41 51 44 51 47 51 48 52 51 52 53 52 48 53 53 53 52 53 51 54 55 54 56 54 51 55 56 55 53 55 49 56 54 56 56 56 49 57 56 57 55 57 54 58 58 58 59 58 54 59 59 59 56 59 50 60 57 60 59 60 50 61 59 61 58 61 57 62 52 62 53 62 57 63 53 63 59 63 53 64 56 64 59 64 60 65 63 65 65 65 60 66 65 66 64 66 63 67 67 67 68 67 63 68 68 68 65 68 61 69 66 69 68 69 61 70 68 70 67 70 66 71 70 71 71 71 66 72 71 72 68 72 62 73 69 73 71 73 62 74 71 74 70 74 69 75 64 75 65 75 69 76 65 76 71 76 65 77 68 77 71 77 72 78 75 78 77 78 72 79 77 79 76 79 75 80 79 80 80 80 75 81 80 81 77 81 73 82 78 82 80 82 73 83 80 83 79 83 78 84 82 84 83 84 78 85 83 85 80 85 74 86 81 86 83 86 74 87 83 87 82 87 81 88 76 88 77 88 81 89 77 89 83 89 77 90 80 90 83 90 84 91 87 91 89 91 84 92 89 92 88 92 87 93 91 93 92 93 87 94 92 94 89 94 85 95 90 95 92 95 85 96 92 96 91 96 90 97 94 97 95 97 90 98 95 98 92 98 86 99 93 99 95 99 86 100 95 100 94 100 93 101 88 101 89 101 93 102 89 102 95 102 89 103 92 103 95 103 0 104 36 104 40 104 0 105 40 105 3 105 3 106 40 106 45 106 3 107 45 107 7 107 7 108 45 108 38 108 7 109 38 109 1 109 26 110 38 110 46 110 26 111 46 111 33 111 33 112 46 112 42 112 33 113 42 113 28 113 28 114 42 114 37 114 28 115 37 115 24 115 14 116 26 116 34 116 14 117 34 117 21 117 21 118 34 118 30 118 21 119 30 119 16 119 16 120 30 120 25 120 16 121 25 121 12 121 1 122 14 122 22 122 1 123 22 123 6 123 6 124 22 124 18 124 6 125 18 125 10 125 10 126 18 126 13 126 10 127 13 127 2 127 50 128 85 128 91 128 50 129 91 129 57 129 57 130 91 130 87 130 57 131 87 131 52 131 52 132 87 132 84 132 52 133 84 133 48 133 49 134 60 134 64 134 49 135 64 135 54 135 54 136 64 136 69 136 54 137 69 137 58 137 58 138 69 138 62 138 58 139 62 139 50 139 61 140 72 140 76 140 61 141 76 141 66 141 66 142 76 142 81 142 66 143 81 143 70 143 70 144 81 144 74 144 70 145 74 145 62 145 73 146 86 146 94 146 73 147 94 147 78 147 78 148 94 148 90 148 78 149 90 149 82 149 82 150 90 150 85 150 82 151 85 151 74 151 2 152 49 152 55 152 2 153 55 153 9 153 9 154 55 154 51 154 9 155 51 155 4 155 4 156 51 156 48 156 4 157 48 157 0 157 12 158 61 158 67 158 12 159 67 159 15 159 15 160 67 160 63 160 15 161 63 161 19 161 19 162 63 162 60 162 19 163 60 163 13 163 24 164 73 164 79 164 24 165 79 165 27 165 27 166 79 166 75 166 27 167 75 167 31 167 31 168 75 168 72 168 31 169 72 169 25 169 36 170 84 170 88 170 36 171 88 171 39 171 39 172 88 172 93 172 39 173 93 173 43 173 43 174 93 174 86 174 43 175 86 175 37 175 36 176 0 176 48 176 36 177 48 177 84 177 38 178 26 178 14 178 38 179 14 179 1 179 2 180 13 180 60 180 2 181 60 181 49 181 12 182 25 182 72 182 12 183 72 183 61 183 24 184 37 184 86 184 24 185 86 185 73 185 50 186 62 186 74 186 50 187 74 187 85 187</p></triangles></mesh></geometry><geometry id="mesh20"><mesh><source id="mesh20-positions"><float_array id="mesh20-array" count="144">-0.06800000369548798 -4.196642935144907e-18 0.01889999955892563 -0.00299999862909317 -4.196642935144907e-18 0.01889999955892563 -0.06800000369548798 0.004891679622232914 0.018255997449159622 -0.00299999862909317 0.004891679622232914 0.018255997449159622 -0.06800000369548798 0.009449999779462814 0.016367878764867783 -0.00299999862909317 0.009449999779462814 0.016367878764867783 -0.06800000369548798 0.013364317826926708 0.013364317826926708 -0.00299999862909317 0.013364317826926708 0.013364317826926708 -0.06800000369548798 0.016367878764867783 0.009449999779462814 -0.00299999862909317 0.016367878764867783 0.009449999779462814 -0.06800000369548798 0.018255997449159622 0.004891679622232914 -0.00299999862909317 0.018255997449159622 0.004891679622232914 -0.06800000369548798 0.01889999955892563 7.216450222546334e-18 -0.00299999862909317 0.01889999955892563 -7.216450222546334e-18 -0.06800000369548798 0.018255997449159622 -0.004891679622232914 -0.00299999862909317 0.018255997449159622 -0.004891679622232914 -0.06800000369548798 0.016367878764867783 -0.009449999779462814 -0.00299999862909317 0.016367878764867783 -0.009449999779462814 -0.06800000369548798 0.013364317826926708 -0.013364317826926708 -0.00299999862909317 0.013364317826926708 -0.013364317826926708 -0.06800000369548798 0.009449999779462814 -0.016367878764867783 -0.00299999862909317 0.009449999779462814 -0.016367878764867783 -0.06800000369548798 0.004891679622232914 -0.018255997449159622 -0.00299999862909317 0.004891679622232914 -0.018255997449159622 -0.06800000369548798 4.196642935144907e-18 -0.01889999955892563 -0.00299999862909317 4.196642935144907e-18 -0.01889999955892563 -0.06800000369548798 -0.004891679622232914 -0.018255997449159622 -0.00299999862909317 -0.004891679622232914 -0.018255997449159622 -0.06800000369548798 -0.009449999779462814 -0.016367878764867783 -0.00299999862909317 -0.009449999779462814 -0.016367878764867783 -0.06800000369548798 -0.013364317826926708 -0.013364317826926708 -0.00299999862909317 -0.013364317826926708 -0.013364317826926708 -0.06800000369548798 -0.016367878764867783 -0.009449999779462814 -0.00299999862909317 -0.016367878764867783 -0.009449999779462814 -0.06800000369548798 -0.018255997449159622 -0.004891679622232914 -0.00299999862909317 -0.018255997449159622 -0.004891679622232914 -0.06800000369548798 -0.01889999955892563 7.216450222546334e-18 -0.00299999862909317 -0.01889999955892563 -7.216450222546334e-18 -0.06800000369548798 -0.018255997449159622 0.004891679622232914 -0.00299999862909317 -0.018255997449159622 0.004891679622232914 -0.06800000369548798 -0.016367878764867783 0.009449999779462814 -0.00299999862909317 -0.016367878764867783 0.009449999779462814 -0.06800000369548798 -0.013364317826926708 0.013364317826926708 -0.00299999862909317 -0.013364317826926708 0.013364317826926708 -0.06800000369548798 -0.009449999779462814 0.016367878764867783 -0.00299999862909317 -0.009449999779462814 0.016367878764867783 -0.06800000369548798 -0.004891679622232914 0.018255997449159622 -0.00299999862909317 -0.004891679622232914 0.018255997449159622</float_array><technique_common><accessor source="#mesh20-array" count="48" stride="3"><param name="X" type="float" /><param name="Y" type="float" /><param name="Z" type="float" /></accessor></technique_common></source><source id="mesh20-normals"><float_array id="mesh20-normals-array" count="276">2.2014497472213593e-16 0.13052624464035034 0.9914448261260986 2.2014497472213593e-16 0.13052624464035034 0.9914448261260986 2.0514245950926577e-16 0.38268354535102844 0.9238795042037964 2.0514245950926577e-16 0.38268354535102844 0.9238795042037964 1.761598375555308e-16 0.6087613105773926 0.7933533787727356 1.761598375555308e-16 0.6087613105773926 0.7933533787727356 1.3517216470080142e-16 0.7933533787727356 0.6087613105773926 1.3517216470080142e-16 0.7933533787727356 0.6087613105773926 8.497281663877941e-17 0.9238795042037964 0.38268354535102844 8.497281663877941e-17 0.9238795042037964 0.38268354535102844 2.8982648423514577e-17 0.9914448261260986 0.13052624464035034 2.8982648423514577e-17 0.9914448261260986 0.13052624464035034 -2.8982648423514577e-17 0.9914448261260986 -0.13052624464035034 -2.8982648423514577e-17 0.9914448261260986 -0.13052624464035034 -8.497281663877941e-17 0.9238795042037964 -0.38268354535102844 -8.497281663877941e-17 0.9238795042037964 -0.38268354535102844 -1.3517216470080142e-16 0.7933533787727356 -0.6087613105773926 -1.3517216470080142e-16 0.7933533787727356 -0.6087613105773926 -1.761598375555308e-16 0.6087613105773926 -0.7933533787727356 -1.761598375555308e-16 0.6087613105773926 -0.7933533787727356 -2.0514245950926577e-16 0.38268354535102844 -0.9238795042037964 -2.0514245950926577e-16 0.38268354535102844 -0.9238795042037964 -2.2014497472213593e-16 0.13052624464035034 -0.9914448261260986 -2.2014497472213593e-16 0.13052624464035034 -0.9914448261260986 -2.2014497472213593e-16 -0.13052624464035034 -0.9914448261260986 -2.2014497472213593e-16 -0.13052624464035034 -0.9914448261260986 -2.0514245950926577e-16 -0.38268354535102844 -0.9238795042037964 -2.0514245950926577e-16 -0.38268354535102844 -0.9238795042037964 -1.761598375555308e-16 -0.6087613105773926 -0.7933533787727356 -1.761598375555308e-16 -0.6087613105773926 -0.7933533787727356 -1.3517216470080142e-16 -0.7933533787727356 -0.6087613105773926 -1.3517216470080142e-16 -0.7933533787727356 -0.6087613105773926 -8.497281663877941e-17 -0.9238795042037964 -0.38268354535102844 -8.497281663877941e-17 -0.9238795042037964 -0.38268354535102844 -2.8982648423514577e-17 -0.9914448261260986 -0.13052624464035034 -2.8982648423514577e-17 -0.9914448261260986 -0.13052624464035034 2.8982648423514577e-17 -0.9914448261260986 0.13052624464035034 2.8982648423514577e-17 -0.9914448261260986 0.13052624464035034 8.497281663877941e-17 -0.9238795042037964 0.38268354535102844 8.497281663877941e-17 -0.9238795042037964 0.38268354535102844 1.3517216470080142e-16 -0.7933533787727356 0.6087613105773926 1.3517216470080142e-16 -0.7933533787727356 0.6087613105773926 1.761598375555308e-16 -0.6087613105773926 0.7933533787727356 1.761598375555308e-16 -0.6087613105773926 0.7933533787727356 1.0 2.220446049250313e-16 4.930380657631324e-32 1.0 2.220446049250313e-16 4.930380657631324e-32 1.0 2.220446049250313e-16 4.930380657631324e-32 1.0 2.220446049250313e-16 4.930380657631324e-32 1.0 2.220446049250313e-16 4.930380657631324e-32 1.0 2.220446049250313e-16 4.930380657631324e-32 1.0 2.220446049250313e-16 4.930380657631324e-32 1.0 2.220446049250313e-16 4.930380657631324e-32 1.0 2.220446049250313e-16 4.930380657631324e-32 1.0 2.220446049250313e-16 4.930380657631324e-32 1.0 2.220446049250313e-16 4.930380657631324e-32 1.0 2.220446049250313e-16 4.930380657631324e-32 1.0 2.220446049250313e-16 4.930380657631324e-32 1.0 2.220446049250313e-16 4.930380657631324e-32 1.0 2.220446049250313e-16 4.930380657631324e-32 1.0 2.220446049250313e-16 4.930380657631324e-32 1.0 2.220446049250313e-16 4.930380657631324e-32 1.0 2.220446049250313e-16 4.930380657631324e-32 1.0 2.220446049250313e-16 4.930380657631324e-32 1.0 2.220446049250313e-16 4.930380657631324e-32 1.0 2.220446049250313e-16 4.930380657631324e-32 1.0 2.220446049250313e-16 4.930380657631324e-32 2.0514245950926577e-16 -0.38268354535102844 0.9238795042037964 2.0514245950926577e-16 -0.38268354535102844 0.9238795042037964 2.2014497472213593e-16 -0.13052624464035034 0.9914448261260986 2.2014497472213593e-16 -0.13052624464035034 0.9914448261260986 -1.0 -2.220446049250313e-16 -4.930380657631324e-32 -1.0 -2.220446049250313e-16 -4.930380657631324e-32 -1.0 -2.220446049250313e-16 -4.930380657631324e-32 -1.0 -2.220446049250313e-16 -4.930380657631324e-32 -1.0 -2.220446049250313e-16 -4.930380657631324e-32 -1.0 -2.220446049250313e-16 -4.930380657631324e-32 -1.0 -2.220446049250313e-16 -4.930380657631324e-32 -1.0 -2.220446049250313e-16 -4.930380657631324e-32 -1.0 -2.220446049250313e-16 -4.930380657631324e-32 -1.0 -2.220446049250313e-16 -4.930380657631324e-32 -1.0 -2.220446049250313e-16 -4.930380657631324e-32 -1.0 -2.220446049250313e-16 -4.930380657631324e-32 -1.0 -2.220446049250313e-16 -4.930380657631324e-32 -1.0 -2.220446049250313e-16 -4.930380657631324e-32 -1.0 -2.220446049250313e-16 -4.930380657631324e-32 -1.0 -2.220446049250313e-16 -4.930380657631324e-32 -1.0 -2.220446049250313e-16 -4.930380657631324e-32 -1.0 -2.220446049250313e-16 -4.930380657631324e-32 -1.0 -2.220446049250313e-16 -4.930380657631324e-32 -1.0 -2.220446049250313e-16 -4.930380657631324e-32 -1.0 -2.220446049250313e-16 -4.930380657631324e-32 -1.0 -2.220446049250313e-16 -4.930380657631324e-32</float_array><technique_common><accessor source="#mesh20-normals-array" count="92" stride="3"><param name="X" type="float" /><param name="Y" type="float" /><param name="Z" type="float" /></accessor></technique_common></source><vertices id="mesh20-vertices"><input semantic="POSITION" source="#mesh20-positions" /></vertices><triangles count="92" material="graphite"><input semantic="VERTEX" source="#mesh20-vertices" offset="0" /><input semantic="NORMAL" source="#mesh20-normals" offset="1" /><p>0 0 1 0 3 0 0 1 3 1 2 1 2 2 3 2 5 2 2 3 5 3 4 3 4 4 5 4 7 4 4 5 7 5 6 5 6 6 7 6 9 6 6 7 9 7 8 7 8 8 9 8 11 8 8 9 11 9 10 9 10 10 11 10 13 10 10 11 13 11 12 11 12 12 13 12 15 12 12 13 15 13 14 13 14 14 15 14 17 14 14 15 17 15 16 15 16 16 17 16 19 16 16 17 19 17 18 17 18 18 19 18 21 18 18 19 21 19 20 19 20 20 21 20 23 20 20 21 23 21 22 21 22 22 23 22 25 22 22 23 25 23 24 23 24 24 25 24 27 24 24 25 27 25 26 25 26 26 27 26 29 26 26 27 29 27 28 27 28 28 29 28 31 28 28 29 31 29 30 29 30 30 31 30 33 30 30 31 33 31 32 31 32 32 33 32 35 32 32 33 35 33 34 33 34 34 35 34 37 34 34 35 37 35 36 35 36 36 37 36 39 36 36 37 39 37 38 37 38 38 39 38 41 38 38 39 41 39 40 39 40 40 41 40 43 40 40 41 43 41 42 41 42 42 43 42 45 42 42 43 45 43 44 43 5 44 3 44 1 44 1 45 47 45 45 45 45 46 43 46 41 46 41 47 39 47 37 47 37 48 35 48 33 48 33 49 31 49 29 49 29 50 27 50 25 50 25 51 23 51 21 51 21 52 19 52 17 52 17 53 15 53 13 53 13 54 11 54 9 54 9 55 7 55 5 55 5 56 1 56 45 56 45 57 41 57 37 57 37 58 33 58 29 58 29 59 25 59 21 59 21 60 17 60 13 60 13 61 9 61 5 61 5 62 45 62 37 62 37 63 29 63 21 63 21 64 13 64 5 64 37 65 21 65 5 65 44 66 45 66 47 66 44 67 47 67 46 67 46 68 47 68 1 68 46 69 1 69 0 69 46 70 0 70 2 70 2 71 4 71 6 71 6 72 8 72 10 72 10 73 12 73 14 73 14 74 16 74 18 74 18 75 20 75 22 75 22 76 24 76 26 76 26 77 28 77 30 77 30 78 32 78 34 78 34 79 36 79 38 79 38 80 40 80 42 80 42 81 44 81 46 81 46 82 2 82 6 82 6 83 10 83 14 83 14 84 18 84 22 84 22 85 26 85 30 85 30 86 34 86 38 86 38 87 42 87 46 87 46 88 6 88 14 88 14 89 22 89 30 89 30 90 38 90 46 90 14 91 30 91 46 91</p></triangles></mesh></geometry><geometry id="mesh21"><mesh><source id="mesh21-positions"><float_array id="mesh21-array" count="144">-0.05700000002980232 -0.03240000084042549 0.004999999888241291 -0.008999999612569809 -0.03240000084042549 0.004999999888241291 -0.05700000002980232 -0.031105905771255493 0.004829628858715296 -0.008999999612569809 -0.031105905771255493 0.004829628858715296 -0.05700000002980232 -0.029900001361966133 0.0043301270343363285 -0.008999999612569809 -0.029900001361966133 0.0043301270343363285 -0.05700000002980232 -0.02886446751654148 0.0035355337895452976 -0.008999999612569809 -0.02886446751654148 0.0035355337895452976 -0.05700000002980232 -0.02806987427175045 0.0024999999441206455 -0.008999999612569809 -0.02806987427175045 0.0024999999441206455 -0.05700000002980232 -0.027570372447371483 0.00129409518558532 -0.008999999612569809 -0.027570372447371483 0.00129409518558532 -0.05700000002980232 -0.027400001883506775 5.329070564522866e-18 -0.008999999612569809 -0.027400001883506775 -5.329070564522866e-18 -0.05700000002980232 -0.027570372447371483 -0.00129409518558532 -0.008999999612569809 -0.027570372447371483 -0.00129409518558532 -0.05700000002980232 -0.02806987427175045 -0.0024999999441206455 -0.008999999612569809 -0.02806987427175045 -0.0024999999441206455 -0.05700000002980232 -0.02886446751654148 -0.0035355337895452976 -0.008999999612569809 -0.02886446751654148 -0.0035355337895452976 -0.05700000002980232 -0.029900001361966133 -0.0043301270343363285 -0.008999999612569809 -0.029900001361966133 -0.0043301270343363285 -0.05700000002980232 -0.031105905771255493 -0.004829628858715296 -0.008999999612569809 -0.031105905771255493 -0.004829628858715296 -0.05700000002980232 -0.03240000084042549 -0.004999999888241291 -0.008999999612569809 -0.03240000084042549 -0.004999999888241291 -0.05700000002980232 -0.03369409590959549 -0.004829628858715296 -0.008999999612569809 -0.03369409590959549 -0.004829628858715296 -0.05700000002980232 -0.03490000218153 -0.0043301270343363285 -0.008999999612569809 -0.03490000218153 -0.0043301270343363285 -0.05700000002980232 -0.03593553602695465 -0.0035355337895452976 -0.008999999612569809 -0.03593553602695465 -0.0035355337895452976 -0.05700000002980232 -0.03673012927174568 -0.0024999999441206455 -0.008999999612569809 -0.03673012927174568 -0.0024999999441206455 -0.05700000002980232 -0.03722963109612465 -0.00129409518558532 -0.008999999612569809 -0.03722963109612465 -0.00129409518558532 -0.05700000002980232 -0.03739999979734421 5.329070564522866e-18 -0.008999999612569809 -0.03739999979734421 -5.329070564522866e-18 -0.05700000002980232 -0.03722963109612465 0.00129409518558532 -0.008999999612569809 -0.03722963109612465 0.00129409518558532 -0.05700000002980232 -0.03673012927174568 0.0024999999441206455 -0.008999999612569809 -0.03673012927174568 0.0024999999441206455 -0.05700000002980232 -0.03593553602695465 0.0035355337895452976 -0.008999999612569809 -0.03593553602695465 0.0035355337895452976 -0.05700000002980232 -0.03490000218153 0.0043301270343363285 -0.008999999612569809 -0.03490000218153 0.0043301270343363285 -0.05700000002980232 -0.03369409590959549 0.004829628858715296 -0.008999999612569809 -0.03369409590959549 0.004829628858715296</float_array><technique_common><accessor source="#mesh21-array" count="48" stride="3"><param name="X" type="float" /><param name="Y" type="float" /><param name="Z" type="float" /></accessor></technique_common></source><source id="mesh21-normals"><float_array id="mesh21-normals-array" count="276">2.2014498795702573e-16 0.1305263340473175 0.9914448857307434 2.2014498795702573e-16 0.1305263340473175 0.9914448857307434 2.0514248597904537e-16 0.38268327713012695 0.9238796234130859 2.0514248597904537e-16 0.38268327713012695 0.9238796234130859 1.761598110857512e-16 0.6087614893913269 0.793353259563446 1.761598110857512e-16 0.6087614893913269 0.793353259563446 1.3517220440547082e-16 0.793353259563446 0.6087614893913269 1.3517220440547082e-16 0.793353259563446 0.6087614893913269 8.497275708177531e-17 0.9238796234130859 0.38268327713012695 8.497275708177531e-17 0.9238796234130859 0.38268327713012695 2.898266827584928e-17 0.9914448857307434 0.1305263340473175 2.898266827584928e-17 0.9914448857307434 0.1305263340473175 -2.898266827584928e-17 0.9914448857307434 -0.1305263340473175 -2.898266827584928e-17 0.9914448857307434 -0.1305263340473175 -8.497275708177531e-17 0.9238796234130859 -0.38268327713012695 -8.497275708177531e-17 0.9238796234130859 -0.38268327713012695 -1.3517220440547082e-16 0.793353259563446 -0.6087614893913269 -1.3517220440547082e-16 0.793353259563446 -0.6087614893913269 -1.761598110857512e-16 0.6087614893913269 -0.793353259563446 -1.761598110857512e-16 0.6087614893913269 -0.793353259563446 -2.0514248597904537e-16 0.38268327713012695 -0.9238796234130859 -2.0514248597904537e-16 0.38268327713012695 -0.9238796234130859 -2.2014498795702573e-16 0.1305263340473175 -0.9914448857307434 -2.2014498795702573e-16 0.1305263340473175 -0.9914448857307434 -2.2014498795702573e-16 -0.1305263340473175 -0.9914448857307434 -2.2014498795702573e-16 -0.1305263340473175 -0.9914448857307434 -2.0514248597904537e-16 -0.38268327713012695 -0.9238796234130859 -2.0514248597904537e-16 -0.38268327713012695 -0.9238796234130859 -1.761598110857512e-16 -0.6087614893913269 -0.793353259563446 -1.761598110857512e-16 -0.6087614893913269 -0.793353259563446 -1.3517220440547082e-16 -0.793353259563446 -0.6087614893913269 -1.3517220440547082e-16 -0.793353259563446 -0.6087614893913269 -8.497275708177531e-17 -0.9238796234130859 -0.38268327713012695 -8.497275708177531e-17 -0.9238796234130859 -0.38268327713012695 -2.898266827584928e-17 -0.9914448857307434 -0.1305263340473175 -2.898266827584928e-17 -0.9914448857307434 -0.1305263340473175 2.898266827584928e-17 -0.9914448857307434 0.1305263340473175 2.898266827584928e-17 -0.9914448857307434 0.1305263340473175 8.497275708177531e-17 -0.9238796234130859 0.38268327713012695 8.497275708177531e-17 -0.9238796234130859 0.38268327713012695 1.3517220440547082e-16 -0.793353259563446 0.6087614893913269 1.3517220440547082e-16 -0.793353259563446 0.6087614893913269 1.761598110857512e-16 -0.6087614893913269 0.793353259563446 1.761598110857512e-16 -0.6087614893913269 0.793353259563446 1.0 2.220446049250313e-16 4.930380657631324e-32 1.0 2.220446049250313e-16 4.930380657631324e-32 1.0 2.220446049250313e-16 4.930380657631324e-32 1.0 2.220446049250313e-16 4.930380657631324e-32 1.0 2.220446049250313e-16 4.930380657631324e-32 1.0 2.220446049250313e-16 4.930380657631324e-32 1.0 2.220446049250313e-16 4.930380657631324e-32 1.0 2.220446049250313e-16 4.930380657631324e-32 1.0 2.220446049250313e-16 4.930380657631324e-32 1.0 2.220446049250313e-16 4.930380657631324e-32 1.0 2.220446049250313e-16 4.930380657631324e-32 1.0 2.220446049250313e-16 4.930380657631324e-32 1.0 2.220446049250313e-16 4.930380657631324e-32 1.0 2.220446049250313e-16 4.930380657631324e-32 1.0 2.220446049250313e-16 4.930380657631324e-32 1.0 2.220446049250313e-16 4.930380657631324e-32 1.0 2.220446049250313e-16 4.930380657631324e-32 1.0 2.220446049250313e-16 4.930380657631324e-32 1.0 2.220446049250313e-16 4.930380657631324e-32 1.0 2.220446049250313e-16 4.930380657631324e-32 1.0 2.220446049250313e-16 4.930380657631324e-32 1.0 2.220446049250313e-16 4.930380657631324e-32 2.0514248597904537e-16 -0.38268327713012695 0.9238796234130859 2.0514248597904537e-16 -0.38268327713012695 0.9238796234130859 2.2014498795702573e-16 -0.1305263340473175 0.9914448857307434 2.2014498795702573e-16 -0.1305263340473175 0.9914448857307434 -1.0 -2.220446049250313e-16 -4.930380657631324e-32 -1.0 -2.220446049250313e-16 -4.930380657631324e-32 -1.0 -2.220446049250313e-16 -4.930380657631324e-32 -1.0 -2.220446049250313e-16 -4.930380657631324e-32 -1.0 -2.220446049250313e-16 -4.930380657631324e-32 -1.0 -2.220446049250313e-16 -4.930380657631324e-32 -1.0 -2.220446049250313e-16 -4.930380657631324e-32 -1.0 -2.220446049250313e-16 -4.930380657631324e-32 -1.0 -2.220446049250313e-16 -4.930380657631324e-32 -1.0 -2.220446049250313e-16 -4.930380657631324e-32 -1.0 -2.220446049250313e-16 -4.930380657631324e-32 -1.0 -2.220446049250313e-16 -4.930380657631324e-32 -1.0 -2.220446049250313e-16 -4.930380657631324e-32 -1.0 -2.220446049250313e-16 -4.930380657631324e-32 -1.0 -2.220446049250313e-16 -4.930380657631324e-32 -1.0 -2.220446049250313e-16 -4.930380657631324e-32 -1.0 -2.220446049250313e-16 -4.930380657631324e-32 -1.0 -2.220446049250313e-16 -4.930380657631324e-32 -1.0 -2.220446049250313e-16 -4.930380657631324e-32 -1.0 -2.220446049250313e-16 -4.930380657631324e-32 -1.0 -2.220446049250313e-16 -4.930380657631324e-32 -1.0 -2.220446049250313e-16 -4.930380657631324e-32</float_array><technique_common><accessor source="#mesh21-normals-array" count="92" stride="3"><param name="X" type="float" /><param name="Y" type="float" /><param name="Z" type="float" /></accessor></technique_common></source><vertices id="mesh21-vertices"><input semantic="POSITION" source="#mesh21-positions" /></vertices><triangles count="92" material="copper"><input semantic="VERTEX" source="#mesh21-vertices" offset="0" /><input semantic="NORMAL" source="#mesh21-normals" offset="1" /><p>0 0 1 0 3 0 0 1 3 1 2 1 2 2 3 2 5 2 2 3 5 3 4 3 4 4 5 4 7 4 4 5 7 5 6 5 6 6 7 6 9 6 6 7 9 7 8 7 8 8 9 8 11 8 8 9 11 9 10 9 10 10 11 10 13 10 10 11 13 11 12 11 12 12 13 12 15 12 12 13 15 13 14 13 14 14 15 14 17 14 14 15 17 15 16 15 16 16 17 16 19 16 16 17 19 17 18 17 18 18 19 18 21 18 18 19 21 19 20 19 20 20 21 20 23 20 20 21 23 21 22 21 22 22 23 22 25 22 22 23 25 23 24 23 24 24 25 24 27 24 24 25 27 25 26 25 26 26 27 26 29 26 26 27 29 27 28 27 28 28 29 28 31 28 28 29 31 29 30 29 30 30 31 30 33 30 30 31 33 31 32 31 32 32 33 32 35 32 32 33 35 33 34 33 34 34 35 34 37 34 34 35 37 35 36 35 36 36 37 36 39 36 36 37 39 37 38 37 38 38 39 38 41 38 38 39 41 39 40 39 40 40 41 40 43 40 40 41 43 41 42 41 42 42 43 42 45 42 42 43 45 43 44 43 5 44 3 44 1 44 1 45 47 45 45 45 45 46 43 46 41 46 41 47 39 47 37 47 37 48 35 48 33 48 33 49 31 49 29 49 29 50 27 50 25 50 25 51 23 51 21 51 21 52 19 52 17 52 17 53 15 53 13 53 13 54 11 54 9 54 9 55 7 55 5 55 5 56 1 56 45 56 45 57 41 57 37 57 37 58 33 58 29 58 29 59 25 59 21 59 21 60 17 60 13 60 13 61 9 61 5 61 5 62 45 62 37 62 37 63 29 63 21 63 21 64 13 64 5 64 37 65 21 65 5 65 44 66 45 66 47 66 44 67 47 67 46 67 46 68 47 68 1 68 46 69 1 69 0 69 46 70 0 70 2 70 2 71 4 71 6 71 6 72 8 72 10 72 10 73 12 73 14 73 14 74 16 74 18 74 18 75 20 75 22 75 22 76 24 76 26 76 26 77 28 77 30 77 30 78 32 78 34 78 34 79 36 79 38 79 38 80 40 80 42 80 42 81 44 81 46 81 46 82 2 82 6 82 6 83 10 83 14 83 14 84 18 84 22 84 22 85 26 85 30 85 30 86 34 86 38 86 38 87 42 87 46 87 46 88 6 88 14 88 14 89 22 89 30 89 30 90 38 90 46 90 14 91 30 91 46 91</p></triangles></mesh></geometry><geometry id="mesh22"><mesh><source id="mesh22-positions"><float_array id="mesh22-array" count="144">-0.05700000002980232 0.03240000084042549 0.004999999888241291 -0.008999999612569809 0.03240000084042549 0.004999999888241291 -0.05700000002980232 0.03369409590959549 0.004829628858715296 -0.008999999612569809 0.03369409590959549 0.004829628858715296 -0.05700000002980232 0.03490000218153 0.0043301270343363285 -0.008999999612569809 0.03490000218153 0.0043301270343363285 -0.05700000002980232 0.03593553602695465 0.0035355337895452976 -0.008999999612569809 0.03593553602695465 0.0035355337895452976 -0.05700000002980232 0.03673012927174568 0.0024999999441206455 -0.008999999612569809 0.03673012927174568 0.0024999999441206455 -0.05700000002980232 0.03722963109612465 0.00129409518558532 -0.008999999612569809 0.03722963109612465 0.00129409518558532 -0.05700000002980232 0.03739999979734421 5.329070564522866e-18 -0.008999999612569809 0.03739999979734421 -5.329070564522866e-18 -0.05700000002980232 0.03722963109612465 -0.00129409518558532 -0.008999999612569809 0.03722963109612465 -0.00129409518558532 -0.05700000002980232 0.03673012927174568 -0.0024999999441206455 -0.008999999612569809 0.03673012927174568 -0.0024999999441206455 -0.05700000002980232 0.03593553602695465 -0.0035355337895452976 -0.008999999612569809 0.03593553602695465 -0.0035355337895452976 -0.05700000002980232 0.03490000218153 -0.0043301270343363285 -0.008999999612569809 0.03490000218153 -0.0043301270343363285 -0.05700000002980232 0.03369409590959549 -0.004829628858715296 -0.008999999612569809 0.03369409590959549 -0.004829628858715296 -0.05700000002980232 0.03240000084042549 -0.004999999888241291 -0.008999999612569809 0.03240000084042549 -0.004999999888241291 -0.05700000002980232 0.031105905771255493 -0.004829628858715296 -0.008999999612569809 0.031105905771255493 -0.004829628858715296 -0.05700000002980232 0.029900001361966133 -0.0043301270343363285 -0.008999999612569809 0.029900001361966133 -0.0043301270343363285 -0.05700000002980232 0.02886446751654148 -0.0035355337895452976 -0.008999999612569809 0.02886446751654148 -0.0035355337895452976 -0.05700000002980232 0.02806987427175045 -0.0024999999441206455 -0.008999999612569809 0.02806987427175045 -0.0024999999441206455 -0.05700000002980232 0.027570372447371483 -0.00129409518558532 -0.008999999612569809 0.027570372447371483 -0.00129409518558532 -0.05700000002980232 0.027400001883506775 5.329070564522866e-18 -0.008999999612569809 0.027400001883506775 -5.329070564522866e-18 -0.05700000002980232 0.027570372447371483 0.00129409518558532 -0.008999999612569809 0.027570372447371483 0.00129409518558532 -0.05700000002980232 0.02806987427175045 0.0024999999441206455 -0.008999999612569809 0.02806987427175045 0.0024999999441206455 -0.05700000002980232 0.02886446751654148 0.0035355337895452976 -0.008999999612569809 0.02886446751654148 0.0035355337895452976 -0.05700000002980232 0.029900001361966133 0.0043301270343363285 -0.008999999612569809 0.029900001361966133 0.0043301270343363285 -0.05700000002980232 0.031105905771255493 0.004829628858715296 -0.008999999612569809 0.031105905771255493 0.004829628858715296</float_array><technique_common><accessor source="#mesh22-array" count="48" stride="3"><param name="X" type="float" /><param name="Y" type="float" /><param name="Z" type="float" /></accessor></technique_common></source><source id="mesh22-normals"><float_array id="mesh22-normals-array" count="276">2.2014498795702573e-16 0.1305263340473175 0.9914448857307434 2.2014498795702573e-16 0.1305263340473175 0.9914448857307434 2.0514248597904537e-16 0.38268327713012695 0.9238796234130859 2.0514248597904537e-16 0.38268327713012695 0.9238796234130859 1.761598110857512e-16 0.6087614893913269 0.793353259563446 1.761598110857512e-16 0.6087614893913269 0.793353259563446 1.3517220440547082e-16 0.793353259563446 0.6087614893913269 1.3517220440547082e-16 0.793353259563446 0.6087614893913269 8.497275708177531e-17 0.9238796234130859 0.38268327713012695 8.497275708177531e-17 0.9238796234130859 0.38268327713012695 2.898266827584928e-17 0.9914448857307434 0.1305263340473175 2.898266827584928e-17 0.9914448857307434 0.1305263340473175 -2.898266827584928e-17 0.9914448857307434 -0.1305263340473175 -2.898266827584928e-17 0.9914448857307434 -0.1305263340473175 -8.497275708177531e-17 0.9238796234130859 -0.38268327713012695 -8.497275708177531e-17 0.9238796234130859 -0.38268327713012695 -1.3517220440547082e-16 0.793353259563446 -0.6087614893913269 -1.3517220440547082e-16 0.793353259563446 -0.6087614893913269 -1.761598110857512e-16 0.6087614893913269 -0.793353259563446 -1.761598110857512e-16 0.6087614893913269 -0.793353259563446 -2.0514248597904537e-16 0.38268327713012695 -0.9238796234130859 -2.0514248597904537e-16 0.38268327713012695 -0.9238796234130859 -2.2014498795702573e-16 0.1305263340473175 -0.9914448857307434 -2.2014498795702573e-16 0.1305263340473175 -0.9914448857307434 -2.2014498795702573e-16 -0.1305263340473175 -0.9914448857307434 -2.2014498795702573e-16 -0.1305263340473175 -0.9914448857307434 -2.0514248597904537e-16 -0.38268327713012695 -0.9238796234130859 -2.0514248597904537e-16 -0.38268327713012695 -0.9238796234130859 -1.761598110857512e-16 -0.6087614893913269 -0.793353259563446 -1.761598110857512e-16 -0.6087614893913269 -0.793353259563446 -1.3517220440547082e-16 -0.793353259563446 -0.6087614893913269 -1.3517220440547082e-16 -0.793353259563446 -0.6087614893913269 -8.497275708177531e-17 -0.9238796234130859 -0.38268327713012695 -8.497275708177531e-17 -0.9238796234130859 -0.38268327713012695 -2.898266827584928e-17 -0.9914448857307434 -0.1305263340473175 -2.898266827584928e-17 -0.9914448857307434 -0.1305263340473175 2.898266827584928e-17 -0.9914448857307434 0.1305263340473175 2.898266827584928e-17 -0.9914448857307434 0.1305263340473175 8.497275708177531e-17 -0.9238796234130859 0.38268327713012695 8.497275708177531e-17 -0.9238796234130859 0.38268327713012695 1.3517220440547082e-16 -0.793353259563446 0.6087614893913269 1.3517220440547082e-16 -0.793353259563446 0.6087614893913269 1.761598110857512e-16 -0.6087614893913269 0.793353259563446 1.761598110857512e-16 -0.6087614893913269 0.793353259563446 1.0 2.220446049250313e-16 4.930380657631324e-32 1.0 2.220446049250313e-16 4.930380657631324e-32 1.0 2.220446049250313e-16 4.930380657631324e-32 1.0 2.220446049250313e-16 4.930380657631324e-32 1.0 2.220446049250313e-16 4.930380657631324e-32 1.0 2.220446049250313e-16 4.930380657631324e-32 1.0 2.220446049250313e-16 4.930380657631324e-32 1.0 2.220446049250313e-16 4.930380657631324e-32 1.0 2.220446049250313e-16 4.930380657631324e-32 1.0 2.220446049250313e-16 4.930380657631324e-32 1.0 2.220446049250313e-16 4.930380657631324e-32 1.0 2.220446049250313e-16 4.930380657631324e-32 1.0 2.220446049250313e-16 4.930380657631324e-32 1.0 2.220446049250313e-16 4.930380657631324e-32 1.0 2.220446049250313e-16 4.930380657631324e-32 1.0 2.220446049250313e-16 4.930380657631324e-32 1.0 2.220446049250313e-16 4.930380657631324e-32 1.0 2.220446049250313e-16 4.930380657631324e-32 1.0 2.220446049250313e-16 4.930380657631324e-32 1.0 2.220446049250313e-16 4.930380657631324e-32 1.0 2.220446049250313e-16 4.930380657631324e-32 1.0 2.220446049250313e-16 4.930380657631324e-32 2.0514248597904537e-16 -0.38268327713012695 0.9238796234130859 2.0514248597904537e-16 -0.38268327713012695 0.9238796234130859 2.2014498795702573e-16 -0.1305263340473175 0.9914448857307434 2.2014498795702573e-16 -0.1305263340473175 0.9914448857307434 -1.0 -2.220446049250313e-16 -4.930380657631324e-32 -1.0 -2.220446049250313e-16 -4.930380657631324e-32 -1.0 -2.220446049250313e-16 -4.930380657631324e-32 -1.0 -2.220446049250313e-16 -4.930380657631324e-32 -1.0 -2.220446049250313e-16 -4.930380657631324e-32 -1.0 -2.220446049250313e-16 -4.930380657631324e-32 -1.0 -2.220446049250313e-16 -4.930380657631324e-32 -1.0 -2.220446049250313e-16 -4.930380657631324e-32 -1.0 -2.220446049250313e-16 -4.930380657631324e-32 -1.0 -2.220446049250313e-16 -4.930380657631324e-32 -1.0 -2.220446049250313e-16 -4.930380657631324e-32 -1.0 -2.220446049250313e-16 -4.930380657631324e-32 -1.0 -2.220446049250313e-16 -4.930380657631324e-32 -1.0 -2.220446049250313e-16 -4.930380657631324e-32 -1.0 -2.220446049250313e-16 -4.930380657631324e-32 -1.0 -2.220446049250313e-16 -4.930380657631324e-32 -1.0 -2.220446049250313e-16 -4.930380657631324e-32 -1.0 -2.220446049250313e-16 -4.930380657631324e-32 -1.0 -2.220446049250313e-16 -4.930380657631324e-32 -1.0 -2.220446049250313e-16 -4.930380657631324e-32 -1.0 -2.220446049250313e-16 -4.930380657631324e-32 -1.0 -2.220446049250313e-16 -4.930380657631324e-32</float_array><technique_common><accessor source="#mesh22-normals-array" count="92" stride="3"><param name="X" type="float" /><param name="Y" type="float" /><param name="Z" type="float" /></accessor></technique_common></source><vertices id="mesh22-vertices"><input semantic="POSITION" source="#mesh22-positions" /></vertices><triangles count="92" material="copper"><input semantic="VERTEX" source="#mesh22-vertices" offset="0" /><input semantic="NORMAL" source="#mesh22-normals" offset="1" /><p>0 0 1 0 3 0 0 1 3 1 2 1 2 2 3 2 5 2 2 3 5 3 4 3 4 4 5 4 7 4 4 5 7 5 6 5 6 6 7 6 9 6 6 7 9 7 8 7 8 8 9 8 11 8 8 9 11 9 10 9 10 10 11 10 13 10 10 11 13 11 12 11 12 12 13 12 15 12 12 13 15 13 14 13 14 14 15 14 17 14 14 15 17 15 16 15 16 16 17 16 19 16 16 17 19 17 18 17 18 18 19 18 21 18 18 19 21 19 20 19 20 20 21 20 23 20 20 21 23 21 22 21 22 22 23 22 25 22 22 23 25 23 24 23 24 24 25 24 27 24 24 25 27 25 26 25 26 26 27 26 29 26 26 27 29 27 28 27 28 28 29 28 31 28 28 29 31 29 30 29 30 30 31 30 33 30 30 31 33 31 32 31 32 32 33 32 35 32 32 33 35 33 34 33 34 34 35 34 37 34 34 35 37 35 36 35 36 36 37 36 39 36 36 37 39 37 38 37 38 38 39 38 41 38 38 39 41 39 40 39 40 40 41 40 43 40 40 41 43 41 42 41 42 42 43 42 45 42 42 43 45 43 44 43 5 44 3 44 1 44 1 45 47 45 45 45 45 46 43 46 41 46 41 47 39 47 37 47 37 48 35 48 33 48 33 49 31 49 29 49 29 50 27 50 25 50 25 51 23 51 21 51 21 52 19 52 17 52 17 53 15 53 13 53 13 54 11 54 9 54 9 55 7 55 5 55 5 56 1 56 45 56 45 57 41 57 37 57 37 58 33 58 29 58 29 59 25 59 21 59 21 60 17 60 13 60 13 61 9 61 5 61 5 62 45 62 37 62 37 63 29 63 21 63 21 64 13 64 5 64 37 65 21 65 5 65 44 66 45 66 47 66 44 67 47 67 46 67 46 68 47 68 1 68 46 69 1 69 0 69 46 70 0 70 2 70 2 71 4 71 6 71 6 72 8 72 10 72 10 73 12 73 14 73 14 74 16 74 18 74 18 75 20 75 22 75 22 76 24 76 26 76 26 77 28 77 30 77 30 78 32 78 34 78 34 79 36 79 38 79 38 80 40 80 42 80 42 81 44 81 46 81 46 82 2 82 6 82 6 83 10 83 14 83 14 84 18 84 22 84 22 85 26 85 30 85 30 86 34 86 38 86 38 87 42 87 46 87 46 88 6 88 14 88 14 89 22 89 30 89 30 90 38 90 46 90 14 91 30 91 46 91</p></triangles></mesh></geometry><geometry id="mesh23"><mesh><source id="mesh23-positions"><float_array id="mesh23-array" count="72">-0.11400000005960464 -6.96942514031656e-18 0.03138750046491623 -0.07000000029802322 -6.96942514031656e-18 0.03138750046491623 -0.11400000005960464 0.015693750232458115 0.02718237228691578 -0.07000000029802322 0.015693750232458115 0.02718237228691578 -0.11400000005960464 0.02718237228691578 0.015693750232458115 -0.07000000029802322 0.02718237228691578 0.015693750232458115 -0.11400000005960464 0.03138750046491623 4.884981281880909e-18 -0.07000000029802322 0.03138750046491623 -4.884981281880909e-18 -0.11400000005960464 0.02718237228691578 -0.015693750232458115 -0.07000000029802322 0.02718237228691578 -0.015693750232458115 -0.11400000005960464 0.015693750232458115 -0.02718237228691578 -0.07000000029802322 0.015693750232458115 -0.02718237228691578 -0.11400000005960464 6.96942514031656e-18 -0.03138750046491623 -0.07000000029802322 6.96942514031656e-18 -0.03138750046491623 -0.11400000005960464 -0.015693750232458115 -0.02718237228691578 -0.07000000029802322 -0.015693750232458115 -0.02718237228691578 -0.11400000005960464 -0.02718237228691578 -0.015693750232458115 -0.07000000029802322 -0.02718237228691578 -0.015693750232458115 -0.11400000005960464 -0.03138750046491623 4.884981281880909e-18 -0.07000000029802322 -0.03138750046491623 -4.884981281880909e-18 -0.11400000005960464 -0.02718237228691578 0.015693750232458115 -0.07000000029802322 -0.02718237228691578 0.015693750232458115 -0.11400000005960464 -0.015693750232458115 0.02718237228691578 -0.07000000029802322 -0.015693750232458115 0.02718237228691578</float_array><technique_common><accessor source="#mesh23-array" count="24" stride="3"><param name="X" type="float" /><param name="Y" type="float" /><param name="Z" type="float" /></accessor></technique_common></source><source id="mesh23-normals"><float_array id="mesh23-normals-array" count="132">2.1447862870747008e-16 0.2588191032409668 0.9659258723258972 2.1447862870747008e-16 0.2588191032409668 0.9659258723258972 1.5700924318127872e-16 0.7071067690849304 0.7071067690849304 1.5700924318127872e-16 0.7071067690849304 0.7071067690849304 5.746938552619136e-17 0.9659258723258972 0.2588191032409668 5.746938552619136e-17 0.9659258723258972 0.2588191032409668 -5.746938552619136e-17 0.9659258723258972 -0.2588191032409668 -5.746938552619136e-17 0.9659258723258972 -0.2588191032409668 -1.5700924318127872e-16 0.7071067690849304 -0.7071067690849304 -1.5700924318127872e-16 0.7071067690849304 -0.7071067690849304 -2.1447862870747008e-16 0.2588191032409668 -0.9659258723258972 -2.1447862870747008e-16 0.2588191032409668 -0.9659258723258972 -2.1447862870747008e-16 -0.2588191032409668 -0.9659258723258972 -2.1447862870747008e-16 -0.2588191032409668 -0.9659258723258972 -1.5700924318127872e-16 -0.7071067690849304 -0.7071067690849304 -1.5700924318127872e-16 -0.7071067690849304 -0.7071067690849304 -5.746938552619136e-17 -0.9659258723258972 -0.2588191032409668 -5.746938552619136e-17 -0.9659258723258972 -0.2588191032409668 5.746938552619136e-17 -0.9659258723258972 0.2588191032409668 5.746938552619136e-17 -0.9659258723258972 0.2588191032409668 1.0 2.220446049250313e-16 4.930380657631324e-32 1.0 2.220446049250313e-16 4.930380657631324e-32 1.0 2.220446049250313e-16 4.930380657631324e-32 1.0 2.220446049250313e-16 4.930380657631324e-32 1.0 2.220446049250313e-16 4.930380657631324e-32 1.0 2.220446049250313e-16 4.930380657631324e-32 1.0 2.220446049250313e-16 4.930380657631324e-32 1.0 2.220446049250313e-16 4.930380657631324e-32 1.0 2.220446049250313e-16 4.930380657631324e-32 1.0 2.220446049250313e-16 4.930380657631324e-32 1.5700924318127872e-16 -0.7071067690849304 0.7071067690849304 1.5700924318127872e-16 -0.7071067690849304 0.7071067690849304 2.1447862870747008e-16 -0.2588191032409668 0.9659258723258972 2.1447862870747008e-16 -0.2588191032409668 0.9659258723258972 -1.0 -2.220446049250313e-16 -4.930380657631324e-32 -1.0 -2.220446049250313e-16 -4.930380657631324e-32 -1.0 -2.220446049250313e-16 -4.930380657631324e-32 -1.0 -2.220446049250313e-16 -4.930380657631324e-32 -1.0 -2.220446049250313e-16 -4.930380657631324e-32 -1.0 -2.220446049250313e-16 -4.930380657631324e-32 -1.0 -2.220446049250313e-16 -4.930380657631324e-32 -1.0 -2.220446049250313e-16 -4.930380657631324e-32 -1.0 -2.220446049250313e-16 -4.930380657631324e-32 -1.0 -2.220446049250313e-16 -4.930380657631324e-32</float_array><technique_common><accessor source="#mesh23-normals-array" count="44" stride="3"><param name="X" type="float" /><param name="Y" type="float" /><param name="Z" type="float" /></accessor></technique_common></source><vertices id="mesh23-vertices"><input semantic="POSITION" source="#mesh23-positions" /></vertices><triangles count="44" material="graphite"><input semantic="VERTEX" source="#mesh23-vertices" offset="0" /><input semantic="NORMAL" source="#mesh23-normals" offset="1" /><p>0 0 1 0 3 0 0 1 3 1 2 1 2 2 3 2 5 2 2 3 5 3 4 3 4 4 5 4 7 4 4 5 7 5 6 5 6 6 7 6 9 6 6 7 9 7 8 7 8 8 9 8 11 8 8 9 11 9 10 9 10 10 11 10 13 10 10 11 13 11 12 11 12 12 13 12 15 12 12 13 15 13 14 13 14 14 15 14 17 14 14 15 17 15 16 15 16 16 17 16 19 16 16 17 19 17 18 17 18 18 19 18 21 18 18 19 21 19 20 19 5 20 3 20 1 20 1 21 23 21 21 21 21 22 19 22 17 22 17 23 15 23 13 23 13 24 11 24 9 24 9 25 7 25 5 25 5 26 1 26 21 26 21 27 17 27 13 27 13 28 9 28 5 28 21 29 13 29 5 29 20 30 21 30 23 30 20 31 23 31 22 31 22 32 23 32 1 32 22 33 1 33 0 33 22 34 0 34 2 34 2 35 4 35 6 35 6 36 8 36 10 36 10 37 12 37 14 37 14 38 16 38 18 38 18 39 20 39 22 39 22 40 2 40 6 40 6 41 10 41 14 41 14 42 18 42 22 42 6 43 14 43 22 43</p></triangles></mesh></geometry><geometry id="mesh24"><mesh><source id="mesh24-positions"><float_array id="mesh24-array" count="288">-0.11183518916368484 -0.02720250003039837 -0.014485866762697697 -0.1074490025639534 -0.03170249983668327 -0.015503079630434513 -0.108616903424263 -0.02720250003039837 -0.019851569086313248 -0.11124864220619202 -0.029449548572301865 -0.014621423557400703 -0.11183182895183563 -0.02720250003039837 -0.016792815178632736 -0.11123743653297424 -0.029354451224207878 -0.0168326236307621 -0.10803161561489105 -0.031101316213607788 -0.01767413318157196 -0.10963864624500275 -0.031101316213607788 -0.014994801953434944 -0.11010395735502243 -0.030517347157001495 -0.017095491290092468 -0.11065052449703217 -0.02720250003039837 -0.01876235008239746 -0.10846030712127686 -0.029449548572301865 -0.019270289689302444 -0.11040576547384262 -0.029354453086853027 -0.0182192325592041 -0.07615508139133453 -0.02720250003039837 -0.02278253249824047 -0.08138309419155121 -0.02720250003039837 -0.02618343010544777 -0.08054094761610031 -0.03170249983668327 -0.02175920456647873 -0.07716204971075058 -0.02720250003039837 -0.024854250252246857 -0.0767415314912796 -0.029449548572301865 -0.02264503948390484 -0.07771386951208115 -0.029354453086853027 -0.024627259001135826 -0.08127110451459885 -0.029449548572301865 -0.025591589510440826 -0.07908104360103607 -0.02720250003039837 -0.0261025819927454 -0.07906489819288254 -0.029354451224207878 -0.025506123900413513 -0.07835140824317932 -0.031101316213607788 -0.022269416600465775 -0.08096197992563248 -0.031101316213607788 -0.02396763488650322 -0.07884726673364639 -0.030517347157001495 -0.02436280995607376 -0.07324323058128357 -0.02720250003039837 0.016145825386047363 -0.06984491646289825 -0.02720250003039837 0.010227533057332039 -0.07414636760950089 -0.03170249983668327 0.011692426167428493 -0.07122662663459778 -0.02720250003039837 0.014813268557190895 -0.07337453216314316 -0.029449548572301865 0.015544754453003407 -0.07144425809383392 -0.029354453086853027 0.014260830357670784 -0.0704302191734314 -0.029449548572301865 0.010417123325169086 -0.0699792429804802 -0.02720250003039837 0.01264090184122324 -0.07056606560945511 -0.029354451224207878 0.012731420807540417 -0.07370603829622269 -0.031101316213607788 0.013910090550780296 -0.07200910896062851 -0.031101316213607788 0.010954827070236206 -0.07167764753103256 -0.030517347157001495 0.013109979219734669 -0.10216481238603592 -0.02720250003039837 0.02160036936402321 -0.09675677120685577 -0.02720250003039837 0.02444867603480816 -0.09791228175163269 -0.03170249983668327 0.02008439227938652 -0.10101799666881561 -0.02720250003039837 0.023573892191052437 -0.10159499198198318 -0.029449548572301865 0.02139461413025856 -0.10048903524875641 -0.029354453086853027 0.023282045498490334 -0.09690944105386734 -0.029449548572301865 0.02386239729821682 -0.0990329161286354 -0.02720250003039837 0.024619391188025475 -0.09909148514270782 -0.029354451224207878 0.02401810698211193 -0.10003405809402466 -0.031101316213607788 0.020838158205151558 -0.09733358770608902 -0.031101316213607788 0.02226044423878193 -0.09939008951187134 -0.030517347157001495 0.022890284657478333 -0.11183518916368484 -0.02720250003039837 -0.014485866762697697 -0.108616903424263 -0.02720250003039837 -0.019851569086313248 -0.1074490025639534 -0.022702500224113464 -0.015503080561757088 -0.11183182895183563 -0.027202501893043518 -0.016792815178632736 -0.11124864220619202 -0.024955453351140022 -0.014621423557400703 -0.11123743653297424 -0.02505055069923401 -0.01683262176811695 -0.10846030712127686 -0.024955453351140022 -0.019270287826657295 -0.11065052449703217 -0.027202501893043518 -0.01876235008239746 -0.11040576547384262 -0.02505055069923401 -0.0182192325592041 -0.10963864624500275 -0.02330368384718895 -0.014994801953434944 -0.10803161561489105 -0.02330368384718895 -0.01767413318157196 -0.11010395735502243 -0.02388765662908554 -0.017095491290092468 -0.08138309419155121 -0.02720250003039837 -0.02618343010544777 -0.07615508139133453 -0.02720250003039837 -0.02278253249824047 -0.08054094761610031 -0.022702500224113464 -0.02175920456647873 -0.07908104360103607 -0.027202501893043518 -0.0261025819927454 -0.08127110451459885 -0.024955453351140022 -0.025591589510440826 -0.07906489819288254 -0.02505055069923401 -0.025506122037768364 -0.0767415314912796 -0.024955453351140022 -0.02264503948390484 -0.07716204971075058 -0.027202501893043518 -0.024854250252246857 -0.07771386951208115 -0.02505055069923401 -0.024627259001135826 -0.08096197992563248 -0.02330368384718895 -0.02396763488650322 -0.07835140824317932 -0.02330368384718895 -0.022269416600465775 -0.07884726673364639 -0.02388765662908554 -0.02436280995607376 -0.06984491646289825 -0.02720250003039837 0.010227533057332039 -0.07324323058128357 -0.02720250003039837 0.016145825386047363 -0.07414636760950089 -0.022702500224113464 0.011692426167428493 -0.0699792429804802 -0.027202501893043518 0.01264090184122324 -0.0704302191734314 -0.024955453351140022 0.010417123325169086 -0.07056606560945511 -0.02505055069923401 0.012731419876217842 -0.07337453216314316 -0.024955453351140022 0.015544754453003407 -0.07122662663459778 -0.027202501893043518 0.014813268557190895 -0.07144425809383392 -0.02505055069923401 0.014260830357670784 -0.07200910896062851 -0.02330368384718895 0.010954827070236206 -0.07370603829622269 -0.02330368384718895 0.013910090550780296 -0.07167764753103256 -0.02388765662908554 0.013109979219734669 -0.10216481238603592 -0.02720250003039837 0.02160036936402321 -0.09791228920221329 -0.022702500224113464 0.02008439227938652 -0.09675677120685577 -0.02720250003039837 0.02444867603480816 -0.10159499198198318 -0.024955453351140022 0.02139461413025856 -0.10101798921823502 -0.027202501893043518 0.023573892191052437 -0.10048902779817581 -0.02505055069923401 0.023282045498490334 -0.09733358770608902 -0.02330368384718895 0.02226044423878193 -0.10003405809402466 -0.02330368384718895 0.020838158205151558 -0.09939008951187134 -0.02388765662908554 0.022890284657478333 -0.0990329161286354 -0.027202501893043518 0.024619391188025475 -0.09690944105386734 -0.024955453351140022 0.02386239729821682 -0.09909147769212723 -0.02505055069923401 0.02401810698211193</float_array><technique_common><accessor source="#mesh24-array" count="96" stride="3"><param name="X" type="float" /><param name="Y" type="float" /><param name="Z" type="float" /></accessor></technique_common></source><source id="mesh24-normals"><float_array id="mesh24-normals-array" count="564">0.96769118309021 0.2516476511955261 0.015726599842309952 0.9639120697975159 0.26621708273887634 0.0014040046371519566 0.7194742560386658 0.6937118172645569 0.033477988094091415 0.7194769382476807 0.6937088966369629 0.03348051756620407 0.3119809925556183 0.9338564872741699 0.17487135529518127 0.3011729419231415 0.9338565468788147 0.19289104640483856 0.3683101236820221 0.6937112212181091 0.6189607977867126 0.36830934882164 0.6937105655670166 0.6189619898796082 0.4551088809967041 0.2662157416343689 0.8497088551521301 0.46952369809150696 0.25164639949798584 0.84629887342453 0.8362324833869934 0.22169825434684753 0.5015626549720764 0.8362330794334412 0.22169755399227142 0.5015620589256287 0.6960787773132324 0.5840968489646912 0.41749876737594604 -0.8668079972267151 0.2667143940925598 0.4213162064552307 -0.8639543652534485 0.2521522045135498 0.4358923137187958 -0.5316190719604492 0.22252362966537476 0.8172296285629272 -0.5316197276115417 0.22252441942691803 0.8172290325164795 -0.048309046775102615 0.2521498501300812 0.966481626033783 -0.03382701054215431 0.2667122483253479 0.9631824493408203 -0.05771767720580101 0.6943956017494202 0.7172750234603882 -0.05771784484386444 0.6943953633308411 0.7172752022743225 -0.18554577231407166 0.9342446327209473 0.30456504225730896 -0.2032226175069809 0.9342445731163025 0.29306599497795105 -0.6323219537734985 0.694396436214447 0.3434859812259674 -0.6323238611221313 0.6943953633308411 0.34348464012145996 -0.44208574295043945 0.5854160189628601 0.6795942783355713 -0.5322526693344116 0.26060548424720764 -0.8054763078689575 -0.5451571941375732 0.24621446430683136 -0.8013627529144287 -0.8477367162704468 0.21069657802581787 -0.4867745637893677 -0.8477375507354736 0.21069549024105072 -0.4867737293243408 -0.9669058322906494 0.24621367454528809 -0.06687341630458832 -0.9639531373977661 0.26060670614242554 -0.05365300178527832 -0.7324732542037964 0.6771026253700256 -0.0708165094256401 -0.7324751615524292 0.6771003603935242 -0.07081829011440277 -0.3380139172077179 0.9231501221656799 -0.18314100801944733 -0.32855814695358276 0.9231500625610352 -0.19960848987102509 -0.43039003014564514 0.6771029233932495 -0.5969054102897644 -0.4303896427154541 0.6771025061607361 -0.5969061851501465 -0.7215003967285156 0.5548000931739807 -0.4142874479293823 0.832451581954956 0.27022531628608704 -0.4837383031845093 0.8284323811531067 0.255707710981369 -0.4983105957508087 0.4536864161491394 0.22834192216396332 -0.8614107966423035 0.45368707180023193 0.22834265232086182 -0.8614102005958557 -0.05771986022591591 0.2557080090045929 -0.9650295376777649 -0.07200934737920761 0.270224928855896 -0.9601006507873535 -0.02057306468486786 0.6987693309783936 -0.7150512337684631 -0.020572226494550705 0.6987683176994324 -0.7150522470474243 0.15358321368694305 0.936669647693634 -0.3147412836551666 0.17266115546226501 0.9366697669029236 -0.304693341255188 0.6012814044952393 0.6987698078155518 -0.3875325620174408 0.6012811064720154 0.6987699866294861 -0.3875327706336975 0.3748675584793091 0.5940333008766174 -0.711757481098175 0.9639120697975159 -0.26621705293655396 0.0014042119728401303 0.96769118309021 -0.25164783000946045 0.015726618468761444 0.836232602596283 -0.2216978669166565 0.5015627145767212 0.8362329602241516 -0.2216988056898117 0.5015616416931152 0.46952322125434875 -0.25164729356765747 0.84629887342453 0.4551091194152832 -0.266215980052948 0.8497086763381958 0.36831042170524597 -0.693710446357727 0.61896151304245 0.36831051111221313 -0.6937103867530823 0.61896151304245 0.30117326974868774 -0.9338561296463013 0.19289255142211914 0.3119823932647705 -0.9338560700416565 0.17487092316150665 0.7194749116897583 -0.6937110424041748 0.03348061442375183 0.7194762229919434 -0.6937097311019897 0.03347822651267052 0.6960785984992981 -0.5840969681739807 0.4174988567829132 -0.03382721543312073 -0.26671305298805237 0.9631822109222412 -0.04830986633896828 -0.2521499991416931 0.9664815068244934 -0.5316190123558044 -0.2225244790315628 0.8172295093536377 -0.5316191911697388 -0.2225242704153061 0.8172295093536377 -0.8639542460441589 -0.2521524131298065 0.4358924925327301 -0.8668078780174255 -0.2667146325111389 0.4213162958621979 -0.632322371006012 -0.6943960785865784 0.3434857428073883 -0.6323229074478149 -0.6943950057029724 0.343487024307251 -0.20322412252426147 -0.9342441558837891 0.2930661737918854 -0.18554535508155823 -0.9342442154884338 0.30456647276878357 -0.05771847441792488 -0.6943950653076172 0.7172754406929016 -0.05771875008940697 -0.6943952441215515 0.7172753214836121 -0.4420856535434723 -0.5854158997535706 0.6795943379402161 -0.9639530181884766 -0.26060670614242554 -0.05365319177508354 -0.9669057130813599 -0.24621383845806122 -0.06687343865633011 -0.8477368950843811 -0.21069581806659698 -0.4867746829986572 -0.847737193107605 -0.2106969803571701 -0.48677346110343933 -0.5451573133468628 -0.2462146282196045 -0.8013626337051392 -0.5322527885437012 -0.26060569286346436 -0.8054761290550232 -0.4303905963897705 -0.6771023869514465 -0.5969055891036987 -0.4303908050060272 -0.677102267742157 -0.5969055891036987 -0.3285585045814514 -0.923149585723877 -0.1996099054813385 -0.33801528811454773 -0.9231496453285217 -0.1831405907869339 -0.7324738502502441 -0.6771018505096436 -0.07081830501556396 -0.7324745655059814 -0.677101194858551 -0.07081708312034607 -0.721500039100647 -0.554800271987915 -0.4142877161502838 0.8284308314323425 -0.2557078003883362 -0.49831315875053406 0.8324500322341919 -0.27022552490234375 -0.48374077677726746 0.6012812256813049 -0.6987692713737488 -0.38753387331962585 0.6012817621231079 -0.6987677216529846 -0.3875356614589691 0.17266243696212769 -0.9366691708564758 -0.3046940863132477 0.15358306467533112 -0.9366692304611206 -0.314742773771286 -0.02057226002216339 -0.6987687945365906 -0.7150517106056213 -0.020572049543261528 -0.6987689137458801 -0.7150516510009766 -0.0720091387629509 -0.2702246904373169 -0.9601006507873535 -0.05772004276514053 -0.2557082176208496 -0.9650294184684753 0.4536876976490021 -0.22834299504756927 -0.8614099621772766 0.45368728041648865 -0.22834330797195435 -0.8614100217819214 0.37486857175827026 -0.5940320491790771 -0.711758017539978 0.932843029499054 0.25944623351097107 -0.24998295307159424 0.9330388903617859 0.2586382329463959 -0.2500894069671631 0.6829953193664551 0.7071091532707214 -0.18306836485862732 0.6829972267150879 0.7071071863174438 -0.18306906521320343 0.24989734590053558 0.9659528136253357 -0.06698194146156311 0.2496933937072754 0.966010332107544 -0.06691277027130127 -0.08614363521337509 0.9659523963928223 -0.24395740032196045 -0.08645882457494736 0.9657523036003113 -0.24463756382465363 -0.23562321066856384 0.7070997357368469 -0.666702151298523 -0.2356259673833847 0.7070937156677246 -0.6667075753211975 -0.3218095004558563 0.2594406306743622 -0.9105653762817383 -0.3213135898113251 0.2621823847293854 -0.9099549651145935 -0.2548421025276184 0.9657548069953918 0.048715364187955856 -0.2539406716823578 0.9660042524337769 0.04847567528486252 -0.6945772767066956 0.7070941925048828 0.13259044289588928 -0.6945676207542419 0.7071042060852051 0.13258759677410126 -0.9479044675827026 0.26217368245124817 0.1809476763010025 -0.9487742781639099 0.25871512293815613 0.18136654794216156 0.058545034378767014 0.9660051465034485 0.2518065273761749 0.05853884667158127 0.9660104513168335 0.2517875134944916 0.16012659668922424 0.7071072459220886 0.688737154006958 0.16012656688690186 0.7071073055267334 0.6887370944023132 0.21874366700649261 0.2587113082408905 0.9408612251281738 0.21875441074371338 0.2586369812488556 0.9408791661262512 0.24990276992321014 -0.9659523367881775 -0.06696881353855133 0.24969008564949036 -0.9660102128982544 -0.06692638248205185 0.6829956769943237 -0.707108736038208 -0.18306864798069 0.6829976439476013 -0.7071067690849304 -0.18306899070739746 0.9328292012214661 -0.25944754481315613 -0.25003325939178467 0.9330521821975708 -0.25863903760910034 -0.2500390112400055 0.21874989569187164 -0.25871145725250244 0.9408597350120544 0.21874818205833435 -0.25863784551620483 0.9408803582191467 0.1601267009973526 -0.70710688829422 0.6887375116348267 0.16012676060199738 -0.7071064114570618 0.6887379288673401 0.058543335646390915 -0.9660051465034485 0.2518068253993988 0.05854053050279617 -0.9660104513168335 0.2517871856689453 -0.9478557705879211 -0.26218175888061523 0.18119099736213684 -0.9488215446472168 -0.25871285796165466 0.18112272024154663 -0.6945779323577881 -0.7070937752723694 0.13258957862854004 -0.6945679783821106 -0.7071036696434021 0.13258865475654602 -0.2548634111881256 -0.9657524228096008 0.04865182191133499 -0.2539258599281311 -0.9660049676895142 0.048540208488702774 -0.3215596675872803 -0.2594464421272278 -0.9106519222259521 -0.3215634226799011 -0.26217421889305115 -0.9098690748214722 -0.23562410473823547 -0.7070992588996887 -0.6667023301124573 -0.23562532663345337 -0.7070932388305664 -0.66670823097229 -0.08621180057525635 -0.965951144695282 -0.243938609957695 -0.08638893067836761 -0.9657547473907471 -0.2446521520614624 0.0 0.0 0.0 -0.47214701771736145 0.0 -0.8815197944641113 -0.8575729131698608 0.0 -0.5143623948097229 -0.8575729131698608 0.0 -0.5143623948097229 -0.999998927116394 0.0 -0.0014565597521141171 0.0 0.0 0.0 0.0 0.0 0.0 0.8993877172470093 0.0 -0.437151700258255 0.545291006565094 0.0 -0.8382468223571777 0.545291006565094 0.0 -0.8382468223571777 0.03509840369224548 0.0 -0.9993839263916016 0.0 0.0 0.0 0.0 0.0 0.0 0.5513027310371399 0.0 0.8343053460121155 0.8672041296958923 0.0 0.4979528784751892 0.8672041296958923 0.0 0.4979528784751892 0.9984545707702637 0.0 0.055573321878910065 0.0 0.0 0.0 0.0 0.0 0.0 -0.24016213417053223 -0.9606485366821289 0.13955841958522797 -0.2202995866537094 -0.8811983466148376 0.4182794988155365 -0.4659976363182068 0.0 0.8847860097885132 0.074791818857193 0.0 0.9971992373466492 0.0 0.0 0.0 0.0 0.0 0.0 0.0 0.0 0.0 0.0 1.0 0.0 0.0 1.0 0.0 0.0 0.0 0.0 0.0 0.0 0.0 0.0 0.0 0.0 0.0 0.0 0.0 0.0 0.0 0.0 0.0 0.0 0.0 0.0 -1.0 0.0 0.0 -1.0 0.0</float_array><technique_common><accessor source="#mesh24-normals-array" count="188" stride="3"><param name="X" type="float" /><param name="Y" type="float" /><param name="Z" type="float" /></accessor></technique_common></source><vertices id="mesh24-vertices"><input semantic="POSITION" source="#mesh24-positions" /></vertices><triangles count="188" material="ivory"><input semantic="VERTEX" source="#mesh24-vertices" offset="0" /><input semantic="NORMAL" source="#mesh24-normals" offset="1" /><p>0 0 3 0 5 0 0 1 5 1 4 1 3 2 7 2 8 2 3 3 8 3 5 3 1 4 6 4 8 4 1 5 8 5 7 5 6 6 10 6 11 6 6 7 11 7 8 7 2 8 9 8 11 8 2 9 11 9 10 9 9 10 4 10 5 10 9 11 5 11 11 11 5 12 8 12 11 12 12 13 15 13 17 13 12 14 17 14 16 14 15 15 19 15 20 15 15 16 20 16 17 16 13 17 18 17 20 17 13 18 20 18 19 18 18 19 22 19 23 19 18 20 23 20 20 20 14 21 21 21 23 21 14 22 23 22 22 22 21 23 16 23 17 23 21 24 17 24 23 24 17 25 20 25 23 25 24 26 27 26 29 26 24 27 29 27 28 27 27 28 31 28 32 28 27 29 32 29 29 29 25 30 30 30 32 30 25 31 32 31 31 31 30 32 34 32 35 32 30 33 35 33 32 33 26 34 33 34 35 34 26 35 35 35 34 35 33 36 28 36 29 36 33 37 29 37 35 37 29 38 32 38 35 38 36 39 39 39 41 39 36 40 41 40 40 40 39 41 43 41 44 41 39 42 44 42 41 42 37 43 42 43 44 43 37 44 44 44 43 44 42 45 46 45 47 45 42 46 47 46 44 46 38 47 45 47 47 47 38 48 47 48 46 48 45 49 40 49 41 49 45 50 41 50 47 50 41 51 44 51 47 51 48 52 51 52 53 52 48 53 53 53 52 53 51 54 55 54 56 54 51 55 56 55 53 55 49 56 54 56 56 56 49 57 56 57 55 57 54 58 58 58 59 58 54 59 59 59 56 59 50 60 57 60 59 60 50 61 59 61 58 61 57 62 52 62 53 62 57 63 53 63 59 63 53 64 56 64 59 64 60 65 63 65 65 65 60 66 65 66 64 66 63 67 67 67 68 67 63 68 68 68 65 68 61 69 66 69 68 69 61 70 68 70 67 70 66 71 70 71 71 71 66 72 71 72 68 72 62 73 69 73 71 73 62 74 71 74 70 74 69 75 64 75 65 75 69 76 65 76 71 76 65 77 68 77 71 77 72 78 75 78 77 78 72 79 77 79 76 79 75 80 79 80 80 80 75 81 80 81 77 81 73 82 78 82 80 82 73 83 80 83 79 83 78 84 82 84 83 84 78 85 83 85 80 85 74 86 81 86 83 86 74 87 83 87 82 87 81 88 76 88 77 88 81 89 77 89 83 89 77 90 80 90 83 90 84 91 87 91 89 91 84 92 89 92 88 92 87 93 91 93 92 93 87 94 92 94 89 94 85 95 90 95 92 95 85 96 92 96 91 96 90 97 94 97 95 97 90 98 95 98 92 98 86 99 93 99 95 99 86 100 95 100 94 100 93 101 88 101 89 101 93 102 89 102 95 102 89 103 92 103 95 103 0 104 36 104 40 104 0 105 40 105 3 105 3 106 40 106 45 106 3 107 45 107 7 107 7 108 45 108 38 108 7 109 38 109 1 109 26 110 38 110 46 110 26 111 46 111 33 111 33 112 46 112 42 112 33 113 42 113 28 113 28 114 42 114 37 114 28 115 37 115 24 115 14 116 26 116 34 116 14 117 34 117 21 117 21 118 34 118 30 118 21 119 30 119 16 119 16 120 30 120 25 120 16 121 25 121 12 121 1 122 14 122 22 122 1 123 22 123 6 123 6 124 22 124 18 124 6 125 18 125 10 125 10 126 18 126 13 126 10 127 13 127 2 127 50 128 85 128 91 128 50 129 91 129 57 129 57 130 91 130 87 130 57 131 87 131 52 131 52 132 87 132 84 132 52 133 84 133 48 133 49 134 60 134 64 134 49 135 64 135 54 135 54 136 64 136 69 136 54 137 69 137 58 137 58 138 69 138 62 138 58 139 62 139 50 139 61 140 72 140 76 140 61 141 76 141 66 141 66 142 76 142 81 142 66 143 81 143 70 143 70 144 81 144 74 144 70 145 74 145 62 145 73 146 86 146 94 146 73 147 94 147 78 147 78 148 94 148 90 148 78 149 90 149 82 149 82 150 90 150 85 150 82 151 85 151 74 151 2 152 49 152 55 152 2 153 55 153 9 153 9 154 55 154 51 154 9 155 51 155 4 155 4 156 51 156 48 156 4 157 48 157 0 157 12 158 61 158 67 158 12 159 67 159 15 159 15 160 67 160 63 160 15 161 63 161 19 161 19 162 63 162 60 162 19 163 60 163 13 163 24 164 73 164 79 164 24 165 79 165 27 165 27 166 79 166 75 166 27 167 75 167 31 167 31 168 75 168 72 168 31 169 72 169 25 169 36 170 84 170 88 170 36 171 88 171 39 171 39 172 88 172 93 172 39 173 93 173 43 173 43 174 93 174 86 174 43 175 86 175 37 175 36 176 0 176 48 176 36 177 48 177 84 177 38 178 26 178 14 178 38 179 14 179 1 179 2 180 13 180 60 180 2 181 60 181 49 181 12 182 25 182 72 182 12 183 72 183 61 183 24 184 37 184 86 184 24 185 86 185 73 185 50 186 62 186 74 186 50 187 74 187 85 187</p></triangles></mesh></geometry><geometry id="mesh25"><mesh><source id="mesh25-positions"><float_array id="mesh25-array" count="288">-0.11183518916368484 0.02720250003039837 -0.014485866762697697 -0.1074490025639534 0.022702500224113464 -0.015503079630434513 -0.108616903424263 0.02720250003039837 -0.019851569086313248 -0.11124864220619202 0.024955453351140022 -0.014621423557400703 -0.11183182895183563 0.027202501893043518 -0.016792815178632736 -0.11123743653297424 0.02505055069923401 -0.0168326236307621 -0.10803161561489105 0.02330368384718895 -0.01767413318157196 -0.10963864624500275 0.02330368384718895 -0.014994801953434944 -0.11010395735502243 0.02388765662908554 -0.017095491290092468 -0.11065052449703217 0.027202501893043518 -0.01876235008239746 -0.10846030712127686 0.024955453351140022 -0.019270289689302444 -0.11040576547384262 0.02505055069923401 -0.0182192325592041 -0.07615508139133453 0.02720250003039837 -0.02278253249824047 -0.08138309419155121 0.02720250003039837 -0.02618343010544777 -0.08054094761610031 0.022702500224113464 -0.02175920456647873 -0.07716204971075058 0.027202501893043518 -0.024854250252246857 -0.0767415314912796 0.024955453351140022 -0.02264503948390484 -0.07771386951208115 0.02505055069923401 -0.024627259001135826 -0.08127110451459885 0.024955453351140022 -0.025591589510440826 -0.07908104360103607 0.027202501893043518 -0.0261025819927454 -0.07906489819288254 0.02505055069923401 -0.025506123900413513 -0.07835140824317932 0.02330368384718895 -0.022269416600465775 -0.08096197992563248 0.02330368384718895 -0.02396763488650322 -0.07884726673364639 0.02388765662908554 -0.02436280995607376 -0.07324323058128357 0.02720250003039837 0.016145825386047363 -0.06984491646289825 0.02720250003039837 0.010227533057332039 -0.07414636760950089 0.022702500224113464 0.011692426167428493 -0.07122662663459778 0.027202501893043518 0.014813268557190895 -0.07337453216314316 0.024955453351140022 0.015544754453003407 -0.07144425809383392 0.02505055069923401 0.014260830357670784 -0.0704302191734314 0.024955453351140022 0.010417123325169086 -0.0699792429804802 0.027202501893043518 0.01264090184122324 -0.07056606560945511 0.02505055069923401 0.012731420807540417 -0.07370603829622269 0.02330368384718895 0.013910090550780296 -0.07200910896062851 0.02330368384718895 0.010954827070236206 -0.07167764753103256 0.02388765662908554 0.013109979219734669 -0.10216481238603592 0.02720250003039837 0.02160036936402321 -0.09675677120685577 0.02720250003039837 0.02444867603480816 -0.09791228175163269 0.022702500224113464 0.02008439227938652 -0.10101799666881561 0.027202501893043518 0.023573892191052437 -0.10159499198198318 0.024955453351140022 0.02139461413025856 -0.10048903524875641 0.02505055069923401 0.023282045498490334 -0.09690944105386734 0.024955453351140022 0.02386239729821682 -0.0990329161286354 0.027202501893043518 0.024619391188025475 -0.09909148514270782 0.02505055069923401 0.02401810698211193 -0.10003405809402466 0.02330368384718895 0.020838158205151558 -0.09733358770608902 0.02330368384718895 0.02226044423878193 -0.09939008951187134 0.02388765662908554 0.022890284657478333 -0.11183518916368484 0.02720250003039837 -0.014485866762697697 -0.108616903424263 0.02720250003039837 -0.019851569086313248 -0.1074490025639534 0.03170249983668327 -0.015503080561757088 -0.11183182895183563 0.02720250003039837 -0.016792815178632736 -0.11124864220619202 0.029449548572301865 -0.014621423557400703 -0.11123743653297424 0.029354453086853027 -0.01683262176811695 -0.10846030712127686 0.029449548572301865 -0.019270287826657295 -0.11065052449703217 0.02720250003039837 -0.01876235008239746 -0.11040576547384262 0.029354451224207878 -0.0182192325592041 -0.10963864624500275 0.031101316213607788 -0.014994801953434944 -0.10803161561489105 0.031101316213607788 -0.01767413318157196 -0.11010395735502243 0.030517347157001495 -0.017095491290092468 -0.08138309419155121 0.02720250003039837 -0.02618343010544777 -0.07615508139133453 0.02720250003039837 -0.02278253249824047 -0.08054094761610031 0.03170249983668327 -0.02175920456647873 -0.07908104360103607 0.02720250003039837 -0.0261025819927454 -0.08127110451459885 0.029449548572301865 -0.025591589510440826 -0.07906489819288254 0.029354453086853027 -0.025506122037768364 -0.0767415314912796 0.029449548572301865 -0.02264503948390484 -0.07716204971075058 0.02720250003039837 -0.024854250252246857 -0.07771386951208115 0.029354451224207878 -0.024627259001135826 -0.08096197992563248 0.031101316213607788 -0.02396763488650322 -0.07835140824317932 0.031101316213607788 -0.022269416600465775 -0.07884726673364639 0.030517347157001495 -0.02436280995607376 -0.06984491646289825 0.02720250003039837 0.010227533057332039 -0.07324323058128357 0.02720250003039837 0.016145825386047363 -0.07414636760950089 0.03170249983668327 0.011692426167428493 -0.0699792429804802 0.02720250003039837 0.01264090184122324 -0.0704302191734314 0.029449548572301865 0.010417123325169086 -0.07056606560945511 0.029354453086853027 0.012731419876217842 -0.07337453216314316 0.029449548572301865 0.015544754453003407 -0.07122662663459778 0.02720250003039837 0.014813268557190895 -0.07144425809383392 0.029354451224207878 0.014260830357670784 -0.07200910896062851 0.031101316213607788 0.010954827070236206 -0.07370603829622269 0.031101316213607788 0.013910090550780296 -0.07167764753103256 0.030517347157001495 0.013109979219734669 -0.10216481238603592 0.02720250003039837 0.02160036936402321 -0.09791228920221329 0.03170249983668327 0.02008439227938652 -0.09675677120685577 0.02720250003039837 0.02444867603480816 -0.10159499198198318 0.029449548572301865 0.02139461413025856 -0.10101798921823502 0.02720250003039837 0.023573892191052437 -0.10048902779817581 0.029354451224207878 0.023282045498490334 -0.09733358770608902 0.031101316213607788 0.02226044423878193 -0.10003405809402466 0.031101316213607788 0.020838158205151558 -0.09939008951187134 0.030517347157001495 0.022890284657478333 -0.0990329161286354 0.02720250003039837 0.024619391188025475 -0.09690944105386734 0.029449548572301865 0.02386239729821682 -0.09909147769212723 0.029354453086853027 0.02401810698211193</float_array><technique_common><accessor source="#mesh25-array" count="96" stride="3"><param name="X" type="float" /><param name="Y" type="float" /><param name="Z" type="float" /></accessor></technique_common></source><source id="mesh25-normals"><float_array id="mesh25-normals-array" count="564">0.9676910638809204 0.25164783000946045 0.0157266054302454 0.9639120697975159 0.26621708273887634 0.0014042253606021404 0.719474732875824 0.6937112212181091 0.03347897157073021 0.7194764018058777 0.6937094330787659 0.03348054364323616 0.3119823932647705 0.9338560700416565 0.17487084865570068 0.3011731505393982 0.9338561296463013 0.19289253652095795 0.368310809135437 0.6937106847763062 0.6189609169960022 0.3683103919029236 0.6937103867530823 0.61896151304245 0.45510903000831604 0.2662159502506256 0.8497087359428406 0.4695238769054413 0.25164657831192017 0.8462986350059509 0.8362324833869934 0.22169825434684753 0.5015626549720764 0.8362329006195068 0.22169777750968933 0.501562237739563 0.6960782408714294 0.584097146987915 0.4174991548061371 -0.8668078780174255 0.26671460270881653 0.42131632566452026 -0.8639541864395142 0.25215235352516174 0.4358924329280853 -0.5316190719604492 0.22252362966537476 0.8172296285629272 -0.5316199064254761 0.22252464294433594 0.8172288537025452 -0.048309050500392914 0.2521499991416931 0.9664815068244934 -0.03382723405957222 0.2667122483253479 0.9631824493408203 -0.0577186681330204 0.6943950653076172 0.7172755002975464 -0.057717856019735336 0.6943959593772888 0.7172746658325195 -0.18554532527923584 0.9342442154884338 0.30456647276878357 -0.20322412252426147 0.9342441558837891 0.2930661737918854 -0.6323220729827881 0.694395899772644 0.3434866666793823 -0.6323233842849731 0.6943951845169067 0.3434857726097107 -0.44208618998527527 0.5854162573814392 0.6795937418937683 -0.532252848148346 0.26060566306114197 -0.8054760098457336 -0.5451573133468628 0.2462146282196045 -0.8013625144958496 -0.8477367162704468 0.21069657802581787 -0.4867745637893677 -0.8477373123168945 0.21069568395614624 -0.48677384853363037 -0.9669057726860046 0.2462138533592224 -0.06687342375516891 -0.9639531373977661 0.26060670614242554 -0.05365319177508354 -0.7324737310409546 0.6771020293235779 -0.07081744074821472 -0.7324746251106262 0.6771010160446167 -0.07081826776266098 -0.3380153179168701 0.9231496453285217 -0.1831406056880951 -0.3285585045814514 0.923149585723877 -0.1996099054813385 -0.43039071559906006 0.6771023869514465 -0.596905529499054 -0.4303906261920929 0.6771023273468018 -0.5969057083129883 -0.7214999198913574 0.5548003911972046 -0.41428789496421814 0.8324514031410217 0.27022555470466614 -0.48373842239379883 0.8284322619438171 0.25570791959762573 -0.49831077456474304 0.4536864161491394 0.22834192216396332 -0.8614107966423035 0.4536873400211334 0.2283429056406021 -0.8614100813865662 -0.057719841599464417 0.2557081878185272 -0.9650294184684753 -0.0720091313123703 0.270224928855896 -0.9601006507873535 -0.020572099834680557 0.6987687945365906 -0.7150517702102661 -0.020572179928421974 0.6987688541412354 -0.7150516510009766 0.1535826176404953 0.9366692900657654 -0.31474268436431885 0.1726626455783844 0.9366693496704102 -0.3046936094760895 0.6012815237045288 0.6987693309783936 -0.3875333070755005 0.6012805700302124 0.6987698078155518 -0.38753384351730347 0.37486809492111206 0.5940336585044861 -0.7117570042610168 0.9639121294021606 -0.26621684432029724 0.0014039971865713596 0.9676911234855652 -0.25164762139320374 0.015726398676633835 0.836232602596283 -0.2216978669166565 0.5015627145767212 0.8362329602241516 -0.22169862687587738 0.5015618801116943 0.46952325105667114 -0.25164711475372314 0.84629887342453 0.4551088809967041 -0.266215980052948 0.8497087955474854 0.3683093190193176 -0.6937109231948853 0.61896151304245 0.3683107793331146 -0.6937097907066345 0.6189619302749634 0.30117300152778625 -0.9338565468788147 0.19289106130599976 0.3119809627532959 -0.9338564276695251 0.17487139999866486 0.7194744348526001 -0.6937114596366882 0.033480048179626465 0.7194761633872986 -0.6937099099159241 0.03347703814506531 0.6960784792900085 -0.5840966105461121 0.41749951243400574 -0.03382699936628342 -0.26671281456947327 0.9631822109222412 -0.04830964282155037 -0.2521497905254364 0.9664815664291382 -0.5316190123558044 -0.2225244790315628 0.8172295093536377 -0.5316194295883179 -0.22252404689788818 0.8172293901443481 -0.8639543056488037 -0.2521522045135498 0.4358924925327301 -0.8668079972267151 -0.2667146325111389 0.42131614685058594 -0.6323224306106567 -0.6943966150283813 0.34348469972610474 -0.6323233842849731 -0.6943944096565247 0.34348729252815247 -0.2032226175069809 -0.9342445731163025 0.29306599497795105 -0.18554580211639404 -0.9342446327209473 0.30456504225730896 -0.05771789327263832 -0.6943955421447754 0.717275083065033 -0.057717565447092056 -0.6943953633308411 0.7172752618789673 -0.4420863091945648 -0.5854156017303467 0.6795941591262817 -0.9639531373977661 -0.2606064975261688 -0.05365299805998802 -0.9669057726860046 -0.24621367454528809 -0.06687324494123459 -0.8477368950843811 -0.21069581806659698 -0.4867746829986572 -0.8477371335029602 -0.2106967717409134 -0.48677369952201843 -0.5451573133468628 -0.24621443450450897 -0.8013625741004944 -0.5322526097297668 -0.26060566306114197 -0.805476188659668 -0.43038952350616455 -0.6771030426025391 -0.5969056487083435 -0.4303910434246063 -0.6771016716957092 -0.5969060659408569 -0.3285581171512604 -0.9231500625610352 -0.19960848987102509 -0.3380139172077179 -0.9231501221656799 -0.18314100801944733 -0.7324733734130859 -0.6771023273468018 -0.0708177462220192 -0.7324744462966919 -0.6771014332771301 -0.07081601023674011 -0.7214999198913574 -0.5547999739646912 -0.41428831219673157 0.8284308910369873 -0.25570762157440186 -0.49831321835517883 0.8324500918388367 -0.27022552490234375 -0.48374059796333313 0.6012812852859497 -0.698769748210907 -0.38753271102905273 0.6012822389602661 -0.6987671852111816 -0.3875359296798706 0.1726609468460083 -0.9366695880889893 -0.3046937882900238 0.15358370542526245 -0.9366695880889893 -0.3147414028644562 -0.020572800189256668 -0.6987692713737488 -0.7150512933731079 -0.020573195070028305 -0.6987690329551697 -0.7150514125823975 -0.07200935482978821 -0.2702244818210602 -0.9601006507873535 -0.05772027373313904 -0.2557080388069153 -0.9650294184684753 0.4536876976490021 -0.22834299504756927 -0.8614099621772766 0.4536875784397125 -0.22834308445453644 -0.8614099621772766 0.37486934661865234 -0.5940317511558533 -0.7117578983306885 0.9328429698944092 0.2594464421272278 -0.24998292326927185 0.9330388307571411 0.258638471364975 -0.2500894367694855 0.6829957365989685 0.7071087956428528 -0.18306848406791687 0.6829975843429565 0.7071067690849304 -0.1830691695213318 0.24989734590053558 0.9659528136253357 -0.06698194146156311 0.2496933937072754 0.966010332107544 -0.06691277027130127 -0.08614363521337509 0.9659523963928223 -0.24395740032196045 -0.08645882457494736 0.9657523036003113 -0.24463756382465363 -0.2356233298778534 0.7070993185043335 -0.6667025685310364 -0.23562610149383545 0.7070932984352112 -0.6667079329490662 -0.3218095004558563 0.2594408392906189 -0.9105653166770935 -0.3213135600090027 0.2621825933456421 -0.9099549055099487 -0.2548421025276184 0.9657548069953918 0.048715364187955856 -0.2539406716823578 0.9660042524337769 0.04847567528486252 -0.694577693939209 0.7070938348770142 0.13259051740169525 -0.6945680379867554 0.7071037888526917 0.13258767127990723 -0.9479044079780579 0.2621738612651825 0.18094764649868011 -0.9487742185592651 0.25871533155441284 0.18136656284332275 0.058545034378767014 0.9660051465034485 0.2518065273761749 0.05853884667158127 0.9660104513168335 0.2517875134944916 0.1601266860961914 0.7071068286895752 0.6887375712394714 0.16012664139270782 0.70710688829422 0.6887374520301819 0.21874363720417023 0.25871148705482483 0.9408611059188843 0.21875439584255219 0.2586371600627899 0.9408791065216064 0.24990276992321014 -0.9659523367881775 -0.06696881353855133 0.24969008564949036 -0.9660102128982544 -0.06692638248205185 0.6829953193664551 -0.7071091532707214 -0.18306855857372284 0.6829972863197327 -0.7071071863174438 -0.1830689013004303 0.9328292608261108 -0.2594473361968994 -0.2500332295894623 0.9330522418022156 -0.258638858795166 -0.2500390112400055 0.21874988079071045 -0.2587112486362457 0.9408596754074097 0.21874816715717316 -0.25863760709762573 0.9408803582191467 0.16012661159038544 -0.7071073055267334 0.6887370944023132 0.1601266711950302 -0.7071068286895752 0.6887375116348267 0.058543335646390915 -0.9660051465034485 0.2518068253993988 0.05854053050279617 -0.9660104513168335 0.2517871856689453 -0.9478558301925659 -0.26218152046203613 0.18119099736213684 -0.9488215446472168 -0.25871264934539795 0.18112272024154663 -0.6945775151252747 -0.707094132900238 0.13258948922157288 -0.6945676207542419 -0.7071040868759155 0.13258859515190125 -0.2548634111881256 -0.9657524228096008 0.04865182191133499 -0.2539258599281311 -0.9660049676895142 0.048540208488702774 -0.32155972719192505 -0.25944626331329346 -0.9106520414352417 -0.3215634226799011 -0.26217401027679443 -0.9098690748214722 -0.23562395572662354 -0.7070996165275574 -0.6667019128799438 -0.235625222325325 -0.7070936560630798 -0.6667078733444214 -0.08621180057525635 -0.965951144695282 -0.243938609957695 -0.08638893067836761 -0.9657547473907471 -0.2446521520614624 0.0 0.0 0.0 -0.47214701771736145 0.0 -0.8815197944641113 -0.8575729131698608 0.0 -0.5143623948097229 -0.8575729131698608 0.0 -0.5143623948097229 -0.999998927116394 0.0 -0.0014565597521141171 0.0 0.0 0.0 0.0 0.0 0.0 0.8993877172470093 0.0 -0.437151700258255 0.545291006565094 0.0 -0.8382468223571777 0.545291006565094 0.0 -0.8382468223571777 0.03509840369224548 0.0 -0.9993839263916016 0.0 0.0 0.0 0.0 0.0 0.0 0.5513027310371399 0.0 0.8343053460121155 0.8672041296958923 0.0 0.4979528784751892 0.8672041296958923 0.0 0.4979528784751892 0.9984545707702637 0.0 0.055573321878910065 0.0 0.0 0.0 0.0 0.0 0.0 -0.24016210436820984 -0.9606484174728394 0.1395592987537384 -0.2202995866537094 -0.8811983466148376 0.4182794988155365 -0.4659976363182068 0.0 0.8847860097885132 0.074791818857193 0.0 0.9971992373466492 0.0 0.0 0.0 0.0 0.0 0.0 0.0 0.0 0.0 0.0 1.0 0.0 0.0 1.0 0.0 0.0 0.0 0.0 0.0 0.0 0.0 0.0 0.0 0.0 0.0 0.0 0.0 0.0 0.0 0.0 0.0 0.0 0.0 0.0 -1.0 0.0 0.0 -1.0 0.0</float_array><technique_common><accessor source="#mesh25-normals-array" count="188" stride="3"><param name="X" type="float" /><param name="Y" type="float" /><param name="Z" type="float" /></accessor></technique_common></source><vertices id="mesh25-vertices"><input semantic="POSITION" source="#mesh25-positions" /></vertices><triangles count="188" material="ivory"><input semantic="VERTEX" source="#mesh25-vertices" offset="0" /><input semantic="NORMAL" source="#mesh25-normals" offset="1" /><p>0 0 3 0 5 0 0 1 5 1 4 1 3 2 7 2 8 2 3 3 8 3 5 3 1 4 6 4 8 4 1 5 8 5 7 5 6 6 10 6 11 6 6 7 11 7 8 7 2 8 9 8 11 8 2 9 11 9 10 9 9 10 4 10 5 10 9 11 5 11 11 11 5 12 8 12 11 12 12 13 15 13 17 13 12 14 17 14 16 14 15 15 19 15 20 15 15 16 20 16 17 16 13 17 18 17 20 17 13 18 20 18 19 18 18 19 22 19 23 19 18 20 23 20 20 20 14 21 21 21 23 21 14 22 23 22 22 22 21 23 16 23 17 23 21 24 17 24 23 24 17 25 20 25 23 25 24 26 27 26 29 26 24 27 29 27 28 27 27 28 31 28 32 28 27 29 32 29 29 29 25 30 30 30 32 30 25 31 32 31 31 31 30 32 34 32 35 32 30 33 35 33 32 33 26 34 33 34 35 34 26 35 35 35 34 35 33 36 28 36 29 36 33 37 29 37 35 37 29 38 32 38 35 38 36 39 39 39 41 39 36 40 41 40 40 40 39 41 43 41 44 41 39 42 44 42 41 42 37 43 42 43 44 43 37 44 44 44 43 44 42 45 46 45 47 45 42 46 47 46 44 46 38 47 45 47 47 47 38 48 47 48 46 48 45 49 40 49 41 49 45 50 41 50 47 50 41 51 44 51 47 51 48 52 51 52 53 52 48 53 53 53 52 53 51 54 55 54 56 54 51 55 56 55 53 55 49 56 54 56 56 56 49 57 56 57 55 57 54 58 58 58 59 58 54 59 59 59 56 59 50 60 57 60 59 60 50 61 59 61 58 61 57 62 52 62 53 62 57 63 53 63 59 63 53 64 56 64 59 64 60 65 63 65 65 65 60 66 65 66 64 66 63 67 67 67 68 67 63 68 68 68 65 68 61 69 66 69 68 69 61 70 68 70 67 70 66 71 70 71 71 71 66 72 71 72 68 72 62 73 69 73 71 73 62 74 71 74 70 74 69 75 64 75 65 75 69 76 65 76 71 76 65 77 68 77 71 77 72 78 75 78 77 78 72 79 77 79 76 79 75 80 79 80 80 80 75 81 80 81 77 81 73 82 78 82 80 82 73 83 80 83 79 83 78 84 82 84 83 84 78 85 83 85 80 85 74 86 81 86 83 86 74 87 83 87 82 87 81 88 76 88 77 88 81 89 77 89 83 89 77 90 80 90 83 90 84 91 87 91 89 91 84 92 89 92 88 92 87 93 91 93 92 93 87 94 92 94 89 94 85 95 90 95 92 95 85 96 92 96 91 96 90 97 94 97 95 97 90 98 95 98 92 98 86 99 93 99 95 99 86 100 95 100 94 100 93 101 88 101 89 101 93 102 89 102 95 102 89 103 92 103 95 103 0 104 36 104 40 104 0 105 40 105 3 105 3 106 40 106 45 106 3 107 45 107 7 107 7 108 45 108 38 108 7 109 38 109 1 109 26 110 38 110 46 110 26 111 46 111 33 111 33 112 46 112 42 112 33 113 42 113 28 113 28 114 42 114 37 114 28 115 37 115 24 115 14 116 26 116 34 116 14 117 34 117 21 117 21 118 34 118 30 118 21 119 30 119 16 119 16 120 30 120 25 120 16 121 25 121 12 121 1 122 14 122 22 122 1 123 22 123 6 123 6 124 22 124 18 124 6 125 18 125 10 125 10 126 18 126 13 126 10 127 13 127 2 127 50 128 85 128 91 128 50 129 91 129 57 129 57 130 91 130 87 130 57 131 87 131 52 131 52 132 87 132 84 132 52 133 84 133 48 133 49 134 60 134 64 134 49 135 64 135 54 135 54 136 64 136 69 136 54 137 69 137 58 137 58 138 69 138 62 138 58 139 62 139 50 139 61 140 72 140 76 140 61 141 76 141 66 141 66 142 76 142 81 142 66 143 81 143 70 143 70 144 81 144 74 144 70 145 74 145 62 145 73 146 86 146 94 146 73 147 94 147 78 147 78 148 94 148 90 148 78 149 90 149 82 149 82 150 90 150 85 150 82 151 85 151 74 151 2 152 49 152 55 152 2 153 55 153 9 153 9 154 55 154 51 154 9 155 51 155 4 155 4 156 51 156 48 156 4 157 48 157 0 157 12 158 61 158 67 158 12 159 67 159 15 159 15 160 67 160 63 160 15 161 63 161 19 161 19 162 63 162 60 162 19 163 60 163 13 163 24 164 73 164 79 164 24 165 79 165 27 165 27 166 79 166 75 166 27 167 75 167 31 167 31 168 75 168 72 168 31 169 72 169 25 169 36 170 84 170 88 170 36 171 88 171 39 171 39 172 88 172 93 172 39 173 93 173 43 173 43 174 93 174 86 174 43 175 86 175 37 175 36 176 0 176 48 176 36 177 48 177 84 177 38 178 26 178 14 178 38 179 14 179 1 179 2 180 13 180 60 180 2 181 60 181 49 181 12 182 25 182 72 182 12 183 72 183 61 183 24 184 37 184 86 184 24 185 86 185 73 185 50 186 62 186 74 186 50 187 74 187 85 187</p></triangles></mesh></geometry><geometry id="mesh26"><mesh><source id="mesh26-positions"><float_array id="mesh26-array" count="144">-0.12700000405311584 -3.902878012402825e-18 0.017576999962329865 -0.06200000271201134 -3.902878012402825e-18 0.017576999962329865 -0.12700000405311584 0.00454926211386919 0.016978077590465546 -0.06200000271201134 0.00454926211386919 0.016978077590465546 -0.12700000405311584 0.008788499981164932 0.015222128480672836 -0.06200000271201134 0.008788499981164932 0.015222128480672836 -0.12700000405311584 0.012428815476596355 0.012428815476596355 -0.06200000271201134 0.012428815476596355 0.012428815476596355 -0.12700000405311584 0.015222128480672836 0.008788499981164932 -0.06200000271201134 0.015222128480672836 0.008788499981164932 -0.12700000405311584 0.016978077590465546 0.00454926211386919 -0.06200000271201134 0.016978077590465546 0.00454926211386919 -0.12700000405311584 0.017576999962329865 7.216450222546334e-18 -0.06200000271201134 0.017576999962329865 -7.216450222546334e-18 -0.12700000405311584 0.016978077590465546 -0.00454926211386919 -0.06200000271201134 0.016978077590465546 -0.00454926211386919 -0.12700000405311584 0.015222128480672836 -0.008788499981164932 -0.06200000271201134 0.015222128480672836 -0.008788499981164932 -0.12700000405311584 0.012428815476596355 -0.012428815476596355 -0.06200000271201134 0.012428815476596355 -0.012428815476596355 -0.12700000405311584 0.008788499981164932 -0.015222128480672836 -0.06200000271201134 0.008788499981164932 -0.015222128480672836 -0.12700000405311584 0.00454926211386919 -0.016978077590465546 -0.06200000271201134 0.00454926211386919 -0.016978077590465546 -0.12700000405311584 3.902878012402825e-18 -0.017576999962329865 -0.06200000271201134 3.902878012402825e-18 -0.017576999962329865 -0.12700000405311584 -0.00454926211386919 -0.016978077590465546 -0.06200000271201134 -0.00454926211386919 -0.016978077590465546 -0.12700000405311584 -0.008788499981164932 -0.015222128480672836 -0.06200000271201134 -0.008788499981164932 -0.015222128480672836 -0.12700000405311584 -0.012428815476596355 -0.012428815476596355 -0.06200000271201134 -0.012428815476596355 -0.012428815476596355 -0.12700000405311584 -0.015222128480672836 -0.008788499981164932 -0.06200000271201134 -0.015222128480672836 -0.008788499981164932 -0.12700000405311584 -0.016978077590465546 -0.00454926211386919 -0.06200000271201134 -0.016978077590465546 -0.00454926211386919 -0.12700000405311584 -0.017576999962329865 7.216450222546334e-18 -0.06200000271201134 -0.017576999962329865 -7.216450222546334e-18 -0.12700000405311584 -0.016978077590465546 0.00454926211386919 -0.06200000271201134 -0.016978077590465546 0.00454926211386919 -0.12700000405311584 -0.015222128480672836 0.008788499981164932 -0.06200000271201134 -0.015222128480672836 0.008788499981164932 -0.12700000405311584 -0.012428815476596355 0.012428815476596355 -0.06200000271201134 -0.012428815476596355 0.012428815476596355 -0.12700000405311584 -0.008788499981164932 0.015222128480672836 -0.06200000271201134 -0.008788499981164932 0.015222128480672836 -0.12700000405311584 -0.00454926211386919 0.016978077590465546 -0.06200000271201134 -0.00454926211386919 0.016978077590465546</float_array><technique_common><accessor source="#mesh26-array" count="48" stride="3"><param name="X" type="float" /><param name="Y" type="float" /><param name="Z" type="float" /></accessor></technique_common></source><source id="mesh26-normals"><float_array id="mesh26-normals-array" count="276">2.2014498795702573e-16 0.1305263489484787 0.9914448857307434 2.2014498795702573e-16 0.1305263489484787 0.9914448857307434 2.0514247274415557e-16 0.38268330693244934 0.9238795638084412 2.0514247274415557e-16 0.38268330693244934 0.9238795638084412 1.761598110857512e-16 0.6087614893913269 0.793353259563446 1.761598110857512e-16 0.6087614893913269 0.793353259563446 1.3517220440547082e-16 0.793353259563446 0.6087614893913269 1.3517220440547082e-16 0.793353259563446 0.6087614893913269 8.497276369922021e-17 0.9238795638084412 0.38268330693244934 8.497276369922021e-17 0.9238795638084412 0.38268330693244934 2.898267158457173e-17 0.9914448857307434 0.1305263489484787 2.898267158457173e-17 0.9914448857307434 0.1305263489484787 -2.898267158457173e-17 0.9914448857307434 -0.1305263489484787 -2.898267158457173e-17 0.9914448857307434 -0.1305263489484787 -8.497276369922021e-17 0.9238795638084412 -0.38268330693244934 -8.497276369922021e-17 0.9238795638084412 -0.38268330693244934 -1.3517220440547082e-16 0.793353259563446 -0.6087614893913269 -1.3517220440547082e-16 0.793353259563446 -0.6087614893913269 -1.761598110857512e-16 0.6087614893913269 -0.793353259563446 -1.761598110857512e-16 0.6087614893913269 -0.793353259563446 -2.0514247274415557e-16 0.38268330693244934 -0.9238795638084412 -2.0514247274415557e-16 0.38268330693244934 -0.9238795638084412 -2.2014498795702573e-16 0.1305263489484787 -0.9914448857307434 -2.2014498795702573e-16 0.1305263489484787 -0.9914448857307434 -2.2014498795702573e-16 -0.1305263489484787 -0.9914448857307434 -2.2014498795702573e-16 -0.1305263489484787 -0.9914448857307434 -2.0514247274415557e-16 -0.38268330693244934 -0.9238795638084412 -2.0514247274415557e-16 -0.38268330693244934 -0.9238795638084412 -1.761598110857512e-16 -0.6087614893913269 -0.793353259563446 -1.761598110857512e-16 -0.6087614893913269 -0.793353259563446 -1.3517220440547082e-16 -0.793353259563446 -0.6087614893913269 -1.3517220440547082e-16 -0.793353259563446 -0.6087614893913269 -8.497276369922021e-17 -0.9238795638084412 -0.38268330693244934 -8.497276369922021e-17 -0.9238795638084412 -0.38268330693244934 -2.898267158457173e-17 -0.9914448857307434 -0.1305263489484787 -2.898267158457173e-17 -0.9914448857307434 -0.1305263489484787 2.898267158457173e-17 -0.9914448857307434 0.1305263489484787 2.898267158457173e-17 -0.9914448857307434 0.1305263489484787 8.497276369922021e-17 -0.9238795638084412 0.38268330693244934 8.497276369922021e-17 -0.9238795638084412 0.38268330693244934 1.3517220440547082e-16 -0.793353259563446 0.6087614893913269 1.3517220440547082e-16 -0.793353259563446 0.6087614893913269 1.761598110857512e-16 -0.6087614893913269 0.793353259563446 1.761598110857512e-16 -0.6087614893913269 0.793353259563446 1.0 2.220446049250313e-16 4.930380657631324e-32 1.0 2.220446049250313e-16 4.930380657631324e-32 1.0 2.220446049250313e-16 4.930380657631324e-32 1.0 2.220446049250313e-16 4.930380657631324e-32 1.0 2.220446049250313e-16 4.930380657631324e-32 1.0 2.220446049250313e-16 4.930380657631324e-32 1.0 2.220446049250313e-16 4.930380657631324e-32 1.0 2.220446049250313e-16 4.930380657631324e-32 1.0 2.220446049250313e-16 4.930380657631324e-32 1.0 2.220446049250313e-16 4.930380657631324e-32 1.0 2.220446049250313e-16 4.930380657631324e-32 1.0 2.220446049250313e-16 4.930380657631324e-32 1.0 2.220446049250313e-16 4.930380657631324e-32 1.0 2.220446049250313e-16 4.930380657631324e-32 1.0 2.220446049250313e-16 4.930380657631324e-32 1.0 2.220446049250313e-16 4.930380657631324e-32 1.0 2.220446049250313e-16 4.930380657631324e-32 1.0 2.220446049250313e-16 4.930380657631324e-32 1.0 2.220446049250313e-16 4.930380657631324e-32 1.0 2.220446049250313e-16 4.930380657631324e-32 1.0 2.220446049250313e-16 4.930380657631324e-32 1.0 2.220446049250313e-16 4.930380657631324e-32 2.0514247274415557e-16 -0.38268330693244934 0.9238795638084412 2.0514247274415557e-16 -0.38268330693244934 0.9238795638084412 2.2014498795702573e-16 -0.1305263489484787 0.9914448857307434 2.2014498795702573e-16 -0.1305263489484787 0.9914448857307434 -1.0 -2.220446049250313e-16 -4.930380657631324e-32 -1.0 -2.220446049250313e-16 -4.930380657631324e-32 -1.0 -2.220446049250313e-16 -4.930380657631324e-32 -1.0 -2.220446049250313e-16 -4.930380657631324e-32 -1.0 -2.220446049250313e-16 -4.930380657631324e-32 -1.0 -2.220446049250313e-16 -4.930380657631324e-32 -1.0 -2.220446049250313e-16 -4.930380657631324e-32 -1.0 -2.220446049250313e-16 -4.930380657631324e-32 -1.0 -2.220446049250313e-16 -4.930380657631324e-32 -1.0 -2.220446049250313e-16 -4.930380657631324e-32 -1.0 -2.220446049250313e-16 -4.930380657631324e-32 -1.0 -2.220446049250313e-16 -4.930380657631324e-32 -1.0 -2.220446049250313e-16 -4.930380657631324e-32 -1.0 -2.220446049250313e-16 -4.930380657631324e-32 -1.0 -2.220446049250313e-16 -4.930380657631324e-32 -1.0 -2.220446049250313e-16 -4.930380657631324e-32 -1.0 -2.220446049250313e-16 -4.930380657631324e-32 -1.0 -2.220446049250313e-16 -4.930380657631324e-32 -1.0 -2.220446049250313e-16 -4.930380657631324e-32 -1.0 -2.220446049250313e-16 -4.930380657631324e-32 -1.0 -2.220446049250313e-16 -4.930380657631324e-32 -1.0 -2.220446049250313e-16 -4.930380657631324e-32</float_array><technique_common><accessor source="#mesh26-normals-array" count="92" stride="3"><param name="X" type="float" /><param name="Y" type="float" /><param name="Z" type="float" /></accessor></technique_common></source><vertices id="mesh26-vertices"><input semantic="POSITION" source="#mesh26-positions" /></vertices><triangles count="92" material="graphite"><input semantic="VERTEX" source="#mesh26-vertices" offset="0" /><input semantic="NORMAL" source="#mesh26-normals" offset="1" /><p>0 0 1 0 3 0 0 1 3 1 2 1 2 2 3 2 5 2 2 3 5 3 4 3 4 4 5 4 7 4 4 5 7 5 6 5 6 6 7 6 9 6 6 7 9 7 8 7 8 8 9 8 11 8 8 9 11 9 10 9 10 10 11 10 13 10 10 11 13 11 12 11 12 12 13 12 15 12 12 13 15 13 14 13 14 14 15 14 17 14 14 15 17 15 16 15 16 16 17 16 19 16 16 17 19 17 18 17 18 18 19 18 21 18 18 19 21 19 20 19 20 20 21 20 23 20 20 21 23 21 22 21 22 22 23 22 25 22 22 23 25 23 24 23 24 24 25 24 27 24 24 25 27 25 26 25 26 26 27 26 29 26 26 27 29 27 28 27 28 28 29 28 31 28 28 29 31 29 30 29 30 30 31 30 33 30 30 31 33 31 32 31 32 32 33 32 35 32 32 33 35 33 34 33 34 34 35 34 37 34 34 35 37 35 36 35 36 36 37 36 39 36 36 37 39 37 38 37 38 38 39 38 41 38 38 39 41 39 40 39 40 40 41 40 43 40 40 41 43 41 42 41 42 42 43 42 45 42 42 43 45 43 44 43 5 44 3 44 1 44 1 45 47 45 45 45 45 46 43 46 41 46 41 47 39 47 37 47 37 48 35 48 33 48 33 49 31 49 29 49 29 50 27 50 25 50 25 51 23 51 21 51 21 52 19 52 17 52 17 53 15 53 13 53 13 54 11 54 9 54 9 55 7 55 5 55 5 56 1 56 45 56 45 57 41 57 37 57 37 58 33 58 29 58 29 59 25 59 21 59 21 60 17 60 13 60 13 61 9 61 5 61 5 62 45 62 37 62 37 63 29 63 21 63 21 64 13 64 5 64 37 65 21 65 5 65 44 66 45 66 47 66 44 67 47 67 46 67 46 68 47 68 1 68 46 69 1 69 0 69 46 70 0 70 2 70 2 71 4 71 6 71 6 72 8 72 10 72 10 73 12 73 14 73 14 74 16 74 18 74 18 75 20 75 22 75 22 76 24 76 26 76 26 77 28 77 30 77 30 78 32 78 34 78 34 79 36 79 38 79 38 80 40 80 42 80 42 81 44 81 46 81 46 82 2 82 6 82 6 83 10 83 14 83 14 84 18 84 22 84 22 85 26 85 30 85 30 86 34 86 38 86 38 87 42 87 46 87 46 88 6 88 14 88 14 89 22 89 30 89 30 90 38 90 46 90 14 91 30 91 46 91</p></triangles></mesh></geometry><geometry id="mesh27"><mesh><source id="mesh27-positions"><float_array id="mesh27-array" count="144">-0.11599999666213989 -0.030131999403238297 0.004999999888241291 -0.06800000369548798 -0.030131999403238297 0.004999999888241291 -0.11599999666213989 -0.0288379043340683 0.004829628858715296 -0.06800000369548798 -0.0288379043340683 0.004829628858715296 -0.11599999666213989 -0.02763199992477894 0.0043301270343363285 -0.06800000369548798 -0.02763199992477894 0.0043301270343363285 -0.11599999666213989 -0.026596466079354286 0.0035355337895452976 -0.06800000369548798 -0.026596466079354286 0.0035355337895452976 -0.11599999666213989 -0.025801872834563255 0.0024999999441206455 -0.06800000369548798 -0.025801872834563255 0.0024999999441206455 -0.11599999666213989 -0.025302371010184288 0.00129409518558532 -0.06800000369548798 -0.025302371010184288 0.00129409518558532 -0.11599999666213989 -0.02513200044631958 5.329069737342253e-18 -0.06800000369548798 -0.02513200044631958 -5.329069737342253e-18 -0.11599999666213989 -0.025302371010184288 -0.00129409518558532 -0.06800000369548798 -0.025302371010184288 -0.00129409518558532 -0.11599999666213989 -0.025801872834563255 -0.0024999999441206455 -0.06800000369548798 -0.025801872834563255 -0.0024999999441206455 -0.11599999666213989 -0.026596466079354286 -0.0035355337895452976 -0.06800000369548798 -0.026596466079354286 -0.0035355337895452976 -0.11599999666213989 -0.02763199992477894 -0.0043301270343363285 -0.06800000369548798 -0.02763199992477894 -0.0043301270343363285 -0.11599999666213989 -0.0288379043340683 -0.004829628858715296 -0.06800000369548798 -0.0288379043340683 -0.004829628858715296 -0.11599999666213989 -0.030131999403238297 -0.004999999888241291 -0.06800000369548798 -0.030131999403238297 -0.004999999888241291 -0.11599999666213989 -0.031426094472408295 -0.004829628858715296 -0.06800000369548798 -0.031426094472408295 -0.004829628858715296 -0.11599999666213989 -0.032632000744342804 -0.0043301270343363285 -0.06800000369548798 -0.032632000744342804 -0.0043301270343363285 -0.11599999666213989 -0.033667534589767456 -0.0035355337895452976 -0.06800000369548798 -0.033667534589767456 -0.0035355337895452976 -0.11599999666213989 -0.03446212783455849 -0.0024999999441206455 -0.06800000369548798 -0.03446212783455849 -0.0024999999441206455 -0.11599999666213989 -0.034961629658937454 -0.00129409518558532 -0.06800000369548798 -0.034961629658937454 -0.00129409518558532 -0.11599999666213989 -0.03513199836015701 5.329069737342253e-18 -0.06800000369548798 -0.03513199836015701 -5.329069737342253e-18 -0.11599999666213989 -0.034961629658937454 0.00129409518558532 -0.06800000369548798 -0.034961629658937454 0.00129409518558532 -0.11599999666213989 -0.03446212783455849 0.0024999999441206455 -0.06800000369548798 -0.03446212783455849 0.0024999999441206455 -0.11599999666213989 -0.033667534589767456 0.0035355337895452976 -0.06800000369548798 -0.033667534589767456 0.0035355337895452976 -0.11599999666213989 -0.032632000744342804 0.0043301270343363285 -0.06800000369548798 -0.032632000744342804 0.0043301270343363285 -0.11599999666213989 -0.031426094472408295 0.004829628858715296 -0.06800000369548798 -0.031426094472408295 0.004829628858715296</float_array><technique_common><accessor source="#mesh27-array" count="48" stride="3"><param name="X" type="float" /><param name="Y" type="float" /><param name="Z" type="float" /></accessor></technique_common></source><source id="mesh27-normals"><float_array id="mesh27-normals-array" count="276">2.2014498795702573e-16 0.1305263191461563 0.9914448857307434 2.2014498795702573e-16 0.1305263191461563 0.9914448857307434 2.0514249921393517e-16 0.38268330693244934 0.9238796830177307 2.0514249921393517e-16 0.38268330693244934 0.9238796830177307 1.761598110857512e-16 0.6087615489959717 0.793353259563446 1.761598110857512e-16 0.6087615489959717 0.793353259563446 1.3517221764036062e-16 0.793353259563446 0.6087615489959717 1.3517221764036062e-16 0.793353259563446 0.6087615489959717 8.497276369922021e-17 0.9238796830177307 0.38268330693244934 8.497276369922021e-17 0.9238796830177307 0.38268330693244934 2.898266496712683e-17 0.9914448857307434 0.1305263191461563 2.898266496712683e-17 0.9914448857307434 0.1305263191461563 -2.898266496712683e-17 0.9914448857307434 -0.1305263191461563 -2.898266496712683e-17 0.9914448857307434 -0.1305263191461563 -8.497276369922021e-17 0.9238796830177307 -0.38268330693244934 -8.497276369922021e-17 0.9238796830177307 -0.38268330693244934 -1.3517221764036062e-16 0.793353259563446 -0.6087615489959717 -1.3517221764036062e-16 0.793353259563446 -0.6087615489959717 -1.761598110857512e-16 0.6087615489959717 -0.793353259563446 -1.761598110857512e-16 0.6087615489959717 -0.793353259563446 -2.0514249921393517e-16 0.38268330693244934 -0.9238796830177307 -2.0514249921393517e-16 0.38268330693244934 -0.9238796830177307 -2.2014498795702573e-16 0.1305263191461563 -0.9914448857307434 -2.2014498795702573e-16 0.1305263191461563 -0.9914448857307434 -2.2014498795702573e-16 -0.1305263191461563 -0.9914448857307434 -2.2014498795702573e-16 -0.1305263191461563 -0.9914448857307434 -2.0514249921393517e-16 -0.38268330693244934 -0.9238796830177307 -2.0514249921393517e-16 -0.38268330693244934 -0.9238796830177307 -1.761598110857512e-16 -0.6087615489959717 -0.793353259563446 -1.761598110857512e-16 -0.6087615489959717 -0.793353259563446 -1.3517221764036062e-16 -0.793353259563446 -0.6087615489959717 -1.3517221764036062e-16 -0.793353259563446 -0.6087615489959717 -8.497276369922021e-17 -0.9238796830177307 -0.38268330693244934 -8.497276369922021e-17 -0.9238796830177307 -0.38268330693244934 -2.898266496712683e-17 -0.9914448857307434 -0.1305263191461563 -2.898266496712683e-17 -0.9914448857307434 -0.1305263191461563 2.898266496712683e-17 -0.9914448857307434 0.1305263191461563 2.898266496712683e-17 -0.9914448857307434 0.1305263191461563 8.497276369922021e-17 -0.9238796830177307 0.38268330693244934 8.497276369922021e-17 -0.9238796830177307 0.38268330693244934 1.3517221764036062e-16 -0.793353259563446 0.6087615489959717 1.3517221764036062e-16 -0.793353259563446 0.6087615489959717 1.761598110857512e-16 -0.6087615489959717 0.793353259563446 1.761598110857512e-16 -0.6087615489959717 0.793353259563446 1.0 2.220446049250313e-16 4.930380657631324e-32 1.0 2.220446049250313e-16 4.930380657631324e-32 1.0 2.220446049250313e-16 4.930380657631324e-32 1.0 2.220446049250313e-16 4.930380657631324e-32 1.0 2.220446049250313e-16 4.930380657631324e-32 1.0 2.220446049250313e-16 4.930380657631324e-32 1.0 2.220446049250313e-16 4.930380657631324e-32 1.0 2.220446049250313e-16 4.930380657631324e-32 1.0 2.220446049250313e-16 4.930380657631324e-32 1.0 2.220446049250313e-16 4.930380657631324e-32 1.0 2.220446049250313e-16 4.930380657631324e-32 1.0 2.220446049250313e-16 4.930380657631324e-32 1.0 2.220446049250313e-16 4.930380657631324e-32 1.0 2.220446049250313e-16 4.930380657631324e-32 1.0 2.220446049250313e-16 4.930380657631324e-32 1.0 2.220446049250313e-16 4.930380657631324e-32 1.0 2.220446049250313e-16 4.930380657631324e-32 1.0 2.220446049250313e-16 4.930380657631324e-32 1.0 2.220446049250313e-16 4.930380657631324e-32 1.0 2.220446049250313e-16 4.930380657631324e-32 1.0 2.220446049250313e-16 4.930380657631324e-32 1.0 2.220446049250313e-16 4.930380657631324e-32 2.0514249921393517e-16 -0.38268330693244934 0.9238796830177307 2.0514249921393517e-16 -0.38268330693244934 0.9238796830177307 2.2014498795702573e-16 -0.1305263191461563 0.9914448857307434 2.2014498795702573e-16 -0.1305263191461563 0.9914448857307434 -1.0 -2.220446049250313e-16 -4.930380657631324e-32 -1.0 -2.220446049250313e-16 -4.930380657631324e-32 -1.0 -2.220446049250313e-16 -4.930380657631324e-32 -1.0 -2.220446049250313e-16 -4.930380657631324e-32 -1.0 -2.220446049250313e-16 -4.930380657631324e-32 -1.0 -2.220446049250313e-16 -4.930380657631324e-32 -1.0 -2.220446049250313e-16 -4.930380657631324e-32 -1.0 -2.220446049250313e-16 -4.930380657631324e-32 -1.0 -2.220446049250313e-16 -4.930380657631324e-32 -1.0 -2.220446049250313e-16 -4.930380657631324e-32 -1.0 -2.220446049250313e-16 -4.930380657631324e-32 -1.0 -2.220446049250313e-16 -4.930380657631324e-32 -1.0 -2.220446049250313e-16 -4.930380657631324e-32 -1.0 -2.220446049250313e-16 -4.930380657631324e-32 -1.0 -2.220446049250313e-16 -4.930380657631324e-32 -1.0 -2.220446049250313e-16 -4.930380657631324e-32 -1.0 -2.220446049250313e-16 -4.930380657631324e-32 -1.0 -2.220446049250313e-16 -4.930380657631324e-32 -1.0 -2.220446049250313e-16 -4.930380657631324e-32 -1.0 -2.220446049250313e-16 -4.930380657631324e-32 -1.0 -2.220446049250313e-16 -4.930380657631324e-32 -1.0 -2.220446049250313e-16 -4.930380657631324e-32</float_array><technique_common><accessor source="#mesh27-normals-array" count="92" stride="3"><param name="X" type="float" /><param name="Y" type="float" /><param name="Z" type="float" /></accessor></technique_common></source><vertices id="mesh27-vertices"><input semantic="POSITION" source="#mesh27-positions" /></vertices><triangles count="92" material="copper"><input semantic="VERTEX" source="#mesh27-vertices" offset="0" /><input semantic="NORMAL" source="#mesh27-normals" offset="1" /><p>0 0 1 0 3 0 0 1 3 1 2 1 2 2 3 2 5 2 2 3 5 3 4 3 4 4 5 4 7 4 4 5 7 5 6 5 6 6 7 6 9 6 6 7 9 7 8 7 8 8 9 8 11 8 8 9 11 9 10 9 10 10 11 10 13 10 10 11 13 11 12 11 12 12 13 12 15 12 12 13 15 13 14 13 14 14 15 14 17 14 14 15 17 15 16 15 16 16 17 16 19 16 16 17 19 17 18 17 18 18 19 18 21 18 18 19 21 19 20 19 20 20 21 20 23 20 20 21 23 21 22 21 22 22 23 22 25 22 22 23 25 23 24 23 24 24 25 24 27 24 24 25 27 25 26 25 26 26 27 26 29 26 26 27 29 27 28 27 28 28 29 28 31 28 28 29 31 29 30 29 30 30 31 30 33 30 30 31 33 31 32 31 32 32 33 32 35 32 32 33 35 33 34 33 34 34 35 34 37 34 34 35 37 35 36 35 36 36 37 36 39 36 36 37 39 37 38 37 38 38 39 38 41 38 38 39 41 39 40 39 40 40 41 40 43 40 40 41 43 41 42 41 42 42 43 42 45 42 42 43 45 43 44 43 5 44 3 44 1 44 1 45 47 45 45 45 45 46 43 46 41 46 41 47 39 47 37 47 37 48 35 48 33 48 33 49 31 49 29 49 29 50 27 50 25 50 25 51 23 51 21 51 21 52 19 52 17 52 17 53 15 53 13 53 13 54 11 54 9 54 9 55 7 55 5 55 5 56 1 56 45 56 45 57 41 57 37 57 37 58 33 58 29 58 29 59 25 59 21 59 21 60 17 60 13 60 13 61 9 61 5 61 5 62 45 62 37 62 37 63 29 63 21 63 21 64 13 64 5 64 37 65 21 65 5 65 44 66 45 66 47 66 44 67 47 67 46 67 46 68 47 68 1 68 46 69 1 69 0 69 46 70 0 70 2 70 2 71 4 71 6 71 6 72 8 72 10 72 10 73 12 73 14 73 14 74 16 74 18 74 18 75 20 75 22 75 22 76 24 76 26 76 26 77 28 77 30 77 30 78 32 78 34 78 34 79 36 79 38 79 38 80 40 80 42 80 42 81 44 81 46 81 46 82 2 82 6 82 6 83 10 83 14 83 14 84 18 84 22 84 22 85 26 85 30 85 30 86 34 86 38 86 38 87 42 87 46 87 46 88 6 88 14 88 14 89 22 89 30 89 30 90 38 90 46 90 14 91 30 91 46 91</p></triangles></mesh></geometry><geometry id="mesh28"><mesh><source id="mesh28-positions"><float_array id="mesh28-array" count="144">-0.11599999666213989 0.030131999403238297 0.004999999888241291 -0.06800000369548798 0.030131999403238297 0.004999999888241291 -0.11599999666213989 0.031426094472408295 0.004829628858715296 -0.06800000369548798 0.031426094472408295 0.004829628858715296 -0.11599999666213989 0.032632000744342804 0.0043301270343363285 -0.06800000369548798 0.032632000744342804 0.0043301270343363285 -0.11599999666213989 0.033667534589767456 0.0035355337895452976 -0.06800000369548798 0.033667534589767456 0.0035355337895452976 -0.11599999666213989 0.03446212783455849 0.0024999999441206455 -0.06800000369548798 0.03446212783455849 0.0024999999441206455 -0.11599999666213989 0.034961629658937454 0.00129409518558532 -0.06800000369548798 0.034961629658937454 0.00129409518558532 -0.11599999666213989 0.03513199836015701 5.329069737342253e-18 -0.06800000369548798 0.03513199836015701 -5.329069737342253e-18 -0.11599999666213989 0.034961629658937454 -0.00129409518558532 -0.06800000369548798 0.034961629658937454 -0.00129409518558532 -0.11599999666213989 0.03446212783455849 -0.0024999999441206455 -0.06800000369548798 0.03446212783455849 -0.0024999999441206455 -0.11599999666213989 0.033667534589767456 -0.0035355337895452976 -0.06800000369548798 0.033667534589767456 -0.0035355337895452976 -0.11599999666213989 0.032632000744342804 -0.0043301270343363285 -0.06800000369548798 0.032632000744342804 -0.0043301270343363285 -0.11599999666213989 0.031426094472408295 -0.004829628858715296 -0.06800000369548798 0.031426094472408295 -0.004829628858715296 -0.11599999666213989 0.030131999403238297 -0.004999999888241291 -0.06800000369548798 0.030131999403238297 -0.004999999888241291 -0.11599999666213989 0.0288379043340683 -0.004829628858715296 -0.06800000369548798 0.0288379043340683 -0.004829628858715296 -0.11599999666213989 0.02763199992477894 -0.0043301270343363285 -0.06800000369548798 0.02763199992477894 -0.0043301270343363285 -0.11599999666213989 0.026596466079354286 -0.0035355337895452976 -0.06800000369548798 0.026596466079354286 -0.0035355337895452976 -0.11599999666213989 0.025801872834563255 -0.0024999999441206455 -0.06800000369548798 0.025801872834563255 -0.0024999999441206455 -0.11599999666213989 0.025302371010184288 -0.00129409518558532 -0.06800000369548798 0.025302371010184288 -0.00129409518558532 -0.11599999666213989 0.02513200044631958 5.329069737342253e-18 -0.06800000369548798 0.02513200044631958 -5.329069737342253e-18 -0.11599999666213989 0.025302371010184288 0.00129409518558532 -0.06800000369548798 0.025302371010184288 0.00129409518558532 -0.11599999666213989 0.025801872834563255 0.0024999999441206455 -0.06800000369548798 0.025801872834563255 0.0024999999441206455 -0.11599999666213989 0.026596466079354286 0.0035355337895452976 -0.06800000369548798 0.026596466079354286 0.0035355337895452976 -0.11599999666213989 0.02763199992477894 0.0043301270343363285 -0.06800000369548798 0.02763199992477894 0.0043301270343363285 -0.11599999666213989 0.0288379043340683 0.004829628858715296 -0.06800000369548798 0.0288379043340683 0.004829628858715296</float_array><technique_common><accessor source="#mesh28-array" count="48" stride="3"><param name="X" type="float" /><param name="Y" type="float" /><param name="Z" type="float" /></accessor></technique_common></source><source id="mesh28-normals"><float_array id="mesh28-normals-array" count="276">2.2014498795702573e-16 0.1305263191461563 0.9914448857307434 2.2014498795702573e-16 0.1305263191461563 0.9914448857307434 2.0514249921393517e-16 0.38268330693244934 0.9238796830177307 2.0514249921393517e-16 0.38268330693244934 0.9238796830177307 1.761598110857512e-16 0.6087615489959717 0.793353259563446 1.761598110857512e-16 0.6087615489959717 0.793353259563446 1.3517221764036062e-16 0.793353259563446 0.6087615489959717 1.3517221764036062e-16 0.793353259563446 0.6087615489959717 8.497276369922021e-17 0.9238796830177307 0.38268330693244934 8.497276369922021e-17 0.9238796830177307 0.38268330693244934 2.898266496712683e-17 0.9914448857307434 0.1305263191461563 2.898266496712683e-17 0.9914448857307434 0.1305263191461563 -2.898266496712683e-17 0.9914448857307434 -0.1305263191461563 -2.898266496712683e-17 0.9914448857307434 -0.1305263191461563 -8.497276369922021e-17 0.9238796830177307 -0.38268330693244934 -8.497276369922021e-17 0.9238796830177307 -0.38268330693244934 -1.3517221764036062e-16 0.793353259563446 -0.6087615489959717 -1.3517221764036062e-16 0.793353259563446 -0.6087615489959717 -1.761598110857512e-16 0.6087615489959717 -0.793353259563446 -1.761598110857512e-16 0.6087615489959717 -0.793353259563446 -2.0514249921393517e-16 0.38268330693244934 -0.9238796830177307 -2.0514249921393517e-16 0.38268330693244934 -0.9238796830177307 -2.2014498795702573e-16 0.1305263191461563 -0.9914448857307434 -2.2014498795702573e-16 0.1305263191461563 -0.9914448857307434 -2.2014498795702573e-16 -0.1305263191461563 -0.9914448857307434 -2.2014498795702573e-16 -0.1305263191461563 -0.9914448857307434 -2.0514249921393517e-16 -0.38268330693244934 -0.9238796830177307 -2.0514249921393517e-16 -0.38268330693244934 -0.9238796830177307 -1.761598110857512e-16 -0.6087615489959717 -0.793353259563446 -1.761598110857512e-16 -0.6087615489959717 -0.793353259563446 -1.3517221764036062e-16 -0.793353259563446 -0.6087615489959717 -1.3517221764036062e-16 -0.793353259563446 -0.6087615489959717 -8.497276369922021e-17 -0.9238796830177307 -0.38268330693244934 -8.497276369922021e-17 -0.9238796830177307 -0.38268330693244934 -2.898266496712683e-17 -0.9914448857307434 -0.1305263191461563 -2.898266496712683e-17 -0.9914448857307434 -0.1305263191461563 2.898266496712683e-17 -0.9914448857307434 0.1305263191461563 2.898266496712683e-17 -0.9914448857307434 0.1305263191461563 8.497276369922021e-17 -0.9238796830177307 0.38268330693244934 8.497276369922021e-17 -0.9238796830177307 0.38268330693244934 1.3517221764036062e-16 -0.793353259563446 0.6087615489959717 1.3517221764036062e-16 -0.793353259563446 0.6087615489959717 1.761598110857512e-16 -0.6087615489959717 0.793353259563446 1.761598110857512e-16 -0.6087615489959717 0.793353259563446 1.0 2.220446049250313e-16 4.930380657631324e-32 1.0 2.220446049250313e-16 4.930380657631324e-32 1.0 2.220446049250313e-16 4.930380657631324e-32 1.0 2.220446049250313e-16 4.930380657631324e-32 1.0 2.220446049250313e-16 4.930380657631324e-32 1.0 2.220446049250313e-16 4.930380657631324e-32 1.0 2.220446049250313e-16 4.930380657631324e-32 1.0 2.220446049250313e-16 4.930380657631324e-32 1.0 2.220446049250313e-16 4.930380657631324e-32 1.0 2.220446049250313e-16 4.930380657631324e-32 1.0 2.220446049250313e-16 4.930380657631324e-32 1.0 2.220446049250313e-16 4.930380657631324e-32 1.0 2.220446049250313e-16 4.930380657631324e-32 1.0 2.220446049250313e-16 4.930380657631324e-32 1.0 2.220446049250313e-16 4.930380657631324e-32 1.0 2.220446049250313e-16 4.930380657631324e-32 1.0 2.220446049250313e-16 4.930380657631324e-32 1.0 2.220446049250313e-16 4.930380657631324e-32 1.0 2.220446049250313e-16 4.930380657631324e-32 1.0 2.220446049250313e-16 4.930380657631324e-32 1.0 2.220446049250313e-16 4.930380657631324e-32 1.0 2.220446049250313e-16 4.930380657631324e-32 2.0514249921393517e-16 -0.38268330693244934 0.9238796830177307 2.0514249921393517e-16 -0.38268330693244934 0.9238796830177307 2.2014498795702573e-16 -0.1305263191461563 0.9914448857307434 2.2014498795702573e-16 -0.1305263191461563 0.9914448857307434 -1.0 -2.220446049250313e-16 -4.930380657631324e-32 -1.0 -2.220446049250313e-16 -4.930380657631324e-32 -1.0 -2.220446049250313e-16 -4.930380657631324e-32 -1.0 -2.220446049250313e-16 -4.930380657631324e-32 -1.0 -2.220446049250313e-16 -4.930380657631324e-32 -1.0 -2.220446049250313e-16 -4.930380657631324e-32 -1.0 -2.220446049250313e-16 -4.930380657631324e-32 -1.0 -2.220446049250313e-16 -4.930380657631324e-32 -1.0 -2.220446049250313e-16 -4.930380657631324e-32 -1.0 -2.220446049250313e-16 -4.930380657631324e-32 -1.0 -2.220446049250313e-16 -4.930380657631324e-32 -1.0 -2.220446049250313e-16 -4.930380657631324e-32 -1.0 -2.220446049250313e-16 -4.930380657631324e-32 -1.0 -2.220446049250313e-16 -4.930380657631324e-32 -1.0 -2.220446049250313e-16 -4.930380657631324e-32 -1.0 -2.220446049250313e-16 -4.930380657631324e-32 -1.0 -2.220446049250313e-16 -4.930380657631324e-32 -1.0 -2.220446049250313e-16 -4.930380657631324e-32 -1.0 -2.220446049250313e-16 -4.930380657631324e-32 -1.0 -2.220446049250313e-16 -4.930380657631324e-32 -1.0 -2.220446049250313e-16 -4.930380657631324e-32 -1.0 -2.220446049250313e-16 -4.930380657631324e-32</float_array><technique_common><accessor source="#mesh28-normals-array" count="92" stride="3"><param name="X" type="float" /><param name="Y" type="float" /><param name="Z" type="float" /></accessor></technique_common></source><vertices id="mesh28-vertices"><input semantic="POSITION" source="#mesh28-positions" /></vertices><triangles count="92" material="copper"><input semantic="VERTEX" source="#mesh28-vertices" offset="0" /><input semantic="NORMAL" source="#mesh28-normals" offset="1" /><p>0 0 1 0 3 0 0 1 3 1 2 1 2 2 3 2 5 2 2 3 5 3 4 3 4 4 5 4 7 4 4 5 7 5 6 5 6 6 7 6 9 6 6 7 9 7 8 7 8 8 9 8 11 8 8 9 11 9 10 9 10 10 11 10 13 10 10 11 13 11 12 11 12 12 13 12 15 12 12 13 15 13 14 13 14 14 15 14 17 14 14 15 17 15 16 15 16 16 17 16 19 16 16 17 19 17 18 17 18 18 19 18 21 18 18 19 21 19 20 19 20 20 21 20 23 20 20 21 23 21 22 21 22 22 23 22 25 22 22 23 25 23 24 23 24 24 25 24 27 24 24 25 27 25 26 25 26 26 27 26 29 26 26 27 29 27 28 27 28 28 29 28 31 28 28 29 31 29 30 29 30 30 31 30 33 30 30 31 33 31 32 31 32 32 33 32 35 32 32 33 35 33 34 33 34 34 35 34 37 34 34 35 37 35 36 35 36 36 37 36 39 36 36 37 39 37 38 37 38 38 39 38 41 38 38 39 41 39 40 39 40 40 41 40 43 40 40 41 43 41 42 41 42 42 43 42 45 42 42 43 45 43 44 43 5 44 3 44 1 44 1 45 47 45 45 45 45 46 43 46 41 46 41 47 39 47 37 47 37 48 35 48 33 48 33 49 31 49 29 49 29 50 27 50 25 50 25 51 23 51 21 51 21 52 19 52 17 52 17 53 15 53 13 53 13 54 11 54 9 54 9 55 7 55 5 55 5 56 1 56 45 56 45 57 41 57 37 57 37 58 33 58 29 58 29 59 25 59 21 59 21 60 17 60 13 60 13 61 9 61 5 61 5 62 45 62 37 62 37 63 29 63 21 63 21 64 13 64 5 64 37 65 21 65 5 65 44 66 45 66 47 66 44 67 47 67 46 67 46 68 47 68 1 68 46 69 1 69 0 69 46 70 0 70 2 70 2 71 4 71 6 71 6 72 8 72 10 72 10 73 12 73 14 73 14 74 16 74 18 74 18 75 20 75 22 75 22 76 24 76 26 76 26 77 28 77 30 77 30 78 32 78 34 78 34 79 36 79 38 79 38 80 40 80 42 80 42 81 44 81 46 81 46 82 2 82 6 82 6 83 10 83 14 83 14 84 18 84 22 84 22 85 26 85 30 85 30 86 34 86 38 86 38 87 42 87 46 87 46 88 6 88 14 88 14 89 22 89 30 89 30 90 38 90 46 90 14 91 30 91 46 91</p></triangles></mesh></geometry><geometry id="mesh29"><mesh><source id="mesh29-positions"><float_array id="mesh29-array" count="72">-0.17299999296665192 -6.444844566628294e-18 0.02902499958872795 -0.1289999932050705 -6.444844566628294e-18 0.02902499958872795 -0.17299999296665192 0.014512499794363976 0.02513638697564602 -0.1289999932050705 0.014512499794363976 0.02513638697564602 -0.17299999296665192 0.02513638697564602 0.014512499794363976 -0.1289999932050705 0.02513638697564602 0.014512499794363976 -0.17299999296665192 0.02902499958872795 4.884981281880909e-18 -0.1289999932050705 0.02902499958872795 -4.884981281880909e-18 -0.17299999296665192 0.02513638697564602 -0.014512499794363976 -0.1289999932050705 0.02513638697564602 -0.014512499794363976 -0.17299999296665192 0.014512499794363976 -0.02513638697564602 -0.1289999932050705 0.014512499794363976 -0.02513638697564602 -0.17299999296665192 6.444844566628294e-18 -0.02902499958872795 -0.1289999932050705 6.444844566628294e-18 -0.02902499958872795 -0.17299999296665192 -0.014512499794363976 -0.02513638697564602 -0.1289999932050705 -0.014512499794363976 -0.02513638697564602 -0.17299999296665192 -0.02513638697564602 -0.014512499794363976 -0.1289999932050705 -0.02513638697564602 -0.014512499794363976 -0.17299999296665192 -0.02902499958872795 4.884981281880909e-18 -0.1289999932050705 -0.02902499958872795 -4.884981281880909e-18 -0.17299999296665192 -0.02513638697564602 0.014512499794363976 -0.1289999932050705 -0.02513638697564602 0.014512499794363976 -0.17299999296665192 -0.014512499794363976 0.02513638697564602 -0.1289999932050705 -0.014512499794363976 0.02513638697564602</float_array><technique_common><accessor source="#mesh29-array" count="24" stride="3"><param name="X" type="float" /><param name="Y" type="float" /><param name="Z" type="float" /></accessor></technique_common></source><source id="mesh29-normals"><float_array id="mesh29-normals-array" count="132">2.1447862870747008e-16 0.2588190734386444 0.9659258723258972 2.1447862870747008e-16 0.2588190734386444 0.9659258723258972 1.5700924318127872e-16 0.7071067690849304 0.7071067690849304 1.5700924318127872e-16 0.7071067690849304 0.7071067690849304 5.746937890874646e-17 0.9659258723258972 0.2588190734386444 5.746937890874646e-17 0.9659258723258972 0.2588190734386444 -5.746937890874646e-17 0.9659258723258972 -0.2588190734386444 -5.746937890874646e-17 0.9659258723258972 -0.2588190734386444 -1.5700924318127872e-16 0.7071067690849304 -0.7071067690849304 -1.5700924318127872e-16 0.7071067690849304 -0.7071067690849304 -2.1447862870747008e-16 0.2588190734386444 -0.9659258723258972 -2.1447862870747008e-16 0.2588190734386444 -0.9659258723258972 -2.1447862870747008e-16 -0.2588190734386444 -0.9659258723258972 -2.1447862870747008e-16 -0.2588190734386444 -0.9659258723258972 -1.5700924318127872e-16 -0.7071067690849304 -0.7071067690849304 -1.5700924318127872e-16 -0.7071067690849304 -0.7071067690849304 -5.746937890874646e-17 -0.9659258723258972 -0.2588190734386444 -5.746937890874646e-17 -0.9659258723258972 -0.2588190734386444 5.746937890874646e-17 -0.9659258723258972 0.2588190734386444 5.746937890874646e-17 -0.9659258723258972 0.2588190734386444 1.0 2.220446049250313e-16 4.930380657631324e-32 1.0 2.220446049250313e-16 4.930380657631324e-32 1.0 2.220446049250313e-16 4.930380657631324e-32 1.0 2.220446049250313e-16 4.930380657631324e-32 1.0 2.220446049250313e-16 4.930380657631324e-32 1.0 2.220446049250313e-16 4.930380657631324e-32 1.0 2.220446049250313e-16 4.930380657631324e-32 1.0 2.220446049250313e-16 4.930380657631324e-32 1.0 2.220446049250313e-16 4.930380657631324e-32 1.0 2.220446049250313e-16 4.930380657631324e-32 1.5700924318127872e-16 -0.7071067690849304 0.7071067690849304 1.5700924318127872e-16 -0.7071067690849304 0.7071067690849304 2.1447862870747008e-16 -0.2588190734386444 0.9659258723258972 2.1447862870747008e-16 -0.2588190734386444 0.9659258723258972 -1.0 -2.220446049250313e-16 -4.930380657631324e-32 -1.0 -2.220446049250313e-16 -4.930380657631324e-32 -1.0 -2.220446049250313e-16 -4.930380657631324e-32 -1.0 -2.220446049250313e-16 -4.930380657631324e-32 -1.0 -2.220446049250313e-16 -4.930380657631324e-32 -1.0 -2.220446049250313e-16 -4.930380657631324e-32 -1.0 -2.220446049250313e-16 -4.930380657631324e-32 -1.0 -2.220446049250313e-16 -4.930380657631324e-32 -1.0 -2.220446049250313e-16 -4.930380657631324e-32 -1.0 -2.220446049250313e-16 -4.930380657631324e-32</float_array><technique_common><accessor source="#mesh29-normals-array" count="44" stride="3"><param name="X" type="float" /><param name="Y" type="float" /><param name="Z" type="float" /></accessor></technique_common></source><vertices id="mesh29-vertices"><input semantic="POSITION" source="#mesh29-positions" /></vertices><triangles count="44" material="graphite"><input semantic="VERTEX" source="#mesh29-vertices" offset="0" /><input semantic="NORMAL" source="#mesh29-normals" offset="1" /><p>0 0 1 0 3 0 0 1 3 1 2 1 2 2 3 2 5 2 2 3 5 3 4 3 4 4 5 4 7 4 4 5 7 5 6 5 6 6 7 6 9 6 6 7 9 7 8 7 8 8 9 8 11 8 8 9 11 9 10 9 10 10 11 10 13 10 10 11 13 11 12 11 12 12 13 12 15 12 12 13 15 13 14 13 14 14 15 14 17 14 14 15 17 15 16 15 16 16 17 16 19 16 16 17 19 17 18 17 18 18 19 18 21 18 18 19 21 19 20 19 5 20 3 20 1 20 1 21 23 21 21 21 21 22 19 22 17 22 17 23 15 23 13 23 13 24 11 24 9 24 9 25 7 25 5 25 5 26 1 26 21 26 21 27 17 27 13 27 13 28 9 28 5 28 21 29 13 29 5 29 20 30 21 30 23 30 20 31 23 31 22 31 22 32 23 32 1 32 22 33 1 33 0 33 22 34 0 34 2 34 2 35 4 35 6 35 6 36 8 36 10 36 10 37 12 37 14 37 14 38 16 38 18 38 18 39 20 39 22 39 22 40 2 40 6 40 6 41 10 41 14 41 14 42 18 42 22 42 6 43 14 43 22 43</p></triangles></mesh></geometry><geometry id="mesh30"><mesh><source id="mesh30-positions"><float_array id="mesh30-array" count="288">-0.17074747383594513 -0.025155000388622284 -0.013092828914523125 -0.16633401811122894 -0.02965500019490719 -0.01403035782277584 -0.16760054230690002 -0.025155000388622284 -0.018360884860157967 -0.17015531659126282 -0.02740204893052578 -0.013216552324593067 -0.1707877516746521 -0.025155000388622284 -0.015378974378108978 -0.17018595337867737 -0.027306951582431793 -0.01540775690227747 -0.16696391999721527 -0.029053818434476852 -0.016191253438591957 -0.16853530704975128 -0.029053818434476852 -0.013560681603848934 -0.16904541850090027 -0.02846984565258026 -0.015650033950805664 -0.16963262856006622 -0.025155000388622284 -0.01731266640126705 -0.16742880642414093 -0.02740204893052578 -0.017780816182494164 -0.16937272250652313 -0.027306951582431793 -0.016769133508205414 -0.13508903980255127 -0.025155000388622284 -0.02074817381799221 -0.14039947092533112 -0.025155000388622284 -0.024209115654230118 -0.1394886076450348 -0.02965500019490719 -0.019802121445536613 -0.1361316442489624 -0.025155000388622284 -0.022822359576821327 -0.1356768161058426 -0.02740204893052578 -0.020621754229068756 -0.1366833597421646 -0.027306951582431793 -0.02260643243789673 -0.14027778804302216 -0.02740204893052578 -0.023620327934622765 -0.138080894947052 -0.025155000388622284 -0.02409273386001587 -0.138055682182312 -0.027306951582431793 -0.02350081130862236 -0.13729171454906464 -0.029053818434476852 -0.02027449570596218 -0.1399434506893158 -0.029053818434476852 -0.022002696990966797 -0.137820303440094 -0.02846984565258026 -0.02236195281147957 -0.1322777271270752 -0.025155000388622284 0.014941809698939323 -0.12891097366809845 -0.025155000388622284 0.00913817249238491 -0.13322128355503082 -0.02965500019490719 0.010516084730625153 -0.13025739789009094 -0.025155000388622284 0.013659042306244373 -0.1324097216129303 -0.02740204893052578 0.014347094111144543 -0.13047626614570618 -0.027306951582431793 0.013110736384987831 -0.12949274480342865 -0.02740204893052578 0.009318800643086433 -0.12902158498764038 -0.025155000388622284 0.011528760194778442 -0.1296062171459198 -0.027306951582431793 0.011610954999923706 -0.1327560544013977 -0.029053818434476852 0.012722589075565338 -0.13107489049434662 -0.029053818434476852 0.009824576787650585 -0.1307200938463211 -0.02846984565258026 0.011967035941779613 -0.16125252842903137 -0.025155000388622284 0.019671829417347908 -0.15572227537631989 -0.025155000388622284 0.022597189992666245 -0.15697309374809265 -0.02965500019490719 0.018271800130605698 -0.16005592048168182 -0.025155000388622284 0.02164405956864357 -0.16068050265312195 -0.02740204893052578 0.019484201446175575 -0.15952672064304352 -0.027306951582431793 0.02137044258415699 -0.15588907897472382 -0.02740204893052578 0.02201874554157257 -0.15802597999572754 -0.025155000388622284 0.02271784096956253 -0.15809759497642517 -0.027306951582431793 0.022126417607069016 -0.1591096967458725 -0.029053818434476852 0.0189703069627285 -0.15634819865226746 -0.029053818434476852 0.020431069657206535 -0.15842083096504211 -0.02846984565258026 0.021008646115660667 -0.17074747383594513 -0.025155000388622284 -0.013092828914523125 -0.16760054230690002 -0.025155000388622284 -0.018360884860157967 -0.16633401811122894 -0.02065500058233738 -0.01403035782277584 -0.1707877516746521 -0.025155000388622284 -0.015378974378108978 -0.17015531659126282 -0.022907951846718788 -0.013216552324593067 -0.17018595337867737 -0.023003049194812775 -0.01540775690227747 -0.16742880642414093 -0.022907951846718788 -0.017780816182494164 -0.16963262856006622 -0.025155000388622284 -0.01731266640126705 -0.16937272250652313 -0.023003049194812775 -0.016769133508205414 -0.16853530704975128 -0.021256182342767715 -0.013560681603848934 -0.16696391999721527 -0.021256182342767715 -0.016191253438591957 -0.16904541850090027 -0.021840155124664307 -0.015650033950805664 -0.14039947092533112 -0.025155000388622284 -0.024209115654230118 -0.13508903980255127 -0.025155000388622284 -0.02074817381799221 -0.1394886076450348 -0.02065500058233738 -0.019802121445536613 -0.138080894947052 -0.025155000388622284 -0.02409273386001587 -0.14027778804302216 -0.022907951846718788 -0.023620327934622765 -0.138055682182312 -0.023003049194812775 -0.02350081130862236 -0.1356768161058426 -0.022907951846718788 -0.020621754229068756 -0.1361316442489624 -0.025155000388622284 -0.022822359576821327 -0.1366833597421646 -0.023003049194812775 -0.02260643243789673 -0.1399434506893158 -0.021256182342767715 -0.022002696990966797 -0.13729171454906464 -0.021256182342767715 -0.02027449570596218 -0.137820303440094 -0.021840155124664307 -0.02236195281147957 -0.12891097366809845 -0.025155000388622284 0.009138173423707485 -0.1322777271270752 -0.025155000388622284 0.014941810630261898 -0.13322128355503082 -0.02065500058233738 0.010516085661947727 -0.12902158498764038 -0.025155000388622284 0.011528762057423592 -0.12949274480342865 -0.022907951846718788 0.009318802505731583 -0.1296062171459198 -0.023003049194812775 0.01161095593124628 -0.1324097216129303 -0.022907951846718788 0.014347095973789692 -0.13025739789009094 -0.025155000388622284 0.013659043237566948 -0.13047626614570618 -0.023003049194812775 0.013110737316310406 -0.13107489049434662 -0.021256182342767715 0.009824578650295734 -0.1327560544013977 -0.021256182342767715 0.012722590006887913 -0.1307200938463211 -0.021840155124664307 0.011967037804424763 -0.16125252842903137 -0.025155000388622284 0.019671829417347908 -0.15697309374809265 -0.02065500058233738 0.018271800130605698 -0.15572227537631989 -0.025155000388622284 0.022597189992666245 -0.16068048775196075 -0.022907951846718788 0.019484201446175575 -0.16005590558052063 -0.025155000388622284 0.02164405956864357 -0.15952670574188232 -0.023003049194812775 0.02137044258415699 -0.15634818375110626 -0.021256182342767715 0.020431069657206535 -0.1591096818447113 -0.021256182342767715 0.0189703069627285 -0.15842081606388092 -0.021840155124664307 0.021008646115660667 -0.15802596509456635 -0.025155000388622284 0.02271784096956253 -0.15588906407356262 -0.022907951846718788 0.02201874554157257 -0.15809758007526398 -0.023003049194812775 0.022126417607069016</float_array><technique_common><accessor source="#mesh30-array" count="96" stride="3"><param name="X" type="float" /><param name="Y" type="float" /><param name="Z" type="float" /></accessor></technique_common></source><source id="mesh30-normals"><float_array id="mesh30-normals-array" count="564">0.9669504761695862 0.25495243072509766 -0.002454794943332672 0.9628534913063049 0.26949116587638855 -0.016963759437203407 0.7158992886543274 0.6979089975357056 0.02027970738708973 0.7158990502357483 0.6979092359542847 0.020279470831155777 0.30710113048553467 0.9361990690231323 0.17093943059444427 0.2960866391658783 0.9361990094184875 0.18937809765338898 0.35720279812812805 0.697907030582428 0.620751142501831 0.35720452666282654 0.6979085803031921 0.6207483410835266 0.4414753019809723 0.2694874107837677 0.8558482527732849 0.4561852812767029 0.25495588779449463 0.8525799512863159 0.8360527753829956 0.22712424397468567 0.4994300603866577 0.8360564708709717 0.22711974382400513 0.4994260370731354 0.6916944980621338 0.5923113226890564 0.413190096616745 -0.8616847395896912 0.2643785774707794 0.4331320524215698 -0.8587061166763306 0.24979248642921448 0.4474678933620453 -0.5327950119972229 0.21862614154815674 0.8175157904624939 -0.5327960252761841 0.21862737834453583 0.8175147771835327 -0.06266133487224579 0.24979546666145325 0.9662690162658691 -0.04834853485226631 0.26437634229660034 0.9632070064544678 -0.06827732920646667 0.6909638047218323 0.7196577191352844 -0.06827753782272339 0.6909635663032532 0.7196579575538635 -0.18876130878925323 0.9322726726531982 0.3086046576499939 -0.20611736178398132 0.9322726726531982 0.2972933053970337 -0.6308234333992004 0.690962016582489 0.3530345559120178 -0.6308204531669617 0.6909636855125427 0.3530365526676178 -0.4452133774757385 0.578895092010498 0.6831291913986206 -0.5175331234931946 0.26032063364982605 -0.8151028156280518 -0.530747652053833 0.24584417045116425 -0.811090350151062 -0.8455183506011963 0.2109716683626175 -0.4904996156692505 -0.845518171787262 0.21097178757190704 -0.4904996454715729 -0.9675682783126831 0.24583762884140015 -0.05809850990772247 -0.9644895792007446 0.26032358407974243 -0.044626474380493164 -0.7304378747940063 0.6799390316009521 -0.06436948478221893 -0.7304379343986511 0.6799389719963074 -0.0643695518374443 -0.3328947126865387 0.9252524375915527 -0.18190425634384155 -0.32316267490386963 0.9252523183822632 -0.19868062436580658 -0.41847866773605347 0.679936408996582 -0.6021313071250916 -0.4184788465499878 0.6799365878105164 -0.6021309494972229 -0.7169845700263977 0.5594025254249573 -0.41593509912490845 0.8240891695022583 0.26623088121414185 -0.4999982714653015 0.8199101686477661 0.25165924429893494 -0.514212965965271 0.4559463560581207 0.22171680629253387 -0.8619482517242432 0.4559496343135834 0.221720352768898 -0.8619455099105835 -0.03631452098488808 0.2516593933105469 -0.9671342968940735 -0.05041339248418808 0.26622775197029114 -0.9625909924507141 -0.005240986123681068 0.6937280893325806 -0.7202179431915283 -0.005241324659436941 0.6937285661697388 -0.7202175259590149 0.15785612165927887 0.9338669180870056 -0.32089582085609436 0.1764363795518875 0.9338669180870056 -0.31106725335121155 0.5983121991157532 0.6937286257743835 -0.4009527564048767 0.5983136296272278 0.6937278509140015 -0.4009518623352051 0.3795214593410492 0.5841325521469116 -0.7174625992774963 0.9628534913063049 -0.26949116587638855 -0.01696377620100975 0.9669504761695862 -0.25495240092277527 -0.0024547954089939594 0.8360534310340881 -0.22712048888206482 0.49943047761917114 0.836055338382721 -0.22712500393390656 0.49942538142204285 0.4561852812767029 -0.254955917596817 0.8525798916816711 0.4414753317832947 -0.2694874107837677 0.8558482527732849 0.3572045862674713 -0.6979068517684937 0.620750367641449 0.35720202326774597 -0.697908878326416 0.6207495331764221 0.2960866093635559 -0.9361991286277771 0.18937811255455017 0.30710113048553467 -0.9361990690231323 0.17093944549560547 0.7158992886543274 -0.6979090571403503 0.02027945965528488 0.7158991098403931 -0.6979091763496399 0.020279821008443832 0.6916944980621338 -0.5923112630844116 0.413190096616745 -0.04834853485226631 -0.26437631249427795 0.963206946849823 -0.0626613199710846 -0.24979545176029205 0.9662690758705139 -0.5327948927879333 -0.21862713992595673 0.8175155520439148 -0.5327962636947632 -0.2186259776353836 0.8175151348114014 -0.8587061166763306 -0.24979247152805328 0.4474678933620453 -0.8616847395896912 -0.2643785774707794 0.4331320822238922 -0.6308226585388184 -0.6909616589546204 0.3530365824699402 -0.6308215260505676 -0.6909641027450562 0.3530336618423462 -0.20611736178398132 -0.9322726726531982 0.2972933053970337 -0.18876130878925323 -0.9322726726531982 0.3086046874523163 -0.0682775229215622 -0.6909637451171875 0.7196577191352844 -0.0682772621512413 -0.690963625907898 0.7196578979492188 -0.4452133774757385 -0.578895092010498 0.6831291913986206 -0.9644896388053894 -0.26032358407974243 -0.044626444578170776 -0.9675683975219727 -0.24583762884140015 -0.05809853598475456 -0.8455182313919067 -0.21097178757190704 -0.49049973487854004 -0.845518171787262 -0.21097178757190704 -0.4904996454715729 -0.5307479500770569 -0.24584384262561798 -0.8110902905464172 -0.5175331234931946 -0.26032063364982605 -0.8151028156280518 -0.4184786081314087 -0.6799365878105164 -0.6021311283111572 -0.41847890615463257 -0.6799363493919373 -0.6021312475204468 -0.32316258549690247 -0.925252377986908 -0.19868065416812897 -0.3328946530818939 -0.925252377986908 -0.18190427124500275 -0.7304378747940063 -0.6799390316009521 -0.0643695518374443 -0.7304379940032959 -0.6799389719963074 -0.06436945497989655 -0.716984748840332 -0.5594022870063782 -0.4159351587295532 0.8199089765548706 -0.25166431069374084 -0.5142125487327576 0.8240863084793091 -0.2662307620048523 -0.5000028014183044 0.5983126759529114 -0.6937287449836731 -0.4009518325328827 0.5983130931854248 -0.6937276124954224 -0.4009532630443573 0.17643600702285767 -0.9338666796684265 -0.31106826663017273 0.1578570306301117 -0.933866560459137 -0.32089605927467346 -0.005241365637630224 -0.6937282085418701 -0.7202178835868835 -0.005240750964730978 -0.693728506565094 -0.7202175855636597 -0.05041370540857315 -0.26622775197029114 -0.9625908732414246 -0.03631453961133957 -0.25165918469429016 -0.9671344757080078 0.45594602823257446 -0.22171975672245026 -0.8619476556777954 0.4559500813484192 -0.22171615064144135 -0.8619464039802551 0.3795214295387268 -0.5841326117515564 -0.7174625992774963 0.927801251411438 0.2586386799812317 -0.26886963844299316 0.9276533126831055 0.2592605948448181 -0.26878103613853455 0.6791732311248779 0.7071061730384827 -0.19678567349910736 0.6791700720787048 0.7071095108985901 -0.19678445160388947 0.2482900470495224 0.9660106897354126 -0.07194018363952637 0.2484477460384369 0.9659658074378967 -0.07199831306934357 -0.08023996651172638 0.9660105109214783 -0.24573418498039246 -0.08044328540563583 0.9658749103546143 -0.24620021879673004 -0.21961496770381927 0.7071035504341125 -0.6721413135528564 -0.21961699426174164 0.7070988416671753 -0.6721454858779907 -0.30001407861709595 0.258638471364975 -0.9182035326957703 -0.29968470335006714 0.26050880551338196 -0.9177822470664978 -0.2536396384239197 0.9658766984939575 0.052431922405958176 -0.2531121075153351 0.9660233855247498 0.05227913334965706 -0.6924946904182434 0.7071019411087036 0.14303158223628998 -0.6924922466278076 0.7071044445037842 0.1430308073759079 -0.9455170035362244 0.260497123003006 0.19529180228710175 -0.9460205435752869 0.25845959782600403 0.19556012749671936 0.05432658642530441 0.9660230278968811 0.25268179178237915 0.05438967049121857 0.965965986251831 0.2528862953186035 0.14868158102035522 0.707106351852417 0.6912991404533386 0.1486809253692627 0.7071082592010498 0.6912972331047058 0.2031223028898239 0.25846436619758606 0.9444244503974915 0.20300932228565216 0.25926533341407776 0.944229245185852 0.2482878565788269 -0.9660103917121887 -0.0719519779086113 0.2484503537416458 -0.9659661054611206 -0.07198674231767654 0.6791732311248779 -0.7071061730384827 -0.19678565859794617 0.6791702508926392 -0.7071091532707214 -0.1967851221561432 0.9278120398521423 -0.25864407420158386 -0.2688274383544922 0.9276413321495056 -0.2592598497867584 -0.2688232958316803 0.20305441319942474 -0.2584644854068756 0.9444389939308167 0.20307712256908417 -0.2592666745185852 0.9442142844200134 0.14868134260177612 -0.707106351852417 0.6912992000579834 0.1486811488866806 -0.7071083188056946 0.6912971138954163 0.054344870150089264 -0.9660229682922363 0.2526780068874359 0.0543716698884964 -0.9659656286239624 0.252891480922699 -0.9454833269119263 -0.2605011463165283 0.19544905424118042 -0.9460533261299133 -0.2584591507911682 0.19540256261825562 -0.6924947500228882 -0.7071018815040588 0.1430312991142273 -0.6924923658370972 -0.7071042656898499 0.1430310755968094 -0.2536526322364807 -0.9658755660057068 0.05239076912403107 -0.2531031370162964 -0.9660234451293945 0.05232101306319237 -0.2998407185077667 -0.2586382031440735 -0.9182602167129517 -0.299858421087265 -0.26050418615341187 -0.9177268147468567 -0.2196156233549118 -0.7071034908294678 -0.6721410751342773 -0.21961641311645508 -0.7070991396903992 -0.6721453666687012 -0.08028645813465118 -0.9660102725028992 -0.24572010338306427 -0.08039551973342896 -0.9658762216567993 -0.24621059000492096 0.0 0.0 0.0 0.0 0.0 0.0 0.0 0.0 0.0 0.0 0.0 0.0 0.0 0.0 0.0 0.0 0.0 0.0 0.0 0.0 0.0 0.0 0.0 0.0 0.0 0.0 0.0 0.0 0.0 0.0 0.0 0.0 0.0 0.0 0.0 0.0 0.0 1.0 0.0 0.0 1.0 0.0 0.0 1.0 0.0 0.0 1.0 0.0 0.0 1.0 0.0 0.0 1.0 0.0 0.0 0.0 0.0 0.0 -1.0 0.0 0.0 -1.0 0.0 0.0 -1.0 0.0 0.0 1.0 0.0 0.0 0.0 0.0 0.0 0.0 0.0 0.0 0.0 0.0 0.0 1.0 0.0 0.0 1.0 0.0 0.0 0.0 0.0 0.0 0.0 0.0 0.0 -1.0 0.0 0.0 0.0 0.0 0.0 0.0 0.0 0.0 1.0 0.0 0.0 -1.0 0.0 0.0 -1.0 0.0</float_array><technique_common><accessor source="#mesh30-normals-array" count="188" stride="3"><param name="X" type="float" /><param name="Y" type="float" /><param name="Z" type="float" /></accessor></technique_common></source><vertices id="mesh30-vertices"><input semantic="POSITION" source="#mesh30-positions" /></vertices><triangles count="188" material="ivory"><input semantic="VERTEX" source="#mesh30-vertices" offset="0" /><input semantic="NORMAL" source="#mesh30-normals" offset="1" /><p>0 0 3 0 5 0 0 1 5 1 4 1 3 2 7 2 8 2 3 3 8 3 5 3 1 4 6 4 8 4 1 5 8 5 7 5 6 6 10 6 11 6 6 7 11 7 8 7 2 8 9 8 11 8 2 9 11 9 10 9 9 10 4 10 5 10 9 11 5 11 11 11 5 12 8 12 11 12 12 13 15 13 17 13 12 14 17 14 16 14 15 15 19 15 20 15 15 16 20 16 17 16 13 17 18 17 20 17 13 18 20 18 19 18 18 19 22 19 23 19 18 20 23 20 20 20 14 21 21 21 23 21 14 22 23 22 22 22 21 23 16 23 17 23 21 24 17 24 23 24 17 25 20 25 23 25 24 26 27 26 29 26 24 27 29 27 28 27 27 28 31 28 32 28 27 29 32 29 29 29 25 30 30 30 32 30 25 31 32 31 31 31 30 32 34 32 35 32 30 33 35 33 32 33 26 34 33 34 35 34 26 35 35 35 34 35 33 36 28 36 29 36 33 37 29 37 35 37 29 38 32 38 35 38 36 39 39 39 41 39 36 40 41 40 40 40 39 41 43 41 44 41 39 42 44 42 41 42 37 43 42 43 44 43 37 44 44 44 43 44 42 45 46 45 47 45 42 46 47 46 44 46 38 47 45 47 47 47 38 48 47 48 46 48 45 49 40 49 41 49 45 50 41 50 47 50 41 51 44 51 47 51 48 52 51 52 53 52 48 53 53 53 52 53 51 54 55 54 56 54 51 55 56 55 53 55 49 56 54 56 56 56 49 57 56 57 55 57 54 58 58 58 59 58 54 59 59 59 56 59 50 60 57 60 59 60 50 61 59 61 58 61 57 62 52 62 53 62 57 63 53 63 59 63 53 64 56 64 59 64 60 65 63 65 65 65 60 66 65 66 64 66 63 67 67 67 68 67 63 68 68 68 65 68 61 69 66 69 68 69 61 70 68 70 67 70 66 71 70 71 71 71 66 72 71 72 68 72 62 73 69 73 71 73 62 74 71 74 70 74 69 75 64 75 65 75 69 76 65 76 71 76 65 77 68 77 71 77 72 78 75 78 77 78 72 79 77 79 76 79 75 80 79 80 80 80 75 81 80 81 77 81 73 82 78 82 80 82 73 83 80 83 79 83 78 84 82 84 83 84 78 85 83 85 80 85 74 86 81 86 83 86 74 87 83 87 82 87 81 88 76 88 77 88 81 89 77 89 83 89 77 90 80 90 83 90 84 91 87 91 89 91 84 92 89 92 88 92 87 93 91 93 92 93 87 94 92 94 89 94 85 95 90 95 92 95 85 96 92 96 91 96 90 97 94 97 95 97 90 98 95 98 92 98 86 99 93 99 95 99 86 100 95 100 94 100 93 101 88 101 89 101 93 102 89 102 95 102 89 103 92 103 95 103 0 104 36 104 40 104 0 105 40 105 3 105 3 106 40 106 45 106 3 107 45 107 7 107 7 108 45 108 38 108 7 109 38 109 1 109 26 110 38 110 46 110 26 111 46 111 33 111 33 112 46 112 42 112 33 113 42 113 28 113 28 114 42 114 37 114 28 115 37 115 24 115 14 116 26 116 34 116 14 117 34 117 21 117 21 118 34 118 30 118 21 119 30 119 16 119 16 120 30 120 25 120 16 121 25 121 12 121 1 122 14 122 22 122 1 123 22 123 6 123 6 124 22 124 18 124 6 125 18 125 10 125 10 126 18 126 13 126 10 127 13 127 2 127 50 128 85 128 91 128 50 129 91 129 57 129 57 130 91 130 87 130 57 131 87 131 52 131 52 132 87 132 84 132 52 133 84 133 48 133 49 134 60 134 64 134 49 135 64 135 54 135 54 136 64 136 69 136 54 137 69 137 58 137 58 138 69 138 62 138 58 139 62 139 50 139 61 140 72 140 76 140 61 141 76 141 66 141 66 142 76 142 81 142 66 143 81 143 70 143 70 144 81 144 74 144 70 145 74 145 62 145 73 146 86 146 94 146 73 147 94 147 78 147 78 148 94 148 90 148 78 149 90 149 82 149 82 150 90 150 85 150 82 151 85 151 74 151 2 152 49 152 55 152 2 153 55 153 9 153 9 154 55 154 51 154 9 155 51 155 4 155 4 156 51 156 48 156 4 157 48 157 0 157 12 158 61 158 67 158 12 159 67 159 15 159 15 160 67 160 63 160 15 161 63 161 19 161 19 162 63 162 60 162 19 163 60 163 13 163 24 164 73 164 79 164 24 165 79 165 27 165 27 166 79 166 75 166 27 167 75 167 31 167 31 168 75 168 72 168 31 169 72 169 25 169 36 170 84 170 88 170 36 171 88 171 39 171 39 172 88 172 93 172 39 173 93 173 43 173 43 174 93 174 86 174 43 175 86 175 37 175 36 176 0 176 48 176 36 177 48 177 84 177 38 178 26 178 14 178 38 179 14 179 1 179 2 180 13 180 60 180 2 181 60 181 49 181 12 182 25 182 72 182 12 183 72 183 61 183 24 184 37 184 86 184 24 185 86 185 73 185 50 186 62 186 74 186 50 187 74 187 85 187</p></triangles></mesh></geometry><geometry id="mesh31"><mesh><source id="mesh31-positions"><float_array id="mesh31-array" count="288">-0.17074747383594513 0.025155000388622284 -0.013092828914523125 -0.16633401811122894 0.02065500058233738 -0.01403035782277584 -0.16760054230690002 0.025155000388622284 -0.018360884860157967 -0.17015531659126282 0.022907951846718788 -0.013216552324593067 -0.1707877516746521 0.025155000388622284 -0.015378974378108978 -0.17018595337867737 0.023003049194812775 -0.01540775690227747 -0.16696391999721527 0.021256182342767715 -0.016191253438591957 -0.16853530704975128 0.021256182342767715 -0.013560681603848934 -0.16904541850090027 0.021840155124664307 -0.015650033950805664 -0.16963262856006622 0.025155000388622284 -0.01731266640126705 -0.16742880642414093 0.022907951846718788 -0.017780816182494164 -0.16937272250652313 0.023003049194812775 -0.016769133508205414 -0.13508903980255127 0.025155000388622284 -0.02074817381799221 -0.14039947092533112 0.025155000388622284 -0.024209115654230118 -0.1394886076450348 0.02065500058233738 -0.019802121445536613 -0.1361316442489624 0.025155000388622284 -0.022822359576821327 -0.1356768161058426 0.022907951846718788 -0.020621754229068756 -0.1366833597421646 0.023003049194812775 -0.02260643243789673 -0.14027778804302216 0.022907951846718788 -0.023620327934622765 -0.138080894947052 0.025155000388622284 -0.02409273386001587 -0.138055682182312 0.023003049194812775 -0.02350081130862236 -0.13729171454906464 0.021256182342767715 -0.02027449570596218 -0.1399434506893158 0.021256182342767715 -0.022002696990966797 -0.137820303440094 0.021840155124664307 -0.02236195281147957 -0.1322777271270752 0.025155000388622284 0.014941809698939323 -0.12891097366809845 0.025155000388622284 0.00913817249238491 -0.13322128355503082 0.02065500058233738 0.010516084730625153 -0.13025739789009094 0.025155000388622284 0.013659042306244373 -0.1324097216129303 0.022907951846718788 0.014347094111144543 -0.13047626614570618 0.023003049194812775 0.013110736384987831 -0.12949274480342865 0.022907951846718788 0.009318800643086433 -0.12902158498764038 0.025155000388622284 0.011528760194778442 -0.1296062171459198 0.023003049194812775 0.011610954999923706 -0.1327560544013977 0.021256182342767715 0.012722589075565338 -0.13107489049434662 0.021256182342767715 0.009824576787650585 -0.1307200938463211 0.021840155124664307 0.011967035941779613 -0.16125252842903137 0.025155000388622284 0.019671829417347908 -0.15572227537631989 0.025155000388622284 0.022597189992666245 -0.15697309374809265 0.02065500058233738 0.018271800130605698 -0.16005592048168182 0.025155000388622284 0.02164405956864357 -0.16068050265312195 0.022907951846718788 0.019484201446175575 -0.15952672064304352 0.023003049194812775 0.02137044258415699 -0.15588907897472382 0.022907951846718788 0.02201874554157257 -0.15802597999572754 0.025155000388622284 0.02271784096956253 -0.15809759497642517 0.023003049194812775 0.022126417607069016 -0.1591096967458725 0.021256182342767715 0.0189703069627285 -0.15634819865226746 0.021256182342767715 0.020431069657206535 -0.15842083096504211 0.021840155124664307 0.021008646115660667 -0.17074747383594513 0.025155000388622284 -0.013092828914523125 -0.16760054230690002 0.025155000388622284 -0.018360884860157967 -0.16633401811122894 0.02965500019490719 -0.01403035782277584 -0.1707877516746521 0.025155000388622284 -0.015378974378108978 -0.17015531659126282 0.02740204893052578 -0.013216552324593067 -0.17018595337867737 0.027306951582431793 -0.01540775690227747 -0.16742880642414093 0.02740204893052578 -0.017780816182494164 -0.16963262856006622 0.025155000388622284 -0.01731266640126705 -0.16937272250652313 0.027306951582431793 -0.016769133508205414 -0.16853530704975128 0.029053818434476852 -0.013560681603848934 -0.16696391999721527 0.029053818434476852 -0.016191253438591957 -0.16904541850090027 0.02846984565258026 -0.015650033950805664 -0.14039947092533112 0.025155000388622284 -0.024209115654230118 -0.13508903980255127 0.025155000388622284 -0.02074817381799221 -0.1394886076450348 0.02965500019490719 -0.019802121445536613 -0.138080894947052 0.025155000388622284 -0.02409273386001587 -0.14027778804302216 0.02740204893052578 -0.023620327934622765 -0.138055682182312 0.027306951582431793 -0.02350081130862236 -0.1356768161058426 0.02740204893052578 -0.020621754229068756 -0.1361316442489624 0.025155000388622284 -0.022822359576821327 -0.1366833597421646 0.027306951582431793 -0.02260643243789673 -0.1399434506893158 0.029053818434476852 -0.022002696990966797 -0.13729171454906464 0.029053818434476852 -0.02027449570596218 -0.137820303440094 0.02846984565258026 -0.02236195281147957 -0.12891097366809845 0.025155000388622284 0.009138173423707485 -0.1322777271270752 0.025155000388622284 0.014941810630261898 -0.13322128355503082 0.02965500019490719 0.010516085661947727 -0.12902158498764038 0.025155000388622284 0.011528762057423592 -0.12949274480342865 0.02740204893052578 0.009318802505731583 -0.1296062171459198 0.027306951582431793 0.01161095593124628 -0.1324097216129303 0.02740204893052578 0.014347095973789692 -0.13025739789009094 0.025155000388622284 0.013659043237566948 -0.13047626614570618 0.027306951582431793 0.013110737316310406 -0.13107489049434662 0.029053818434476852 0.009824578650295734 -0.1327560544013977 0.029053818434476852 0.012722590006887913 -0.1307200938463211 0.02846984565258026 0.011967037804424763 -0.16125252842903137 0.025155000388622284 0.019671829417347908 -0.15697309374809265 0.02965500019490719 0.018271800130605698 -0.15572227537631989 0.025155000388622284 0.022597189992666245 -0.16068048775196075 0.02740204893052578 0.019484201446175575 -0.16005590558052063 0.025155000388622284 0.02164405956864357 -0.15952670574188232 0.027306951582431793 0.02137044258415699 -0.15634818375110626 0.029053818434476852 0.020431069657206535 -0.1591096818447113 0.029053818434476852 0.0189703069627285 -0.15842081606388092 0.02846984565258026 0.021008646115660667 -0.15802596509456635 0.025155000388622284 0.02271784096956253 -0.15588906407356262 0.02740204893052578 0.02201874554157257 -0.15809758007526398 0.027306951582431793 0.022126417607069016</float_array><technique_common><accessor source="#mesh31-array" count="96" stride="3"><param name="X" type="float" /><param name="Y" type="float" /><param name="Z" type="float" /></accessor></technique_common></source><source id="mesh31-normals"><float_array id="mesh31-normals-array" count="564">0.9669504761695862 0.25495243072509766 -0.002454794943332672 0.9628534913063049 0.26949116587638855 -0.016963759437203407 0.7158992886543274 0.6979089975357056 0.02027970738708973 0.7158990502357483 0.6979092359542847 0.020279470831155777 0.30710113048553467 0.9361990690231323 0.17093943059444427 0.2960866391658783 0.9361990094184875 0.18937809765338898 0.35720279812812805 0.697907030582428 0.620751142501831 0.35720452666282654 0.6979085803031921 0.6207483410835266 0.4414753019809723 0.2694874107837677 0.8558482527732849 0.4561852812767029 0.25495588779449463 0.8525799512863159 0.8360527753829956 0.22712424397468567 0.4994300603866577 0.8360564708709717 0.22711974382400513 0.4994260370731354 0.6916944980621338 0.5923113226890564 0.413190096616745 -0.8616847395896912 0.2643785774707794 0.4331320524215698 -0.8587061166763306 0.24979248642921448 0.4474678933620453 -0.5327950119972229 0.21862614154815674 0.8175157904624939 -0.5327960252761841 0.21862737834453583 0.8175147771835327 -0.06266133487224579 0.24979546666145325 0.9662690162658691 -0.04834853485226631 0.26437634229660034 0.9632070064544678 -0.06827732920646667 0.6909638047218323 0.7196577191352844 -0.06827753782272339 0.6909635663032532 0.7196579575538635 -0.18876130878925323 0.9322726726531982 0.3086046576499939 -0.20611736178398132 0.9322726726531982 0.2972933053970337 -0.6308234333992004 0.690962016582489 0.3530345559120178 -0.6308204531669617 0.6909636855125427 0.3530365526676178 -0.4452133774757385 0.578895092010498 0.6831291913986206 -0.5175331234931946 0.26032063364982605 -0.8151028156280518 -0.530747652053833 0.24584417045116425 -0.811090350151062 -0.8455183506011963 0.2109716683626175 -0.4904996156692505 -0.845518171787262 0.21097178757190704 -0.4904996454715729 -0.9675682783126831 0.24583762884140015 -0.05809850990772247 -0.9644895792007446 0.26032358407974243 -0.044626474380493164 -0.7304378747940063 0.6799390316009521 -0.06436948478221893 -0.7304379343986511 0.6799389719963074 -0.0643695518374443 -0.3328947126865387 0.9252524375915527 -0.18190425634384155 -0.32316267490386963 0.9252523183822632 -0.19868062436580658 -0.41847866773605347 0.679936408996582 -0.6021313071250916 -0.4184788465499878 0.6799365878105164 -0.6021309494972229 -0.7169845700263977 0.5594025254249573 -0.41593509912490845 0.8240891695022583 0.26623088121414185 -0.4999982714653015 0.8199101686477661 0.25165924429893494 -0.514212965965271 0.4559463560581207 0.22171680629253387 -0.8619482517242432 0.4559496343135834 0.221720352768898 -0.8619455099105835 -0.03631452098488808 0.2516593933105469 -0.9671342968940735 -0.05041339248418808 0.26622775197029114 -0.9625909924507141 -0.005240986123681068 0.6937280893325806 -0.7202179431915283 -0.005241324659436941 0.6937285661697388 -0.7202175259590149 0.15785612165927887 0.9338669180870056 -0.32089582085609436 0.1764363795518875 0.9338669180870056 -0.31106725335121155 0.5983121991157532 0.6937286257743835 -0.4009527564048767 0.5983136296272278 0.6937278509140015 -0.4009518623352051 0.3795214593410492 0.5841325521469116 -0.7174625992774963 0.9628534913063049 -0.26949116587638855 -0.01696377620100975 0.9669504761695862 -0.25495240092277527 -0.0024547954089939594 0.8360534310340881 -0.22712048888206482 0.49943047761917114 0.836055338382721 -0.22712500393390656 0.49942538142204285 0.4561852812767029 -0.254955917596817 0.8525798916816711 0.4414753317832947 -0.2694874107837677 0.8558482527732849 0.3572045862674713 -0.6979068517684937 0.620750367641449 0.35720202326774597 -0.697908878326416 0.6207495331764221 0.2960866093635559 -0.9361991286277771 0.18937811255455017 0.30710113048553467 -0.9361990690231323 0.17093944549560547 0.7158992886543274 -0.6979090571403503 0.02027945965528488 0.7158991098403931 -0.6979091763496399 0.020279821008443832 0.6916944980621338 -0.5923112630844116 0.413190096616745 -0.04834853485226631 -0.26437631249427795 0.963206946849823 -0.0626613199710846 -0.24979545176029205 0.9662690758705139 -0.5327948927879333 -0.21862713992595673 0.8175155520439148 -0.5327962636947632 -0.2186259776353836 0.8175151348114014 -0.8587061166763306 -0.24979247152805328 0.4474678933620453 -0.8616847395896912 -0.2643785774707794 0.4331320822238922 -0.6308226585388184 -0.6909616589546204 0.3530365824699402 -0.6308215260505676 -0.6909641027450562 0.3530336618423462 -0.20611736178398132 -0.9322726726531982 0.2972933053970337 -0.18876130878925323 -0.9322726726531982 0.3086046874523163 -0.0682775229215622 -0.6909637451171875 0.7196577191352844 -0.0682772621512413 -0.690963625907898 0.7196578979492188 -0.4452133774757385 -0.578895092010498 0.6831291913986206 -0.9644896388053894 -0.26032358407974243 -0.044626444578170776 -0.9675683975219727 -0.24583762884140015 -0.05809853598475456 -0.8455182313919067 -0.21097178757190704 -0.49049973487854004 -0.845518171787262 -0.21097178757190704 -0.4904996454715729 -0.5307479500770569 -0.24584384262561798 -0.8110902905464172 -0.5175331234931946 -0.26032063364982605 -0.8151028156280518 -0.4184786081314087 -0.6799365878105164 -0.6021311283111572 -0.41847890615463257 -0.6799363493919373 -0.6021312475204468 -0.32316258549690247 -0.925252377986908 -0.19868065416812897 -0.3328946530818939 -0.925252377986908 -0.18190427124500275 -0.7304378747940063 -0.6799390316009521 -0.0643695518374443 -0.7304379940032959 -0.6799389719963074 -0.06436945497989655 -0.716984748840332 -0.5594022870063782 -0.4159351587295532 0.8199089765548706 -0.25166431069374084 -0.5142125487327576 0.8240863084793091 -0.2662307620048523 -0.5000028014183044 0.5983126759529114 -0.6937287449836731 -0.4009518325328827 0.5983130931854248 -0.6937276124954224 -0.4009532630443573 0.17643600702285767 -0.9338666796684265 -0.31106826663017273 0.1578570306301117 -0.933866560459137 -0.32089605927467346 -0.005241365637630224 -0.6937282085418701 -0.7202178835868835 -0.005240750964730978 -0.693728506565094 -0.7202175855636597 -0.05041370540857315 -0.26622775197029114 -0.9625908732414246 -0.03631453961133957 -0.25165918469429016 -0.9671344757080078 0.45594602823257446 -0.22171975672245026 -0.8619476556777954 0.4559500813484192 -0.22171615064144135 -0.8619464039802551 0.3795214295387268 -0.5841326117515564 -0.7174625992774963 0.927801251411438 0.2586386799812317 -0.26886963844299316 0.9276533126831055 0.2592605948448181 -0.26878103613853455 0.6791732311248779 0.7071061730384827 -0.19678567349910736 0.6791700720787048 0.7071095108985901 -0.19678445160388947 0.2482900470495224 0.9660106897354126 -0.07194018363952637 0.2484477460384369 0.9659658074378967 -0.07199831306934357 -0.08023996651172638 0.9660105109214783 -0.24573418498039246 -0.08044328540563583 0.9658749103546143 -0.24620021879673004 -0.21961496770381927 0.7071035504341125 -0.6721413135528564 -0.21961699426174164 0.7070988416671753 -0.6721454858779907 -0.30001407861709595 0.258638471364975 -0.9182035326957703 -0.29968470335006714 0.26050880551338196 -0.9177822470664978 -0.2536396384239197 0.9658766984939575 0.052431922405958176 -0.2531121075153351 0.9660233855247498 0.05227913334965706 -0.6924946904182434 0.7071019411087036 0.14303158223628998 -0.6924922466278076 0.7071044445037842 0.1430308073759079 -0.9455170035362244 0.260497123003006 0.19529180228710175 -0.9460205435752869 0.25845959782600403 0.19556012749671936 0.05432658642530441 0.9660230278968811 0.25268179178237915 0.05438967049121857 0.965965986251831 0.2528862953186035 0.14868158102035522 0.707106351852417 0.6912991404533386 0.1486809253692627 0.7071082592010498 0.6912972331047058 0.2031223028898239 0.25846436619758606 0.9444244503974915 0.20300932228565216 0.25926533341407776 0.944229245185852 0.2482878565788269 -0.9660103917121887 -0.0719519779086113 0.2484503537416458 -0.9659661054611206 -0.07198674231767654 0.6791732311248779 -0.7071061730384827 -0.19678565859794617 0.6791702508926392 -0.7071091532707214 -0.1967851221561432 0.9278120398521423 -0.25864407420158386 -0.2688274383544922 0.9276413321495056 -0.2592598497867584 -0.2688232958316803 0.20305441319942474 -0.2584644854068756 0.9444389939308167 0.20307712256908417 -0.2592666745185852 0.9442142844200134 0.14868134260177612 -0.707106351852417 0.6912992000579834 0.1486811488866806 -0.7071083188056946 0.6912971138954163 0.054344870150089264 -0.9660229682922363 0.2526780068874359 0.0543716698884964 -0.9659656286239624 0.252891480922699 -0.9454833269119263 -0.2605011463165283 0.19544905424118042 -0.9460533261299133 -0.2584591507911682 0.19540256261825562 -0.6924947500228882 -0.7071018815040588 0.1430312991142273 -0.6924923658370972 -0.7071042656898499 0.1430310755968094 -0.2536526322364807 -0.9658755660057068 0.05239076912403107 -0.2531031370162964 -0.9660234451293945 0.05232101306319237 -0.2998407185077667 -0.2586382031440735 -0.9182602167129517 -0.299858421087265 -0.26050418615341187 -0.9177268147468567 -0.2196156233549118 -0.7071034908294678 -0.6721410751342773 -0.21961641311645508 -0.7070991396903992 -0.6721453666687012 -0.08028645813465118 -0.9660102725028992 -0.24572010338306427 -0.08039551973342896 -0.9658762216567993 -0.24621059000492096 0.0 0.0 0.0 0.0 0.0 0.0 0.0 0.0 0.0 0.0 0.0 0.0 0.0 0.0 0.0 0.0 0.0 0.0 0.0 0.0 0.0 0.0 0.0 0.0 0.0 0.0 0.0 0.0 0.0 0.0 0.0 0.0 0.0 0.0 0.0 0.0 0.0 1.0 0.0 0.0 1.0 0.0 0.0 1.0 0.0 0.0 1.0 0.0 0.0 1.0 0.0 0.0 1.0 0.0 0.0 0.0 0.0 0.0 -1.0 0.0 0.0 -1.0 0.0 0.0 -1.0 0.0 0.0 1.0 0.0 0.0 0.0 0.0 0.0 0.0 0.0 0.0 0.0 0.0 0.0 1.0 0.0 0.0 1.0 0.0 0.0 0.0 0.0 0.0 0.0 0.0 0.0 -1.0 0.0 0.0 0.0 0.0 0.0 0.0 0.0 0.0 1.0 0.0 0.0 -1.0 0.0 0.0 -1.0 0.0</float_array><technique_common><accessor source="#mesh31-normals-array" count="188" stride="3"><param name="X" type="float" /><param name="Y" type="float" /><param name="Z" type="float" /></accessor></technique_common></source><vertices id="mesh31-vertices"><input semantic="POSITION" source="#mesh31-positions" /></vertices><triangles count="188" material="ivory"><input semantic="VERTEX" source="#mesh31-vertices" offset="0" /><input semantic="NORMAL" source="#mesh31-normals" offset="1" /><p>0 0 3 0 5 0 0 1 5 1 4 1 3 2 7 2 8 2 3 3 8 3 5 3 1 4 6 4 8 4 1 5 8 5 7 5 6 6 10 6 11 6 6 7 11 7 8 7 2 8 9 8 11 8 2 9 11 9 10 9 9 10 4 10 5 10 9 11 5 11 11 11 5 12 8 12 11 12 12 13 15 13 17 13 12 14 17 14 16 14 15 15 19 15 20 15 15 16 20 16 17 16 13 17 18 17 20 17 13 18 20 18 19 18 18 19 22 19 23 19 18 20 23 20 20 20 14 21 21 21 23 21 14 22 23 22 22 22 21 23 16 23 17 23 21 24 17 24 23 24 17 25 20 25 23 25 24 26 27 26 29 26 24 27 29 27 28 27 27 28 31 28 32 28 27 29 32 29 29 29 25 30 30 30 32 30 25 31 32 31 31 31 30 32 34 32 35 32 30 33 35 33 32 33 26 34 33 34 35 34 26 35 35 35 34 35 33 36 28 36 29 36 33 37 29 37 35 37 29 38 32 38 35 38 36 39 39 39 41 39 36 40 41 40 40 40 39 41 43 41 44 41 39 42 44 42 41 42 37 43 42 43 44 43 37 44 44 44 43 44 42 45 46 45 47 45 42 46 47 46 44 46 38 47 45 47 47 47 38 48 47 48 46 48 45 49 40 49 41 49 45 50 41 50 47 50 41 51 44 51 47 51 48 52 51 52 53 52 48 53 53 53 52 53 51 54 55 54 56 54 51 55 56 55 53 55 49 56 54 56 56 56 49 57 56 57 55 57 54 58 58 58 59 58 54 59 59 59 56 59 50 60 57 60 59 60 50 61 59 61 58 61 57 62 52 62 53 62 57 63 53 63 59 63 53 64 56 64 59 64 60 65 63 65 65 65 60 66 65 66 64 66 63 67 67 67 68 67 63 68 68 68 65 68 61 69 66 69 68 69 61 70 68 70 67 70 66 71 70 71 71 71 66 72 71 72 68 72 62 73 69 73 71 73 62 74 71 74 70 74 69 75 64 75 65 75 69 76 65 76 71 76 65 77 68 77 71 77 72 78 75 78 77 78 72 79 77 79 76 79 75 80 79 80 80 80 75 81 80 81 77 81 73 82 78 82 80 82 73 83 80 83 79 83 78 84 82 84 83 84 78 85 83 85 80 85 74 86 81 86 83 86 74 87 83 87 82 87 81 88 76 88 77 88 81 89 77 89 83 89 77 90 80 90 83 90 84 91 87 91 89 91 84 92 89 92 88 92 87 93 91 93 92 93 87 94 92 94 89 94 85 95 90 95 92 95 85 96 92 96 91 96 90 97 94 97 95 97 90 98 95 98 92 98 86 99 93 99 95 99 86 100 95 100 94 100 93 101 88 101 89 101 93 102 89 102 95 102 89 103 92 103 95 103 0 104 36 104 40 104 0 105 40 105 3 105 3 106 40 106 45 106 3 107 45 107 7 107 7 108 45 108 38 108 7 109 38 109 1 109 26 110 38 110 46 110 26 111 46 111 33 111 33 112 46 112 42 112 33 113 42 113 28 113 28 114 42 114 37 114 28 115 37 115 24 115 14 116 26 116 34 116 14 117 34 117 21 117 21 118 34 118 30 118 21 119 30 119 16 119 16 120 30 120 25 120 16 121 25 121 12 121 1 122 14 122 22 122 1 123 22 123 6 123 6 124 22 124 18 124 6 125 18 125 10 125 10 126 18 126 13 126 10 127 13 127 2 127 50 128 85 128 91 128 50 129 91 129 57 129 57 130 91 130 87 130 57 131 87 131 52 131 52 132 87 132 84 132 52 133 84 133 48 133 49 134 60 134 64 134 49 135 64 135 54 135 54 136 64 136 69 136 54 137 69 137 58 137 58 138 69 138 62 138 58 139 62 139 50 139 61 140 72 140 76 140 61 141 76 141 66 141 66 142 76 142 81 142 66 143 81 143 70 143 70 144 81 144 74 144 70 145 74 145 62 145 73 146 86 146 94 146 73 147 94 147 78 147 78 148 94 148 90 148 78 149 90 149 82 149 82 150 90 150 85 150 82 151 85 151 74 151 2 152 49 152 55 152 2 153 55 153 9 153 9 154 55 154 51 154 9 155 51 155 4 155 4 156 51 156 48 156 4 157 48 157 0 157 12 158 61 158 67 158 12 159 67 159 15 159 15 160 67 160 63 160 15 161 63 161 19 161 19 162 63 162 60 162 19 163 60 163 13 163 24 164 73 164 79 164 24 165 79 165 27 165 27 166 79 166 75 166 27 167 75 167 31 167 31 168 75 168 72 168 31 169 72 169 25 169 36 170 84 170 88 170 36 171 88 171 39 171 39 172 88 172 93 172 39 173 93 173 43 173 43 174 93 174 86 174 43 175 86 175 37 175 36 176 0 176 48 176 36 177 48 177 84 177 38 178 26 178 14 178 38 179 14 179 1 179 2 180 13 180 60 180 2 181 60 181 49 181 12 182 25 182 72 182 12 183 72 183 61 183 24 184 37 184 86 184 24 185 86 185 73 185 50 186 62 186 74 186 50 187 74 187 85 187</p></triangles></mesh></geometry><geometry id="mesh32"><mesh><source id="mesh32-positions"><float_array id="mesh32-array" count="144">-0.1860000044107437 -3.609113089660743e-18 0.0162540003657341 -0.1210000067949295 -3.609113089660743e-18 0.0162540003657341 -0.1860000044107437 0.0042068446055054665 0.01570015773177147 -0.1210000067949295 0.0042068446055054665 0.01570015773177147 -0.1860000044107437 0.00812700018286705 0.014076377265155315 -0.1210000067949295 0.00812700018286705 0.014076377265155315 -0.1860000044107437 0.011493314057588577 0.011493314057588577 -0.1210000067949295 0.011493314057588577 0.011493314057588577 -0.1860000044107437 0.014076377265155315 0.00812700018286705 -0.1210000067949295 0.014076377265155315 0.00812700018286705 -0.1860000044107437 0.01570015773177147 0.0042068446055054665 -0.1210000067949295 0.01570015773177147 0.0042068446055054665 -0.1860000044107437 0.0162540003657341 7.216450222546334e-18 -0.1210000067949295 0.0162540003657341 -7.216450222546334e-18 -0.1860000044107437 0.01570015773177147 -0.0042068446055054665 -0.1210000067949295 0.01570015773177147 -0.0042068446055054665 -0.1860000044107437 0.014076377265155315 -0.00812700018286705 -0.1210000067949295 0.014076377265155315 -0.00812700018286705 -0.1860000044107437 0.011493314057588577 -0.011493314057588577 -0.1210000067949295 0.011493314057588577 -0.011493314057588577 -0.1860000044107437 0.00812700018286705 -0.014076377265155315 -0.1210000067949295 0.00812700018286705 -0.014076377265155315 -0.1860000044107437 0.0042068446055054665 -0.01570015773177147 -0.1210000067949295 0.0042068446055054665 -0.01570015773177147 -0.1860000044107437 3.609113089660743e-18 -0.0162540003657341 -0.1210000067949295 3.609113089660743e-18 -0.0162540003657341 -0.1860000044107437 -0.0042068446055054665 -0.01570015773177147 -0.1210000067949295 -0.0042068446055054665 -0.01570015773177147 -0.1860000044107437 -0.00812700018286705 -0.014076377265155315 -0.1210000067949295 -0.00812700018286705 -0.014076377265155315 -0.1860000044107437 -0.011493314057588577 -0.011493314057588577 -0.1210000067949295 -0.011493314057588577 -0.011493314057588577 -0.1860000044107437 -0.014076377265155315 -0.00812700018286705 -0.1210000067949295 -0.014076377265155315 -0.00812700018286705 -0.1860000044107437 -0.01570015773177147 -0.0042068446055054665 -0.1210000067949295 -0.01570015773177147 -0.0042068446055054665 -0.1860000044107437 -0.0162540003657341 7.216450222546334e-18 -0.1210000067949295 -0.0162540003657341 -7.216450222546334e-18 -0.1860000044107437 -0.01570015773177147 0.0042068446055054665 -0.1210000067949295 -0.01570015773177147 0.0042068446055054665 -0.1860000044107437 -0.014076377265155315 0.00812700018286705 -0.1210000067949295 -0.014076377265155315 0.00812700018286705 -0.1860000044107437 -0.011493314057588577 0.011493314057588577 -0.1210000067949295 -0.011493314057588577 0.011493314057588577 -0.1860000044107437 -0.00812700018286705 0.014076377265155315 -0.1210000067949295 -0.00812700018286705 0.014076377265155315 -0.1860000044107437 -0.0042068446055054665 0.01570015773177147 -0.1210000067949295 -0.0042068446055054665 0.01570015773177147</float_array><technique_common><accessor source="#mesh32-array" count="48" stride="3"><param name="X" type="float" /><param name="Y" type="float" /><param name="Z" type="float" /></accessor></technique_common></source><source id="mesh32-normals"><float_array id="mesh32-normals-array" count="276">2.2014497472213593e-16 0.13052643835544586 0.9914448261260986 2.2014497472213593e-16 0.13052643835544586 0.9914448261260986 2.0514248597904537e-16 0.38268324732780457 0.9238796234130859 2.0514248597904537e-16 0.38268324732780457 0.9238796234130859 1.761598507904206e-16 0.6087614297866821 0.7933534383773804 1.761598507904206e-16 0.6087614297866821 0.7933534383773804 1.3517219117058102e-16 0.7933534383773804 0.6087614297866821 1.3517219117058102e-16 0.7933534383773804 0.6087614297866821 8.497275046433041e-17 0.9238796234130859 0.38268324732780457 8.497275046433041e-17 0.9238796234130859 0.38268324732780457 2.898269143690643e-17 0.9914448261260986 0.13052643835544586 2.898269143690643e-17 0.9914448261260986 0.13052643835544586 -2.898269143690643e-17 0.9914448261260986 -0.13052643835544586 -2.898269143690643e-17 0.9914448261260986 -0.13052643835544586 -8.497275046433041e-17 0.9238796234130859 -0.38268324732780457 -8.497275046433041e-17 0.9238796234130859 -0.38268324732780457 -1.3517219117058102e-16 0.7933534383773804 -0.6087614297866821 -1.3517219117058102e-16 0.7933534383773804 -0.6087614297866821 -1.761598507904206e-16 0.6087614297866821 -0.7933534383773804 -1.761598507904206e-16 0.6087614297866821 -0.7933534383773804 -2.0514248597904537e-16 0.38268324732780457 -0.9238796234130859 -2.0514248597904537e-16 0.38268324732780457 -0.9238796234130859 -2.2014497472213593e-16 0.13052643835544586 -0.9914448261260986 -2.2014497472213593e-16 0.13052643835544586 -0.9914448261260986 -2.2014497472213593e-16 -0.13052643835544586 -0.9914448261260986 -2.2014497472213593e-16 -0.13052643835544586 -0.9914448261260986 -2.0514248597904537e-16 -0.38268324732780457 -0.9238796234130859 -2.0514248597904537e-16 -0.38268324732780457 -0.9238796234130859 -1.761598507904206e-16 -0.6087614297866821 -0.7933534383773804 -1.761598507904206e-16 -0.6087614297866821 -0.7933534383773804 -1.3517219117058102e-16 -0.7933534383773804 -0.6087614297866821 -1.3517219117058102e-16 -0.7933534383773804 -0.6087614297866821 -8.497275046433041e-17 -0.9238796234130859 -0.38268324732780457 -8.497275046433041e-17 -0.9238796234130859 -0.38268324732780457 -2.898269143690643e-17 -0.9914448261260986 -0.13052643835544586 -2.898269143690643e-17 -0.9914448261260986 -0.13052643835544586 2.898269143690643e-17 -0.9914448261260986 0.13052643835544586 2.898269143690643e-17 -0.9914448261260986 0.13052643835544586 8.497275046433041e-17 -0.9238796234130859 0.38268324732780457 8.497275046433041e-17 -0.9238796234130859 0.38268324732780457 1.3517219117058102e-16 -0.7933534383773804 0.6087614297866821 1.3517219117058102e-16 -0.7933534383773804 0.6087614297866821 1.761598507904206e-16 -0.6087614297866821 0.7933534383773804 1.761598507904206e-16 -0.6087614297866821 0.7933534383773804 1.0 2.220446049250313e-16 4.930380657631324e-32 1.0 2.220446049250313e-16 4.930380657631324e-32 1.0 2.220446049250313e-16 4.930380657631324e-32 1.0 2.220446049250313e-16 4.930380657631324e-32 1.0 2.220446049250313e-16 4.930380657631324e-32 1.0 2.220446049250313e-16 4.930380657631324e-32 1.0 2.220446049250313e-16 4.930380657631324e-32 1.0 2.220446049250313e-16 4.930380657631324e-32 1.0 2.220446049250313e-16 4.930380657631324e-32 1.0 2.220446049250313e-16 4.930380657631324e-32 1.0 2.220446049250313e-16 4.930380657631324e-32 1.0 2.220446049250313e-16 4.930380657631324e-32 1.0 2.220446049250313e-16 4.930380657631324e-32 1.0 2.220446049250313e-16 4.930380657631324e-32 1.0 2.220446049250313e-16 4.930380657631324e-32 1.0 2.220446049250313e-16 4.930380657631324e-32 1.0 2.220446049250313e-16 4.930380657631324e-32 1.0 2.220446049250313e-16 4.930380657631324e-32 1.0 2.220446049250313e-16 4.930380657631324e-32 1.0 2.220446049250313e-16 4.930380657631324e-32 1.0 2.220446049250313e-16 4.930380657631324e-32 1.0 2.220446049250313e-16 4.930380657631324e-32 2.0514248597904537e-16 -0.38268324732780457 0.9238796234130859 2.0514248597904537e-16 -0.38268324732780457 0.9238796234130859 2.2014497472213593e-16 -0.13052643835544586 0.9914448261260986 2.2014497472213593e-16 -0.13052643835544586 0.9914448261260986 -1.0 -2.220446049250313e-16 -4.930380657631324e-32 -1.0 -2.220446049250313e-16 -4.930380657631324e-32 -1.0 -2.220446049250313e-16 -4.930380657631324e-32 -1.0 -2.220446049250313e-16 -4.930380657631324e-32 -1.0 -2.220446049250313e-16 -4.930380657631324e-32 -1.0 -2.220446049250313e-16 -4.930380657631324e-32 -1.0 -2.220446049250313e-16 -4.930380657631324e-32 -1.0 -2.220446049250313e-16 -4.930380657631324e-32 -1.0 -2.220446049250313e-16 -4.930380657631324e-32 -1.0 -2.220446049250313e-16 -4.930380657631324e-32 -1.0 -2.220446049250313e-16 -4.930380657631324e-32 -1.0 -2.220446049250313e-16 -4.930380657631324e-32 -1.0 -2.220446049250313e-16 -4.930380657631324e-32 -1.0 -2.220446049250313e-16 -4.930380657631324e-32 -1.0 -2.220446049250313e-16 -4.930380657631324e-32 -1.0 -2.220446049250313e-16 -4.930380657631324e-32 -1.0 -2.220446049250313e-16 -4.930380657631324e-32 -1.0 -2.220446049250313e-16 -4.930380657631324e-32 -1.0 -2.220446049250313e-16 -4.930380657631324e-32 -1.0 -2.220446049250313e-16 -4.930380657631324e-32 -1.0 -2.220446049250313e-16 -4.930380657631324e-32 -1.0 -2.220446049250313e-16 -4.930380657631324e-32</float_array><technique_common><accessor source="#mesh32-normals-array" count="92" stride="3"><param name="X" type="float" /><param name="Y" type="float" /><param name="Z" type="float" /></accessor></technique_common></source><vertices id="mesh32-vertices"><input semantic="POSITION" source="#mesh32-positions" /></vertices><triangles count="92" material="graphite"><input semantic="VERTEX" source="#mesh32-vertices" offset="0" /><input semantic="NORMAL" source="#mesh32-normals" offset="1" /><p>0 0 1 0 3 0 0 1 3 1 2 1 2 2 3 2 5 2 2 3 5 3 4 3 4 4 5 4 7 4 4 5 7 5 6 5 6 6 7 6 9 6 6 7 9 7 8 7 8 8 9 8 11 8 8 9 11 9 10 9 10 10 11 10 13 10 10 11 13 11 12 11 12 12 13 12 15 12 12 13 15 13 14 13 14 14 15 14 17 14 14 15 17 15 16 15 16 16 17 16 19 16 16 17 19 17 18 17 18 18 19 18 21 18 18 19 21 19 20 19 20 20 21 20 23 20 20 21 23 21 22 21 22 22 23 22 25 22 22 23 25 23 24 23 24 24 25 24 27 24 24 25 27 25 26 25 26 26 27 26 29 26 26 27 29 27 28 27 28 28 29 28 31 28 28 29 31 29 30 29 30 30 31 30 33 30 30 31 33 31 32 31 32 32 33 32 35 32 32 33 35 33 34 33 34 34 35 34 37 34 34 35 37 35 36 35 36 36 37 36 39 36 36 37 39 37 38 37 38 38 39 38 41 38 38 39 41 39 40 39 40 40 41 40 43 40 40 41 43 41 42 41 42 42 43 42 45 42 42 43 45 43 44 43 5 44 3 44 1 44 1 45 47 45 45 45 45 46 43 46 41 46 41 47 39 47 37 47 37 48 35 48 33 48 33 49 31 49 29 49 29 50 27 50 25 50 25 51 23 51 21 51 21 52 19 52 17 52 17 53 15 53 13 53 13 54 11 54 9 54 9 55 7 55 5 55 5 56 1 56 45 56 45 57 41 57 37 57 37 58 33 58 29 58 29 59 25 59 21 59 21 60 17 60 13 60 13 61 9 61 5 61 5 62 45 62 37 62 37 63 29 63 21 63 21 64 13 64 5 64 37 65 21 65 5 65 44 66 45 66 47 66 44 67 47 67 46 67 46 68 47 68 1 68 46 69 1 69 0 69 46 70 0 70 2 70 2 71 4 71 6 71 6 72 8 72 10 72 10 73 12 73 14 73 14 74 16 74 18 74 18 75 20 75 22 75 22 76 24 76 26 76 26 77 28 77 30 77 30 78 32 78 34 78 34 79 36 79 38 79 38 80 40 80 42 80 42 81 44 81 46 81 46 82 2 82 6 82 6 83 10 83 14 83 14 84 18 84 22 84 22 85 26 85 30 85 30 86 34 86 38 86 38 87 42 87 46 87 46 88 6 88 14 88 14 89 22 89 30 89 30 90 38 90 46 90 14 91 30 91 46 91</p></triangles></mesh></geometry><geometry id="mesh33"><mesh><source id="mesh33-positions"><float_array id="mesh33-array" count="144">-0.17499998211860657 -0.02786399982869625 0.004999999888241291 -0.12700000405311584 -0.02786399982869625 0.004999999888241291 -0.17499998211860657 -0.026569904759526253 0.004829628858715296 -0.12700000405311584 -0.026569904759526253 0.004829628858715296 -0.17499998211860657 -0.025364000350236893 0.0043301270343363285 -0.12700000405311584 -0.025364000350236893 0.0043301270343363285 -0.17499998211860657 -0.02432846650481224 0.0035355337895452976 -0.12700000405311584 -0.02432846650481224 0.0035355337895452976 -0.17499998211860657 -0.02353387326002121 0.0024999999441206455 -0.12700000405311584 -0.02353387326002121 0.0024999999441206455 -0.17499998211860657 -0.023034371435642242 0.00129409518558532 -0.12700000405311584 -0.023034371435642242 0.00129409518558532 -0.17499998211860657 -0.022863999009132385 5.329069737342253e-18 -0.12700000405311584 -0.022863999009132385 -5.329069737342253e-18 -0.17499998211860657 -0.023034371435642242 -0.00129409518558532 -0.12700000405311584 -0.023034371435642242 -0.00129409518558532 -0.17499998211860657 -0.02353387326002121 -0.0024999999441206455 -0.12700000405311584 -0.02353387326002121 -0.0024999999441206455 -0.17499998211860657 -0.02432846650481224 -0.0035355337895452976 -0.12700000405311584 -0.02432846650481224 -0.0035355337895452976 -0.17499998211860657 -0.025364000350236893 -0.0043301270343363285 -0.12700000405311584 -0.025364000350236893 -0.0043301270343363285 -0.17499998211860657 -0.026569904759526253 -0.004829628858715296 -0.12700000405311584 -0.026569904759526253 -0.004829628858715296 -0.17499998211860657 -0.02786399982869625 -0.004999999888241291 -0.12700000405311584 -0.02786399982869625 -0.004999999888241291 -0.17499998211860657 -0.02915809489786625 -0.004829628858715296 -0.12700000405311584 -0.02915809489786625 -0.004829628858715296 -0.17499998211860657 -0.03036399930715561 -0.0043301270343363285 -0.12700000405311584 -0.03036399930715561 -0.0043301270343363285 -0.17499998211860657 -0.03139953315258026 -0.0035355337895452976 -0.12700000405311584 -0.03139953315258026 -0.0035355337895452976 -0.17499998211860657 -0.03219412639737129 -0.0024999999441206455 -0.12700000405311584 -0.03219412639737129 -0.0024999999441206455 -0.17499998211860657 -0.03269362822175026 -0.00129409518558532 -0.12700000405311584 -0.03269362822175026 -0.00129409518558532 -0.17499998211860657 -0.03286400064826012 5.329069737342253e-18 -0.12700000405311584 -0.03286400064826012 -5.329069737342253e-18 -0.17499998211860657 -0.03269362822175026 0.00129409518558532 -0.12700000405311584 -0.03269362822175026 0.00129409518558532 -0.17499998211860657 -0.03219412639737129 0.0024999999441206455 -0.12700000405311584 -0.03219412639737129 0.0024999999441206455 -0.17499998211860657 -0.03139953315258026 0.0035355337895452976 -0.12700000405311584 -0.03139953315258026 0.0035355337895452976 -0.17499998211860657 -0.03036399930715561 0.0043301270343363285 -0.12700000405311584 -0.03036399930715561 0.0043301270343363285 -0.17499998211860657 -0.02915809489786625 0.004829628858715296 -0.12700000405311584 -0.02915809489786625 0.004829628858715296</float_array><technique_common><accessor source="#mesh33-array" count="48" stride="3"><param name="X" type="float" /><param name="Y" type="float" /><param name="Z" type="float" /></accessor></technique_common></source><source id="mesh33-normals"><float_array id="mesh33-normals-array" count="276">2.2014498795702573e-16 0.1305263191461563 0.9914448857307434 2.2014498795702573e-16 0.1305263191461563 0.9914448857307434 2.0514249921393517e-16 0.38268330693244934 0.9238796830177307 2.0514249921393517e-16 0.38268330693244934 0.9238796830177307 1.761598110857512e-16 0.6087615489959717 0.793353259563446 1.761598110857512e-16 0.6087615489959717 0.793353259563446 1.3517221764036062e-16 0.793353259563446 0.6087615489959717 1.3517221764036062e-16 0.793353259563446 0.6087615489959717 8.497276369922021e-17 0.9238796830177307 0.38268330693244934 8.497276369922021e-17 0.9238796830177307 0.38268330693244934 2.898266496712683e-17 0.9914448857307434 0.1305263191461563 2.898266496712683e-17 0.9914448857307434 0.1305263191461563 -2.898266496712683e-17 0.9914448857307434 -0.1305263191461563 -2.898266496712683e-17 0.9914448857307434 -0.1305263191461563 -8.497276369922021e-17 0.9238796830177307 -0.38268330693244934 -8.497276369922021e-17 0.9238796830177307 -0.38268330693244934 -1.3517221764036062e-16 0.793353259563446 -0.6087615489959717 -1.3517221764036062e-16 0.793353259563446 -0.6087615489959717 -1.761598110857512e-16 0.6087615489959717 -0.793353259563446 -1.761598110857512e-16 0.6087615489959717 -0.793353259563446 -2.0514249921393517e-16 0.38268330693244934 -0.9238796830177307 -2.0514249921393517e-16 0.38268330693244934 -0.9238796830177307 -2.2014498795702573e-16 0.1305263191461563 -0.9914448857307434 -2.2014498795702573e-16 0.1305263191461563 -0.9914448857307434 -2.2014498795702573e-16 -0.1305263191461563 -0.9914448857307434 -2.2014498795702573e-16 -0.1305263191461563 -0.9914448857307434 -2.0514249921393517e-16 -0.38268330693244934 -0.9238796830177307 -2.0514249921393517e-16 -0.38268330693244934 -0.9238796830177307 -1.761598110857512e-16 -0.6087615489959717 -0.793353259563446 -1.761598110857512e-16 -0.6087615489959717 -0.793353259563446 -1.3517221764036062e-16 -0.793353259563446 -0.6087615489959717 -1.3517221764036062e-16 -0.793353259563446 -0.6087615489959717 -8.497276369922021e-17 -0.9238796830177307 -0.38268330693244934 -8.497276369922021e-17 -0.9238796830177307 -0.38268330693244934 -2.898266496712683e-17 -0.9914448857307434 -0.1305263191461563 -2.898266496712683e-17 -0.9914448857307434 -0.1305263191461563 2.898266496712683e-17 -0.9914448857307434 0.1305263191461563 2.898266496712683e-17 -0.9914448857307434 0.1305263191461563 8.497276369922021e-17 -0.9238796830177307 0.38268330693244934 8.497276369922021e-17 -0.9238796830177307 0.38268330693244934 1.3517221764036062e-16 -0.793353259563446 0.6087615489959717 1.3517221764036062e-16 -0.793353259563446 0.6087615489959717 1.761598110857512e-16 -0.6087615489959717 0.793353259563446 1.761598110857512e-16 -0.6087615489959717 0.793353259563446 1.0 2.220446049250313e-16 4.930380657631324e-32 1.0 2.220446049250313e-16 4.930380657631324e-32 1.0 2.220446049250313e-16 4.930380657631324e-32 1.0 2.220446049250313e-16 4.930380657631324e-32 1.0 2.220446049250313e-16 4.930380657631324e-32 1.0 2.220446049250313e-16 4.930380657631324e-32 1.0 2.220446049250313e-16 4.930380657631324e-32 1.0 2.220446049250313e-16 4.930380657631324e-32 1.0 2.220446049250313e-16 4.930380657631324e-32 1.0 2.220446049250313e-16 4.930380657631324e-32 1.0 2.220446049250313e-16 4.930380657631324e-32 1.0 2.220446049250313e-16 4.930380657631324e-32 1.0 2.220446049250313e-16 4.930380657631324e-32 1.0 2.220446049250313e-16 4.930380657631324e-32 1.0 2.220446049250313e-16 4.930380657631324e-32 1.0 2.220446049250313e-16 4.930380657631324e-32 1.0 2.220446049250313e-16 4.930380657631324e-32 1.0 2.220446049250313e-16 4.930380657631324e-32 1.0 2.220446049250313e-16 4.930380657631324e-32 1.0 2.220446049250313e-16 4.930380657631324e-32 1.0 2.220446049250313e-16 4.930380657631324e-32 1.0 2.220446049250313e-16 4.930380657631324e-32 2.0514249921393517e-16 -0.38268330693244934 0.9238796830177307 2.0514249921393517e-16 -0.38268330693244934 0.9238796830177307 2.2014498795702573e-16 -0.1305263191461563 0.9914448857307434 2.2014498795702573e-16 -0.1305263191461563 0.9914448857307434 -1.0 -2.220446049250313e-16 -4.930380657631324e-32 -1.0 -2.220446049250313e-16 -4.930380657631324e-32 -1.0 -2.220446049250313e-16 -4.930380657631324e-32 -1.0 -2.220446049250313e-16 -4.930380657631324e-32 -1.0 -2.220446049250313e-16 -4.930380657631324e-32 -1.0 -2.220446049250313e-16 -4.930380657631324e-32 -1.0 -2.220446049250313e-16 -4.930380657631324e-32 -1.0 -2.220446049250313e-16 -4.930380657631324e-32 -1.0 -2.220446049250313e-16 -4.930380657631324e-32 -1.0 -2.220446049250313e-16 -4.930380657631324e-32 -1.0 -2.220446049250313e-16 -4.930380657631324e-32 -1.0 -2.220446049250313e-16 -4.930380657631324e-32 -1.0 -2.220446049250313e-16 -4.930380657631324e-32 -1.0 -2.220446049250313e-16 -4.930380657631324e-32 -1.0 -2.220446049250313e-16 -4.930380657631324e-32 -1.0 -2.220446049250313e-16 -4.930380657631324e-32 -1.0 -2.220446049250313e-16 -4.930380657631324e-32 -1.0 -2.220446049250313e-16 -4.930380657631324e-32 -1.0 -2.220446049250313e-16 -4.930380657631324e-32 -1.0 -2.220446049250313e-16 -4.930380657631324e-32 -1.0 -2.220446049250313e-16 -4.930380657631324e-32 -1.0 -2.220446049250313e-16 -4.930380657631324e-32</float_array><technique_common><accessor source="#mesh33-normals-array" count="92" stride="3"><param name="X" type="float" /><param name="Y" type="float" /><param name="Z" type="float" /></accessor></technique_common></source><vertices id="mesh33-vertices"><input semantic="POSITION" source="#mesh33-positions" /></vertices><triangles count="92" material="copper"><input semantic="VERTEX" source="#mesh33-vertices" offset="0" /><input semantic="NORMAL" source="#mesh33-normals" offset="1" /><p>0 0 1 0 3 0 0 1 3 1 2 1 2 2 3 2 5 2 2 3 5 3 4 3 4 4 5 4 7 4 4 5 7 5 6 5 6 6 7 6 9 6 6 7 9 7 8 7 8 8 9 8 11 8 8 9 11 9 10 9 10 10 11 10 13 10 10 11 13 11 12 11 12 12 13 12 15 12 12 13 15 13 14 13 14 14 15 14 17 14 14 15 17 15 16 15 16 16 17 16 19 16 16 17 19 17 18 17 18 18 19 18 21 18 18 19 21 19 20 19 20 20 21 20 23 20 20 21 23 21 22 21 22 22 23 22 25 22 22 23 25 23 24 23 24 24 25 24 27 24 24 25 27 25 26 25 26 26 27 26 29 26 26 27 29 27 28 27 28 28 29 28 31 28 28 29 31 29 30 29 30 30 31 30 33 30 30 31 33 31 32 31 32 32 33 32 35 32 32 33 35 33 34 33 34 34 35 34 37 34 34 35 37 35 36 35 36 36 37 36 39 36 36 37 39 37 38 37 38 38 39 38 41 38 38 39 41 39 40 39 40 40 41 40 43 40 40 41 43 41 42 41 42 42 43 42 45 42 42 43 45 43 44 43 5 44 3 44 1 44 1 45 47 45 45 45 45 46 43 46 41 46 41 47 39 47 37 47 37 48 35 48 33 48 33 49 31 49 29 49 29 50 27 50 25 50 25 51 23 51 21 51 21 52 19 52 17 52 17 53 15 53 13 53 13 54 11 54 9 54 9 55 7 55 5 55 5 56 1 56 45 56 45 57 41 57 37 57 37 58 33 58 29 58 29 59 25 59 21 59 21 60 17 60 13 60 13 61 9 61 5 61 5 62 45 62 37 62 37 63 29 63 21 63 21 64 13 64 5 64 37 65 21 65 5 65 44 66 45 66 47 66 44 67 47 67 46 67 46 68 47 68 1 68 46 69 1 69 0 69 46 70 0 70 2 70 2 71 4 71 6 71 6 72 8 72 10 72 10 73 12 73 14 73 14 74 16 74 18 74 18 75 20 75 22 75 22 76 24 76 26 76 26 77 28 77 30 77 30 78 32 78 34 78 34 79 36 79 38 79 38 80 40 80 42 80 42 81 44 81 46 81 46 82 2 82 6 82 6 83 10 83 14 83 14 84 18 84 22 84 22 85 26 85 30 85 30 86 34 86 38 86 38 87 42 87 46 87 46 88 6 88 14 88 14 89 22 89 30 89 30 90 38 90 46 90 14 91 30 91 46 91</p></triangles></mesh></geometry><geometry id="mesh34"><mesh><source id="mesh34-positions"><float_array id="mesh34-array" count="144">-0.17499998211860657 0.02786399982869625 0.004999999888241291 -0.12700000405311584 0.02786399982869625 0.004999999888241291 -0.17499998211860657 0.02915809489786625 0.004829628858715296 -0.12700000405311584 0.02915809489786625 0.004829628858715296 -0.17499998211860657 0.03036399930715561 0.0043301270343363285 -0.12700000405311584 0.03036399930715561 0.0043301270343363285 -0.17499998211860657 0.03139953315258026 0.0035355337895452976 -0.12700000405311584 0.03139953315258026 0.0035355337895452976 -0.17499998211860657 0.03219412639737129 0.0024999999441206455 -0.12700000405311584 0.03219412639737129 0.0024999999441206455 -0.17499998211860657 0.03269362822175026 0.00129409518558532 -0.12700000405311584 0.03269362822175026 0.00129409518558532 -0.17499998211860657 0.03286400064826012 5.329069737342253e-18 -0.12700000405311584 0.03286400064826012 -5.329069737342253e-18 -0.17499998211860657 0.03269362822175026 -0.00129409518558532 -0.12700000405311584 0.03269362822175026 -0.00129409518558532 -0.17499998211860657 0.03219412639737129 -0.0024999999441206455 -0.12700000405311584 0.03219412639737129 -0.0024999999441206455 -0.17499998211860657 0.03139953315258026 -0.0035355337895452976 -0.12700000405311584 0.03139953315258026 -0.0035355337895452976 -0.17499998211860657 0.03036399930715561 -0.0043301270343363285 -0.12700000405311584 0.03036399930715561 -0.0043301270343363285 -0.17499998211860657 0.02915809489786625 -0.004829628858715296 -0.12700000405311584 0.02915809489786625 -0.004829628858715296 -0.17499998211860657 0.02786399982869625 -0.004999999888241291 -0.12700000405311584 0.02786399982869625 -0.004999999888241291 -0.17499998211860657 0.026569904759526253 -0.004829628858715296 -0.12700000405311584 0.026569904759526253 -0.004829628858715296 -0.17499998211860657 0.025364000350236893 -0.0043301270343363285 -0.12700000405311584 0.025364000350236893 -0.0043301270343363285 -0.17499998211860657 0.02432846650481224 -0.0035355337895452976 -0.12700000405311584 0.02432846650481224 -0.0035355337895452976 -0.17499998211860657 0.02353387326002121 -0.0024999999441206455 -0.12700000405311584 0.02353387326002121 -0.0024999999441206455 -0.17499998211860657 0.023034371435642242 -0.00129409518558532 -0.12700000405311584 0.023034371435642242 -0.00129409518558532 -0.17499998211860657 0.022863999009132385 5.329069737342253e-18 -0.12700000405311584 0.022863999009132385 -5.329069737342253e-18 -0.17499998211860657 0.023034371435642242 0.00129409518558532 -0.12700000405311584 0.023034371435642242 0.00129409518558532 -0.17499998211860657 0.02353387326002121 0.0024999999441206455 -0.12700000405311584 0.02353387326002121 0.0024999999441206455 -0.17499998211860657 0.02432846650481224 0.0035355337895452976 -0.12700000405311584 0.02432846650481224 0.0035355337895452976 -0.17499998211860657 0.025364000350236893 0.0043301270343363285 -0.12700000405311584 0.025364000350236893 0.0043301270343363285 -0.17499998211860657 0.026569904759526253 0.004829628858715296 -0.12700000405311584 0.026569904759526253 0.004829628858715296</float_array><technique_common><accessor source="#mesh34-array" count="48" stride="3"><param name="X" type="float" /><param name="Y" type="float" /><param name="Z" type="float" /></accessor></technique_common></source><source id="mesh34-normals"><float_array id="mesh34-normals-array" count="276">2.2014498795702573e-16 0.1305263191461563 0.9914448857307434 2.2014498795702573e-16 0.1305263191461563 0.9914448857307434 2.0514249921393517e-16 0.38268330693244934 0.9238796830177307 2.0514249921393517e-16 0.38268330693244934 0.9238796830177307 1.761598110857512e-16 0.6087615489959717 0.793353259563446 1.761598110857512e-16 0.6087615489959717 0.793353259563446 1.3517221764036062e-16 0.793353259563446 0.6087615489959717 1.3517221764036062e-16 0.793353259563446 0.6087615489959717 8.497276369922021e-17 0.9238796830177307 0.38268330693244934 8.497276369922021e-17 0.9238796830177307 0.38268330693244934 2.898266496712683e-17 0.9914448857307434 0.1305263191461563 2.898266496712683e-17 0.9914448857307434 0.1305263191461563 -2.898266496712683e-17 0.9914448857307434 -0.1305263191461563 -2.898266496712683e-17 0.9914448857307434 -0.1305263191461563 -8.497276369922021e-17 0.9238796830177307 -0.38268330693244934 -8.497276369922021e-17 0.9238796830177307 -0.38268330693244934 -1.3517221764036062e-16 0.793353259563446 -0.6087615489959717 -1.3517221764036062e-16 0.793353259563446 -0.6087615489959717 -1.761598110857512e-16 0.6087615489959717 -0.793353259563446 -1.761598110857512e-16 0.6087615489959717 -0.793353259563446 -2.0514249921393517e-16 0.38268330693244934 -0.9238796830177307 -2.0514249921393517e-16 0.38268330693244934 -0.9238796830177307 -2.2014498795702573e-16 0.1305263191461563 -0.9914448857307434 -2.2014498795702573e-16 0.1305263191461563 -0.9914448857307434 -2.2014498795702573e-16 -0.1305263191461563 -0.9914448857307434 -2.2014498795702573e-16 -0.1305263191461563 -0.9914448857307434 -2.0514249921393517e-16 -0.38268330693244934 -0.9238796830177307 -2.0514249921393517e-16 -0.38268330693244934 -0.9238796830177307 -1.761598110857512e-16 -0.6087615489959717 -0.793353259563446 -1.761598110857512e-16 -0.6087615489959717 -0.793353259563446 -1.3517221764036062e-16 -0.793353259563446 -0.6087615489959717 -1.3517221764036062e-16 -0.793353259563446 -0.6087615489959717 -8.497276369922021e-17 -0.9238796830177307 -0.38268330693244934 -8.497276369922021e-17 -0.9238796830177307 -0.38268330693244934 -2.898266496712683e-17 -0.9914448857307434 -0.1305263191461563 -2.898266496712683e-17 -0.9914448857307434 -0.1305263191461563 2.898266496712683e-17 -0.9914448857307434 0.1305263191461563 2.898266496712683e-17 -0.9914448857307434 0.1305263191461563 8.497276369922021e-17 -0.9238796830177307 0.38268330693244934 8.497276369922021e-17 -0.9238796830177307 0.38268330693244934 1.3517221764036062e-16 -0.793353259563446 0.6087615489959717 1.3517221764036062e-16 -0.793353259563446 0.6087615489959717 1.761598110857512e-16 -0.6087615489959717 0.793353259563446 1.761598110857512e-16 -0.6087615489959717 0.793353259563446 1.0 2.220446049250313e-16 4.930380657631324e-32 1.0 2.220446049250313e-16 4.930380657631324e-32 1.0 2.220446049250313e-16 4.930380657631324e-32 1.0 2.220446049250313e-16 4.930380657631324e-32 1.0 2.220446049250313e-16 4.930380657631324e-32 1.0 2.220446049250313e-16 4.930380657631324e-32 1.0 2.220446049250313e-16 4.930380657631324e-32 1.0 2.220446049250313e-16 4.930380657631324e-32 1.0 2.220446049250313e-16 4.930380657631324e-32 1.0 2.220446049250313e-16 4.930380657631324e-32 1.0 2.220446049250313e-16 4.930380657631324e-32 1.0 2.220446049250313e-16 4.930380657631324e-32 1.0 2.220446049250313e-16 4.930380657631324e-32 1.0 2.220446049250313e-16 4.930380657631324e-32 1.0 2.220446049250313e-16 4.930380657631324e-32 1.0 2.220446049250313e-16 4.930380657631324e-32 1.0 2.220446049250313e-16 4.930380657631324e-32 1.0 2.220446049250313e-16 4.930380657631324e-32 1.0 2.220446049250313e-16 4.930380657631324e-32 1.0 2.220446049250313e-16 4.930380657631324e-32 1.0 2.220446049250313e-16 4.930380657631324e-32 1.0 2.220446049250313e-16 4.930380657631324e-32 2.0514249921393517e-16 -0.38268330693244934 0.9238796830177307 2.0514249921393517e-16 -0.38268330693244934 0.9238796830177307 2.2014498795702573e-16 -0.1305263191461563 0.9914448857307434 2.2014498795702573e-16 -0.1305263191461563 0.9914448857307434 -1.0 -2.220446049250313e-16 -4.930380657631324e-32 -1.0 -2.220446049250313e-16 -4.930380657631324e-32 -1.0 -2.220446049250313e-16 -4.930380657631324e-32 -1.0 -2.220446049250313e-16 -4.930380657631324e-32 -1.0 -2.220446049250313e-16 -4.930380657631324e-32 -1.0 -2.220446049250313e-16 -4.930380657631324e-32 -1.0 -2.220446049250313e-16 -4.930380657631324e-32 -1.0 -2.220446049250313e-16 -4.930380657631324e-32 -1.0 -2.220446049250313e-16 -4.930380657631324e-32 -1.0 -2.220446049250313e-16 -4.930380657631324e-32 -1.0 -2.220446049250313e-16 -4.930380657631324e-32 -1.0 -2.220446049250313e-16 -4.930380657631324e-32 -1.0 -2.220446049250313e-16 -4.930380657631324e-32 -1.0 -2.220446049250313e-16 -4.930380657631324e-32 -1.0 -2.220446049250313e-16 -4.930380657631324e-32 -1.0 -2.220446049250313e-16 -4.930380657631324e-32 -1.0 -2.220446049250313e-16 -4.930380657631324e-32 -1.0 -2.220446049250313e-16 -4.930380657631324e-32 -1.0 -2.220446049250313e-16 -4.930380657631324e-32 -1.0 -2.220446049250313e-16 -4.930380657631324e-32 -1.0 -2.220446049250313e-16 -4.930380657631324e-32 -1.0 -2.220446049250313e-16 -4.930380657631324e-32</float_array><technique_common><accessor source="#mesh34-normals-array" count="92" stride="3"><param name="X" type="float" /><param name="Y" type="float" /><param name="Z" type="float" /></accessor></technique_common></source><vertices id="mesh34-vertices"><input semantic="POSITION" source="#mesh34-positions" /></vertices><triangles count="92" material="copper"><input semantic="VERTEX" source="#mesh34-vertices" offset="0" /><input semantic="NORMAL" source="#mesh34-normals" offset="1" /><p>0 0 1 0 3 0 0 1 3 1 2 1 2 2 3 2 5 2 2 3 5 3 4 3 4 4 5 4 7 4 4 5 7 5 6 5 6 6 7 6 9 6 6 7 9 7 8 7 8 8 9 8 11 8 8 9 11 9 10 9 10 10 11 10 13 10 10 11 13 11 12 11 12 12 13 12 15 12 12 13 15 13 14 13 14 14 15 14 17 14 14 15 17 15 16 15 16 16 17 16 19 16 16 17 19 17 18 17 18 18 19 18 21 18 18 19 21 19 20 19 20 20 21 20 23 20 20 21 23 21 22 21 22 22 23 22 25 22 22 23 25 23 24 23 24 24 25 24 27 24 24 25 27 25 26 25 26 26 27 26 29 26 26 27 29 27 28 27 28 28 29 28 31 28 28 29 31 29 30 29 30 30 31 30 33 30 30 31 33 31 32 31 32 32 33 32 35 32 32 33 35 33 34 33 34 34 35 34 37 34 34 35 37 35 36 35 36 36 37 36 39 36 36 37 39 37 38 37 38 38 39 38 41 38 38 39 41 39 40 39 40 40 41 40 43 40 40 41 43 41 42 41 42 42 43 42 45 42 42 43 45 43 44 43 5 44 3 44 1 44 1 45 47 45 45 45 45 46 43 46 41 46 41 47 39 47 37 47 37 48 35 48 33 48 33 49 31 49 29 49 29 50 27 50 25 50 25 51 23 51 21 51 21 52 19 52 17 52 17 53 15 53 13 53 13 54 11 54 9 54 9 55 7 55 5 55 5 56 1 56 45 56 45 57 41 57 37 57 37 58 33 58 29 58 29 59 25 59 21 59 21 60 17 60 13 60 13 61 9 61 5 61 5 62 45 62 37 62 37 63 29 63 21 63 21 64 13 64 5 64 37 65 21 65 5 65 44 66 45 66 47 66 44 67 47 67 46 67 46 68 47 68 1 68 46 69 1 69 0 69 46 70 0 70 2 70 2 71 4 71 6 71 6 72 8 72 10 72 10 73 12 73 14 73 14 74 16 74 18 74 18 75 20 75 22 75 22 76 24 76 26 76 26 77 28 77 30 77 30 78 32 78 34 78 34 79 36 79 38 79 38 80 40 80 42 80 42 81 44 81 46 81 46 82 2 82 6 82 6 83 10 83 14 83 14 84 18 84 22 84 22 85 26 85 30 85 30 86 34 86 38 86 38 87 42 87 46 87 46 88 6 88 14 88 14 89 22 89 30 89 30 90 38 90 46 90 14 91 30 91 46 91</p></triangles></mesh></geometry><geometry id="mesh35"><mesh><source id="mesh35-positions"><float_array id="mesh35-array" count="72">-0.23199999332427979 -5.920264406530334e-18 0.026662500575184822 -0.18799999356269836 -5.920264406530334e-18 0.026662500575184822 -0.23199999332427979 0.013331250287592411 0.02309040166437626 -0.18799999356269836 0.013331250287592411 0.02309040166437626 -0.23199999332427979 0.02309040166437626 0.013331250287592411 -0.18799999356269836 0.02309040166437626 0.013331250287592411 -0.23199999332427979 0.026662500575184822 4.884981281880909e-18 -0.18799999356269836 0.026662500575184822 -4.884981281880909e-18 -0.23199999332427979 0.02309040166437626 -0.013331250287592411 -0.18799999356269836 0.02309040166437626 -0.013331250287592411 -0.23199999332427979 0.013331250287592411 -0.02309040166437626 -0.18799999356269836 0.013331250287592411 -0.02309040166437626 -0.23199999332427979 5.920264406530334e-18 -0.026662500575184822 -0.18799999356269836 5.920264406530334e-18 -0.026662500575184822 -0.23199999332427979 -0.013331250287592411 -0.02309040166437626 -0.18799999356269836 -0.013331250287592411 -0.02309040166437626 -0.23199999332427979 -0.02309040166437626 -0.013331250287592411 -0.18799999356269836 -0.02309040166437626 -0.013331250287592411 -0.23199999332427979 -0.026662500575184822 4.884981281880909e-18 -0.18799999356269836 -0.026662500575184822 -4.884981281880909e-18 -0.23199999332427979 -0.02309040166437626 0.013331250287592411 -0.18799999356269836 -0.02309040166437626 0.013331250287592411 -0.23199999332427979 -0.013331250287592411 0.02309040166437626 -0.18799999356269836 -0.013331250287592411 0.02309040166437626</float_array><technique_common><accessor source="#mesh35-array" count="24" stride="3"><param name="X" type="float" /><param name="Y" type="float" /><param name="Z" type="float" /></accessor></technique_common></source><source id="mesh35-normals"><float_array id="mesh35-normals-array" count="132">2.1447861547258028e-16 0.2588191330432892 0.9659258127212524 2.1447861547258028e-16 0.2588191330432892 0.9659258127212524 1.5700924318127872e-16 0.7071067690849304 0.7071067690849304 1.5700924318127872e-16 0.7071067690849304 0.7071067690849304 5.746939214363626e-17 0.9659258127212524 0.2588191330432892 5.746939214363626e-17 0.9659258127212524 0.2588191330432892 -5.746939214363626e-17 0.9659258127212524 -0.2588191330432892 -5.746939214363626e-17 0.9659258127212524 -0.2588191330432892 -1.5700924318127872e-16 0.7071067690849304 -0.7071067690849304 -1.5700924318127872e-16 0.7071067690849304 -0.7071067690849304 -2.1447861547258028e-16 0.2588191330432892 -0.9659258127212524 -2.1447861547258028e-16 0.2588191330432892 -0.9659258127212524 -2.1447861547258028e-16 -0.2588191330432892 -0.9659258127212524 -2.1447861547258028e-16 -0.2588191330432892 -0.9659258127212524 -1.5700924318127872e-16 -0.7071067690849304 -0.7071067690849304 -1.5700924318127872e-16 -0.7071067690849304 -0.7071067690849304 -5.746939214363626e-17 -0.9659258127212524 -0.2588191330432892 -5.746939214363626e-17 -0.9659258127212524 -0.2588191330432892 5.746939214363626e-17 -0.9659258127212524 0.2588191330432892 5.746939214363626e-17 -0.9659258127212524 0.2588191330432892 1.0 2.220446049250313e-16 4.930380657631324e-32 1.0 2.220446049250313e-16 4.930380657631324e-32 1.0 2.220446049250313e-16 4.930380657631324e-32 1.0 2.220446049250313e-16 4.930380657631324e-32 1.0 2.220446049250313e-16 4.930380657631324e-32 1.0 2.220446049250313e-16 4.930380657631324e-32 1.0 2.220446049250313e-16 4.930380657631324e-32 1.0 2.220446049250313e-16 4.930380657631324e-32 1.0 2.220446049250313e-16 4.930380657631324e-32 1.0 2.220446049250313e-16 4.930380657631324e-32 1.5700924318127872e-16 -0.7071067690849304 0.7071067690849304 1.5700924318127872e-16 -0.7071067690849304 0.7071067690849304 2.1447861547258028e-16 -0.2588191330432892 0.9659258127212524 2.1447861547258028e-16 -0.2588191330432892 0.9659258127212524 -1.0 -2.220446049250313e-16 -4.930380657631324e-32 -1.0 -2.220446049250313e-16 -4.930380657631324e-32 -1.0 -2.220446049250313e-16 -4.930380657631324e-32 -1.0 -2.220446049250313e-16 -4.930380657631324e-32 -1.0 -2.220446049250313e-16 -4.930380657631324e-32 -1.0 -2.220446049250313e-16 -4.930380657631324e-32 -1.0 -2.220446049250313e-16 -4.930380657631324e-32 -1.0 -2.220446049250313e-16 -4.930380657631324e-32 -1.0 -2.220446049250313e-16 -4.930380657631324e-32 -1.0 -2.220446049250313e-16 -4.930380657631324e-32</float_array><technique_common><accessor source="#mesh35-normals-array" count="44" stride="3"><param name="X" type="float" /><param name="Y" type="float" /><param name="Z" type="float" /></accessor></technique_common></source><vertices id="mesh35-vertices"><input semantic="POSITION" source="#mesh35-positions" /></vertices><triangles count="44" material="graphite"><input semantic="VERTEX" source="#mesh35-vertices" offset="0" /><input semantic="NORMAL" source="#mesh35-normals" offset="1" /><p>0 0 1 0 3 0 0 1 3 1 2 1 2 2 3 2 5 2 2 3 5 3 4 3 4 4 5 4 7 4 4 5 7 5 6 5 6 6 7 6 9 6 6 7 9 7 8 7 8 8 9 8 11 8 8 9 11 9 10 9 10 10 11 10 13 10 10 11 13 11 12 11 12 12 13 12 15 12 12 13 15 13 14 13 14 14 15 14 17 14 14 15 17 15 16 15 16 16 17 16 19 16 16 17 19 17 18 17 18 18 19 18 21 18 18 19 21 19 20 19 5 20 3 20 1 20 1 21 23 21 21 21 21 22 19 22 17 22 17 23 15 23 13 23 13 24 11 24 9 24 9 25 7 25 5 25 5 26 1 26 21 26 21 27 17 27 13 27 13 28 9 28 5 28 21 29 13 29 5 29 20 30 21 30 23 30 20 31 23 31 22 31 22 32 23 32 1 32 22 33 1 33 0 33 22 34 0 34 2 34 2 35 4 35 6 35 6 36 8 36 10 36 10 37 12 37 14 37 14 38 16 38 18 38 18 39 20 39 22 39 22 40 2 40 6 40 6 41 10 41 14 41 14 42 18 42 22 42 6 43 14 43 22 43</p></triangles></mesh></geometry><geometry id="mesh36"><mesh><source id="mesh36-positions"><float_array id="mesh36-array" count="288">-0.22964616119861603 -0.0231075007468462 -0.011705983430147171 -0.225195974111557 -0.027607500553131104 -0.01255686953663826 -0.2265852838754654 -0.0231075007468462 -0.016869407147169113 -0.22904515266418457 -0.025354547426104546 -0.011815814301371574 -0.22973889112472534 -0.02310749888420105 -0.01396925374865532 -0.2291262149810791 -0.02525945007801056 -0.013985100202262402 -0.22588323056697845 -0.02700631693005562 -0.014706464484333992 -0.2274116575717926 -0.02700631693005562 -0.012128140777349472 -0.22797620296478271 -0.026422344148159027 -0.01420498639345169 -0.22861537337303162 -0.02310749888420105 -0.0158645398914814 -0.2263931930065155 -0.025354547426104546 -0.016289424151182175 -0.22833523154258728 -0.02525945007801056 -0.01531943678855896 -0.19401204586029053 -0.0231075007468462 -0.018717288970947266 -0.1994147151708603 -0.0231075007468462 -0.02223559282720089 -0.1984279602766037 -0.027607500553131104 -0.01784355193376541 -0.19509495794773102 -0.02310749888420105 -0.020793367177248 -0.19460222125053406 -0.025354547426104546 -0.018600229173898697 -0.19564735889434814 -0.02525945007801056 -0.02058686688542366 -0.19928312301635742 -0.025354547426104546 -0.021648500114679337 -0.19707806408405304 -0.02310749888420105 -0.0220847949385643 -0.1970435231924057 -0.02525945007801056 -0.02149607241153717 -0.19622313976287842 -0.02700631693005562 -0.018279515206813812 -0.19892092049121857 -0.02700631693005562 -0.020036358386278152 -0.19678851962089539 -0.026422344148159027 -0.020361077040433884 -0.19131028652191162 -0.0231075007468462 0.013735382817685604 -0.18798795342445374 -0.0231075007468462 0.008052289485931396 -0.19231125712394714 -0.027607500553131104 0.009337550029158592 -0.18928757309913635 -0.02310749888420105 0.012504667975008488 -0.19144639372825623 -0.025354547426104546 0.013146455399692059 -0.18951097130775452 -0.02525945007801056 0.011959869414567947 -0.1885679066181183 -0.025354547426104546 0.008222601376473904 -0.18806807696819305 -0.02310749888420105 0.010418632999062538 -0.1886524111032486 -0.02525945007801056 0.01049123890697956 -0.19181381165981293 -0.02700631693005562 0.011532187461853027 -0.1901548206806183 -0.02700631693005562 0.008694369345903397 -0.18976964056491852 -0.026422344148159027 0.010823376476764679 -0.2203538417816162 -0.0231075007468462 0.01774948462843895 -0.2146897166967392 -0.0231075007468462 0.020748119801282883 -0.21604326367378235 -0.027607500553131104 0.016456041485071182 -0.21910202503204346 -0.02310749888420105 0.01971980556845665 -0.219777911901474 -0.025354547426104546 0.017576582729816437 -0.21857118606567383 -0.02525945007801056 0.01946116052567959 -0.21487049758434296 -0.025354547426104546 0.02017461135983467 -0.21702295541763306 -0.02310749888420105 0.020820483565330505 -0.21710745990276337 -0.02525945007801056 0.020236071199178696 -0.21819567680358887 -0.02700631693005562 0.01710181124508381 -0.21536731719970703 -0.02700631693005562 0.018599161878228188 -0.21745724976062775 -0.026422344148159027 0.019126906991004944 -0.22964616119861603 -0.02310749888420105 -0.011705983430147171 -0.2265852838754654 -0.02310749888420105 -0.016869407147169113 -0.225195974111557 -0.018607499077916145 -0.01255686953663826 -0.22973889112472534 -0.02310749888420105 -0.01396925374865532 -0.22904515266418457 -0.020860450342297554 -0.011815814301371574 -0.2291262149810791 -0.02095554769039154 -0.013985099270939827 -0.2263931930065155 -0.020860450342297554 -0.016289424151182175 -0.22861537337303162 -0.02310749888420105 -0.0158645398914814 -0.22833523154258728 -0.02095554769039154 -0.01531943678855896 -0.2274116575717926 -0.01920868083834648 -0.012128140777349472 -0.22588323056697845 -0.01920868083834648 -0.014706464484333992 -0.22797620296478271 -0.019792653620243073 -0.01420498639345169 -0.1994147151708603 -0.02310749888420105 -0.02223559282720089 -0.19401204586029053 -0.02310749888420105 -0.018717288970947266 -0.1984279602766037 -0.018607499077916145 -0.01784355193376541 -0.19707806408405304 -0.02310749888420105 -0.0220847949385643 -0.19928312301635742 -0.020860450342297554 -0.021648500114679337 -0.1970435231924057 -0.02095554769039154 -0.02149607241153717 -0.19460222125053406 -0.020860450342297554 -0.018600229173898697 -0.19509495794773102 -0.02310749888420105 -0.020793367177248 -0.19564735889434814 -0.02095554769039154 -0.02058686874806881 -0.19892092049121857 -0.01920868083834648 -0.020036358386278152 -0.19622313976287842 -0.01920868083834648 -0.018279515206813812 -0.19678851962089539 -0.019792653620243073 -0.020361077040433884 -0.18798795342445374 -0.02310749888420105 0.008052291348576546 -0.19131028652191162 -0.02310749888420105 0.013735380955040455 -0.19231125712394714 -0.018607499077916145 0.009337550029158592 -0.18806807696819305 -0.02310749888420105 0.010418633930385113 -0.1885679066181183 -0.020860450342297554 0.008222603239119053 -0.1886524111032486 -0.02095554769039154 0.01049123890697956 -0.19144639372825623 -0.020860450342297554 0.01314645353704691 -0.18928757309913635 -0.02310749888420105 0.012504667043685913 -0.18951097130775452 -0.02095554769039154 0.011959868483245373 -0.1901548206806183 -0.01920868083834648 0.008694370277225971 -0.19181381165981293 -0.01920868083834648 0.011532186530530453 -0.18976964056491852 -0.019792653620243073 0.010823376476764679 -0.2203538417816162 -0.02310749888420105 0.01774948462843895 -0.21604326367378235 -0.018607499077916145 0.016456041485071182 -0.2146897166967392 -0.02310749888420105 0.020748117938637733 -0.219777911901474 -0.020860450342297554 0.017576582729816437 -0.21910202503204346 -0.02310749888420105 0.01971980556845665 -0.21857118606567383 -0.02095554769039154 0.01946115866303444 -0.21536731719970703 -0.01920868083834648 0.01859916001558304 -0.21819567680358887 -0.01920868083834648 0.01710181124508381 -0.21745724976062775 -0.019792653620243073 0.019126906991004944 -0.21702295541763306 -0.02310749888420105 0.020820483565330505 -0.21487049758434296 -0.020860450342297554 0.020174609497189522 -0.21710745990276337 -0.02095554769039154 0.020236069336533546</float_array><technique_common><accessor source="#mesh36-array" count="96" stride="3"><param name="X" type="float" /><param name="Y" type="float" /><param name="Z" type="float" /></accessor></technique_common></source><source id="mesh36-normals"><float_array id="mesh36-normals-array" count="564">0.9654456377029419 0.25943130254745483 -0.024703994393348694 0.9609572291374207 0.2738814353942871 -0.03937176242470741 0.7114213705062866 0.7027530670166016 0.004217468202114105 0.7114267945289612 0.7027475237846375 0.004222379066050053 0.3017388880252838 0.9388119578361511 0.16609005630016327 0.2905265688896179 0.9388118982315063 0.18500417470932007 0.3451368808746338 0.7027510404586792 0.6221105456352234 0.34513697028160095 0.7027511596679688 0.6221103668212891 0.4266536831855774 0.2738792598247528 0.8619493842124939 0.4416716992855072 0.25943320989608765 0.8588483929634094 0.8362424373626709 0.23443391919136047 0.49572110176086426 0.8362445831298828 0.23443138599395752 0.49571871757507324 0.6867639422416687 0.602178156375885 0.4071078598499298 -0.8555517792701721 0.2624419033527374 0.44626832008361816 -0.8524453043937683 0.24787095189094543 0.4603227376937866 -0.5329034328460693 0.21531984210014343 0.8183222413063049 -0.5329045057296753 0.2153211236000061 0.8183212280273438 -0.07625668495893478 0.24786853790283203 0.9657878279685974 -0.06214474141597748 0.2624412477016449 0.9629448056221008 -0.07832901179790497 0.6874746680259705 0.7219716906547546 -0.078328937292099 0.6874747276306152 0.7219716310501099 -0.19173437356948853 0.930185854434967 0.31303703784942627 -0.20875711739063263 0.930185854434967 0.30195164680480957 -0.6286175847053528 0.6874772310256958 0.36361393332481384 -0.6286231279373169 0.6874740719795227 0.363610178232193 -0.4474349319934845 0.5724766850471497 0.6870752573013306 -0.5017926692962646 0.26087960600852966 -0.8247095942497253 -0.5153383016586304 0.24634258449077606 -0.8208177089691162 -0.8435990214347839 0.2124289721250534 -0.49316805601119995 -0.8435994982719421 0.21242842078208923 -0.49316757917404175 -0.9680728316307068 0.24633972346782684 -0.046385880559682846 -0.964818000793457 0.2608814239501953 -0.032668594270944595 -0.7279090881347656 0.6834026575088501 -0.05575952306389809 -0.7279106378555298 0.6834009289741516 -0.0557609386742115 -0.32737642526626587 0.927610456943512 -0.17989864945411682 -0.31736767292022705 0.927610456943512 -0.1970193237066269 -0.4056882858276367 0.6834025382995605 -0.6069415807723999 -0.40568795800209045 0.6834022402763367 -0.6069420576095581 -0.7121424078941345 0.5652721524238586 -0.4163178503513336 0.8143258690834045 0.2630595862865448 -0.5173711776733398 0.809995710849762 0.24847938120365143 -0.531191885471344 0.45680028200149536 0.21638889610767365 -0.8628496527671814 0.4568006694316864 0.21638934314250946 -0.862849235534668 -0.016046011820435524 0.248479962348938 -0.9685041308403015 -0.02990739606320858 0.26305702328681946 -0.9643166661262512 0.009358643554151058 0.688685953617096 -0.7249994277954102 0.009358222596347332 0.6886864900588989 -0.7249988913536072 0.16177451610565186 0.9309210777282715 -0.32743698358535767 0.17985284328460693 0.9309210181236267 -0.31786614656448364 0.5943308472633362 0.6886851787567139 -0.415311336517334 0.5943321585655212 0.6886845231056213 -0.41531074047088623 0.3829079568386078 0.5746798515319824 -0.7232735753059387 0.9609572291374207 -0.2738814353942871 -0.03937200456857681 0.9654456377029419 -0.2594311237335205 -0.024704014882445335 0.8362429141998291 -0.23443184792995453 0.49572136998176575 0.8362439870834351 -0.2344346046447754 0.4957180321216583 0.4416717290878296 -0.25943300127983093 0.8588483929634094 0.42665353417396545 -0.2738792598247528 0.8619495034217834 0.3451370298862457 -0.7027510404586792 0.6221104860305786 0.3451367914676666 -0.7027511596679688 0.6221104264259338 0.290525883436203 -0.9388120770454407 0.18500442802906036 0.3017387390136719 -0.9388121366500854 0.16608935594558716 0.7114218473434448 -0.7027525305747986 0.004222774412482977 0.7114261388778687 -0.7027482986450195 0.004214808344841003 0.6867641806602478 -0.6021780371665955 0.40710771083831787 -0.06214451044797897 -0.2624412477016449 0.9629448056221008 -0.07625667005777359 -0.2478683441877365 0.9657878875732422 -0.5329033732414246 -0.21532021462917328 0.8183221817016602 -0.5329038500785828 -0.21531973779201508 0.8183220028877258 -0.8524455428123474 -0.2478707730770111 0.46032240986824036 -0.855552077293396 -0.26244157552719116 0.44626814126968384 -0.6286190152168274 -0.6874778866767883 0.36361008882522583 -0.628620982170105 -0.687473475933075 0.36361515522003174 -0.20875729620456696 -0.9301860332489014 0.3019509017467499 -0.19173365831375122 -0.9301860332489014 0.31303688883781433 -0.07832895219326019 -0.6874747276306152 0.7219716906547546 -0.07832901179790497 -0.6874747276306152 0.7219716906547546 -0.44743412733078003 -0.5724770426750183 0.6870754957199097 -0.9648178815841675 -0.2608814537525177 -0.032668400555849075 -0.9680729508399963 -0.2463395595550537 -0.04638591408729553 -0.8435988426208496 -0.2124285250902176 -0.49316835403442383 -0.8435991406440735 -0.21242927014827728 -0.4931676983833313 -0.5153380632400513 -0.24634245038032532 -0.8208179473876953 -0.5017921924591064 -0.26087960600852966 -0.8247098326683044 -0.4056876599788666 -0.6834024786949158 -0.6069419980049133 -0.4056883156299591 -0.683401882648468 -0.6069422364234924 -0.31736692786216736 -0.9276105761528015 -0.19701959192752838 -0.32737618684768677 -0.9276106953620911 -0.17989803850650787 -0.7279092669487 -0.683402419090271 -0.055760979652404785 -0.7279104590415955 -0.6834012866020203 -0.05575893074274063 -0.7121423482894897 -0.5652720332145691 -0.41631805896759033 0.8099956512451172 -0.2484792023897171 -0.5311923027038574 0.8143259286880493 -0.2630600333213806 -0.5173710584640503 0.5943312644958496 -0.6886852979660034 -0.4153106212615967 0.594331681728363 -0.6886839270591736 -0.4153122305870056 0.17985273897647858 -0.9309213757514954 -0.31786563992500305 0.16177383065223694 -0.9309213161468506 -0.32743680477142334 0.00935816764831543 -0.6886860132217407 -0.7249993681907654 0.009357957169413567 -0.6886858940124512 -0.7249994277954102 -0.02990836650133133 -0.2630578279495239 -0.9643164277076721 -0.01604602299630642 -0.24847981333732605 -0.9685042500495911 0.4568001329898834 -0.2163899689912796 -0.8628493547439575 0.4568006694316864 -0.2163895219564438 -0.8628492951393127 0.3829082250595093 -0.5746790766716003 -0.7232740521430969 0.9212594628334045 0.2584865093231201 -0.2906298041343689 0.9207972288131714 0.26047226786613464 -0.2903216779232025 0.674380362033844 0.7071071863174438 -0.21262794733047485 0.6743723750114441 0.7071158289909363 -0.2126244455575943 0.24649904668331146 0.9660217761993408 -0.07771926373243332 0.24699562788009644 0.9658787250518799 -0.07791977375745773 -0.07425794750452042 0.9660213589668274 -0.2475651055574417 -0.07433773577213287 0.9659652709960938 -0.2477600872516632 -0.20321010053157806 0.7071064114570618 -0.6772785782814026 -0.20321069657802582 0.7071050405502319 -0.6772798299789429 -0.2776157557964325 0.25848788022994995 -0.9252640604972839 -0.27748286724090576 0.2592633068561554 -0.9250869154930115 -0.2523592710494995 0.9659656882286072 0.05678970366716385 -0.2521831691265106 0.9660150408744812 0.05673368647694588 -0.6898657083511353 0.7071056962013245 0.15519919991493225 -0.6898613572120667 0.7071102857589722 0.1551976501941681 -0.9422576427459717 0.25925934314727783 0.21197906136512756 -0.9424244165420532 0.25857117772102356 0.2120784968137741 0.05008312314748764 0.9660155773162842 0.25358542799949646 0.050224993377923965 0.9658801555633545 0.25407296419143677 0.13712653517723083 0.7071084976196289 0.6936813592910767 0.13712477684020996 0.7071141600608826 0.6936759948730469 0.187330961227417 0.2585672438144684 0.9476550221443176 0.1870691478252411 0.26046910881996155 0.9471858143806458 0.24648624658584595 -0.9660217761993408 -0.07775907963514328 0.24700316786766052 -0.9658800959587097 -0.0778782069683075 0.6743806600570679 -0.7071071267127991 -0.21262706816196442 0.6743721961975098 -0.707115650177002 -0.21262536942958832 0.9213060140609741 -0.25848686695098877 -0.2904820740222931 0.9207520484924316 -0.26046717166900635 -0.2904697358608246 0.18716824054718018 -0.2585659623146057 0.947687566280365 0.18723160028457642 -0.26047396659851074 0.9471524357795715 0.1371258795261383 -0.7071085572242737 0.693681538105011 0.1371254324913025 -0.7071141600608826 0.6936758160591125 0.05012655630707741 -0.9660161137580872 0.2535749673843384 0.05018189921975136 -0.9658790826797485 0.25408557057380676 -0.9422441720962524 -0.2592601478099823 0.21203790605068207 -0.9424375891685486 -0.2585713565349579 0.21201957762241364 -0.6898658871650696 -0.7071056365966797 0.15519867837429047 -0.6898612976074219 -0.7071102857589722 0.15519821643829346 -0.25236305594444275 -0.9659656286239624 0.05677415803074837 -0.2521793246269226 -0.966015100479126 0.05674920976161957 -0.2775426208972931 -0.25848740339279175 -0.9252861142158508 -0.2775561511516571 -0.2592616081237793 -0.9250654578208923 -0.2032102644443512 -0.7071064114570618 -0.677278459072113 -0.20321053266525269 -0.7071047425270081 -0.6772801280021667 -0.07427722960710526 -0.9660215973854065 -0.24755845963954926 -0.07431762665510178 -0.9659658074378967 -0.24776408076286316 0.44361555576324463 0.0 0.8962171673774719 0.0 0.0 0.0 0.0 0.0 0.0 0.0 0.0 0.0 0.0 0.0 0.0 0.9991617202758789 0.0 -0.040937308222055435 -0.8866302967071533 0.0 0.46247902512550354 0.0 0.0 0.0 0.0 0.0 0.0 0.0 0.0 0.0 0.0 0.0 0.0 -0.06440193206071854 0.0 0.9979240894317627 -0.39521145820617676 -0.6495413184165955 -0.6495413184165955 9.208645792568859e-07 -1.0 0.0 0.0 -1.0 0.0 0.0 1.0 0.0 0.0 1.0 0.0 -0.998855471611023 0.03382091596722603 -0.03382091596722603 0.8440539836883545 0.0 -0.5362582802772522 0.0 0.0 0.0 0.0 0.0 0.0 0.0 0.0 0.0 0.0 0.0 0.0 -0.02192571386694908 -0.706936776638031 -0.706936776638031 0.953670084476471 0.0 -0.3008544147014618 0.953670084476471 0.0 -0.3008544147014618 0.0 1.0 0.0 0.0 1.0 0.0 0.19375722110271454 0.0 0.9810495376586914 0.19375722110271454 0.0 0.9810495376586914 -0.9529076814651489 -0.2144376039505005 0.2144376039505005 -0.9756024479866028 0.0 0.2195446938276291 -0.2074834257364273 -0.691719114780426 -0.691719114780426 -0.20723699033260345 -0.6926135420799255 -0.690897524356842 0.0 -1.0 0.0 0.0 -1.0 0.0</float_array><technique_common><accessor source="#mesh36-normals-array" count="188" stride="3"><param name="X" type="float" /><param name="Y" type="float" /><param name="Z" type="float" /></accessor></technique_common></source><vertices id="mesh36-vertices"><input semantic="POSITION" source="#mesh36-positions" /></vertices><triangles count="188" material="ivory"><input semantic="VERTEX" source="#mesh36-vertices" offset="0" /><input semantic="NORMAL" source="#mesh36-normals" offset="1" /><p>0 0 3 0 5 0 0 1 5 1 4 1 3 2 7 2 8 2 3 3 8 3 5 3 1 4 6 4 8 4 1 5 8 5 7 5 6 6 10 6 11 6 6 7 11 7 8 7 2 8 9 8 11 8 2 9 11 9 10 9 9 10 4 10 5 10 9 11 5 11 11 11 5 12 8 12 11 12 12 13 15 13 17 13 12 14 17 14 16 14 15 15 19 15 20 15 15 16 20 16 17 16 13 17 18 17 20 17 13 18 20 18 19 18 18 19 22 19 23 19 18 20 23 20 20 20 14 21 21 21 23 21 14 22 23 22 22 22 21 23 16 23 17 23 21 24 17 24 23 24 17 25 20 25 23 25 24 26 27 26 29 26 24 27 29 27 28 27 27 28 31 28 32 28 27 29 32 29 29 29 25 30 30 30 32 30 25 31 32 31 31 31 30 32 34 32 35 32 30 33 35 33 32 33 26 34 33 34 35 34 26 35 35 35 34 35 33 36 28 36 29 36 33 37 29 37 35 37 29 38 32 38 35 38 36 39 39 39 41 39 36 40 41 40 40 40 39 41 43 41 44 41 39 42 44 42 41 42 37 43 42 43 44 43 37 44 44 44 43 44 42 45 46 45 47 45 42 46 47 46 44 46 38 47 45 47 47 47 38 48 47 48 46 48 45 49 40 49 41 49 45 50 41 50 47 50 41 51 44 51 47 51 48 52 51 52 53 52 48 53 53 53 52 53 51 54 55 54 56 54 51 55 56 55 53 55 49 56 54 56 56 56 49 57 56 57 55 57 54 58 58 58 59 58 54 59 59 59 56 59 50 60 57 60 59 60 50 61 59 61 58 61 57 62 52 62 53 62 57 63 53 63 59 63 53 64 56 64 59 64 60 65 63 65 65 65 60 66 65 66 64 66 63 67 67 67 68 67 63 68 68 68 65 68 61 69 66 69 68 69 61 70 68 70 67 70 66 71 70 71 71 71 66 72 71 72 68 72 62 73 69 73 71 73 62 74 71 74 70 74 69 75 64 75 65 75 69 76 65 76 71 76 65 77 68 77 71 77 72 78 75 78 77 78 72 79 77 79 76 79 75 80 79 80 80 80 75 81 80 81 77 81 73 82 78 82 80 82 73 83 80 83 79 83 78 84 82 84 83 84 78 85 83 85 80 85 74 86 81 86 83 86 74 87 83 87 82 87 81 88 76 88 77 88 81 89 77 89 83 89 77 90 80 90 83 90 84 91 87 91 89 91 84 92 89 92 88 92 87 93 91 93 92 93 87 94 92 94 89 94 85 95 90 95 92 95 85 96 92 96 91 96 90 97 94 97 95 97 90 98 95 98 92 98 86 99 93 99 95 99 86 100 95 100 94 100 93 101 88 101 89 101 93 102 89 102 95 102 89 103 92 103 95 103 0 104 36 104 40 104 0 105 40 105 3 105 3 106 40 106 45 106 3 107 45 107 7 107 7 108 45 108 38 108 7 109 38 109 1 109 26 110 38 110 46 110 26 111 46 111 33 111 33 112 46 112 42 112 33 113 42 113 28 113 28 114 42 114 37 114 28 115 37 115 24 115 14 116 26 116 34 116 14 117 34 117 21 117 21 118 34 118 30 118 21 119 30 119 16 119 16 120 30 120 25 120 16 121 25 121 12 121 1 122 14 122 22 122 1 123 22 123 6 123 6 124 22 124 18 124 6 125 18 125 10 125 10 126 18 126 13 126 10 127 13 127 2 127 50 128 85 128 91 128 50 129 91 129 57 129 57 130 91 130 87 130 57 131 87 131 52 131 52 132 87 132 84 132 52 133 84 133 48 133 49 134 60 134 64 134 49 135 64 135 54 135 54 136 64 136 69 136 54 137 69 137 58 137 58 138 69 138 62 138 58 139 62 139 50 139 61 140 72 140 76 140 61 141 76 141 66 141 66 142 76 142 81 142 66 143 81 143 70 143 70 144 81 144 74 144 70 145 74 145 62 145 73 146 86 146 94 146 73 147 94 147 78 147 78 148 94 148 90 148 78 149 90 149 82 149 82 150 90 150 85 150 82 151 85 151 74 151 2 152 49 152 55 152 2 153 55 153 9 153 9 154 55 154 51 154 9 155 51 155 4 155 4 156 51 156 48 156 4 157 48 157 0 157 12 158 61 158 67 158 12 159 67 159 15 159 15 160 67 160 63 160 15 161 63 161 19 161 19 162 63 162 60 162 19 163 60 163 13 163 24 164 73 164 79 164 24 165 79 165 27 165 27 166 79 166 31 166 79 167 75 167 31 167 31 168 75 168 72 168 31 169 72 169 25 169 36 170 84 170 88 170 36 171 88 171 39 171 39 172 88 172 93 172 39 173 93 173 43 173 43 174 93 174 86 174 43 175 86 175 37 175 36 176 0 176 48 176 36 177 48 177 84 177 38 178 26 178 14 178 38 179 14 179 1 179 2 180 13 180 60 180 2 181 60 181 49 181 12 182 25 182 72 182 12 183 72 183 61 183 24 184 37 184 86 184 24 185 86 185 73 185 50 186 62 186 74 186 50 187 74 187 85 187</p></triangles></mesh></geometry><geometry id="mesh37"><mesh><source id="mesh37-positions"><float_array id="mesh37-array" count="288">-0.22964616119861603 0.02310749888420105 -0.011705983430147171 -0.225195974111557 0.018607499077916145 -0.01255686953663826 -0.2265852838754654 0.02310749888420105 -0.016869407147169113 -0.22904515266418457 0.020860450342297554 -0.011815814301371574 -0.22973889112472534 0.02310749888420105 -0.01396925374865532 -0.2291262149810791 0.02095554769039154 -0.013985100202262402 -0.22588323056697845 0.01920868083834648 -0.014706464484333992 -0.2274116575717926 0.01920868083834648 -0.012128140777349472 -0.22797620296478271 0.019792653620243073 -0.01420498639345169 -0.22861537337303162 0.02310749888420105 -0.0158645398914814 -0.2263931930065155 0.020860450342297554 -0.016289424151182175 -0.22833523154258728 0.02095554769039154 -0.01531943678855896 -0.19401204586029053 0.02310749888420105 -0.018717288970947266 -0.1994147151708603 0.02310749888420105 -0.02223559282720089 -0.1984279602766037 0.018607499077916145 -0.01784355193376541 -0.19509495794773102 0.02310749888420105 -0.020793367177248 -0.19460222125053406 0.020860450342297554 -0.018600229173898697 -0.19564735889434814 0.02095554769039154 -0.02058686688542366 -0.19928312301635742 0.020860450342297554 -0.021648500114679337 -0.19707806408405304 0.02310749888420105 -0.0220847949385643 -0.1970435231924057 0.02095554769039154 -0.02149607241153717 -0.19622313976287842 0.01920868083834648 -0.018279515206813812 -0.19892092049121857 0.01920868083834648 -0.020036358386278152 -0.19678851962089539 0.019792653620243073 -0.020361077040433884 -0.19131028652191162 0.02310749888420105 0.013735382817685604 -0.18798795342445374 0.02310749888420105 0.008052289485931396 -0.19231125712394714 0.018607499077916145 0.009337550029158592 -0.18928757309913635 0.02310749888420105 0.012504667975008488 -0.19144639372825623 0.020860450342297554 0.013146455399692059 -0.18951097130775452 0.02095554769039154 0.011959869414567947 -0.1885679066181183 0.020860450342297554 0.008222601376473904 -0.18806807696819305 0.02310749888420105 0.010418632999062538 -0.1886524111032486 0.02095554769039154 0.01049123890697956 -0.19181381165981293 0.01920868083834648 0.011532187461853027 -0.1901548206806183 0.01920868083834648 0.008694369345903397 -0.18976964056491852 0.019792653620243073 0.010823376476764679 -0.2203538417816162 0.02310749888420105 0.01774948462843895 -0.2146897166967392 0.02310749888420105 0.020748119801282883 -0.21604326367378235 0.018607499077916145 0.016456041485071182 -0.21910202503204346 0.02310749888420105 0.01971980556845665 -0.219777911901474 0.020860450342297554 0.017576582729816437 -0.21857118606567383 0.02095554769039154 0.01946116052567959 -0.21487049758434296 0.020860450342297554 0.02017461135983467 -0.21702295541763306 0.02310749888420105 0.020820483565330505 -0.21710745990276337 0.02095554769039154 0.020236071199178696 -0.21819567680358887 0.01920868083834648 0.01710181124508381 -0.21536731719970703 0.01920868083834648 0.018599161878228188 -0.21745724976062775 0.019792653620243073 0.019126906991004944 -0.22964616119861603 0.0231075007468462 -0.011705983430147171 -0.2265852838754654 0.0231075007468462 -0.016869407147169113 -0.225195974111557 0.027607500553131104 -0.01255686953663826 -0.22973889112472534 0.02310749888420105 -0.01396925374865532 -0.22904515266418457 0.025354547426104546 -0.011815814301371574 -0.2291262149810791 0.02525945007801056 -0.013985099270939827 -0.2263931930065155 0.025354547426104546 -0.016289424151182175 -0.22861537337303162 0.02310749888420105 -0.0158645398914814 -0.22833523154258728 0.02525945007801056 -0.01531943678855896 -0.2274116575717926 0.02700631693005562 -0.012128140777349472 -0.22588323056697845 0.02700631693005562 -0.014706464484333992 -0.22797620296478271 0.026422344148159027 -0.01420498639345169 -0.1994147151708603 0.0231075007468462 -0.02223559282720089 -0.19401204586029053 0.0231075007468462 -0.018717288970947266 -0.1984279602766037 0.027607500553131104 -0.01784355193376541 -0.19707806408405304 0.02310749888420105 -0.0220847949385643 -0.19928312301635742 0.025354547426104546 -0.021648500114679337 -0.1970435231924057 0.02525945007801056 -0.02149607241153717 -0.19460222125053406 0.025354547426104546 -0.018600229173898697 -0.19509495794773102 0.02310749888420105 -0.020793367177248 -0.19564735889434814 0.02525945007801056 -0.02058686874806881 -0.19892092049121857 0.02700631693005562 -0.020036358386278152 -0.19622313976287842 0.02700631693005562 -0.018279515206813812 -0.19678851962089539 0.026422344148159027 -0.020361077040433884 -0.18798795342445374 0.0231075007468462 0.008052291348576546 -0.19131028652191162 0.0231075007468462 0.013735380955040455 -0.19231125712394714 0.027607500553131104 0.009337550029158592 -0.18806807696819305 0.02310749888420105 0.010418633930385113 -0.1885679066181183 0.025354547426104546 0.008222603239119053 -0.1886524111032486 0.02525945007801056 0.01049123890697956 -0.19144639372825623 0.025354547426104546 0.01314645353704691 -0.18928757309913635 0.02310749888420105 0.012504667043685913 -0.18951097130775452 0.02525945007801056 0.011959868483245373 -0.1901548206806183 0.02700631693005562 0.008694370277225971 -0.19181381165981293 0.02700631693005562 0.011532186530530453 -0.18976964056491852 0.026422344148159027 0.010823376476764679 -0.2203538417816162 0.0231075007468462 0.01774948462843895 -0.21604326367378235 0.027607500553131104 0.016456041485071182 -0.2146897166967392 0.0231075007468462 0.020748117938637733 -0.219777911901474 0.025354547426104546 0.017576582729816437 -0.21910202503204346 0.02310749888420105 0.01971980556845665 -0.21857118606567383 0.02525945007801056 0.01946115866303444 -0.21536731719970703 0.02700631693005562 0.01859916001558304 -0.21819567680358887 0.02700631693005562 0.01710181124508381 -0.21745724976062775 0.026422344148159027 0.019126906991004944 -0.21702295541763306 0.02310749888420105 0.020820483565330505 -0.21487049758434296 0.025354547426104546 0.020174609497189522 -0.21710745990276337 0.02525945007801056 0.020236069336533546</float_array><technique_common><accessor source="#mesh37-array" count="96" stride="3"><param name="X" type="float" /><param name="Y" type="float" /><param name="Z" type="float" /></accessor></technique_common></source><source id="mesh37-normals"><float_array id="mesh37-normals-array" count="564">0.9654456377029419 0.2594311237335205 -0.02470400370657444 0.9609572291374207 0.2738814353942871 -0.03937198594212532 0.7114213705062866 0.7027530670166016 0.004217468202114105 0.7114267945289612 0.7027475237846375 0.004222379066050053 0.3017387390136719 0.9388121366500854 0.16608934104442596 0.290525883436203 0.9388120770454407 0.18500442802906036 0.3451368808746338 0.7027510404586792 0.6221105456352234 0.34513697028160095 0.7027511596679688 0.6221103668212891 0.42665350437164307 0.2738792598247528 0.8619495034217834 0.4416717290878296 0.25943300127983093 0.8588483929634094 0.8362424373626709 0.23443391919136047 0.49572110176086426 0.8362445831298828 0.23443138599395752 0.49571871757507324 0.6867639422416687 0.602178156375885 0.4071078598499298 -0.8555518984794617 0.2624419033527374 0.44626811146736145 -0.8524454236030579 0.24787075817584991 0.4603227376937866 -0.5329034328460693 0.21531984210014343 0.8183222413063049 -0.5329045057296753 0.2153211236000061 0.8183212280273438 -0.07625667750835419 0.2478683739900589 0.965787947177887 -0.06214452162384987 0.2624412477016449 0.9629448056221008 -0.07832901179790497 0.6874746680259705 0.7219716906547546 -0.078328937292099 0.6874747276306152 0.7219716310501099 -0.19173367321491241 0.9301861524581909 0.3130369186401367 -0.20875729620456696 0.9301860332489014 0.3019509017467499 -0.6286175847053528 0.6874772310256958 0.36361393332481384 -0.6286231279373169 0.6874740719795227 0.363610178232193 -0.4474349319934845 0.5724766850471497 0.6870752573013306 -0.5017925500869751 0.26087963581085205 -0.8247097730636597 -0.5153383612632751 0.24634242057800293 -0.8208178281784058 -0.8435990214347839 0.2124289721250534 -0.49316805601119995 -0.8435994982719421 0.21242842078208923 -0.49316757917404175 -0.9680729508399963 0.24633954465389252 -0.04638587310910225 -0.964818000793457 0.2608814239501953 -0.032668400555849075 -0.7279090881347656 0.6834026575088501 -0.05575952306389809 -0.7279106378555298 0.6834009289741516 -0.0557609386742115 -0.32737621665000916 0.9276106357574463 -0.17989793419837952 -0.3173670172691345 0.9276106953620911 -0.1970195323228836 -0.4056882858276367 0.6834025382995605 -0.6069415807723999 -0.40568795800209045 0.6834022402763367 -0.6069420576095581 -0.7121424078941345 0.5652721524238586 -0.4163178503513336 0.8143259882926941 0.2630595862865448 -0.5173709988594055 0.8099958896636963 0.2484792172908783 -0.5311920046806335 0.45680028200149536 0.21638889610767365 -0.8628496527671814 0.4568006694316864 0.21638934314250946 -0.862849235534668 -0.01604602299630642 0.24847979843616486 -0.9685042500495911 -0.02990759164094925 0.26305702328681946 -0.9643166661262512 0.009358643554151058 0.688685953617096 -0.7249994277954102 0.009358222596347332 0.6886864900588989 -0.7249988913536072 0.16177383065223694 0.9309213161468506 -0.32743680477142334 0.17985308170318604 0.9309212565422058 -0.3178654909133911 0.5943308472633362 0.6886851787567139 -0.415311336517334 0.5943321585655212 0.6886845231056213 -0.41531074047088623 0.3829079568386078 0.5746798515319824 -0.7232735753059387 0.9609572291374207 -0.2738814353942871 -0.039371781051158905 0.9654456377029419 -0.2594313323497772 -0.02470400556921959 0.8362429141998291 -0.23443184792995453 0.49572136998176575 0.8362439870834351 -0.2344346046447754 0.4957180321216583 0.4416716992855072 -0.25943320989608765 0.8588483929634094 0.42665380239486694 -0.2738792896270752 0.8619494438171387 0.3451370298862457 -0.7027510404586792 0.6221104860305786 0.3451367914676666 -0.7027511596679688 0.6221104264259338 0.2905265688896179 -0.9388118982315063 0.18500420451164246 0.3017388880252838 -0.9388119578361511 0.16609008610248566 0.7114218473434448 -0.7027525305747986 0.004222774412482977 0.7114261388778687 -0.7027482986450195 0.004214808344841003 0.6867641806602478 -0.6021780371665955 0.40710771083831787 -0.062144722789525986 -0.2624412477016449 0.9629448056221008 -0.07625668495893478 -0.24786853790283203 0.9657878279685974 -0.5329033732414246 -0.21532021462917328 0.8183221817016602 -0.5329038500785828 -0.21531973779201508 0.8183220028877258 -0.8524454832077026 -0.24787095189094543 0.46032240986824036 -0.8555518984794617 -0.2624415457248688 0.44626834988594055 -0.6286190152168274 -0.6874778866767883 0.36361008882522583 -0.628620982170105 -0.687473475933075 0.36361515522003174 -0.20875714719295502 -0.930185854434967 0.3019516170024872 -0.19173437356948853 -0.930185854434967 0.31303703784942627 -0.07832895219326019 -0.6874747276306152 0.7219716906547546 -0.07832901179790497 -0.6874747276306152 0.7219716906547546 -0.44743412733078003 -0.5724770426750183 0.6870754957199097 -0.9648178815841675 -0.2608814537525177 -0.03266860917210579 -0.9680729508399963 -0.24633976817131042 -0.04638592526316643 -0.8435988426208496 -0.2124285250902176 -0.49316835403442383 -0.8435991406440735 -0.21242927014827728 -0.4931676983833313 -0.5153380632400513 -0.24634265899658203 -0.8208179473876953 -0.5017924904823303 -0.26087963581085205 -0.8247098326683044 -0.4056876599788666 -0.6834024786949158 -0.6069419980049133 -0.4056883156299591 -0.683401882648468 -0.6069422364234924 -0.31736764311790466 -0.9276105165481567 -0.19701945781707764 -0.3273763656616211 -0.927610456943512 -0.1798987239599228 -0.7279092669487 -0.683402419090271 -0.055760979652404785 -0.7279104590415955 -0.6834012866020203 -0.05575893074274063 -0.7121423482894897 -0.5652720332145691 -0.41631805896759033 0.8099955916404724 -0.24847941100597382 -0.5311923027038574 0.814325749874115 -0.2630600035190582 -0.5173711180686951 0.5943312644958496 -0.6886852979660034 -0.4153106212615967 0.594331681728363 -0.6886839270591736 -0.4153122305870056 0.17985251545906067 -0.9309211373329163 -0.31786632537841797 0.16177448630332947 -0.9309210777282715 -0.32743698358535767 0.00935816764831543 -0.6886860132217407 -0.7249993681907654 0.009357957169413567 -0.6886858940124512 -0.7249994277954102 -0.029908156022429466 -0.2630578279495239 -0.9643164277076721 -0.016046011820435524 -0.24847999215126038 -0.9685041308403015 0.4568001329898834 -0.2163899689912796 -0.8628493547439575 0.4568006694316864 -0.2163895219564438 -0.8628492951393127 0.3829082250595093 -0.5746790766716003 -0.7232740521430969 0.9212595224380493 0.2584863305091858 -0.2906298339366913 0.9207972288131714 0.26047205924987793 -0.2903216779232025 0.674380362033844 0.7071071863174438 -0.21262794733047485 0.6743723750114441 0.7071158289909363 -0.2126244455575943 0.24649831652641296 0.9660218954086304 -0.07771903276443481 0.24699491262435913 0.9658789038658142 -0.07791954278945923 -0.0742577314376831 0.9660215973854065 -0.2475644052028656 -0.07433751970529556 0.9659654498100281 -0.2477593570947647 -0.20321010053157806 0.7071064114570618 -0.6772785782814026 -0.20321069657802582 0.7071050405502319 -0.6772798299789429 -0.2776157557964325 0.25848767161369324 -0.9252640604972839 -0.27748289704322815 0.25926312804222107 -0.925087034702301 -0.2523585557937622 0.965965986251831 0.056789547204971313 -0.2521824240684509 0.9660152196884155 0.056733518838882446 -0.6898657083511353 0.7071056962013245 0.15519919991493225 -0.6898613572120667 0.7071102857589722 0.1551976501941681 -0.9422577023506165 0.2592591643333435 0.21197910606861115 -0.9424243569374084 0.25857093930244446 0.21207846701145172 0.050082977861166 0.9660158157348633 0.25358471274375916 0.050224851816892624 0.9658803939819336 0.2540722191333771 0.13712653517723083 0.7071084976196289 0.6936813592910767 0.13712477684020996 0.7071141600608826 0.6936759948730469 0.18733097612857819 0.25856706500053406 0.9476551413536072 0.18706916272640228 0.2604689300060272 0.9471859335899353 0.24648696184158325 -0.9660215973854065 -0.07775930315256119 0.24700389802455902 -0.9658799767494202 -0.077878437936306 0.6743806600570679 -0.7071071267127991 -0.21262706816196442 0.6743721961975098 -0.707115650177002 -0.21262536942958832 0.9213059544563293 -0.2584870755672455 -0.2904820740222931 0.9207519292831421 -0.2604673504829407 -0.2904697060585022 0.18716824054718018 -0.2585662007331848 0.947687566280365 0.18723158538341522 -0.26047417521476746 0.9471523761749268 0.1371258795261383 -0.7071085572242737 0.693681538105011 0.1371254324913025 -0.7071141600608826 0.6936758160591125 0.05012670159339905 -0.9660159349441528 0.25357571244239807 0.050182044506073 -0.9658788442611694 0.25408631563186646 -0.9422441124916077 -0.259260356426239 0.21203792095184326 -0.9424375891685486 -0.2585715651512146 0.21201956272125244 -0.6898658871650696 -0.7071056365966797 0.15519867837429047 -0.6898612976074219 -0.7071102857589722 0.15519821643829346 -0.25236380100250244 -0.9659655094146729 0.0567743256688118 -0.2521800398826599 -0.9660148620605469 0.0567493699491024 -0.2775425910949707 -0.25848761200904846 -0.925286054611206 -0.2775561511516571 -0.2592617869377136 -0.9250653982162476 -0.2032102644443512 -0.7071064114570618 -0.677278459072113 -0.20321053266525269 -0.7071047425270081 -0.6772801280021667 -0.07427743822336197 -0.9660213589668274 -0.24755918979644775 -0.07431783527135849 -0.9659655094146729 -0.24776475131511688 0.44361555576324463 0.0 0.8962171673774719 0.0 0.0 0.0 0.0 0.0 0.0 0.0 0.0 0.0 0.0 0.0 0.0 0.9991617202758789 0.0 -0.040937308222055435 -0.8866302967071533 0.0 0.46247902512550354 0.0 0.0 0.0 0.0 0.0 0.0 0.0 0.0 0.0 0.0 0.0 0.0 -0.06440193206071854 0.0 0.9979240894317627 -0.39521199464797974 -0.6495411992073059 -0.6495411992073059 0.0 -1.0 0.0 0.0 -1.0 0.0 0.0 1.0 0.0 -2.3247166609507985e-05 1.0 0.0 -0.998855471611023 0.03382088616490364 -0.03382088616490364 0.8440539836883545 0.0 -0.5362582802772522 0.0 0.0 0.0 0.0 0.0 0.0 0.0 0.0 0.0 0.0 0.0 0.0 -0.021925151348114014 -0.7069368362426758 -0.7069368362426758 0.953670084476471 0.0 -0.3008544147014618 0.953670084476471 0.0 -0.3008544147014618 0.0 1.0 0.0 0.0 1.0 0.0 0.19375722110271454 0.0 0.9810495376586914 0.19375722110271454 0.0 0.9810495376586914 -0.9529076814651489 -0.2144376039505005 0.2144376039505005 -0.9756024479866028 0.0 0.2195446938276291 -0.2074834257364273 -0.691719114780426 -0.691719114780426 -0.20723699033260345 -0.6926135420799255 -0.690897524356842 0.0 -1.0 0.0 0.0 -1.0 0.0</float_array><technique_common><accessor source="#mesh37-normals-array" count="188" stride="3"><param name="X" type="float" /><param name="Y" type="float" /><param name="Z" type="float" /></accessor></technique_common></source><vertices id="mesh37-vertices"><input semantic="POSITION" source="#mesh37-positions" /></vertices><triangles count="188" material="ivory"><input semantic="VERTEX" source="#mesh37-vertices" offset="0" /><input semantic="NORMAL" source="#mesh37-normals" offset="1" /><p>0 0 3 0 5 0 0 1 5 1 4 1 3 2 7 2 8 2 3 3 8 3 5 3 1 4 6 4 8 4 1 5 8 5 7 5 6 6 10 6 11 6 6 7 11 7 8 7 2 8 9 8 11 8 2 9 11 9 10 9 9 10 4 10 5 10 9 11 5 11 11 11 5 12 8 12 11 12 12 13 15 13 17 13 12 14 17 14 16 14 15 15 19 15 20 15 15 16 20 16 17 16 13 17 18 17 20 17 13 18 20 18 19 18 18 19 22 19 23 19 18 20 23 20 20 20 14 21 21 21 23 21 14 22 23 22 22 22 21 23 16 23 17 23 21 24 17 24 23 24 17 25 20 25 23 25 24 26 27 26 29 26 24 27 29 27 28 27 27 28 31 28 32 28 27 29 32 29 29 29 25 30 30 30 32 30 25 31 32 31 31 31 30 32 34 32 35 32 30 33 35 33 32 33 26 34 33 34 35 34 26 35 35 35 34 35 33 36 28 36 29 36 33 37 29 37 35 37 29 38 32 38 35 38 36 39 39 39 41 39 36 40 41 40 40 40 39 41 43 41 44 41 39 42 44 42 41 42 37 43 42 43 44 43 37 44 44 44 43 44 42 45 46 45 47 45 42 46 47 46 44 46 38 47 45 47 47 47 38 48 47 48 46 48 45 49 40 49 41 49 45 50 41 50 47 50 41 51 44 51 47 51 48 52 51 52 53 52 48 53 53 53 52 53 51 54 55 54 56 54 51 55 56 55 53 55 49 56 54 56 56 56 49 57 56 57 55 57 54 58 58 58 59 58 54 59 59 59 56 59 50 60 57 60 59 60 50 61 59 61 58 61 57 62 52 62 53 62 57 63 53 63 59 63 53 64 56 64 59 64 60 65 63 65 65 65 60 66 65 66 64 66 63 67 67 67 68 67 63 68 68 68 65 68 61 69 66 69 68 69 61 70 68 70 67 70 66 71 70 71 71 71 66 72 71 72 68 72 62 73 69 73 71 73 62 74 71 74 70 74 69 75 64 75 65 75 69 76 65 76 71 76 65 77 68 77 71 77 72 78 75 78 77 78 72 79 77 79 76 79 75 80 79 80 80 80 75 81 80 81 77 81 73 82 78 82 80 82 73 83 80 83 79 83 78 84 82 84 83 84 78 85 83 85 80 85 74 86 81 86 83 86 74 87 83 87 82 87 81 88 76 88 77 88 81 89 77 89 83 89 77 90 80 90 83 90 84 91 87 91 89 91 84 92 89 92 88 92 87 93 91 93 92 93 87 94 92 94 89 94 85 95 90 95 92 95 85 96 92 96 91 96 90 97 94 97 95 97 90 98 95 98 92 98 86 99 93 99 95 99 86 100 95 100 94 100 93 101 88 101 89 101 93 102 89 102 95 102 89 103 92 103 95 103 0 104 36 104 40 104 0 105 40 105 3 105 3 106 40 106 45 106 3 107 45 107 7 107 7 108 45 108 38 108 7 109 38 109 1 109 26 110 38 110 46 110 26 111 46 111 33 111 33 112 46 112 42 112 33 113 42 113 28 113 28 114 42 114 37 114 28 115 37 115 24 115 14 116 26 116 34 116 14 117 34 117 21 117 21 118 34 118 30 118 21 119 30 119 16 119 16 120 30 120 25 120 16 121 25 121 12 121 1 122 14 122 22 122 1 123 22 123 6 123 6 124 22 124 18 124 6 125 18 125 10 125 10 126 18 126 13 126 10 127 13 127 2 127 50 128 85 128 91 128 50 129 91 129 57 129 57 130 91 130 87 130 57 131 87 131 52 131 52 132 87 132 84 132 52 133 84 133 48 133 49 134 60 134 64 134 49 135 64 135 54 135 54 136 64 136 69 136 54 137 69 137 58 137 58 138 69 138 62 138 58 139 62 139 50 139 61 140 72 140 76 140 61 141 76 141 66 141 66 142 76 142 81 142 66 143 81 143 70 143 70 144 81 144 74 144 70 145 74 145 62 145 73 146 86 146 94 146 73 147 94 147 78 147 78 148 94 148 90 148 78 149 90 149 82 149 82 150 90 150 85 150 82 151 85 151 74 151 2 152 49 152 55 152 2 153 55 153 9 153 9 154 55 154 51 154 9 155 51 155 4 155 4 156 51 156 48 156 4 157 48 157 0 157 12 158 61 158 67 158 12 159 67 159 15 159 15 160 67 160 63 160 15 161 63 161 19 161 19 162 63 162 60 162 19 163 60 163 13 163 24 164 73 164 79 164 24 165 79 165 27 165 27 166 79 166 31 166 79 167 75 167 31 167 31 168 75 168 72 168 31 169 72 169 25 169 36 170 84 170 88 170 36 171 88 171 39 171 39 172 88 172 93 172 39 173 93 173 43 173 43 174 93 174 86 174 43 175 86 175 37 175 36 176 0 176 48 176 36 177 48 177 84 177 38 178 26 178 14 178 38 179 14 179 1 179 2 180 13 180 60 180 2 181 60 181 49 181 12 182 25 182 72 182 12 183 72 183 61 183 24 184 37 184 86 184 24 185 86 185 73 185 50 186 62 186 74 186 50 187 74 187 85 187</p></triangles></mesh></geometry><geometry id="mesh38"><mesh><source id="mesh38-positions"><float_array id="mesh38-array" count="144">-0.24500000476837158 -3.3153479601235073e-18 0.014930999837815762 -0.18000000715255737 -3.3153479601235073e-18 0.014930999837815762 -0.24500000476837158 0.0038644270971417427 0.014422237873077393 -0.18000000715255737 0.0038644270971417427 0.014422237873077393 -0.24500000476837158 0.007465499918907881 0.01293062511831522 -0.18000000715255737 0.007465499918907881 0.01293062511831522 -0.24500000476837158 0.01055781077593565 0.01055781077593565 -0.18000000715255737 0.01055781077593565 0.01055781077593565 -0.24500000476837158 0.01293062511831522 0.007465499918907881 -0.18000000715255737 0.01293062511831522 0.007465499918907881 -0.24500000476837158 0.014422237873077393 0.0038644270971417427 -0.18000000715255737 0.014422237873077393 0.0038644270971417427 -0.24500000476837158 0.014930999837815762 7.216449395365721e-18 -0.18000000715255737 0.014930999837815762 -7.216449395365721e-18 -0.24500000476837158 0.014422237873077393 -0.0038644270971417427 -0.18000000715255737 0.014422237873077393 -0.0038644270971417427 -0.24500000476837158 0.01293062511831522 -0.007465499918907881 -0.18000000715255737 0.01293062511831522 -0.007465499918907881 -0.24500000476837158 0.01055781077593565 -0.01055781077593565 -0.18000000715255737 0.01055781077593565 -0.01055781077593565 -0.24500000476837158 0.007465499918907881 -0.01293062511831522 -0.18000000715255737 0.007465499918907881 -0.01293062511831522 -0.24500000476837158 0.0038644270971417427 -0.014422237873077393 -0.18000000715255737 0.0038644270971417427 -0.014422237873077393 -0.24500000476837158 3.3153479601235073e-18 -0.014930999837815762 -0.18000000715255737 3.3153479601235073e-18 -0.014930999837815762 -0.24500000476837158 -0.0038644270971417427 -0.014422237873077393 -0.18000000715255737 -0.0038644270971417427 -0.014422237873077393 -0.24500000476837158 -0.007465499918907881 -0.01293062511831522 -0.18000000715255737 -0.007465499918907881 -0.01293062511831522 -0.24500000476837158 -0.01055781077593565 -0.01055781077593565 -0.18000000715255737 -0.01055781077593565 -0.01055781077593565 -0.24500000476837158 -0.01293062511831522 -0.007465499918907881 -0.18000000715255737 -0.01293062511831522 -0.007465499918907881 -0.24500000476837158 -0.014422237873077393 -0.0038644270971417427 -0.18000000715255737 -0.014422237873077393 -0.0038644270971417427 -0.24500000476837158 -0.014930999837815762 7.216449395365721e-18 -0.18000000715255737 -0.014930999837815762 -7.216449395365721e-18 -0.24500000476837158 -0.014422237873077393 0.0038644270971417427 -0.18000000715255737 -0.014422237873077393 0.0038644270971417427 -0.24500000476837158 -0.01293062511831522 0.007465499918907881 -0.18000000715255737 -0.01293062511831522 0.007465499918907881 -0.24500000476837158 -0.01055781077593565 0.01055781077593565 -0.18000000715255737 -0.01055781077593565 0.01055781077593565 -0.24500000476837158 -0.007465499918907881 0.01293062511831522 -0.18000000715255737 -0.007465499918907881 0.01293062511831522 -0.24500000476837158 -0.0038644270971417427 0.014422237873077393 -0.18000000715255737 -0.0038644270971417427 0.014422237873077393</float_array><technique_common><accessor source="#mesh38-array" count="48" stride="3"><param name="X" type="float" /><param name="Y" type="float" /><param name="Z" type="float" /></accessor></technique_common></source><source id="mesh38-normals"><float_array id="mesh38-normals-array" count="276">2.2014497472213593e-16 0.1305263191461563 0.9914448261260986 2.2014497472213593e-16 0.1305263191461563 0.9914448261260986 2.0514247274415557e-16 0.38268333673477173 0.9238795638084412 2.0514247274415557e-16 0.38268333673477173 0.9238795638084412 1.761598110857512e-16 0.6087615489959717 0.793353259563446 1.761598110857512e-16 0.6087615489959717 0.793353259563446 1.3517221764036062e-16 0.793353259563446 0.6087615489959717 1.3517221764036062e-16 0.793353259563446 0.6087615489959717 8.497277031666511e-17 0.9238795638084412 0.38268333673477173 8.497277031666511e-17 0.9238795638084412 0.38268333673477173 2.898266496712683e-17 0.9914448261260986 0.1305263191461563 2.898266496712683e-17 0.9914448261260986 0.1305263191461563 -2.898266496712683e-17 0.9914448261260986 -0.1305263191461563 -2.898266496712683e-17 0.9914448261260986 -0.1305263191461563 -8.497277031666511e-17 0.9238795638084412 -0.38268333673477173 -8.497277031666511e-17 0.9238795638084412 -0.38268333673477173 -1.3517221764036062e-16 0.793353259563446 -0.6087615489959717 -1.3517221764036062e-16 0.793353259563446 -0.6087615489959717 -1.761598110857512e-16 0.6087615489959717 -0.793353259563446 -1.761598110857512e-16 0.6087615489959717 -0.793353259563446 -2.0514247274415557e-16 0.38268333673477173 -0.9238795638084412 -2.0514247274415557e-16 0.38268333673477173 -0.9238795638084412 -2.2014497472213593e-16 0.1305263191461563 -0.9914448261260986 -2.2014497472213593e-16 0.1305263191461563 -0.9914448261260986 -2.2014497472213593e-16 -0.1305263191461563 -0.9914448261260986 -2.2014497472213593e-16 -0.1305263191461563 -0.9914448261260986 -2.0514247274415557e-16 -0.38268333673477173 -0.9238795638084412 -2.0514247274415557e-16 -0.38268333673477173 -0.9238795638084412 -1.761598110857512e-16 -0.6087615489959717 -0.793353259563446 -1.761598110857512e-16 -0.6087615489959717 -0.793353259563446 -1.3517221764036062e-16 -0.793353259563446 -0.6087615489959717 -1.3517221764036062e-16 -0.793353259563446 -0.6087615489959717 -8.497277031666511e-17 -0.9238795638084412 -0.38268333673477173 -8.497277031666511e-17 -0.9238795638084412 -0.38268333673477173 -2.898266496712683e-17 -0.9914448261260986 -0.1305263191461563 -2.898266496712683e-17 -0.9914448261260986 -0.1305263191461563 2.898266496712683e-17 -0.9914448261260986 0.1305263191461563 2.898266496712683e-17 -0.9914448261260986 0.1305263191461563 8.497277031666511e-17 -0.9238795638084412 0.38268333673477173 8.497277031666511e-17 -0.9238795638084412 0.38268333673477173 1.3517221764036062e-16 -0.793353259563446 0.6087615489959717 1.3517221764036062e-16 -0.793353259563446 0.6087615489959717 1.761598110857512e-16 -0.6087615489959717 0.793353259563446 1.761598110857512e-16 -0.6087615489959717 0.793353259563446 1.0 2.220446049250313e-16 4.930380657631324e-32 1.0 2.220446049250313e-16 4.930380657631324e-32 1.0 2.220446049250313e-16 4.930380657631324e-32 1.0 2.220446049250313e-16 4.930380657631324e-32 1.0 2.220446049250313e-16 4.930380657631324e-32 1.0 2.220446049250313e-16 4.930380657631324e-32 1.0 2.220446049250313e-16 4.930380657631324e-32 1.0 2.220446049250313e-16 4.930380657631324e-32 1.0 2.220446049250313e-16 4.930380657631324e-32 1.0 2.220446049250313e-16 4.930380657631324e-32 1.0 2.220446049250313e-16 4.930380657631324e-32 1.0 2.220446049250313e-16 4.930380657631324e-32 1.0 2.220446049250313e-16 4.930380657631324e-32 1.0 2.220446049250313e-16 4.930380657631324e-32 1.0 2.220446049250313e-16 4.930380657631324e-32 1.0 2.220446049250313e-16 4.930380657631324e-32 1.0 2.220446049250313e-16 4.930380657631324e-32 1.0 2.220446049250313e-16 4.930380657631324e-32 1.0 2.220446049250313e-16 4.930380657631324e-32 1.0 2.220446049250313e-16 4.930380657631324e-32 1.0 2.220446049250313e-16 4.930380657631324e-32 1.0 2.220446049250313e-16 4.930380657631324e-32 2.0514247274415557e-16 -0.38268333673477173 0.9238795638084412 2.0514247274415557e-16 -0.38268333673477173 0.9238795638084412 2.2014497472213593e-16 -0.1305263191461563 0.9914448261260986 2.2014497472213593e-16 -0.1305263191461563 0.9914448261260986 -1.0 -2.220446049250313e-16 -4.930380657631324e-32 -1.0 -2.220446049250313e-16 -4.930380657631324e-32 -1.0 -2.220446049250313e-16 -4.930380657631324e-32 -1.0 -2.220446049250313e-16 -4.930380657631324e-32 -1.0 -2.220446049250313e-16 -4.930380657631324e-32 -1.0 -2.220446049250313e-16 -4.930380657631324e-32 -1.0 -2.220446049250313e-16 -4.930380657631324e-32 -1.0 -2.220446049250313e-16 -4.930380657631324e-32 -1.0 -2.220446049250313e-16 -4.930380657631324e-32 -1.0 -2.220446049250313e-16 -4.930380657631324e-32 -1.0 -2.220446049250313e-16 -4.930380657631324e-32 -1.0 -2.220446049250313e-16 -4.930380657631324e-32 -1.0 -2.220446049250313e-16 -4.930380657631324e-32 -1.0 -2.220446049250313e-16 -4.930380657631324e-32 -1.0 -2.220446049250313e-16 -4.930380657631324e-32 -1.0 -2.220446049250313e-16 -4.930380657631324e-32 -1.0 -2.220446049250313e-16 -4.930380657631324e-32 -1.0 -2.220446049250313e-16 -4.930380657631324e-32 -1.0 -2.220446049250313e-16 -4.930380657631324e-32 -1.0 -2.220446049250313e-16 -4.930380657631324e-32 -1.0 -2.220446049250313e-16 -4.930380657631324e-32 -1.0 -2.220446049250313e-16 -4.930380657631324e-32</float_array><technique_common><accessor source="#mesh38-normals-array" count="92" stride="3"><param name="X" type="float" /><param name="Y" type="float" /><param name="Z" type="float" /></accessor></technique_common></source><vertices id="mesh38-vertices"><input semantic="POSITION" source="#mesh38-positions" /></vertices><triangles count="92" material="graphite"><input semantic="VERTEX" source="#mesh38-vertices" offset="0" /><input semantic="NORMAL" source="#mesh38-normals" offset="1" /><p>0 0 1 0 3 0 0 1 3 1 2 1 2 2 3 2 5 2 2 3 5 3 4 3 4 4 5 4 7 4 4 5 7 5 6 5 6 6 7 6 9 6 6 7 9 7 8 7 8 8 9 8 11 8 8 9 11 9 10 9 10 10 11 10 13 10 10 11 13 11 12 11 12 12 13 12 15 12 12 13 15 13 14 13 14 14 15 14 17 14 14 15 17 15 16 15 16 16 17 16 19 16 16 17 19 17 18 17 18 18 19 18 21 18 18 19 21 19 20 19 20 20 21 20 23 20 20 21 23 21 22 21 22 22 23 22 25 22 22 23 25 23 24 23 24 24 25 24 27 24 24 25 27 25 26 25 26 26 27 26 29 26 26 27 29 27 28 27 28 28 29 28 31 28 28 29 31 29 30 29 30 30 31 30 33 30 30 31 33 31 32 31 32 32 33 32 35 32 32 33 35 33 34 33 34 34 35 34 37 34 34 35 37 35 36 35 36 36 37 36 39 36 36 37 39 37 38 37 38 38 39 38 41 38 38 39 41 39 40 39 40 40 41 40 43 40 40 41 43 41 42 41 42 42 43 42 45 42 42 43 45 43 44 43 5 44 3 44 1 44 1 45 47 45 45 45 45 46 43 46 41 46 41 47 39 47 37 47 37 48 35 48 33 48 33 49 31 49 29 49 29 50 27 50 25 50 25 51 23 51 21 51 21 52 19 52 17 52 17 53 15 53 13 53 13 54 11 54 9 54 9 55 7 55 5 55 5 56 1 56 45 56 45 57 41 57 37 57 37 58 33 58 29 58 29 59 25 59 21 59 21 60 17 60 13 60 13 61 9 61 5 61 5 62 45 62 37 62 37 63 29 63 21 63 21 64 13 64 5 64 37 65 21 65 5 65 44 66 45 66 47 66 44 67 47 67 46 67 46 68 47 68 1 68 46 69 1 69 0 69 46 70 0 70 2 70 2 71 4 71 6 71 6 72 8 72 10 72 10 73 12 73 14 73 14 74 16 74 18 74 18 75 20 75 22 75 22 76 24 76 26 76 26 77 28 77 30 77 30 78 32 78 34 78 34 79 36 79 38 79 38 80 40 80 42 80 42 81 44 81 46 81 46 82 2 82 6 82 6 83 10 83 14 83 14 84 18 84 22 84 22 85 26 85 30 85 30 86 34 86 38 86 38 87 42 87 46 87 46 88 6 88 14 88 14 89 22 89 30 89 30 90 38 90 46 90 14 91 30 91 46 91</p></triangles></mesh></geometry><geometry id="mesh39"><mesh><source id="mesh39-positions"><float_array id="mesh39-array" count="144">-0.23399999737739563 -0.025596000254154205 0.004999999888241291 -0.1860000193119049 -0.025596000254154205 0.004999999888241291 -0.23399999737739563 -0.024301905184984207 0.004829628858715296 -0.1860000193119049 -0.024301905184984207 0.004829628858715296 -0.23399999737739563 -0.023096000775694847 0.0043301270343363285 -0.1860000193119049 -0.023096000775694847 0.0043301270343363285 -0.23399999737739563 -0.022060466930270195 0.0035355337895452976 -0.1860000193119049 -0.022060466930270195 0.0035355337895452976 -0.23399999737739563 -0.021265873685479164 0.0024999999441206455 -0.1860000193119049 -0.021265873685479164 0.0024999999441206455 -0.23399999737739563 -0.020766371861100197 0.00129409518558532 -0.1860000193119049 -0.020766371861100197 0.00129409518558532 -0.23399999737739563 -0.02059600129723549 5.329069737342253e-18 -0.1860000193119049 -0.02059600129723549 -5.329069737342253e-18 -0.23399999737739563 -0.020766371861100197 -0.00129409518558532 -0.1860000193119049 -0.020766371861100197 -0.00129409518558532 -0.23399999737739563 -0.021265873685479164 -0.0024999999441206455 -0.1860000193119049 -0.021265873685479164 -0.0024999999441206455 -0.23399999737739563 -0.022060466930270195 -0.0035355337895452976 -0.1860000193119049 -0.022060466930270195 -0.0035355337895452976 -0.23399999737739563 -0.023096000775694847 -0.0043301270343363285 -0.1860000193119049 -0.023096000775694847 -0.0043301270343363285 -0.23399999737739563 -0.024301905184984207 -0.004829628858715296 -0.1860000193119049 -0.024301905184984207 -0.004829628858715296 -0.23399999737739563 -0.025596000254154205 -0.004999999888241291 -0.1860000193119049 -0.025596000254154205 -0.004999999888241291 -0.23399999737739563 -0.026890095323324203 -0.004829628858715296 -0.1860000193119049 -0.026890095323324203 -0.004829628858715296 -0.23399999737739563 -0.028095999732613564 -0.0043301270343363285 -0.1860000193119049 -0.028095999732613564 -0.0043301270343363285 -0.23399999737739563 -0.029131533578038216 -0.0035355337895452976 -0.1860000193119049 -0.029131533578038216 -0.0035355337895452976 -0.23399999737739563 -0.029926126822829247 -0.0024999999441206455 -0.1860000193119049 -0.029926126822829247 -0.0024999999441206455 -0.23399999737739563 -0.030425628647208214 -0.00129409518558532 -0.1860000193119049 -0.030425628647208214 -0.00129409518558532 -0.23399999737739563 -0.030595999211072922 5.329069737342253e-18 -0.1860000193119049 -0.030595999211072922 -5.329069737342253e-18 -0.23399999737739563 -0.030425628647208214 0.00129409518558532 -0.1860000193119049 -0.030425628647208214 0.00129409518558532 -0.23399999737739563 -0.029926126822829247 0.0024999999441206455 -0.1860000193119049 -0.029926126822829247 0.0024999999441206455 -0.23399999737739563 -0.029131533578038216 0.0035355337895452976 -0.1860000193119049 -0.029131533578038216 0.0035355337895452976 -0.23399999737739563 -0.028095999732613564 0.0043301270343363285 -0.1860000193119049 -0.028095999732613564 0.0043301270343363285 -0.23399999737739563 -0.026890095323324203 0.004829628858715296 -0.1860000193119049 -0.026890095323324203 0.004829628858715296</float_array><technique_common><accessor source="#mesh39-array" count="48" stride="3"><param name="X" type="float" /><param name="Y" type="float" /><param name="Z" type="float" /></accessor></technique_common></source><source id="mesh39-normals"><float_array id="mesh39-normals-array" count="276">2.2014498795702573e-16 0.1305263191461563 0.9914448857307434 2.2014498795702573e-16 0.1305263191461563 0.9914448857307434 2.0514249921393517e-16 0.38268330693244934 0.9238796830177307 2.0514249921393517e-16 0.38268330693244934 0.9238796830177307 1.761598110857512e-16 0.6087615489959717 0.793353259563446 1.761598110857512e-16 0.6087615489959717 0.793353259563446 1.3517221764036062e-16 0.793353259563446 0.6087615489959717 1.3517221764036062e-16 0.793353259563446 0.6087615489959717 8.497276369922021e-17 0.9238796830177307 0.38268330693244934 8.497276369922021e-17 0.9238796830177307 0.38268330693244934 2.898266496712683e-17 0.9914448857307434 0.1305263191461563 2.898266496712683e-17 0.9914448857307434 0.1305263191461563 -2.898266496712683e-17 0.9914448857307434 -0.1305263191461563 -2.898266496712683e-17 0.9914448857307434 -0.1305263191461563 -8.497276369922021e-17 0.9238796830177307 -0.38268330693244934 -8.497276369922021e-17 0.9238796830177307 -0.38268330693244934 -1.3517221764036062e-16 0.793353259563446 -0.6087615489959717 -1.3517221764036062e-16 0.793353259563446 -0.6087615489959717 -1.761598110857512e-16 0.6087615489959717 -0.793353259563446 -1.761598110857512e-16 0.6087615489959717 -0.793353259563446 -2.0514249921393517e-16 0.38268330693244934 -0.9238796830177307 -2.0514249921393517e-16 0.38268330693244934 -0.9238796830177307 -2.2014498795702573e-16 0.1305263191461563 -0.9914448857307434 -2.2014498795702573e-16 0.1305263191461563 -0.9914448857307434 -2.2014498795702573e-16 -0.1305263191461563 -0.9914448857307434 -2.2014498795702573e-16 -0.1305263191461563 -0.9914448857307434 -2.0514249921393517e-16 -0.38268330693244934 -0.9238796830177307 -2.0514249921393517e-16 -0.38268330693244934 -0.9238796830177307 -1.761598110857512e-16 -0.6087615489959717 -0.793353259563446 -1.761598110857512e-16 -0.6087615489959717 -0.793353259563446 -1.3517221764036062e-16 -0.793353259563446 -0.6087615489959717 -1.3517221764036062e-16 -0.793353259563446 -0.6087615489959717 -8.497276369922021e-17 -0.9238796830177307 -0.38268330693244934 -8.497276369922021e-17 -0.9238796830177307 -0.38268330693244934 -2.898266496712683e-17 -0.9914448857307434 -0.1305263191461563 -2.898266496712683e-17 -0.9914448857307434 -0.1305263191461563 2.898266496712683e-17 -0.9914448857307434 0.1305263191461563 2.898266496712683e-17 -0.9914448857307434 0.1305263191461563 8.497276369922021e-17 -0.9238796830177307 0.38268330693244934 8.497276369922021e-17 -0.9238796830177307 0.38268330693244934 1.3517221764036062e-16 -0.793353259563446 0.6087615489959717 1.3517221764036062e-16 -0.793353259563446 0.6087615489959717 1.761598110857512e-16 -0.6087615489959717 0.793353259563446 1.761598110857512e-16 -0.6087615489959717 0.793353259563446 1.0 2.220446049250313e-16 4.930380657631324e-32 1.0 2.220446049250313e-16 4.930380657631324e-32 1.0 2.220446049250313e-16 4.930380657631324e-32 1.0 2.220446049250313e-16 4.930380657631324e-32 1.0 2.220446049250313e-16 4.930380657631324e-32 1.0 2.220446049250313e-16 4.930380657631324e-32 1.0 2.220446049250313e-16 4.930380657631324e-32 1.0 2.220446049250313e-16 4.930380657631324e-32 1.0 2.220446049250313e-16 4.930380657631324e-32 1.0 2.220446049250313e-16 4.930380657631324e-32 1.0 2.220446049250313e-16 4.930380657631324e-32 1.0 2.220446049250313e-16 4.930380657631324e-32 1.0 2.220446049250313e-16 4.930380657631324e-32 1.0 2.220446049250313e-16 4.930380657631324e-32 1.0 2.220446049250313e-16 4.930380657631324e-32 1.0 2.220446049250313e-16 4.930380657631324e-32 1.0 2.220446049250313e-16 4.930380657631324e-32 1.0 2.220446049250313e-16 4.930380657631324e-32 1.0 2.220446049250313e-16 4.930380657631324e-32 1.0 2.220446049250313e-16 4.930380657631324e-32 1.0 2.220446049250313e-16 4.930380657631324e-32 1.0 2.220446049250313e-16 4.930380657631324e-32 2.0514249921393517e-16 -0.38268330693244934 0.9238796830177307 2.0514249921393517e-16 -0.38268330693244934 0.9238796830177307 2.2014498795702573e-16 -0.1305263191461563 0.9914448857307434 2.2014498795702573e-16 -0.1305263191461563 0.9914448857307434 -1.0 -2.220446049250313e-16 -4.930380657631324e-32 -1.0 -2.220446049250313e-16 -4.930380657631324e-32 -1.0 -2.220446049250313e-16 -4.930380657631324e-32 -1.0 -2.220446049250313e-16 -4.930380657631324e-32 -1.0 -2.220446049250313e-16 -4.930380657631324e-32 -1.0 -2.220446049250313e-16 -4.930380657631324e-32 -1.0 -2.220446049250313e-16 -4.930380657631324e-32 -1.0 -2.220446049250313e-16 -4.930380657631324e-32 -1.0 -2.220446049250313e-16 -4.930380657631324e-32 -1.0 -2.220446049250313e-16 -4.930380657631324e-32 -1.0 -2.220446049250313e-16 -4.930380657631324e-32 -1.0 -2.220446049250313e-16 -4.930380657631324e-32 -1.0 -2.220446049250313e-16 -4.930380657631324e-32 -1.0 -2.220446049250313e-16 -4.930380657631324e-32 -1.0 -2.220446049250313e-16 -4.930380657631324e-32 -1.0 -2.220446049250313e-16 -4.930380657631324e-32 -1.0 -2.220446049250313e-16 -4.930380657631324e-32 -1.0 -2.220446049250313e-16 -4.930380657631324e-32 -1.0 -2.220446049250313e-16 -4.930380657631324e-32 -1.0 -2.220446049250313e-16 -4.930380657631324e-32 -1.0 -2.220446049250313e-16 -4.930380657631324e-32 -1.0 -2.220446049250313e-16 -4.930380657631324e-32</float_array><technique_common><accessor source="#mesh39-normals-array" count="92" stride="3"><param name="X" type="float" /><param name="Y" type="float" /><param name="Z" type="float" /></accessor></technique_common></source><vertices id="mesh39-vertices"><input semantic="POSITION" source="#mesh39-positions" /></vertices><triangles count="92" material="copper"><input semantic="VERTEX" source="#mesh39-vertices" offset="0" /><input semantic="NORMAL" source="#mesh39-normals" offset="1" /><p>0 0 1 0 3 0 0 1 3 1 2 1 2 2 3 2 5 2 2 3 5 3 4 3 4 4 5 4 7 4 4 5 7 5 6 5 6 6 7 6 9 6 6 7 9 7 8 7 8 8 9 8 11 8 8 9 11 9 10 9 10 10 11 10 13 10 10 11 13 11 12 11 12 12 13 12 15 12 12 13 15 13 14 13 14 14 15 14 17 14 14 15 17 15 16 15 16 16 17 16 19 16 16 17 19 17 18 17 18 18 19 18 21 18 18 19 21 19 20 19 20 20 21 20 23 20 20 21 23 21 22 21 22 22 23 22 25 22 22 23 25 23 24 23 24 24 25 24 27 24 24 25 27 25 26 25 26 26 27 26 29 26 26 27 29 27 28 27 28 28 29 28 31 28 28 29 31 29 30 29 30 30 31 30 33 30 30 31 33 31 32 31 32 32 33 32 35 32 32 33 35 33 34 33 34 34 35 34 37 34 34 35 37 35 36 35 36 36 37 36 39 36 36 37 39 37 38 37 38 38 39 38 41 38 38 39 41 39 40 39 40 40 41 40 43 40 40 41 43 41 42 41 42 42 43 42 45 42 42 43 45 43 44 43 5 44 3 44 1 44 1 45 47 45 45 45 45 46 43 46 41 46 41 47 39 47 37 47 37 48 35 48 33 48 33 49 31 49 29 49 29 50 27 50 25 50 25 51 23 51 21 51 21 52 19 52 17 52 17 53 15 53 13 53 13 54 11 54 9 54 9 55 7 55 5 55 5 56 1 56 45 56 45 57 41 57 37 57 37 58 33 58 29 58 29 59 25 59 21 59 21 60 17 60 13 60 13 61 9 61 5 61 5 62 45 62 37 62 37 63 29 63 21 63 21 64 13 64 5 64 37 65 21 65 5 65 44 66 45 66 47 66 44 67 47 67 46 67 46 68 47 68 1 68 46 69 1 69 0 69 46 70 0 70 2 70 2 71 4 71 6 71 6 72 8 72 10 72 10 73 12 73 14 73 14 74 16 74 18 74 18 75 20 75 22 75 22 76 24 76 26 76 26 77 28 77 30 77 30 78 32 78 34 78 34 79 36 79 38 79 38 80 40 80 42 80 42 81 44 81 46 81 46 82 2 82 6 82 6 83 10 83 14 83 14 84 18 84 22 84 22 85 26 85 30 85 30 86 34 86 38 86 38 87 42 87 46 87 46 88 6 88 14 88 14 89 22 89 30 89 30 90 38 90 46 90 14 91 30 91 46 91</p></triangles></mesh></geometry><geometry id="mesh40"><mesh><source id="mesh40-positions"><float_array id="mesh40-array" count="144">-0.23399999737739563 0.025596000254154205 0.004999999888241291 -0.1860000193119049 0.025596000254154205 0.004999999888241291 -0.23399999737739563 0.026890095323324203 0.004829628858715296 -0.1860000193119049 0.026890095323324203 0.004829628858715296 -0.23399999737739563 0.028095999732613564 0.0043301270343363285 -0.1860000193119049 0.028095999732613564 0.0043301270343363285 -0.23399999737739563 0.029131533578038216 0.0035355337895452976 -0.1860000193119049 0.029131533578038216 0.0035355337895452976 -0.23399999737739563 0.029926126822829247 0.0024999999441206455 -0.1860000193119049 0.029926126822829247 0.0024999999441206455 -0.23399999737739563 0.030425628647208214 0.00129409518558532 -0.1860000193119049 0.030425628647208214 0.00129409518558532 -0.23399999737739563 0.030595999211072922 5.329069737342253e-18 -0.1860000193119049 0.030595999211072922 -5.329069737342253e-18 -0.23399999737739563 0.030425628647208214 -0.00129409518558532 -0.1860000193119049 0.030425628647208214 -0.00129409518558532 -0.23399999737739563 0.029926126822829247 -0.0024999999441206455 -0.1860000193119049 0.029926126822829247 -0.0024999999441206455 -0.23399999737739563 0.029131533578038216 -0.0035355337895452976 -0.1860000193119049 0.029131533578038216 -0.0035355337895452976 -0.23399999737739563 0.028095999732613564 -0.0043301270343363285 -0.1860000193119049 0.028095999732613564 -0.0043301270343363285 -0.23399999737739563 0.026890095323324203 -0.004829628858715296 -0.1860000193119049 0.026890095323324203 -0.004829628858715296 -0.23399999737739563 0.025596000254154205 -0.004999999888241291 -0.1860000193119049 0.025596000254154205 -0.004999999888241291 -0.23399999737739563 0.024301905184984207 -0.004829628858715296 -0.1860000193119049 0.024301905184984207 -0.004829628858715296 -0.23399999737739563 0.023096000775694847 -0.0043301270343363285 -0.1860000193119049 0.023096000775694847 -0.0043301270343363285 -0.23399999737739563 0.022060466930270195 -0.0035355337895452976 -0.1860000193119049 0.022060466930270195 -0.0035355337895452976 -0.23399999737739563 0.021265873685479164 -0.0024999999441206455 -0.1860000193119049 0.021265873685479164 -0.0024999999441206455 -0.23399999737739563 0.020766371861100197 -0.00129409518558532 -0.1860000193119049 0.020766371861100197 -0.00129409518558532 -0.23399999737739563 0.02059600129723549 5.329069737342253e-18 -0.1860000193119049 0.02059600129723549 -5.329069737342253e-18 -0.23399999737739563 0.020766371861100197 0.00129409518558532 -0.1860000193119049 0.020766371861100197 0.00129409518558532 -0.23399999737739563 0.021265873685479164 0.0024999999441206455 -0.1860000193119049 0.021265873685479164 0.0024999999441206455 -0.23399999737739563 0.022060466930270195 0.0035355337895452976 -0.1860000193119049 0.022060466930270195 0.0035355337895452976 -0.23399999737739563 0.023096000775694847 0.0043301270343363285 -0.1860000193119049 0.023096000775694847 0.0043301270343363285 -0.23399999737739563 0.024301905184984207 0.004829628858715296 -0.1860000193119049 0.024301905184984207 0.004829628858715296</float_array><technique_common><accessor source="#mesh40-array" count="48" stride="3"><param name="X" type="float" /><param name="Y" type="float" /><param name="Z" type="float" /></accessor></technique_common></source><source id="mesh40-normals"><float_array id="mesh40-normals-array" count="276">2.2014498795702573e-16 0.1305263191461563 0.9914448857307434 2.2014498795702573e-16 0.1305263191461563 0.9914448857307434 2.0514249921393517e-16 0.38268330693244934 0.9238796830177307 2.0514249921393517e-16 0.38268330693244934 0.9238796830177307 1.761598110857512e-16 0.6087615489959717 0.793353259563446 1.761598110857512e-16 0.6087615489959717 0.793353259563446 1.3517221764036062e-16 0.793353259563446 0.6087615489959717 1.3517221764036062e-16 0.793353259563446 0.6087615489959717 8.497276369922021e-17 0.9238796830177307 0.38268330693244934 8.497276369922021e-17 0.9238796830177307 0.38268330693244934 2.898266496712683e-17 0.9914448857307434 0.1305263191461563 2.898266496712683e-17 0.9914448857307434 0.1305263191461563 -2.898266496712683e-17 0.9914448857307434 -0.1305263191461563 -2.898266496712683e-17 0.9914448857307434 -0.1305263191461563 -8.497276369922021e-17 0.9238796830177307 -0.38268330693244934 -8.497276369922021e-17 0.9238796830177307 -0.38268330693244934 -1.3517221764036062e-16 0.793353259563446 -0.6087615489959717 -1.3517221764036062e-16 0.793353259563446 -0.6087615489959717 -1.761598110857512e-16 0.6087615489959717 -0.793353259563446 -1.761598110857512e-16 0.6087615489959717 -0.793353259563446 -2.0514249921393517e-16 0.38268330693244934 -0.9238796830177307 -2.0514249921393517e-16 0.38268330693244934 -0.9238796830177307 -2.2014498795702573e-16 0.1305263191461563 -0.9914448857307434 -2.2014498795702573e-16 0.1305263191461563 -0.9914448857307434 -2.2014498795702573e-16 -0.1305263191461563 -0.9914448857307434 -2.2014498795702573e-16 -0.1305263191461563 -0.9914448857307434 -2.0514249921393517e-16 -0.38268330693244934 -0.9238796830177307 -2.0514249921393517e-16 -0.38268330693244934 -0.9238796830177307 -1.761598110857512e-16 -0.6087615489959717 -0.793353259563446 -1.761598110857512e-16 -0.6087615489959717 -0.793353259563446 -1.3517221764036062e-16 -0.793353259563446 -0.6087615489959717 -1.3517221764036062e-16 -0.793353259563446 -0.6087615489959717 -8.497276369922021e-17 -0.9238796830177307 -0.38268330693244934 -8.497276369922021e-17 -0.9238796830177307 -0.38268330693244934 -2.898266496712683e-17 -0.9914448857307434 -0.1305263191461563 -2.898266496712683e-17 -0.9914448857307434 -0.1305263191461563 2.898266496712683e-17 -0.9914448857307434 0.1305263191461563 2.898266496712683e-17 -0.9914448857307434 0.1305263191461563 8.497276369922021e-17 -0.9238796830177307 0.38268330693244934 8.497276369922021e-17 -0.9238796830177307 0.38268330693244934 1.3517221764036062e-16 -0.793353259563446 0.6087615489959717 1.3517221764036062e-16 -0.793353259563446 0.6087615489959717 1.761598110857512e-16 -0.6087615489959717 0.793353259563446 1.761598110857512e-16 -0.6087615489959717 0.793353259563446 1.0 2.220446049250313e-16 4.930380657631324e-32 1.0 2.220446049250313e-16 4.930380657631324e-32 1.0 2.220446049250313e-16 4.930380657631324e-32 1.0 2.220446049250313e-16 4.930380657631324e-32 1.0 2.220446049250313e-16 4.930380657631324e-32 1.0 2.220446049250313e-16 4.930380657631324e-32 1.0 2.220446049250313e-16 4.930380657631324e-32 1.0 2.220446049250313e-16 4.930380657631324e-32 1.0 2.220446049250313e-16 4.930380657631324e-32 1.0 2.220446049250313e-16 4.930380657631324e-32 1.0 2.220446049250313e-16 4.930380657631324e-32 1.0 2.220446049250313e-16 4.930380657631324e-32 1.0 2.220446049250313e-16 4.930380657631324e-32 1.0 2.220446049250313e-16 4.930380657631324e-32 1.0 2.220446049250313e-16 4.930380657631324e-32 1.0 2.220446049250313e-16 4.930380657631324e-32 1.0 2.220446049250313e-16 4.930380657631324e-32 1.0 2.220446049250313e-16 4.930380657631324e-32 1.0 2.220446049250313e-16 4.930380657631324e-32 1.0 2.220446049250313e-16 4.930380657631324e-32 1.0 2.220446049250313e-16 4.930380657631324e-32 1.0 2.220446049250313e-16 4.930380657631324e-32 2.0514249921393517e-16 -0.38268330693244934 0.9238796830177307 2.0514249921393517e-16 -0.38268330693244934 0.9238796830177307 2.2014498795702573e-16 -0.1305263191461563 0.9914448857307434 2.2014498795702573e-16 -0.1305263191461563 0.9914448857307434 -1.0 -2.220446049250313e-16 -4.930380657631324e-32 -1.0 -2.220446049250313e-16 -4.930380657631324e-32 -1.0 -2.220446049250313e-16 -4.930380657631324e-32 -1.0 -2.220446049250313e-16 -4.930380657631324e-32 -1.0 -2.220446049250313e-16 -4.930380657631324e-32 -1.0 -2.220446049250313e-16 -4.930380657631324e-32 -1.0 -2.220446049250313e-16 -4.930380657631324e-32 -1.0 -2.220446049250313e-16 -4.930380657631324e-32 -1.0 -2.220446049250313e-16 -4.930380657631324e-32 -1.0 -2.220446049250313e-16 -4.930380657631324e-32 -1.0 -2.220446049250313e-16 -4.930380657631324e-32 -1.0 -2.220446049250313e-16 -4.930380657631324e-32 -1.0 -2.220446049250313e-16 -4.930380657631324e-32 -1.0 -2.220446049250313e-16 -4.930380657631324e-32 -1.0 -2.220446049250313e-16 -4.930380657631324e-32 -1.0 -2.220446049250313e-16 -4.930380657631324e-32 -1.0 -2.220446049250313e-16 -4.930380657631324e-32 -1.0 -2.220446049250313e-16 -4.930380657631324e-32 -1.0 -2.220446049250313e-16 -4.930380657631324e-32 -1.0 -2.220446049250313e-16 -4.930380657631324e-32 -1.0 -2.220446049250313e-16 -4.930380657631324e-32 -1.0 -2.220446049250313e-16 -4.930380657631324e-32</float_array><technique_common><accessor source="#mesh40-normals-array" count="92" stride="3"><param name="X" type="float" /><param name="Y" type="float" /><param name="Z" type="float" /></accessor></technique_common></source><vertices id="mesh40-vertices"><input semantic="POSITION" source="#mesh40-positions" /></vertices><triangles count="92" material="copper"><input semantic="VERTEX" source="#mesh40-vertices" offset="0" /><input semantic="NORMAL" source="#mesh40-normals" offset="1" /><p>0 0 1 0 3 0 0 1 3 1 2 1 2 2 3 2 5 2 2 3 5 3 4 3 4 4 5 4 7 4 4 5 7 5 6 5 6 6 7 6 9 6 6 7 9 7 8 7 8 8 9 8 11 8 8 9 11 9 10 9 10 10 11 10 13 10 10 11 13 11 12 11 12 12 13 12 15 12 12 13 15 13 14 13 14 14 15 14 17 14 14 15 17 15 16 15 16 16 17 16 19 16 16 17 19 17 18 17 18 18 19 18 21 18 18 19 21 19 20 19 20 20 21 20 23 20 20 21 23 21 22 21 22 22 23 22 25 22 22 23 25 23 24 23 24 24 25 24 27 24 24 25 27 25 26 25 26 26 27 26 29 26 26 27 29 27 28 27 28 28 29 28 31 28 28 29 31 29 30 29 30 30 31 30 33 30 30 31 33 31 32 31 32 32 33 32 35 32 32 33 35 33 34 33 34 34 35 34 37 34 34 35 37 35 36 35 36 36 37 36 39 36 36 37 39 37 38 37 38 38 39 38 41 38 38 39 41 39 40 39 40 40 41 40 43 40 40 41 43 41 42 41 42 42 43 42 45 42 42 43 45 43 44 43 5 44 3 44 1 44 1 45 47 45 45 45 45 46 43 46 41 46 41 47 39 47 37 47 37 48 35 48 33 48 33 49 31 49 29 49 29 50 27 50 25 50 25 51 23 51 21 51 21 52 19 52 17 52 17 53 15 53 13 53 13 54 11 54 9 54 9 55 7 55 5 55 5 56 1 56 45 56 45 57 41 57 37 57 37 58 33 58 29 58 29 59 25 59 21 59 21 60 17 60 13 60 13 61 9 61 5 61 5 62 45 62 37 62 37 63 29 63 21 63 21 64 13 64 5 64 37 65 21 65 5 65 44 66 45 66 47 66 44 67 47 67 46 67 46 68 47 68 1 68 46 69 1 69 0 69 46 70 0 70 2 70 2 71 4 71 6 71 6 72 8 72 10 72 10 73 12 73 14 73 14 74 16 74 18 74 18 75 20 75 22 75 22 76 24 76 26 76 26 77 28 77 30 77 30 78 32 78 34 78 34 79 36 79 38 79 38 80 40 80 42 80 42 81 44 81 46 81 46 82 2 82 6 82 6 83 10 83 14 83 14 84 18 84 22 84 22 85 26 85 30 85 30 86 34 86 38 86 38 87 42 87 46 87 46 88 6 88 14 88 14 89 22 89 30 89 30 90 38 90 46 90 14 91 30 91 46 91</p></triangles></mesh></geometry><geometry id="mesh41"><mesh><source id="mesh41-positions"><float_array id="mesh41-array" count="72">-0.29100000858306885 -5.395683832842067e-18 0.024299999698996544 -0.24699997901916504 -5.395683832842067e-18 0.024299999698996544 -0.29100000858306885 0.012149999849498272 0.0210444163531065 -0.24699997901916504 0.012149999849498272 0.0210444163531065 -0.29100000858306885 0.0210444163531065 0.012149999849498272 -0.24699997901916504 0.0210444163531065 0.012149999849498272 -0.29100000858306885 0.024299999698996544 4.884982936242134e-18 -0.24699997901916504 0.024299999698996544 -4.884982936242134e-18 -0.29100000858306885 0.0210444163531065 -0.012149999849498272 -0.24699997901916504 0.0210444163531065 -0.012149999849498272 -0.29100000858306885 0.012149999849498272 -0.0210444163531065 -0.24699997901916504 0.012149999849498272 -0.0210444163531065 -0.29100000858306885 5.395683832842067e-18 -0.024299999698996544 -0.24699997901916504 5.395683832842067e-18 -0.024299999698996544 -0.29100000858306885 -0.012149999849498272 -0.0210444163531065 -0.24699997901916504 -0.012149999849498272 -0.0210444163531065 -0.29100000858306885 -0.0210444163531065 -0.012149999849498272 -0.24699997901916504 -0.0210444163531065 -0.012149999849498272 -0.29100000858306885 -0.024299999698996544 4.884982936242134e-18 -0.24699997901916504 -0.024299999698996544 -4.884982936242134e-18 -0.29100000858306885 -0.0210444163531065 0.012149999849498272 -0.24699997901916504 -0.0210444163531065 0.012149999849498272 -0.29100000858306885 -0.012149999849498272 0.0210444163531065 -0.24699997901916504 -0.012149999849498272 0.0210444163531065</float_array><technique_common><accessor source="#mesh41-array" count="24" stride="3"><param name="X" type="float" /><param name="Y" type="float" /><param name="Z" type="float" /></accessor></technique_common></source><source id="mesh41-normals"><float_array id="mesh41-normals-array" count="132">2.1447860223769048e-16 0.2588191032409668 0.9659257531166077 2.1447860223769048e-16 0.2588191032409668 0.9659257531166077 1.5700924318127872e-16 0.7071067690849304 0.7071067690849304 1.5700924318127872e-16 0.7071067690849304 0.7071067690849304 5.746938552619136e-17 0.9659257531166077 0.2588191032409668 5.746938552619136e-17 0.9659257531166077 0.2588191032409668 -5.746938552619136e-17 0.9659257531166077 -0.2588191032409668 -5.746938552619136e-17 0.9659257531166077 -0.2588191032409668 -1.5700924318127872e-16 0.7071067690849304 -0.7071067690849304 -1.5700924318127872e-16 0.7071067690849304 -0.7071067690849304 -2.1447860223769048e-16 0.2588191032409668 -0.9659257531166077 -2.1447860223769048e-16 0.2588191032409668 -0.9659257531166077 -2.1447860223769048e-16 -0.2588191032409668 -0.9659257531166077 -2.1447860223769048e-16 -0.2588191032409668 -0.9659257531166077 -1.5700924318127872e-16 -0.7071067690849304 -0.7071067690849304 -1.5700924318127872e-16 -0.7071067690849304 -0.7071067690849304 -5.746938552619136e-17 -0.9659257531166077 -0.2588191032409668 -5.746938552619136e-17 -0.9659257531166077 -0.2588191032409668 5.746938552619136e-17 -0.9659257531166077 0.2588191032409668 5.746938552619136e-17 -0.9659257531166077 0.2588191032409668 1.0 2.220446049250313e-16 4.930380657631324e-32 1.0 2.220446049250313e-16 4.930380657631324e-32 1.0 2.220446049250313e-16 4.930380657631324e-32 1.0 2.220446049250313e-16 4.930380657631324e-32 1.0 2.220446049250313e-16 4.930380657631324e-32 1.0 2.220446049250313e-16 4.930380657631324e-32 1.0 2.220446049250313e-16 4.930380657631324e-32 1.0 2.220446049250313e-16 4.930380657631324e-32 1.0 2.220446049250313e-16 4.930380657631324e-32 1.0 2.220446049250313e-16 4.930380657631324e-32 1.5700924318127872e-16 -0.7071067690849304 0.7071067690849304 1.5700924318127872e-16 -0.7071067690849304 0.7071067690849304 2.1447860223769048e-16 -0.2588191032409668 0.9659257531166077 2.1447860223769048e-16 -0.2588191032409668 0.9659257531166077 -1.0 -2.220446049250313e-16 -4.930380657631324e-32 -1.0 -2.220446049250313e-16 -4.930380657631324e-32 -1.0 -2.220446049250313e-16 -4.930380657631324e-32 -1.0 -2.220446049250313e-16 -4.930380657631324e-32 -1.0 -2.220446049250313e-16 -4.930380657631324e-32 -1.0 -2.220446049250313e-16 -4.930380657631324e-32 -1.0 -2.220446049250313e-16 -4.930380657631324e-32 -1.0 -2.220446049250313e-16 -4.930380657631324e-32 -1.0 -2.220446049250313e-16 -4.930380657631324e-32 -1.0 -2.220446049250313e-16 -4.930380657631324e-32</float_array><technique_common><accessor source="#mesh41-normals-array" count="44" stride="3"><param name="X" type="float" /><param name="Y" type="float" /><param name="Z" type="float" /></accessor></technique_common></source><vertices id="mesh41-vertices"><input semantic="POSITION" source="#mesh41-positions" /></vertices><triangles count="44" material="graphite"><input semantic="VERTEX" source="#mesh41-vertices" offset="0" /><input semantic="NORMAL" source="#mesh41-normals" offset="1" /><p>0 0 1 0 3 0 0 1 3 1 2 1 2 2 3 2 5 2 2 3 5 3 4 3 4 4 5 4 7 4 4 5 7 5 6 5 6 6 7 6 9 6 6 7 9 7 8 7 8 8 9 8 11 8 8 9 11 9 10 9 10 10 11 10 13 10 10 11 13 11 12 11 12 12 13 12 15 12 12 13 15 13 14 13 14 14 15 14 17 14 14 15 17 15 16 15 16 16 17 16 19 16 16 17 19 17 18 17 18 18 19 18 21 18 18 19 21 19 20 19 5 20 3 20 1 20 1 21 23 21 21 21 21 22 19 22 17 22 17 23 15 23 13 23 13 24 11 24 9 24 9 25 7 25 5 25 5 26 1 26 21 26 21 27 17 27 13 27 13 28 9 28 5 28 21 29 13 29 5 29 20 30 21 30 23 30 20 31 23 31 22 31 22 32 23 32 1 32 22 33 1 33 0 33 22 34 0 34 2 34 2 35 4 35 6 35 6 36 8 36 10 36 10 37 12 37 14 37 14 38 16 38 18 38 18 39 20 39 22 39 22 40 2 40 6 40 6 41 10 41 14 41 14 42 18 42 22 42 6 43 14 43 22 43</p></triangles></mesh></geometry><geometry id="mesh42"><mesh><source id="mesh42-positions"><float_array id="mesh42-array" count="288">-0.28852805495262146 -0.021060001105070114 -0.010327544994652271 -0.28402748703956604 -0.02556000091135502 -0.011082734912633896 -0.2855711579322815 -0.021060001105070114 -0.015377189964056015 -0.28791365027427673 -0.02330704964697361 -0.010420753620564938 -0.2886844873428345 -0.021060001105070114 -0.012565163895487785 -0.28805607557296753 -0.023211952298879623 -0.012565541081130505 -0.2847851812839508 -0.024958819150924683 -0.01321946457028389 -0.2862616777420044 -0.024958819150924683 -0.010697954334318638 -0.2868930399417877 -0.02437484636902809 -0.012760697863996029 -0.287599116563797 -0.021060001105070114 -0.01441868580877781 -0.28535178303718567 -0.02330704964697361 -0.014795785769820213 -0.287291944026947 -0.023211952298879623 -0.013870474882423878 -0.25292128324508667 -0.021060001105070114 -0.01669120229780674 -0.2584288418292999 -0.021060001105070114 -0.020262811332941055 -0.2573569715023041 -0.02556000091135502 -0.01588342897593975 -0.2540504038333893 -0.021060001105070114 -0.018768172711133957 -0.2535151541233063 -0.02330704964697361 -0.016581354662775993 -0.2546044886112213 -0.023211952298879623 -0.018569067120552063 -0.2582869231700897 -0.02330704964697361 -0.019675809890031815 -0.2560719847679138 -0.021060001105070114 -0.02007916569709778 -0.2560277581214905 -0.023211952298879623 -0.019492045044898987 -0.25514331459999084 -0.024958819150924683 -0.016284853219985962 -0.25789347290992737 -0.024958819150924683 -0.018068313598632812 -0.25575074553489685 -0.02437484636902809 -0.01836032047867775 -0.2503407299518585 -0.021060001105070114 0.012526645325124264 -0.24707871675491333 -0.021060001105070114 0.006971204187721014 -0.25142112374305725 -0.02556000091135502 0.008156874217092991 -0.24831703305244446 -0.021060001105070114 0.01135062426328659 -0.2504853904247284 -0.02330704964697361 0.011942680925130844 -0.24854926764965057 -0.023211952298879623 0.010808449238538742 -0.24765916168689728 -0.02330704964697361 0.00712942611426115 -0.24711968004703522 -0.021060001105070114 0.00931144505739212 -0.24770629405975342 -0.023211952298879623 0.00937280710786581 -0.25088194012641907 -0.024958819150924683 0.01033871341496706 -0.2492530792951584 -0.024958819150924683 0.0075646378099918365 -0.2488284707069397 -0.02437484636902809 0.009679209440946579 -0.2794719338417053 -0.021060001105070114 0.01583554968237877 -0.27365928888320923 -0.021060001105070114 0.01890135556459427 -0.2751248776912689 -0.02556000091135502 0.014636893756687641 -0.2781582176685333 -0.021060001105070114 0.01780265010893345 -0.27889004349708557 -0.02330704964697361 0.015673216432332993 -0.2776240110397339 -0.023211952298879623 0.01755501516163349 -0.27385392785072327 -0.02330704964697361 0.0183294415473938 -0.27602460980415344 -0.021060001105070114 0.018927983939647675 -0.27612191438674927 -0.023211952298879623 0.018347283825278282 -0.277294397354126 -0.024958819150924683 0.015233238227665424 -0.27439188957214355 -0.024958819150924683 0.01676413044333458 -0.2765006422996521 -0.02437484636902809 0.017245257273316383 -0.28852805495262146 -0.021059999242424965 -0.010327547788619995 -0.2855711579322815 -0.021059999242424965 -0.01537718903273344 -0.28402748703956604 -0.01655999943614006 -0.011082734912633896 -0.2886844873428345 -0.021059999242424965 -0.01256516668945551 -0.28791365027427673 -0.01881295070052147 -0.010420757345855236 -0.28805607557296753 -0.018908046185970306 -0.01256554201245308 -0.28535178303718567 -0.01881295070052147 -0.014795785769820213 -0.287599116563797 -0.021059999242424965 -0.014418687671422958 -0.287291944026947 -0.018908048048615456 -0.013870475813746452 -0.2862616777420044 -0.017161183059215546 -0.010697956196963787 -0.2847851812839508 -0.017161183059215546 -0.01321946457028389 -0.2868930399417877 -0.01774515211582184 -0.012760698795318604 -0.2584288418292999 -0.021059999242424965 -0.020262809470295906 -0.25292128324508667 -0.021059999242424965 -0.01669120416045189 -0.2573569715023041 -0.01655999943614006 -0.0158834271132946 -0.2560719847679138 -0.021059999242424965 -0.02007916197180748 -0.2582869231700897 -0.01881295070052147 -0.019675804302096367 -0.2560277581214905 -0.018908046185970306 -0.01949204131960869 -0.2535151541233063 -0.01881295070052147 -0.016581352800130844 -0.2540504038333893 -0.021059999242424965 -0.018768170848488808 -0.2546044886112213 -0.018908048048615456 -0.018569063395261765 -0.25789347290992737 -0.017161183059215546 -0.018068309873342514 -0.25514331459999084 -0.017161183059215546 -0.016284849494695663 -0.25575074553489685 -0.01774515211582184 -0.0183603186160326 -0.24707871675491333 -0.021059999242424965 0.006971205119043589 -0.2503407299518585 -0.021059999242424965 0.012526645325124264 -0.25142109394073486 -0.01655999943614006 0.008156873285770416 -0.2471196949481964 -0.021059999242424965 0.00931144692003727 -0.24765916168689728 -0.01881295070052147 0.007129427511245012 -0.2477063089609146 -0.018908046185970306 0.00937280897051096 -0.2504853904247284 -0.01881295070052147 0.011942681856453419 -0.24831704795360565 -0.021059999242424965 0.01135062612593174 -0.24854928255081177 -0.018908048048615456 0.010808451101183891 -0.2492530792951584 -0.017161183059215546 0.007564638275653124 -0.25088194012641907 -0.017161183059215546 0.010338714346289635 -0.2488284707069397 -0.01774515211582184 0.009679209440946579 -0.2794719338417053 -0.021059999242424965 0.01583554595708847 -0.2751248776912689 -0.01655999943614006 0.014636894688010216 -0.27365928888320923 -0.021059999242424965 0.018901359289884567 -0.2788900136947632 -0.01881295070052147 0.015673212707042694 -0.27815818786621094 -0.021059999242424965 0.0178026482462883 -0.2776239812374115 -0.018908048048615456 0.017555013298988342 -0.27439185976982117 -0.017161183059215546 0.01676413230597973 -0.2772943675518036 -0.017161183059215546 0.015233236365020275 -0.2765006124973297 -0.01774515211582184 0.017245257273316383 -0.27602458000183105 -0.021059999242424965 0.018927983939647675 -0.2738538980484009 -0.01881295070052147 0.018329445272684097 -0.2761218845844269 -0.018908046185970306 0.018347283825278282</float_array><technique_common><accessor source="#mesh42-array" count="96" stride="3"><param name="X" type="float" /><param name="Y" type="float" /><param name="Z" type="float" /></accessor></technique_common></source><source id="mesh42-normals"><float_array id="mesh42-normals-array" count="564">0.9627264142036438 0.2653995156288147 -0.05216265097260475 0.9577516317367554 0.2796939015388489 -0.06695659458637238 0.7056810259819031 0.7083611488342285 -0.015453541651368141 0.7056815028190613 0.7083606719970703 -0.015453137457370758 0.2957523465156555 0.9417541027069092 0.1600930243730545 0.28433844447135925 0.9417541027069092 0.17958520352840424 0.3318377435207367 0.7083589434623718 0.62298583984375 0.331837922334671 0.7083590626716614 0.6229855418205261 0.4102645516395569 0.27969005703926086 0.8680186867713928 0.4256041347980499 0.2653924524784088 0.8651173114776611 0.8367951512336731 0.24427464604377747 0.49000391364097595 0.8367956280708313 0.24427402019500732 0.4900033473968506 0.681008517742157 0.6141684055328369 0.39877891540527344 -0.848106324672699 0.2610296308994293 0.46106305718421936 -0.8448643088340759 0.246499702334404 0.4748077392578125 -0.5316469669342041 0.2127443253993988 0.8198117613792419 -0.5316431522369385 0.21273960173130035 0.8198153972625732 -0.08887577056884766 0.24649183452129364 0.9650610685348511 -0.07499085366725922 0.26103538274765015 0.9624119997024536 -0.0877009704709053 0.6839425563812256 0.7242451906204224 -0.08770141750574112 0.6839420795440674 0.7242456078529358 -0.19435203075408936 0.9279627799987793 0.31798163056373596 -0.21104568243026733 0.9279628396034241 0.30715611577033997 -0.6254764795303345 0.6839414238929749 0.3755040764808655 -0.6254822015762329 0.6839382648468018 0.37550032138824463 -0.44848036766052246 0.566206157207489 0.6915749907493591 -0.48482391238212585 0.2625158727169037 -0.8342849612236023 -0.4987289011478424 0.2479476034641266 -0.8305368423461914 -0.8420820236206055 0.2154494673013687 -0.4944486916065216 -0.8420814275741577 0.21545030176639557 -0.4944494068622589 -0.9682817459106445 0.2479485720396042 -0.03085372969508171 -0.9647803902626038 0.26251405477523804 -0.01688738912343979 -0.724704384803772 0.6876293420791626 -0.04437829926609993 -0.7247003316879272 0.6876338720321655 -0.044374559074640274 -0.32137373089790344 0.9302805662155151 -0.17690958082675934 -0.31107601523399353 0.9302805662155151 -0.19444741308689117 -0.3918561339378357 0.6876278519630432 -0.6112419962882996 -0.39185917377471924 0.6876305341720581 -0.6112370491027832 -0.7068732976913452 0.5727622509002686 -0.41505852341651917 0.8027787208557129 0.26097920536994934 -0.5361309051513672 0.7983024716377258 0.24642640352249146 -0.549533486366272 0.45585328340530396 0.21261417865753174 -0.8642876148223877 0.4558590054512024 0.2126207947731018 -0.8642829060554504 0.0027086425106972456 0.24643291532993317 -0.9691560864448547 -0.010867009870707989 0.2609718441963196 -0.9652851819992065 0.022931648418307304 0.6837292313575745 -0.7293753623962402 0.022931020706892014 0.6837300062179565 -0.7293747067451477 0.16517066955566406 0.9278246760368347 -0.33445480465888977 0.18274769186973572 0.9278247356414795 -0.3251838982105255 0.5889907479286194 0.6837327480316162 -0.4308125972747803 0.5889954566955566 0.6837303042411804 -0.43080997467041016 0.3846571743488312 0.5658422708511353 -0.7292882800102234 0.9577516913414001 -0.279693603515625 -0.06695661693811417 0.9627264142036438 -0.2653995454311371 -0.05216294899582863 0.8367950916290283 -0.24427437782287598 0.49000412225723267 0.8367952704429626 -0.24427492916584015 0.4900035262107849 0.42560383677482605 -0.26539212465286255 0.8651175498962402 0.4102635383605957 -0.27969038486480713 0.8680190443992615 0.3318365514278412 -0.7083593606948853 0.6229859590530396 0.33183765411376953 -0.7083585262298584 0.622986376285553 0.2843388617038727 -0.9417543411254883 0.17958353459835052 0.2957509458065033 -0.9417542815208435 0.16009441018104553 0.7056806087493896 -0.7083615660667419 -0.01545366458594799 0.7056812644004822 -0.7083608508110046 -0.015455001033842564 0.6810083389282227 -0.6141680479049683 0.39877963066101074 -0.0749916359782219 -0.26103514432907104 0.9624121189117432 -0.08887480944395065 -0.2464934140443802 0.9650607705116272 -0.5316468477249146 -0.21274101734161377 0.8198127746582031 -0.5316427946090698 -0.21274495124816895 0.8198144435882568 -0.8448638916015625 -0.24650037288665771 0.4748079776763916 -0.8481058478355408 -0.2610299587249756 0.4610636532306671 -0.6254778504371643 -0.6839430332183838 0.37549880146980286 -0.6254807114601135 -0.6839362382888794 0.37550652027130127 -0.21104374527931213 -0.9279629588127136 0.3071567118167877 -0.19435341656208038 -0.9279629588127136 0.31798017024993896 -0.0877002403140068 -0.6839426755905151 0.7242451906204224 -0.08769889920949936 -0.6839419007301331 0.724246084690094 -0.44848135113716125 -0.5662050843238831 0.691575288772583 -0.964780330657959 -0.2625136375427246 -0.016893533989787102 -0.9682816863059998 -0.24794809520244598 -0.030859922990202904 -0.8420818448066711 -0.21545015275478363 -0.49444857239723206 -0.8420814871788025 -0.21544909477233887 -0.4944497048854828 -0.4987315237522125 -0.247947096824646 -0.8305355310440063 -0.484825998544693 -0.2625157833099365 -0.8342836499214172 -0.3918585181236267 -0.6876277923583984 -0.6112405061721802 -0.39185798168182373 -0.6876282691955566 -0.6112403273582458 -0.3110800087451935 -0.9302797913551331 -0.19444479048252106 -0.32137343287467957 -0.9302797317504883 -0.17691445350646973 -0.7247040867805481 -0.6876296997070312 -0.04437867924571037 -0.724705159664154 -0.6876286864280701 -0.044376786798238754 -0.7068765163421631 -0.572756290435791 -0.41506120562553406 0.7983005046844482 -0.24643635749816895 -0.5495320558547974 0.8027733564376831 -0.2609787881374359 -0.5361389517784119 0.5889926552772522 -0.6837337613105774 -0.43080824613571167 0.5889943242073059 -0.6837285757064819 -0.4308144152164459 0.18274566531181335 -0.9278242588043213 -0.3251863420009613 0.1651742309331894 -0.9278243780136108 -0.33445408940315247 0.022931642830371857 -0.6837300658226013 -0.7293745875358582 0.022931432351469994 -0.6837299466133118 -0.7293747067451477 -0.010865633375942707 -0.2609716057777405 -0.9652854204177856 0.0027100287843495607 -0.2464328110218048 -0.96915602684021 0.45585328340530396 -0.21261973679065704 -0.8642862439155579 0.4558608829975128 -0.21261268854141235 -0.8642840385437012 0.38465866446495056 -0.565841555595398 -0.7292881011962891 0.9127001762390137 0.25917384028434753 -0.3159230053424835 0.9119598865509033 0.2624366581439972 -0.31536662578582764 0.668267011642456 0.7071170210838318 -0.23109470307826996 0.6682605147361755 0.7071242332458496 -0.23109154403209686 0.24443960189819336 0.9659730792045593 -0.08452979475259781 0.24524345993995667 0.9657378792762756 -0.08488874137401581 -0.06820523738861084 0.9659716486930847 -0.24949310719966888 -0.06814485043287277 0.9660167694091797 -0.24933509528636932 -0.18642020225524902 0.7071048021316528 -0.6820926666259766 -0.18641957640647888 0.7071064114570618 -0.6820911765098572 -0.2546282410621643 0.2591800093650818 -0.931659996509552 -0.25473207235336304 0.2585572898387909 -0.9318045973777771 -0.25094324350357056 0.9660167694091797 0.06196098402142525 -0.25109243392944336 0.9659746289253235 0.06201362982392311 -0.6864793300628662 0.707107663154602 0.16954346001148224 -0.6864823698997498 0.7071043848991394 0.16954463720321655 -0.937816321849823 0.2585604190826416 0.23161809146404266 -0.9376800656318665 0.25913697481155396 0.23152580857276917 0.04581763967871666 0.9659755825996399 0.25454235076904297 0.04604904353618622 0.9657415151596069 0.25538793206214905 0.12547391653060913 0.7071139216423035 0.6958780884742737 0.1254710704088211 0.7071233987808228 0.6958689093589783 0.17138592898845673 0.25912946462631226 0.9505149722099304 0.17094489932060242 0.2624138295650482 0.9496930241584778 0.24442268908023834 -0.9659708142280579 -0.08460463583469391 0.24525803327560425 -0.9657407999038696 -0.08481309562921524 0.668266773223877 -0.7071173191070557 -0.23109449446201324 0.6682597398757935 -0.7071244120597839 -0.23109297454357147 0.9127887487411499 -0.2591894567012787 -0.31565427780151367 0.911870539188385 -0.26242345571517944 -0.3156358599662781 0.17110216617584229 -0.2591266930103302 0.9505669474601746 0.17122767865657806 -0.26242679357528687 0.9496384859085083 0.12547263503074646 -0.7071138620376587 0.6958783268928528 0.12547200918197632 -0.7071239948272705 0.6958681344985962 0.04589342698454857 -0.9659765958786011 0.2545250356197357 0.04597456380724907 -0.96573805809021 0.25541427731513977 -0.9378300905227661 -0.2585601210594177 0.23156283795833588 -0.9376665949821472 -0.25913649797439575 0.23158110678195953 -0.6864789128303528 -0.7071079611778259 0.1695437878370285 -0.6864819526672363 -0.7071049213409424 0.16954413056373596 -0.25094300508499146 -0.9660157561302185 0.061976734548807144 -0.2510959506034851 -0.9659746289253235 0.061999011784791946 -0.2546883523464203 -0.2591777741909027 -0.9316441416740417 -0.254672646522522 -0.25855711102485657 -0.9318209290504456 -0.18642008304595947 -0.7071055769920349 -0.6820918321609497 -0.18641993403434753 -0.7071067690849304 -0.6820906400680542 -0.06818953156471252 -0.9659714102745056 -0.24949823319911957 -0.0681612640619278 -0.9660162925720215 -0.2493324875831604 0.3893808126449585 -0.41191813349723816 0.8238362669944763 0.31697630882263184 0.6706437468528748 0.6706437468528748 0.7701906561851501 0.4510023891925812 0.4510023891925812 0.6877104640007019 0.6040561199188232 0.4027040898799896 0.9921512603759766 -0.10404223948717117 -0.06936150044202805 0.9921512603759766 -0.10404223948717117 -0.06936150044202805 -0.7927805781364441 0.430986613035202 0.430986613035202 -0.7927810549736023 -0.43098610639572144 0.43098610639572144 -0.41682296991348267 -0.6427513957023621 0.6427513957023621 -0.2785399556159973 -0.8590298891067505 0.42951494455337524 -0.034825973212718964 -0.8938846588134766 0.4469423294067383 -0.05501411855220795 -0.7060359120368958 0.7060359120368958 -0.5024480223655701 0.0 -0.8646074533462524 -0.15181253850460052 -0.9532613158226013 -0.2612389922142029 -0.13328032195568085 -0.9879838228225708 -0.07825873792171478 -0.13328032195568085 -0.9879838228225708 -0.07825873792171478 -0.12430232018232346 -0.9922420382499695 -0.0021765632554888725 -0.9998086094856262 0.008750264532864094 -0.017500529065728188 0.5563998222351074 -0.7431926727294922 -0.3715963363647461 0.059840235859155655 -0.9974076747894287 -0.039963942021131516 0.055481914430856705 -0.992902934551239 -0.10519229620695114 0.0619465596973896 -0.9911449551582336 -0.11744929850101471 -0.011077478528022766 0.17723965644836426 -0.9841054081916809 -0.005034589674323797 0.8944157958030701 -0.44720789790153503 0.8483738303184509 -0.44048553705215454 -0.29365700483322144 0.8229742646217346 -0.4914928376674652 -0.28486520051956177 0.0 1.0 0.0 0.0 1.0 0.0 0.12626074254512787 -0.7014479041099548 0.7014479041099548 0.17044603824615479 -0.27255693078041077 0.9469217658042908 -0.9639443159103394 -0.11900540441274643 0.23801080882549286 -0.9708435535430908 0.0 0.23971430957317352 -0.12135343998670578 0.8878167867660522 -0.4439083933830261 -0.2636990249156952 0.0 -0.9646050333976746 0.0 -1.0 0.0 0.0 -1.0 0.0</float_array><technique_common><accessor source="#mesh42-normals-array" count="188" stride="3"><param name="X" type="float" /><param name="Y" type="float" /><param name="Z" type="float" /></accessor></technique_common></source><vertices id="mesh42-vertices"><input semantic="POSITION" source="#mesh42-positions" /></vertices><triangles count="188" material="ivory"><input semantic="VERTEX" source="#mesh42-vertices" offset="0" /><input semantic="NORMAL" source="#mesh42-normals" offset="1" /><p>0 0 3 0 5 0 0 1 5 1 4 1 3 2 7 2 8 2 3 3 8 3 5 3 1 4 6 4 8 4 1 5 8 5 7 5 6 6 10 6 11 6 6 7 11 7 8 7 2 8 9 8 11 8 2 9 11 9 10 9 9 10 4 10 5 10 9 11 5 11 11 11 5 12 8 12 11 12 12 13 15 13 17 13 12 14 17 14 16 14 15 15 19 15 20 15 15 16 20 16 17 16 13 17 18 17 20 17 13 18 20 18 19 18 18 19 22 19 23 19 18 20 23 20 20 20 14 21 21 21 23 21 14 22 23 22 22 22 21 23 16 23 17 23 21 24 17 24 23 24 17 25 20 25 23 25 24 26 27 26 29 26 24 27 29 27 28 27 27 28 31 28 32 28 27 29 32 29 29 29 25 30 30 30 32 30 25 31 32 31 31 31 30 32 34 32 35 32 30 33 35 33 32 33 26 34 33 34 35 34 26 35 35 35 34 35 33 36 28 36 29 36 33 37 29 37 35 37 29 38 32 38 35 38 36 39 39 39 41 39 36 40 41 40 40 40 39 41 43 41 44 41 39 42 44 42 41 42 37 43 42 43 44 43 37 44 44 44 43 44 42 45 46 45 47 45 42 46 47 46 44 46 38 47 45 47 47 47 38 48 47 48 46 48 45 49 40 49 41 49 45 50 41 50 47 50 41 51 44 51 47 51 48 52 51 52 53 52 48 53 53 53 52 53 51 54 55 54 56 54 51 55 56 55 53 55 49 56 54 56 56 56 49 57 56 57 55 57 54 58 58 58 59 58 54 59 59 59 56 59 50 60 57 60 59 60 50 61 59 61 58 61 57 62 52 62 53 62 57 63 53 63 59 63 53 64 56 64 59 64 60 65 63 65 65 65 60 66 65 66 64 66 63 67 67 67 68 67 63 68 68 68 65 68 61 69 66 69 68 69 61 70 68 70 67 70 66 71 70 71 71 71 66 72 71 72 68 72 62 73 69 73 71 73 62 74 71 74 70 74 69 75 64 75 65 75 69 76 65 76 71 76 65 77 68 77 71 77 72 78 75 78 77 78 72 79 77 79 76 79 75 80 79 80 80 80 75 81 80 81 77 81 73 82 78 82 80 82 73 83 80 83 79 83 78 84 82 84 83 84 78 85 83 85 80 85 74 86 81 86 83 86 74 87 83 87 82 87 81 88 76 88 77 88 81 89 77 89 83 89 77 90 80 90 83 90 84 91 87 91 89 91 84 92 89 92 88 92 87 93 91 93 92 93 87 94 92 94 89 94 85 95 90 95 92 95 85 96 92 96 91 96 90 97 94 97 95 97 90 98 95 98 92 98 86 99 93 99 95 99 86 100 95 100 94 100 93 101 88 101 89 101 93 102 89 102 95 102 89 103 92 103 95 103 0 104 36 104 40 104 0 105 40 105 3 105 3 106 40 106 45 106 3 107 45 107 7 107 7 108 45 108 38 108 7 109 38 109 1 109 26 110 38 110 46 110 26 111 46 111 33 111 33 112 46 112 42 112 33 113 42 113 28 113 28 114 42 114 37 114 28 115 37 115 24 115 14 116 26 116 34 116 14 117 34 117 21 117 21 118 34 118 30 118 21 119 30 119 16 119 16 120 30 120 25 120 16 121 25 121 12 121 1 122 14 122 22 122 1 123 22 123 6 123 6 124 22 124 18 124 6 125 18 125 10 125 10 126 18 126 13 126 10 127 13 127 2 127 50 128 85 128 91 128 50 129 91 129 57 129 57 130 91 130 87 130 57 131 87 131 52 131 52 132 87 132 84 132 52 133 84 133 48 133 49 134 60 134 64 134 49 135 64 135 54 135 54 136 64 136 69 136 54 137 69 137 58 137 58 138 69 138 62 138 58 139 62 139 50 139 61 140 72 140 76 140 61 141 76 141 66 141 66 142 76 142 81 142 66 143 81 143 70 143 70 144 81 144 74 144 70 145 74 145 62 145 73 146 86 146 94 146 73 147 94 147 78 147 78 148 94 148 90 148 78 149 90 149 82 149 82 150 90 150 85 150 82 151 85 151 74 151 2 152 49 152 55 152 2 153 55 153 9 153 9 154 55 154 51 154 9 155 51 155 4 155 4 156 51 156 48 156 4 157 48 157 0 157 12 158 61 158 67 158 12 159 67 159 15 159 15 160 67 160 63 160 15 161 63 161 19 161 19 162 63 162 60 162 19 163 60 163 13 163 24 164 73 164 79 164 24 165 79 165 27 165 27 166 79 166 75 166 27 167 75 167 31 167 31 168 75 168 72 168 31 169 72 169 25 169 36 170 84 170 88 170 36 171 88 171 39 171 39 172 88 172 93 172 39 173 93 173 43 173 43 174 93 174 86 174 43 175 86 175 37 175 36 176 0 176 48 176 36 177 48 177 84 177 38 178 26 178 14 178 38 179 14 179 1 179 2 180 13 180 60 180 2 181 60 181 49 181 12 182 25 182 72 182 12 183 72 183 61 183 24 184 37 184 86 184 24 185 86 185 73 185 50 186 62 186 74 186 50 187 74 187 85 187</p></triangles></mesh></geometry><geometry id="mesh43"><mesh><source id="mesh43-positions"><float_array id="mesh43-array" count="288">-0.28852805495262146 0.021059999242424965 -0.010327544994652271 -0.28402748703956604 0.01655999943614006 -0.011082734912633896 -0.2855711579322815 0.021059999242424965 -0.015377189964056015 -0.28791365027427673 0.01881295070052147 -0.010420753620564938 -0.2886844873428345 0.021059999242424965 -0.012565163895487785 -0.28805607557296753 0.018908048048615456 -0.012565541081130505 -0.2847851812839508 0.017161183059215546 -0.01321946457028389 -0.2862616777420044 0.017161183059215546 -0.010697954334318638 -0.2868930399417877 0.01774515211582184 -0.012760697863996029 -0.287599116563797 0.021059999242424965 -0.01441868580877781 -0.28535178303718567 0.01881295070052147 -0.014795785769820213 -0.287291944026947 0.018908046185970306 -0.013870474882423878 -0.25292128324508667 0.021059999242424965 -0.01669120229780674 -0.2584288418292999 0.021059999242424965 -0.020262811332941055 -0.2573569715023041 0.01655999943614006 -0.01588342897593975 -0.2540504038333893 0.021059999242424965 -0.018768172711133957 -0.2535151541233063 0.01881295070052147 -0.016581354662775993 -0.2546044886112213 0.018908046185970306 -0.018569067120552063 -0.2582869231700897 0.01881295070052147 -0.019675809890031815 -0.2560719847679138 0.021059999242424965 -0.02007916569709778 -0.2560277581214905 0.018908048048615456 -0.019492045044898987 -0.25514331459999084 0.017161183059215546 -0.016284853219985962 -0.25789347290992737 0.017161183059215546 -0.018068313598632812 -0.25575074553489685 0.01774515211582184 -0.01836032047867775 -0.2503407299518585 0.021059999242424965 0.012526645325124264 -0.24707871675491333 0.021059999242424965 0.006971204187721014 -0.25142112374305725 0.01655999943614006 0.008156874217092991 -0.24831703305244446 0.021059999242424965 0.01135062426328659 -0.2504853904247284 0.01881295070052147 0.011942680925130844 -0.24854926764965057 0.018908046185970306 0.010808449238538742 -0.24765916168689728 0.01881295070052147 0.00712942611426115 -0.24711968004703522 0.021059999242424965 0.00931144505739212 -0.24770629405975342 0.018908048048615456 0.00937280710786581 -0.25088194012641907 0.017161183059215546 0.01033871341496706 -0.2492530792951584 0.017161183059215546 0.0075646378099918365 -0.2488284707069397 0.01774515211582184 0.009679209440946579 -0.2794719338417053 0.021059999242424965 0.01583554968237877 -0.27365928888320923 0.021059999242424965 0.01890135556459427 -0.2751248776912689 0.01655999943614006 0.014636893756687641 -0.2781582176685333 0.021059999242424965 0.01780265010893345 -0.27889004349708557 0.01881295070052147 0.015673216432332993 -0.2776240110397339 0.018908046185970306 0.01755501516163349 -0.27385392785072327 0.01881295070052147 0.0183294415473938 -0.27602460980415344 0.021059999242424965 0.018927983939647675 -0.27612191438674927 0.018908048048615456 0.018347283825278282 -0.277294397354126 0.017161183059215546 0.015233238227665424 -0.27439188957214355 0.017161183059215546 0.01676413044333458 -0.2765006422996521 0.01774515211582184 0.017245257273316383 -0.28852805495262146 0.021060001105070114 -0.010327547788619995 -0.2855711579322815 0.021060001105070114 -0.01537718903273344 -0.28402748703956604 0.02556000091135502 -0.011082734912633896 -0.2886844873428345 0.021060001105070114 -0.01256516668945551 -0.28791365027427673 0.02330704964697361 -0.010420757345855236 -0.28805607557296753 0.023211952298879623 -0.01256554201245308 -0.28535178303718567 0.02330704964697361 -0.014795785769820213 -0.287599116563797 0.021060001105070114 -0.014418687671422958 -0.287291944026947 0.023211952298879623 -0.013870475813746452 -0.2862616777420044 0.024958819150924683 -0.010697956196963787 -0.2847851812839508 0.024958819150924683 -0.01321946457028389 -0.2868930399417877 0.02437484636902809 -0.012760698795318604 -0.2584288418292999 0.021060001105070114 -0.020262809470295906 -0.25292128324508667 0.021060001105070114 -0.01669120416045189 -0.2573569715023041 0.02556000091135502 -0.0158834271132946 -0.2560719847679138 0.021060001105070114 -0.02007916197180748 -0.2582869231700897 0.02330704964697361 -0.019675804302096367 -0.2560277581214905 0.023211952298879623 -0.01949204131960869 -0.2535151541233063 0.02330704964697361 -0.016581352800130844 -0.2540504038333893 0.021060001105070114 -0.018768170848488808 -0.2546044886112213 0.023211952298879623 -0.018569063395261765 -0.25789347290992737 0.024958819150924683 -0.018068309873342514 -0.25514331459999084 0.024958819150924683 -0.016284849494695663 -0.25575074553489685 0.02437484636902809 -0.0183603186160326 -0.24707871675491333 0.021060001105070114 0.006971205119043589 -0.2503407299518585 0.021060001105070114 0.012526645325124264 -0.25142109394073486 0.02556000091135502 0.008156873285770416 -0.2471196949481964 0.021060001105070114 0.00931144692003727 -0.24765916168689728 0.02330704964697361 0.007129427511245012 -0.2477063089609146 0.023211952298879623 0.00937280897051096 -0.2504853904247284 0.02330704964697361 0.011942681856453419 -0.24831704795360565 0.021060001105070114 0.01135062612593174 -0.24854928255081177 0.023211952298879623 0.010808451101183891 -0.2492530792951584 0.024958819150924683 0.007564638275653124 -0.25088194012641907 0.024958819150924683 0.010338714346289635 -0.2488284707069397 0.02437484636902809 0.009679209440946579 -0.2794719338417053 0.021060001105070114 0.01583554595708847 -0.2751248776912689 0.02556000091135502 0.014636894688010216 -0.27365928888320923 0.021060001105070114 0.018901359289884567 -0.2788900136947632 0.02330704964697361 0.015673212707042694 -0.27815818786621094 0.021060001105070114 0.0178026482462883 -0.2776239812374115 0.023211952298879623 0.017555013298988342 -0.27439185976982117 0.024958819150924683 0.01676413230597973 -0.2772943675518036 0.024958819150924683 0.015233236365020275 -0.2765006124973297 0.02437484636902809 0.017245257273316383 -0.27602458000183105 0.021060001105070114 0.018927983939647675 -0.2738538980484009 0.02330704964697361 0.018329445272684097 -0.2761218845844269 0.023211952298879623 0.018347283825278282</float_array><technique_common><accessor source="#mesh43-array" count="96" stride="3"><param name="X" type="float" /><param name="Y" type="float" /><param name="Z" type="float" /></accessor></technique_common></source><source id="mesh43-normals"><float_array id="mesh43-normals-array" count="564">0.9627264142036438 0.2653995156288147 -0.05216265097260475 0.9577516317367554 0.2796939015388489 -0.06695659458637238 0.7056804895401001 0.7083616256713867 -0.015454541891813278 0.7056820392608643 0.7083601355552673 -0.015453189611434937 0.29575100541114807 0.9417543411254883 0.16009439527988434 0.28433895111083984 0.9417543411254883 0.1795833855867386 0.3318370282649994 0.7083593606948853 0.6229857802391052 0.33183684945106506 0.7083591818809509 0.6229860782623291 0.41026461124420166 0.27968981862068176 0.8680187463760376 0.425603985786438 0.2653924822807312 0.8651174902915955 0.8367951512336731 0.24427464604377747 0.49000391364097595 0.8367958068847656 0.24427379667758942 0.49000313878059387 0.68100905418396 0.6141680479049683 0.39877837896347046 -0.8481063842773438 0.2610294222831726 0.46106305718421936 -0.8448643684387207 0.246499702334404 0.4748075008392334 -0.5316469669342041 0.2127443253993988 0.8198117613792419 -0.5316430330276489 0.21273940801620483 0.8198156356811523 -0.08887577056884766 0.24649183452129364 0.9650610685348511 -0.07499085366725922 0.26103538274765015 0.9624119997024536 -0.0877000018954277 0.6839431524276733 0.7242447733879089 -0.08770141005516052 0.6839414834976196 0.7242461442947388 -0.1943531632423401 0.9279630780220032 0.3179803788661957 -0.211044043302536 0.9279629588127136 0.3071565330028534 -0.6254763603210449 0.6839419603347778 0.37550345063209534 -0.6254826188087463 0.6839385032653809 0.37549927830696106 -0.4484800100326538 0.5662058591842651 0.6915755271911621 -0.48482394218444824 0.2625156342983246 -0.8342849612236023 -0.4987287223339081 0.2479476034641266 -0.830536961555481 -0.8420820236206055 0.2154494673013687 -0.4944486916065216 -0.8420815467834473 0.21545007824897766 -0.4944491982460022 -0.9682817459106445 0.2479485720396042 -0.03085372969508171 -0.9647803902626038 0.26251405477523804 -0.01688738912343979 -0.7247039079666138 0.6876298785209656 -0.04437733441591263 -0.7247008681297302 0.6876332759857178 -0.04437454789876938 -0.32137247920036316 0.9302808046340942 -0.17691074311733246 -0.3110763728618622 0.9302808046340942 -0.19444575905799866 -0.3918554186820984 0.6876283288002014 -0.6112418174743652 -0.39185813069343567 0.6876307129859924 -0.6112375259399414 -0.7068737745285034 0.5727619528770447 -0.4150581359863281 0.8027786612510681 0.26097896695137024 -0.536130964756012 0.7983026504516602 0.24642643332481384 -0.5495333075523376 0.45585328340530396 0.21261417865753174 -0.8642876148223877 0.45585885643959045 0.2126206010580063 -0.8642831444740295 0.0027086425106972456 0.24643291532993317 -0.9691560864448547 -0.010867009870707989 0.2609718441963196 -0.9652851819992065 0.022930718958377838 0.6837298274040222 -0.7293749451637268 0.022930972278118134 0.6837294697761536 -0.7293752431869507 0.16517186164855957 0.9278249144554138 -0.33445361256599426 0.1827460378408432 0.9278249144554138 -0.3251842260360718 0.5889906883239746 0.6837332844734192 -0.4308118522167206 0.5889959335327148 0.6837305426597595 -0.43080902099609375 0.384656697511673 0.5658419728279114 -0.7292887568473816 0.9577516317367554 -0.2796938419342041 -0.06695660948753357 0.9627264142036438 -0.2653995454311371 -0.05216272175312042 0.8367950916290283 -0.24427437782287598 0.49000412225723267 0.836795449256897 -0.24427518248558044 0.4900032579898834 0.42560383677482605 -0.26539212465286255 0.8651175498962402 0.4102635383605957 -0.27969038486480713 0.8680190443992615 0.3318377137184143 -0.7083589434623718 0.6229858994483948 0.33183741569519043 -0.7083591222763062 0.6229857802391052 0.2843383252620697 -0.941754162311554 0.17958533763885498 0.29575228691101074 -0.941754162311554 0.1600930541753769 0.7056810855865479 -0.7083611488342285 -0.015453098341822624 0.7056813836097717 -0.7083607316017151 -0.015453786589205265 0.681008517742157 -0.6141684055328369 0.39877891540527344 -0.0749916359782219 -0.26103535294532776 0.9624119997024536 -0.08887500315904617 -0.246493399143219 0.965060830116272 -0.5316468477249146 -0.21274101734161377 0.8198127746582031 -0.5316425561904907 -0.21274514496326447 0.8198144435882568 -0.8448638916015625 -0.24650037288665771 0.4748079776763916 -0.8481058478355408 -0.2610299587249756 0.4610636532306671 -0.6254778504371643 -0.683942437171936 0.3754998743534088 -0.6254802346229553 -0.6839368343353271 0.37550631165504456 -0.21104533970355988 -0.9279627203941345 0.3071562349796295 -0.194352388381958 -0.9279628396034241 0.31798145174980164 -0.08770080655813217 -0.6839421987533569 0.7242456078529358 -0.08769998699426651 -0.6839417219161987 0.7242461442947388 -0.4484806954860687 -0.5662053823471069 0.6915754675865173 -0.9647803902626038 -0.2625138759613037 -0.016893533989787102 -0.9682816863059998 -0.24794809520244598 -0.030860133469104767 -0.8420818448066711 -0.21545015275478363 -0.49444857239723206 -0.8420815467834473 -0.2154492884874344 -0.4944494366645813 -0.4987315237522125 -0.247947096824646 -0.8305355310440063 -0.484825998544693 -0.2625157833099365 -0.8342836499214172 -0.39185959100723267 -0.6876271963119507 -0.6112404465675354 -0.39185765385627747 -0.6876288652420044 -0.6112398505210876 -0.31107959151268005 -0.930279552936554 -0.19444645941257477 -0.32137468457221985 -0.9302796125411987 -0.1769133061170578 -0.7247045040130615 -0.687629222869873 -0.04437923803925514 -0.7247052788734436 -0.6876285076141357 -0.044377900660037994 -0.7068766951560974 -0.5727565884590149 -0.41506052017211914 0.7983005046844482 -0.24643635749816895 -0.5495320558547974 0.8027733564376831 -0.2609787881374359 -0.5361389517784119 0.5889925360679626 -0.6837331652641296 -0.4308093786239624 0.5889938473701477 -0.6837291121482849 -0.4308139979839325 0.18274733424186707 -0.9278241395950317 -0.3251860439777374 0.16517308354377747 -0.9278241395950317 -0.334455281496048 0.022932179272174835 -0.6837295889854431 -0.7293750643730164 0.022932544350624084 -0.6837297677993774 -0.729374885559082 -0.010865632444620132 -0.2609717845916748 -0.9652853608131409 0.0027102306485176086 -0.2464328408241272 -0.9691561460494995 0.45585328340530396 -0.21261973679065704 -0.8642862439155579 0.4558606445789337 -0.21261288225650787 -0.8642840385437012 0.38465800881385803 -0.5658418536186218 -0.7292881608009338 0.9127001762390137 0.25917384028434753 -0.3159230053424835 0.9119598865509033 0.2624366581439972 -0.31536662578582764 0.6682665944099426 0.7071174383163452 -0.2310945838689804 0.6682600975036621 0.707124650478363 -0.23109140992164612 0.24444031715393066 0.9659728407859802 -0.08453004062175751 0.24524417519569397 0.9657376408576965 -0.0848889872431755 -0.06820543855428696 0.9659715294837952 -0.24949385225772858 -0.06814504414796829 0.9660165309906006 -0.24933579564094543 -0.18642009794712067 0.7071051597595215 -0.6820922493934631 -0.18641947209835052 0.7071067690849304 -0.6820908188819885 -0.2546282410621643 0.2591800093650818 -0.931659996509552 -0.25473207235336304 0.2585572898387909 -0.9318045973777771 -0.25094395875930786 0.9660165905952454 0.06196116283535957 -0.25109317898750305 0.9659744501113892 0.062013812363147736 -0.6864789724349976 0.7071080207824707 0.16954335570335388 -0.6864819526672363 0.7071047425270081 0.1695445477962494 -0.937816321849823 0.2585604190826416 0.23161809146404266 -0.9376800656318665 0.25913697481155396 0.23152580857276917 0.045817770063877106 0.9659754037857056 0.25454309582710266 0.046049173921346664 0.9657412767410278 0.25538864731788635 0.12547384202480316 0.7071143388748169 0.6958776712417603 0.12547101080417633 0.7071238160133362 0.6958684921264648 0.17138592898845673 0.25912946462631226 0.9505149722099304 0.17094489932060242 0.2624138295650482 0.9496930241584778 0.24442198872566223 -0.9659709930419922 -0.08460438251495361 0.24525728821754456 -0.9657409191131592 -0.08481284976005554 0.6682671904563904 -0.7071169018745422 -0.231094628572464 0.6682601571083069 -0.7071239948272705 -0.23109309375286102 0.9127887487411499 -0.2591894567012787 -0.31565427780151367 0.911870539188385 -0.26242345571517944 -0.3156358599662781 0.17110216617584229 -0.2591266930103302 0.9505669474601746 0.17122767865657806 -0.26242679357528687 0.9496384859085083 0.12547270953655243 -0.7071134448051453 0.6958787441253662 0.1254720836877823 -0.7071235775947571 0.6958684921264648 0.045893292874097824 -0.9659767746925354 0.2545243203639984 0.045974429696798325 -0.9657381772994995 0.2554135322570801 -0.9378300905227661 -0.2585601210594177 0.23156283795833588 -0.9376665949821472 -0.25913649797439575 0.23158110678195953 -0.6864792704582214 -0.7071075439453125 0.16954386234283447 -0.6864823698997498 -0.7071044445037842 0.16954421997070312 -0.25094226002693176 -0.9660159945487976 0.06197655200958252 -0.2510952353477478 -0.9659748673439026 0.06199883669614792 -0.2546883523464203 -0.2591777741909027 -0.9316441416740417 -0.254672646522522 -0.25855711102485657 -0.9318209290504456 -0.18642018735408783 -0.7071051597595215 -0.6820921897888184 -0.1864200383424759 -0.707106351852417 -0.6820910573005676 -0.0681893453001976 -0.9659717082977295 -0.24949754774570465 -0.06816105544567108 -0.966016411781311 -0.24933172762393951 0.3893808126449585 -0.41191813349723816 0.8238362669944763 0.31697630882263184 0.6706437468528748 0.6706437468528748 0.7701906561851501 0.4510023891925812 0.4510023891925812 0.6877104640007019 0.6040561199188232 0.4027040898799896 0.9921512603759766 -0.10404223948717117 -0.06936150044202805 0.9921512603759766 -0.10404223948717117 -0.06936150044202805 -0.7927805781364441 0.430986613035202 0.430986613035202 -0.7927810549736023 -0.43098610639572144 0.43098610639572144 -0.41682296991348267 -0.6427513957023621 0.6427513957023621 -0.2785399556159973 -0.8590298891067505 0.42951494455337524 -0.034825973212718964 -0.8938846588134766 0.4469423294067383 -0.05501411855220795 -0.7060359120368958 0.7060359120368958 -0.5024480223655701 0.0 -0.8646074533462524 -0.15181253850460052 -0.9532613158226013 -0.2612389922142029 -0.13328032195568085 -0.9879838228225708 -0.07825873792171478 -0.13328032195568085 -0.9879838228225708 -0.07825873792171478 -0.12430232018232346 -0.9922420382499695 -0.0021765632554888725 -0.9998086094856262 0.008750264532864094 -0.017500529065728188 0.5563998222351074 -0.7431926727294922 -0.3715963363647461 0.059840235859155655 -0.9974076747894287 -0.039963942021131516 0.055481914430856705 -0.992902934551239 -0.10519229620695114 0.0619465596973896 -0.9911449551582336 -0.11744929850101471 -0.011077478528022766 0.17723965644836426 -0.9841054081916809 -0.005034589674323797 0.8944157958030701 -0.44720789790153503 0.8483738303184509 -0.44048553705215454 -0.29365700483322144 0.8229742646217346 -0.4914928376674652 -0.28486520051956177 0.0 1.0 0.0 0.0 1.0 0.0 0.12626074254512787 -0.7014479041099548 0.7014479041099548 0.17044603824615479 -0.27255693078041077 0.9469217658042908 -0.9639443159103394 -0.11900540441274643 0.23801080882549286 -0.9708435535430908 0.0 0.23971430957317352 -0.12135343998670578 0.8878167867660522 -0.4439083933830261 -0.2636990249156952 0.0 -0.9646050333976746 0.0 -1.0 0.0 0.0 -1.0 0.0</float_array><technique_common><accessor source="#mesh43-normals-array" count="188" stride="3"><param name="X" type="float" /><param name="Y" type="float" /><param name="Z" type="float" /></accessor></technique_common></source><vertices id="mesh43-vertices"><input semantic="POSITION" source="#mesh43-positions" /></vertices><triangles count="188" material="ivory"><input semantic="VERTEX" source="#mesh43-vertices" offset="0" /><input semantic="NORMAL" source="#mesh43-normals" offset="1" /><p>0 0 3 0 5 0 0 1 5 1 4 1 3 2 7 2 8 2 3 3 8 3 5 3 1 4 6 4 8 4 1 5 8 5 7 5 6 6 10 6 11 6 6 7 11 7 8 7 2 8 9 8 11 8 2 9 11 9 10 9 9 10 4 10 5 10 9 11 5 11 11 11 5 12 8 12 11 12 12 13 15 13 17 13 12 14 17 14 16 14 15 15 19 15 20 15 15 16 20 16 17 16 13 17 18 17 20 17 13 18 20 18 19 18 18 19 22 19 23 19 18 20 23 20 20 20 14 21 21 21 23 21 14 22 23 22 22 22 21 23 16 23 17 23 21 24 17 24 23 24 17 25 20 25 23 25 24 26 27 26 29 26 24 27 29 27 28 27 27 28 31 28 32 28 27 29 32 29 29 29 25 30 30 30 32 30 25 31 32 31 31 31 30 32 34 32 35 32 30 33 35 33 32 33 26 34 33 34 35 34 26 35 35 35 34 35 33 36 28 36 29 36 33 37 29 37 35 37 29 38 32 38 35 38 36 39 39 39 41 39 36 40 41 40 40 40 39 41 43 41 44 41 39 42 44 42 41 42 37 43 42 43 44 43 37 44 44 44 43 44 42 45 46 45 47 45 42 46 47 46 44 46 38 47 45 47 47 47 38 48 47 48 46 48 45 49 40 49 41 49 45 50 41 50 47 50 41 51 44 51 47 51 48 52 51 52 53 52 48 53 53 53 52 53 51 54 55 54 56 54 51 55 56 55 53 55 49 56 54 56 56 56 49 57 56 57 55 57 54 58 58 58 59 58 54 59 59 59 56 59 50 60 57 60 59 60 50 61 59 61 58 61 57 62 52 62 53 62 57 63 53 63 59 63 53 64 56 64 59 64 60 65 63 65 65 65 60 66 65 66 64 66 63 67 67 67 68 67 63 68 68 68 65 68 61 69 66 69 68 69 61 70 68 70 67 70 66 71 70 71 71 71 66 72 71 72 68 72 62 73 69 73 71 73 62 74 71 74 70 74 69 75 64 75 65 75 69 76 65 76 71 76 65 77 68 77 71 77 72 78 75 78 77 78 72 79 77 79 76 79 75 80 79 80 80 80 75 81 80 81 77 81 73 82 78 82 80 82 73 83 80 83 79 83 78 84 82 84 83 84 78 85 83 85 80 85 74 86 81 86 83 86 74 87 83 87 82 87 81 88 76 88 77 88 81 89 77 89 83 89 77 90 80 90 83 90 84 91 87 91 89 91 84 92 89 92 88 92 87 93 91 93 92 93 87 94 92 94 89 94 85 95 90 95 92 95 85 96 92 96 91 96 90 97 94 97 95 97 90 98 95 98 92 98 86 99 93 99 95 99 86 100 95 100 94 100 93 101 88 101 89 101 93 102 89 102 95 102 89 103 92 103 95 103 0 104 36 104 40 104 0 105 40 105 3 105 3 106 40 106 45 106 3 107 45 107 7 107 7 108 45 108 38 108 7 109 38 109 1 109 26 110 38 110 46 110 26 111 46 111 33 111 33 112 46 112 42 112 33 113 42 113 28 113 28 114 42 114 37 114 28 115 37 115 24 115 14 116 26 116 34 116 14 117 34 117 21 117 21 118 34 118 30 118 21 119 30 119 16 119 16 120 30 120 25 120 16 121 25 121 12 121 1 122 14 122 22 122 1 123 22 123 6 123 6 124 22 124 18 124 6 125 18 125 10 125 10 126 18 126 13 126 10 127 13 127 2 127 50 128 85 128 91 128 50 129 91 129 57 129 57 130 91 130 87 130 57 131 87 131 52 131 52 132 87 132 84 132 52 133 84 133 48 133 49 134 60 134 64 134 49 135 64 135 54 135 54 136 64 136 69 136 54 137 69 137 58 137 58 138 69 138 62 138 58 139 62 139 50 139 61 140 72 140 76 140 61 141 76 141 66 141 66 142 76 142 81 142 66 143 81 143 70 143 70 144 81 144 74 144 70 145 74 145 62 145 73 146 86 146 94 146 73 147 94 147 78 147 78 148 94 148 90 148 78 149 90 149 82 149 82 150 90 150 85 150 82 151 85 151 74 151 2 152 49 152 55 152 2 153 55 153 9 153 9 154 55 154 51 154 9 155 51 155 4 155 4 156 51 156 48 156 4 157 48 157 0 157 12 158 61 158 67 158 12 159 67 159 15 159 15 160 67 160 63 160 15 161 63 161 19 161 19 162 63 162 60 162 19 163 60 163 13 163 24 164 73 164 79 164 24 165 79 165 27 165 27 166 79 166 75 166 27 167 75 167 31 167 31 168 75 168 72 168 31 169 72 169 25 169 36 170 84 170 88 170 36 171 88 171 39 171 39 172 88 172 93 172 39 173 93 173 43 173 43 174 93 174 86 174 43 175 86 175 37 175 36 176 0 176 48 176 36 177 48 177 84 177 38 178 26 178 14 178 38 179 14 179 1 179 2 180 13 180 60 180 2 181 60 181 49 181 12 182 25 182 72 182 12 183 72 183 61 183 24 184 37 184 86 184 24 185 86 185 73 185 50 186 62 186 74 186 50 187 74 187 85 187</p></triangles></mesh></geometry><geometry id="mesh44"><mesh><source id="mesh44-positions"><float_array id="mesh44-array" count="144">-0.30399999022483826 -3.021583037381425e-18 0.013608000241219997 -0.23899999260902405 -3.021583037381425e-18 0.013608000241219997 -0.30399999022483826 0.003522009588778019 0.01314431894570589 -0.23899999260902405 0.003522009588778019 0.01314431894570589 -0.30399999022483826 0.006804000120609999 0.011784873902797699 -0.23899999260902405 0.006804000120609999 0.011784873902797699 -0.30399999022483826 0.009622309356927872 0.009622309356927872 -0.23899999260902405 0.009622309356927872 0.009622309356927872 -0.30399999022483826 0.011784873902797699 0.006804000120609999 -0.23899999260902405 0.011784873902797699 0.006804000120609999 -0.30399999022483826 0.01314431894570589 0.003522009588778019 -0.23899999260902405 0.01314431894570589 0.003522009588778019 -0.30399999022483826 0.013608000241219997 7.216449395365721e-18 -0.23899999260902405 0.013608000241219997 -7.216449395365721e-18 -0.30399999022483826 0.01314431894570589 -0.003522009588778019 -0.23899999260902405 0.01314431894570589 -0.003522009588778019 -0.30399999022483826 0.011784873902797699 -0.006804000120609999 -0.23899999260902405 0.011784873902797699 -0.006804000120609999 -0.30399999022483826 0.009622309356927872 -0.009622309356927872 -0.23899999260902405 0.009622309356927872 -0.009622309356927872 -0.30399999022483826 0.006804000120609999 -0.011784873902797699 -0.23899999260902405 0.006804000120609999 -0.011784873902797699 -0.30399999022483826 0.003522009588778019 -0.01314431894570589 -0.23899999260902405 0.003522009588778019 -0.01314431894570589 -0.30399999022483826 3.021583037381425e-18 -0.013608000241219997 -0.23899999260902405 3.021583037381425e-18 -0.013608000241219997 -0.30399999022483826 -0.003522009588778019 -0.01314431894570589 -0.23899999260902405 -0.003522009588778019 -0.01314431894570589 -0.30399999022483826 -0.006804000120609999 -0.011784873902797699 -0.23899999260902405 -0.006804000120609999 -0.011784873902797699 -0.30399999022483826 -0.009622309356927872 -0.009622309356927872 -0.23899999260902405 -0.009622309356927872 -0.009622309356927872 -0.30399999022483826 -0.011784873902797699 -0.006804000120609999 -0.23899999260902405 -0.011784873902797699 -0.006804000120609999 -0.30399999022483826 -0.01314431894570589 -0.003522009588778019 -0.23899999260902405 -0.01314431894570589 -0.003522009588778019 -0.30399999022483826 -0.013608000241219997 7.216449395365721e-18 -0.23899999260902405 -0.013608000241219997 -7.216449395365721e-18 -0.30399999022483826 -0.01314431894570589 0.003522009588778019 -0.23899999260902405 -0.01314431894570589 0.003522009588778019 -0.30399999022483826 -0.011784873902797699 0.006804000120609999 -0.23899999260902405 -0.011784873902797699 0.006804000120609999 -0.30399999022483826 -0.009622309356927872 0.009622309356927872 -0.23899999260902405 -0.009622309356927872 0.009622309356927872 -0.30399999022483826 -0.006804000120609999 0.011784873902797699 -0.23899999260902405 -0.006804000120609999 0.011784873902797699 -0.30399999022483826 -0.003522009588778019 0.01314431894570589 -0.23899999260902405 -0.003522009588778019 0.01314431894570589</float_array><technique_common><accessor source="#mesh44-array" count="48" stride="3"><param name="X" type="float" /><param name="Y" type="float" /><param name="Z" type="float" /></accessor></technique_common></source><source id="mesh44-normals"><float_array id="mesh44-normals-array" count="276">2.2014500119191553e-16 0.13052618503570557 0.9914449453353882 2.2014500119191553e-16 0.13052618503570557 0.9914449453353882 2.0514245950926577e-16 0.3826834261417389 0.9238795042037964 2.0514245950926577e-16 0.3826834261417389 0.9238795042037964 1.761598507904206e-16 0.6087614297866821 0.7933534383773804 1.761598507904206e-16 0.6087614297866821 0.7933534383773804 1.3517219117058102e-16 0.7933534383773804 0.6087614297866821 1.3517219117058102e-16 0.7933534383773804 0.6087614297866821 8.497279016899981e-17 0.9238795042037964 0.3826834261417389 8.497279016899981e-17 0.9238795042037964 0.3826834261417389 2.8982635188624776e-17 0.9914449453353882 0.13052618503570557 2.8982635188624776e-17 0.9914449453353882 0.13052618503570557 -2.8982635188624776e-17 0.9914449453353882 -0.13052618503570557 -2.8982635188624776e-17 0.9914449453353882 -0.13052618503570557 -8.497279016899981e-17 0.9238795042037964 -0.3826834261417389 -8.497279016899981e-17 0.9238795042037964 -0.3826834261417389 -1.3517219117058102e-16 0.7933534383773804 -0.6087614297866821 -1.3517219117058102e-16 0.7933534383773804 -0.6087614297866821 -1.761598507904206e-16 0.6087614297866821 -0.7933534383773804 -1.761598507904206e-16 0.6087614297866821 -0.7933534383773804 -2.0514245950926577e-16 0.3826834261417389 -0.9238795042037964 -2.0514245950926577e-16 0.3826834261417389 -0.9238795042037964 -2.2014500119191553e-16 0.13052618503570557 -0.9914449453353882 -2.2014500119191553e-16 0.13052618503570557 -0.9914449453353882 -2.2014500119191553e-16 -0.13052618503570557 -0.9914449453353882 -2.2014500119191553e-16 -0.13052618503570557 -0.9914449453353882 -2.0514245950926577e-16 -0.3826834261417389 -0.9238795042037964 -2.0514245950926577e-16 -0.3826834261417389 -0.9238795042037964 -1.761598507904206e-16 -0.6087614297866821 -0.7933534383773804 -1.761598507904206e-16 -0.6087614297866821 -0.7933534383773804 -1.3517219117058102e-16 -0.7933534383773804 -0.6087614297866821 -1.3517219117058102e-16 -0.7933534383773804 -0.6087614297866821 -8.497279016899981e-17 -0.9238795042037964 -0.3826834261417389 -8.497279016899981e-17 -0.9238795042037964 -0.3826834261417389 -2.8982635188624776e-17 -0.9914449453353882 -0.13052618503570557 -2.8982635188624776e-17 -0.9914449453353882 -0.13052618503570557 2.8982635188624776e-17 -0.9914449453353882 0.13052618503570557 2.8982635188624776e-17 -0.9914449453353882 0.13052618503570557 8.497279016899981e-17 -0.9238795042037964 0.3826834261417389 8.497279016899981e-17 -0.9238795042037964 0.3826834261417389 1.3517219117058102e-16 -0.7933534383773804 0.6087614297866821 1.3517219117058102e-16 -0.7933534383773804 0.6087614297866821 1.761598507904206e-16 -0.6087614297866821 0.7933534383773804 1.761598507904206e-16 -0.6087614297866821 0.7933534383773804 1.0 2.220446049250313e-16 4.930380657631324e-32 1.0 2.220446049250313e-16 4.930380657631324e-32 1.0 2.220446049250313e-16 4.930380657631324e-32 1.0 2.220446049250313e-16 4.930380657631324e-32 1.0 2.220446049250313e-16 4.930380657631324e-32 1.0 2.220446049250313e-16 4.930380657631324e-32 1.0 2.220446049250313e-16 4.930380657631324e-32 1.0 2.220446049250313e-16 4.930380657631324e-32 1.0 2.220446049250313e-16 4.930380657631324e-32 1.0 2.220446049250313e-16 4.930380657631324e-32 1.0 2.220446049250313e-16 4.930380657631324e-32 1.0 2.220446049250313e-16 4.930380657631324e-32 1.0 2.220446049250313e-16 4.930380657631324e-32 1.0 2.220446049250313e-16 4.930380657631324e-32 1.0 2.220446049250313e-16 4.930380657631324e-32 1.0 2.220446049250313e-16 4.930380657631324e-32 1.0 2.220446049250313e-16 4.930380657631324e-32 1.0 2.220446049250313e-16 4.930380657631324e-32 1.0 2.220446049250313e-16 4.930380657631324e-32 1.0 2.220446049250313e-16 4.930380657631324e-32 1.0 2.220446049250313e-16 4.930380657631324e-32 1.0 2.220446049250313e-16 4.930380657631324e-32 2.0514245950926577e-16 -0.3826834261417389 0.9238795042037964 2.0514245950926577e-16 -0.3826834261417389 0.9238795042037964 2.2014500119191553e-16 -0.13052618503570557 0.9914449453353882 2.2014500119191553e-16 -0.13052618503570557 0.9914449453353882 -1.0 -2.220446049250313e-16 -4.930380657631324e-32 -1.0 -2.220446049250313e-16 -4.930380657631324e-32 -1.0 -2.220446049250313e-16 -4.930380657631324e-32 -1.0 -2.220446049250313e-16 -4.930380657631324e-32 -1.0 -2.220446049250313e-16 -4.930380657631324e-32 -1.0 -2.220446049250313e-16 -4.930380657631324e-32 -1.0 -2.220446049250313e-16 -4.930380657631324e-32 -1.0 -2.220446049250313e-16 -4.930380657631324e-32 -1.0 -2.220446049250313e-16 -4.930380657631324e-32 -1.0 -2.220446049250313e-16 -4.930380657631324e-32 -1.0 -2.220446049250313e-16 -4.930380657631324e-32 -1.0 -2.220446049250313e-16 -4.930380657631324e-32 -1.0 -2.220446049250313e-16 -4.930380657631324e-32 -1.0 -2.220446049250313e-16 -4.930380657631324e-32 -1.0 -2.220446049250313e-16 -4.930380657631324e-32 -1.0 -2.220446049250313e-16 -4.930380657631324e-32 -1.0 -2.220446049250313e-16 -4.930380657631324e-32 -1.0 -2.220446049250313e-16 -4.930380657631324e-32 -1.0 -2.220446049250313e-16 -4.930380657631324e-32 -1.0 -2.220446049250313e-16 -4.930380657631324e-32 -1.0 -2.220446049250313e-16 -4.930380657631324e-32 -1.0 -2.220446049250313e-16 -4.930380657631324e-32</float_array><technique_common><accessor source="#mesh44-normals-array" count="92" stride="3"><param name="X" type="float" /><param name="Y" type="float" /><param name="Z" type="float" /></accessor></technique_common></source><vertices id="mesh44-vertices"><input semantic="POSITION" source="#mesh44-positions" /></vertices><triangles count="92" material="graphite"><input semantic="VERTEX" source="#mesh44-vertices" offset="0" /><input semantic="NORMAL" source="#mesh44-normals" offset="1" /><p>0 0 1 0 3 0 0 1 3 1 2 1 2 2 3 2 5 2 2 3 5 3 4 3 4 4 5 4 7 4 4 5 7 5 6 5 6 6 7 6 9 6 6 7 9 7 8 7 8 8 9 8 11 8 8 9 11 9 10 9 10 10 11 10 13 10 10 11 13 11 12 11 12 12 13 12 15 12 12 13 15 13 14 13 14 14 15 14 17 14 14 15 17 15 16 15 16 16 17 16 19 16 16 17 19 17 18 17 18 18 19 18 21 18 18 19 21 19 20 19 20 20 21 20 23 20 20 21 23 21 22 21 22 22 23 22 25 22 22 23 25 23 24 23 24 24 25 24 27 24 24 25 27 25 26 25 26 26 27 26 29 26 26 27 29 27 28 27 28 28 29 28 31 28 28 29 31 29 30 29 30 30 31 30 33 30 30 31 33 31 32 31 32 32 33 32 35 32 32 33 35 33 34 33 34 34 35 34 37 34 34 35 37 35 36 35 36 36 37 36 39 36 36 37 39 37 38 37 38 38 39 38 41 38 38 39 41 39 40 39 40 40 41 40 43 40 40 41 43 41 42 41 42 42 43 42 45 42 42 43 45 43 44 43 5 44 3 44 1 44 1 45 47 45 45 45 45 46 43 46 41 46 41 47 39 47 37 47 37 48 35 48 33 48 33 49 31 49 29 49 29 50 27 50 25 50 25 51 23 51 21 51 21 52 19 52 17 52 17 53 15 53 13 53 13 54 11 54 9 54 9 55 7 55 5 55 5 56 1 56 45 56 45 57 41 57 37 57 37 58 33 58 29 58 29 59 25 59 21 59 21 60 17 60 13 60 13 61 9 61 5 61 5 62 45 62 37 62 37 63 29 63 21 63 21 64 13 64 5 64 37 65 21 65 5 65 44 66 45 66 47 66 44 67 47 67 46 67 46 68 47 68 1 68 46 69 1 69 0 69 46 70 0 70 2 70 2 71 4 71 6 71 6 72 8 72 10 72 10 73 12 73 14 73 14 74 16 74 18 74 18 75 20 75 22 75 22 76 24 76 26 76 26 77 28 77 30 77 30 78 32 78 34 78 34 79 36 79 38 79 38 80 40 80 42 80 42 81 44 81 46 81 46 82 2 82 6 82 6 83 10 83 14 83 14 84 18 84 22 84 22 85 26 85 30 85 30 86 34 86 38 86 38 87 42 87 46 87 46 88 6 88 14 88 14 89 22 89 30 89 30 90 38 90 46 90 14 91 30 91 46 91</p></triangles></mesh></geometry><geometry id="mesh45"><mesh><source id="mesh45-positions"><float_array id="mesh45-array" count="144">-0.2929999828338623 -0.02332800067961216 0.004999999888241291 -0.2449999898672104 -0.02332800067961216 0.004999999888241291 -0.2929999828338623 -0.02203390561044216 0.004829628858715296 -0.2449999898672104 -0.02203390561044216 0.004829628858715296 -0.2929999828338623 -0.0208280012011528 0.0043301270343363285 -0.2449999898672104 -0.0208280012011528 0.0043301270343363285 -0.2929999828338623 -0.01979246735572815 0.0035355337895452976 -0.2449999898672104 -0.01979246735572815 0.0035355337895452976 -0.2929999828338623 -0.01899787411093712 0.0024999999441206455 -0.2449999898672104 -0.01899787411093712 0.0024999999441206455 -0.2929999828338623 -0.01849837228655815 0.00129409518558532 -0.2449999898672104 -0.01849837228655815 0.00129409518558532 -0.2929999828338623 -0.018327999860048294 5.329071391703478e-18 -0.2449999898672104 -0.018327999860048294 -5.329071391703478e-18 -0.2929999828338623 -0.01849837228655815 -0.00129409518558532 -0.2449999898672104 -0.01849837228655815 -0.00129409518558532 -0.2929999828338623 -0.01899787411093712 -0.0024999999441206455 -0.2449999898672104 -0.01899787411093712 -0.0024999999441206455 -0.2929999828338623 -0.01979246735572815 -0.0035355337895452976 -0.2449999898672104 -0.01979246735572815 -0.0035355337895452976 -0.2929999828338623 -0.0208280012011528 -0.0043301270343363285 -0.2449999898672104 -0.0208280012011528 -0.0043301270343363285 -0.2929999828338623 -0.02203390561044216 -0.004829628858715296 -0.2449999898672104 -0.02203390561044216 -0.004829628858715296 -0.2929999828338623 -0.02332800067961216 -0.004999999888241291 -0.2449999898672104 -0.02332800067961216 -0.004999999888241291 -0.2929999828338623 -0.024622095748782158 -0.004829628858715296 -0.2449999898672104 -0.024622095748782158 -0.004829628858715296 -0.2929999828338623 -0.025828000158071518 -0.0043301270343363285 -0.2449999898672104 -0.025828000158071518 -0.0043301270343363285 -0.2929999828338623 -0.02686353400349617 -0.0035355337895452976 -0.2449999898672104 -0.02686353400349617 -0.0035355337895452976 -0.2929999828338623 -0.0276581272482872 -0.0024999999441206455 -0.2449999898672104 -0.0276581272482872 -0.0024999999441206455 -0.2929999828338623 -0.028157629072666168 -0.00129409518558532 -0.2449999898672104 -0.028157629072666168 -0.00129409518558532 -0.2929999828338623 -0.028328001499176025 5.329071391703478e-18 -0.2449999898672104 -0.028328001499176025 -5.329071391703478e-18 -0.2929999828338623 -0.028157629072666168 0.00129409518558532 -0.2449999898672104 -0.028157629072666168 0.00129409518558532 -0.2929999828338623 -0.0276581272482872 0.0024999999441206455 -0.2449999898672104 -0.0276581272482872 0.0024999999441206455 -0.2929999828338623 -0.02686353400349617 0.0035355337895452976 -0.2449999898672104 -0.02686353400349617 0.0035355337895452976 -0.2929999828338623 -0.025828000158071518 0.0043301270343363285 -0.2449999898672104 -0.025828000158071518 0.0043301270343363285 -0.2929999828338623 -0.024622095748782158 0.004829628858715296 -0.2449999898672104 -0.024622095748782158 0.004829628858715296</float_array><technique_common><accessor source="#mesh45-array" count="48" stride="3"><param name="X" type="float" /><param name="Y" type="float" /><param name="Z" type="float" /></accessor></technique_common></source><source id="mesh45-normals"><float_array id="mesh45-normals-array" count="276">2.2014497472213593e-16 0.13052630424499512 0.9914448261260986 2.2014497472213593e-16 0.13052630424499512 0.9914448261260986 2.0514249921393517e-16 0.38268330693244934 0.9238796830177307 2.0514249921393517e-16 0.38268330693244934 0.9238796830177307 1.761598110857512e-16 0.6087614893913269 0.793353259563446 1.761598110857512e-16 0.6087614893913269 0.793353259563446 1.3517220440547082e-16 0.793353259563446 0.6087614893913269 1.3517220440547082e-16 0.793353259563446 0.6087614893913269 8.497276369922021e-17 0.9238796830177307 0.38268330693244934 8.497276369922021e-17 0.9238796830177307 0.38268330693244934 2.898266165840438e-17 0.9914448261260986 0.13052630424499512 2.898266165840438e-17 0.9914448261260986 0.13052630424499512 -2.898266165840438e-17 0.9914448261260986 -0.13052630424499512 -2.898266165840438e-17 0.9914448261260986 -0.13052630424499512 -8.497276369922021e-17 0.9238796830177307 -0.38268330693244934 -8.497276369922021e-17 0.9238796830177307 -0.38268330693244934 -1.3517220440547082e-16 0.793353259563446 -0.6087614893913269 -1.3517220440547082e-16 0.793353259563446 -0.6087614893913269 -1.761598110857512e-16 0.6087614893913269 -0.793353259563446 -1.761598110857512e-16 0.6087614893913269 -0.793353259563446 -2.0514249921393517e-16 0.38268330693244934 -0.9238796830177307 -2.0514249921393517e-16 0.38268330693244934 -0.9238796830177307 -2.2014497472213593e-16 0.13052630424499512 -0.9914448261260986 -2.2014497472213593e-16 0.13052630424499512 -0.9914448261260986 -2.2014497472213593e-16 -0.13052630424499512 -0.9914448261260986 -2.2014497472213593e-16 -0.13052630424499512 -0.9914448261260986 -2.0514249921393517e-16 -0.38268330693244934 -0.9238796830177307 -2.0514249921393517e-16 -0.38268330693244934 -0.9238796830177307 -1.761598110857512e-16 -0.6087614893913269 -0.793353259563446 -1.761598110857512e-16 -0.6087614893913269 -0.793353259563446 -1.3517220440547082e-16 -0.793353259563446 -0.6087614893913269 -1.3517220440547082e-16 -0.793353259563446 -0.6087614893913269 -8.497276369922021e-17 -0.9238796830177307 -0.38268330693244934 -8.497276369922021e-17 -0.9238796830177307 -0.38268330693244934 -2.898266165840438e-17 -0.9914448261260986 -0.13052630424499512 -2.898266165840438e-17 -0.9914448261260986 -0.13052630424499512 2.898266165840438e-17 -0.9914448261260986 0.13052630424499512 2.898266165840438e-17 -0.9914448261260986 0.13052630424499512 8.497276369922021e-17 -0.9238796830177307 0.38268330693244934 8.497276369922021e-17 -0.9238796830177307 0.38268330693244934 1.3517220440547082e-16 -0.793353259563446 0.6087614893913269 1.3517220440547082e-16 -0.793353259563446 0.6087614893913269 1.761598110857512e-16 -0.6087614893913269 0.793353259563446 1.761598110857512e-16 -0.6087614893913269 0.793353259563446 1.0 2.220446049250313e-16 4.930380657631324e-32 1.0 2.220446049250313e-16 4.930380657631324e-32 1.0 2.220446049250313e-16 4.930380657631324e-32 1.0 2.220446049250313e-16 4.930380657631324e-32 1.0 2.220446049250313e-16 4.930380657631324e-32 1.0 2.220446049250313e-16 4.930380657631324e-32 1.0 2.220446049250313e-16 4.930380657631324e-32 1.0 2.220446049250313e-16 4.930380657631324e-32 1.0 2.220446049250313e-16 4.930380657631324e-32 1.0 2.220446049250313e-16 4.930380657631324e-32 1.0 2.220446049250313e-16 4.930380657631324e-32 1.0 2.220446049250313e-16 4.930380657631324e-32 1.0 2.220446049250313e-16 4.930380657631324e-32 1.0 2.220446049250313e-16 4.930380657631324e-32 1.0 2.220446049250313e-16 4.930380657631324e-32 1.0 2.220446049250313e-16 4.930380657631324e-32 1.0 2.220446049250313e-16 4.930380657631324e-32 1.0 2.220446049250313e-16 4.930380657631324e-32 1.0 2.220446049250313e-16 4.930380657631324e-32 1.0 2.220446049250313e-16 4.930380657631324e-32 1.0 2.220446049250313e-16 4.930380657631324e-32 1.0 2.220446049250313e-16 4.930380657631324e-32 2.0514249921393517e-16 -0.38268330693244934 0.9238796830177307 2.0514249921393517e-16 -0.38268330693244934 0.9238796830177307 2.2014497472213593e-16 -0.13052630424499512 0.9914448261260986 2.2014497472213593e-16 -0.13052630424499512 0.9914448261260986 -1.0 -2.220446049250313e-16 -4.930380657631324e-32 -1.0 -2.220446049250313e-16 -4.930380657631324e-32 -1.0 -2.220446049250313e-16 -4.930380657631324e-32 -1.0 -2.220446049250313e-16 -4.930380657631324e-32 -1.0 -2.220446049250313e-16 -4.930380657631324e-32 -1.0 -2.220446049250313e-16 -4.930380657631324e-32 -1.0 -2.220446049250313e-16 -4.930380657631324e-32 -1.0 -2.220446049250313e-16 -4.930380657631324e-32 -1.0 -2.220446049250313e-16 -4.930380657631324e-32 -1.0 -2.220446049250313e-16 -4.930380657631324e-32 -1.0 -2.220446049250313e-16 -4.930380657631324e-32 -1.0 -2.220446049250313e-16 -4.930380657631324e-32 -1.0 -2.220446049250313e-16 -4.930380657631324e-32 -1.0 -2.220446049250313e-16 -4.930380657631324e-32 -1.0 -2.220446049250313e-16 -4.930380657631324e-32 -1.0 -2.220446049250313e-16 -4.930380657631324e-32 -1.0 -2.220446049250313e-16 -4.930380657631324e-32 -1.0 -2.220446049250313e-16 -4.930380657631324e-32 -1.0 -2.220446049250313e-16 -4.930380657631324e-32 -1.0 -2.220446049250313e-16 -4.930380657631324e-32 -1.0 -2.220446049250313e-16 -4.930380657631324e-32 -1.0 -2.220446049250313e-16 -4.930380657631324e-32</float_array><technique_common><accessor source="#mesh45-normals-array" count="92" stride="3"><param name="X" type="float" /><param name="Y" type="float" /><param name="Z" type="float" /></accessor></technique_common></source><vertices id="mesh45-vertices"><input semantic="POSITION" source="#mesh45-positions" /></vertices><triangles count="92" material="copper"><input semantic="VERTEX" source="#mesh45-vertices" offset="0" /><input semantic="NORMAL" source="#mesh45-normals" offset="1" /><p>0 0 1 0 3 0 0 1 3 1 2 1 2 2 3 2 5 2 2 3 5 3 4 3 4 4 5 4 7 4 4 5 7 5 6 5 6 6 7 6 9 6 6 7 9 7 8 7 8 8 9 8 11 8 8 9 11 9 10 9 10 10 11 10 13 10 10 11 13 11 12 11 12 12 13 12 15 12 12 13 15 13 14 13 14 14 15 14 17 14 14 15 17 15 16 15 16 16 17 16 19 16 16 17 19 17 18 17 18 18 19 18 21 18 18 19 21 19 20 19 20 20 21 20 23 20 20 21 23 21 22 21 22 22 23 22 25 22 22 23 25 23 24 23 24 24 25 24 27 24 24 25 27 25 26 25 26 26 27 26 29 26 26 27 29 27 28 27 28 28 29 28 31 28 28 29 31 29 30 29 30 30 31 30 33 30 30 31 33 31 32 31 32 32 33 32 35 32 32 33 35 33 34 33 34 34 35 34 37 34 34 35 37 35 36 35 36 36 37 36 39 36 36 37 39 37 38 37 38 38 39 38 41 38 38 39 41 39 40 39 40 40 41 40 43 40 40 41 43 41 42 41 42 42 43 42 45 42 42 43 45 43 44 43 5 44 3 44 1 44 1 45 47 45 45 45 45 46 43 46 41 46 41 47 39 47 37 47 37 48 35 48 33 48 33 49 31 49 29 49 29 50 27 50 25 50 25 51 23 51 21 51 21 52 19 52 17 52 17 53 15 53 13 53 13 54 11 54 9 54 9 55 7 55 5 55 5 56 1 56 45 56 45 57 41 57 37 57 37 58 33 58 29 58 29 59 25 59 21 59 21 60 17 60 13 60 13 61 9 61 5 61 5 62 45 62 37 62 37 63 29 63 21 63 21 64 13 64 5 64 37 65 21 65 5 65 44 66 45 66 47 66 44 67 47 67 46 67 46 68 47 68 1 68 46 69 1 69 0 69 46 70 0 70 2 70 2 71 4 71 6 71 6 72 8 72 10 72 10 73 12 73 14 73 14 74 16 74 18 74 18 75 20 75 22 75 22 76 24 76 26 76 26 77 28 77 30 77 30 78 32 78 34 78 34 79 36 79 38 79 38 80 40 80 42 80 42 81 44 81 46 81 46 82 2 82 6 82 6 83 10 83 14 83 14 84 18 84 22 84 22 85 26 85 30 85 30 86 34 86 38 86 38 87 42 87 46 87 46 88 6 88 14 88 14 89 22 89 30 89 30 90 38 90 46 90 14 91 30 91 46 91</p></triangles></mesh></geometry><geometry id="mesh46"><mesh><source id="mesh46-positions"><float_array id="mesh46-array" count="144">-0.2929999828338623 0.02332800067961216 0.004999999888241291 -0.2449999898672104 0.02332800067961216 0.004999999888241291 -0.2929999828338623 0.024622095748782158 0.004829628858715296 -0.2449999898672104 0.024622095748782158 0.004829628858715296 -0.2929999828338623 0.025828000158071518 0.0043301270343363285 -0.2449999898672104 0.025828000158071518 0.0043301270343363285 -0.2929999828338623 0.02686353400349617 0.0035355337895452976 -0.2449999898672104 0.02686353400349617 0.0035355337895452976 -0.2929999828338623 0.0276581272482872 0.0024999999441206455 -0.2449999898672104 0.0276581272482872 0.0024999999441206455 -0.2929999828338623 0.028157629072666168 0.00129409518558532 -0.2449999898672104 0.028157629072666168 0.00129409518558532 -0.2929999828338623 0.028328001499176025 5.329071391703478e-18 -0.2449999898672104 0.028328001499176025 -5.329071391703478e-18 -0.2929999828338623 0.028157629072666168 -0.00129409518558532 -0.2449999898672104 0.028157629072666168 -0.00129409518558532 -0.2929999828338623 0.0276581272482872 -0.0024999999441206455 -0.2449999898672104 0.0276581272482872 -0.0024999999441206455 -0.2929999828338623 0.02686353400349617 -0.0035355337895452976 -0.2449999898672104 0.02686353400349617 -0.0035355337895452976 -0.2929999828338623 0.025828000158071518 -0.0043301270343363285 -0.2449999898672104 0.025828000158071518 -0.0043301270343363285 -0.2929999828338623 0.024622095748782158 -0.004829628858715296 -0.2449999898672104 0.024622095748782158 -0.004829628858715296 -0.2929999828338623 0.02332800067961216 -0.004999999888241291 -0.2449999898672104 0.02332800067961216 -0.004999999888241291 -0.2929999828338623 0.02203390561044216 -0.004829628858715296 -0.2449999898672104 0.02203390561044216 -0.004829628858715296 -0.2929999828338623 0.0208280012011528 -0.0043301270343363285 -0.2449999898672104 0.0208280012011528 -0.0043301270343363285 -0.2929999828338623 0.01979246735572815 -0.0035355337895452976 -0.2449999898672104 0.01979246735572815 -0.0035355337895452976 -0.2929999828338623 0.01899787411093712 -0.0024999999441206455 -0.2449999898672104 0.01899787411093712 -0.0024999999441206455 -0.2929999828338623 0.01849837228655815 -0.00129409518558532 -0.2449999898672104 0.01849837228655815 -0.00129409518558532 -0.2929999828338623 0.018327999860048294 5.329071391703478e-18 -0.2449999898672104 0.018327999860048294 -5.329071391703478e-18 -0.2929999828338623 0.01849837228655815 0.00129409518558532 -0.2449999898672104 0.01849837228655815 0.00129409518558532 -0.2929999828338623 0.01899787411093712 0.0024999999441206455 -0.2449999898672104 0.01899787411093712 0.0024999999441206455 -0.2929999828338623 0.01979246735572815 0.0035355337895452976 -0.2449999898672104 0.01979246735572815 0.0035355337895452976 -0.2929999828338623 0.0208280012011528 0.0043301270343363285 -0.2449999898672104 0.0208280012011528 0.0043301270343363285 -0.2929999828338623 0.02203390561044216 0.004829628858715296 -0.2449999898672104 0.02203390561044216 0.004829628858715296</float_array><technique_common><accessor source="#mesh46-array" count="48" stride="3"><param name="X" type="float" /><param name="Y" type="float" /><param name="Z" type="float" /></accessor></technique_common></source><source id="mesh46-normals"><float_array id="mesh46-normals-array" count="276">2.2014497472213593e-16 0.13052630424499512 0.9914448261260986 2.2014497472213593e-16 0.13052630424499512 0.9914448261260986 2.0514249921393517e-16 0.38268330693244934 0.9238796830177307 2.0514249921393517e-16 0.38268330693244934 0.9238796830177307 1.761598110857512e-16 0.6087614893913269 0.793353259563446 1.761598110857512e-16 0.6087614893913269 0.793353259563446 1.3517220440547082e-16 0.793353259563446 0.6087614893913269 1.3517220440547082e-16 0.793353259563446 0.6087614893913269 8.497276369922021e-17 0.9238796830177307 0.38268330693244934 8.497276369922021e-17 0.9238796830177307 0.38268330693244934 2.898266165840438e-17 0.9914448261260986 0.13052630424499512 2.898266165840438e-17 0.9914448261260986 0.13052630424499512 -2.898266165840438e-17 0.9914448261260986 -0.13052630424499512 -2.898266165840438e-17 0.9914448261260986 -0.13052630424499512 -8.497276369922021e-17 0.9238796830177307 -0.38268330693244934 -8.497276369922021e-17 0.9238796830177307 -0.38268330693244934 -1.3517220440547082e-16 0.793353259563446 -0.6087614893913269 -1.3517220440547082e-16 0.793353259563446 -0.6087614893913269 -1.761598110857512e-16 0.6087614893913269 -0.793353259563446 -1.761598110857512e-16 0.6087614893913269 -0.793353259563446 -2.0514249921393517e-16 0.38268330693244934 -0.9238796830177307 -2.0514249921393517e-16 0.38268330693244934 -0.9238796830177307 -2.2014497472213593e-16 0.13052630424499512 -0.9914448261260986 -2.2014497472213593e-16 0.13052630424499512 -0.9914448261260986 -2.2014497472213593e-16 -0.13052630424499512 -0.9914448261260986 -2.2014497472213593e-16 -0.13052630424499512 -0.9914448261260986 -2.0514249921393517e-16 -0.38268330693244934 -0.9238796830177307 -2.0514249921393517e-16 -0.38268330693244934 -0.9238796830177307 -1.761598110857512e-16 -0.6087614893913269 -0.793353259563446 -1.761598110857512e-16 -0.6087614893913269 -0.793353259563446 -1.3517220440547082e-16 -0.793353259563446 -0.6087614893913269 -1.3517220440547082e-16 -0.793353259563446 -0.6087614893913269 -8.497276369922021e-17 -0.9238796830177307 -0.38268330693244934 -8.497276369922021e-17 -0.9238796830177307 -0.38268330693244934 -2.898266165840438e-17 -0.9914448261260986 -0.13052630424499512 -2.898266165840438e-17 -0.9914448261260986 -0.13052630424499512 2.898266165840438e-17 -0.9914448261260986 0.13052630424499512 2.898266165840438e-17 -0.9914448261260986 0.13052630424499512 8.497276369922021e-17 -0.9238796830177307 0.38268330693244934 8.497276369922021e-17 -0.9238796830177307 0.38268330693244934 1.3517220440547082e-16 -0.793353259563446 0.6087614893913269 1.3517220440547082e-16 -0.793353259563446 0.6087614893913269 1.761598110857512e-16 -0.6087614893913269 0.793353259563446 1.761598110857512e-16 -0.6087614893913269 0.793353259563446 1.0 2.220446049250313e-16 4.930380657631324e-32 1.0 2.220446049250313e-16 4.930380657631324e-32 1.0 2.220446049250313e-16 4.930380657631324e-32 1.0 2.220446049250313e-16 4.930380657631324e-32 1.0 2.220446049250313e-16 4.930380657631324e-32 1.0 2.220446049250313e-16 4.930380657631324e-32 1.0 2.220446049250313e-16 4.930380657631324e-32 1.0 2.220446049250313e-16 4.930380657631324e-32 1.0 2.220446049250313e-16 4.930380657631324e-32 1.0 2.220446049250313e-16 4.930380657631324e-32 1.0 2.220446049250313e-16 4.930380657631324e-32 1.0 2.220446049250313e-16 4.930380657631324e-32 1.0 2.220446049250313e-16 4.930380657631324e-32 1.0 2.220446049250313e-16 4.930380657631324e-32 1.0 2.220446049250313e-16 4.930380657631324e-32 1.0 2.220446049250313e-16 4.930380657631324e-32 1.0 2.220446049250313e-16 4.930380657631324e-32 1.0 2.220446049250313e-16 4.930380657631324e-32 1.0 2.220446049250313e-16 4.930380657631324e-32 1.0 2.220446049250313e-16 4.930380657631324e-32 1.0 2.220446049250313e-16 4.930380657631324e-32 1.0 2.220446049250313e-16 4.930380657631324e-32 2.0514249921393517e-16 -0.38268330693244934 0.9238796830177307 2.0514249921393517e-16 -0.38268330693244934 0.9238796830177307 2.2014497472213593e-16 -0.13052630424499512 0.9914448261260986 2.2014497472213593e-16 -0.13052630424499512 0.9914448261260986 -1.0 -2.220446049250313e-16 -4.930380657631324e-32 -1.0 -2.220446049250313e-16 -4.930380657631324e-32 -1.0 -2.220446049250313e-16 -4.930380657631324e-32 -1.0 -2.220446049250313e-16 -4.930380657631324e-32 -1.0 -2.220446049250313e-16 -4.930380657631324e-32 -1.0 -2.220446049250313e-16 -4.930380657631324e-32 -1.0 -2.220446049250313e-16 -4.930380657631324e-32 -1.0 -2.220446049250313e-16 -4.930380657631324e-32 -1.0 -2.220446049250313e-16 -4.930380657631324e-32 -1.0 -2.220446049250313e-16 -4.930380657631324e-32 -1.0 -2.220446049250313e-16 -4.930380657631324e-32 -1.0 -2.220446049250313e-16 -4.930380657631324e-32 -1.0 -2.220446049250313e-16 -4.930380657631324e-32 -1.0 -2.220446049250313e-16 -4.930380657631324e-32 -1.0 -2.220446049250313e-16 -4.930380657631324e-32 -1.0 -2.220446049250313e-16 -4.930380657631324e-32 -1.0 -2.220446049250313e-16 -4.930380657631324e-32 -1.0 -2.220446049250313e-16 -4.930380657631324e-32 -1.0 -2.220446049250313e-16 -4.930380657631324e-32 -1.0 -2.220446049250313e-16 -4.930380657631324e-32 -1.0 -2.220446049250313e-16 -4.930380657631324e-32 -1.0 -2.220446049250313e-16 -4.930380657631324e-32</float_array><technique_common><accessor source="#mesh46-normals-array" count="92" stride="3"><param name="X" type="float" /><param name="Y" type="float" /><param name="Z" type="float" /></accessor></technique_common></source><vertices id="mesh46-vertices"><input semantic="POSITION" source="#mesh46-positions" /></vertices><triangles count="92" material="copper"><input semantic="VERTEX" source="#mesh46-vertices" offset="0" /><input semantic="NORMAL" source="#mesh46-normals" offset="1" /><p>0 0 1 0 3 0 0 1 3 1 2 1 2 2 3 2 5 2 2 3 5 3 4 3 4 4 5 4 7 4 4 5 7 5 6 5 6 6 7 6 9 6 6 7 9 7 8 7 8 8 9 8 11 8 8 9 11 9 10 9 10 10 11 10 13 10 10 11 13 11 12 11 12 12 13 12 15 12 12 13 15 13 14 13 14 14 15 14 17 14 14 15 17 15 16 15 16 16 17 16 19 16 16 17 19 17 18 17 18 18 19 18 21 18 18 19 21 19 20 19 20 20 21 20 23 20 20 21 23 21 22 21 22 22 23 22 25 22 22 23 25 23 24 23 24 24 25 24 27 24 24 25 27 25 26 25 26 26 27 26 29 26 26 27 29 27 28 27 28 28 29 28 31 28 28 29 31 29 30 29 30 30 31 30 33 30 30 31 33 31 32 31 32 32 33 32 35 32 32 33 35 33 34 33 34 34 35 34 37 34 34 35 37 35 36 35 36 36 37 36 39 36 36 37 39 37 38 37 38 38 39 38 41 38 38 39 41 39 40 39 40 40 41 40 43 40 40 41 43 41 42 41 42 42 43 42 45 42 42 43 45 43 44 43 5 44 3 44 1 44 1 45 47 45 45 45 45 46 43 46 41 46 41 47 39 47 37 47 37 48 35 48 33 48 33 49 31 49 29 49 29 50 27 50 25 50 25 51 23 51 21 51 21 52 19 52 17 52 17 53 15 53 13 53 13 54 11 54 9 54 9 55 7 55 5 55 5 56 1 56 45 56 45 57 41 57 37 57 37 58 33 58 29 58 29 59 25 59 21 59 21 60 17 60 13 60 13 61 9 61 5 61 5 62 45 62 37 62 37 63 29 63 21 63 21 64 13 64 5 64 37 65 21 65 5 65 44 66 45 66 47 66 44 67 47 67 46 67 46 68 47 68 1 68 46 69 1 69 0 69 46 70 0 70 2 70 2 71 4 71 6 71 6 72 8 72 10 72 10 73 12 73 14 73 14 74 16 74 18 74 18 75 20 75 22 75 22 76 24 76 26 76 26 77 28 77 30 77 30 78 32 78 34 78 34 79 36 79 38 79 38 80 40 80 42 80 42 81 44 81 46 81 46 82 2 82 6 82 6 83 10 83 14 83 14 84 18 84 22 84 22 85 26 85 30 85 30 86 34 86 38 86 38 87 42 87 46 87 46 88 6 88 14 88 14 89 22 89 30 89 30 90 38 90 46 90 14 91 30 91 46 91</p></triangles></mesh></geometry><geometry id="mesh47"><mesh><source id="mesh47-positions"><float_array id="mesh47-array" count="72">-0.3500000238418579 -4.871103672744107e-18 0.021937500685453415 -0.3059999942779541 -4.871103672744107e-18 0.021937500685453415 -0.3500000238418579 0.010968750342726707 0.018998432904481888 -0.3059999942779541 0.010968750342726707 0.018998432904481888 -0.3500000238418579 0.018998432904481888 0.010968750342726707 -0.3059999942779541 0.018998432904481888 0.010968750342726707 -0.3500000238418579 0.021937500685453415 4.884981281880909e-18 -0.3059999942779541 0.021937500685453415 -4.884981281880909e-18 -0.3500000238418579 0.018998432904481888 -0.010968750342726707 -0.3059999942779541 0.018998432904481888 -0.010968750342726707 -0.3500000238418579 0.010968750342726707 -0.018998432904481888 -0.3059999942779541 0.010968750342726707 -0.018998432904481888 -0.3500000238418579 4.871103672744107e-18 -0.021937500685453415 -0.3059999942779541 4.871103672744107e-18 -0.021937500685453415 -0.3500000238418579 -0.010968750342726707 -0.018998432904481888 -0.3059999942779541 -0.010968750342726707 -0.018998432904481888 -0.3500000238418579 -0.018998432904481888 -0.010968750342726707 -0.3059999942779541 -0.018998432904481888 -0.010968750342726707 -0.3500000238418579 -0.021937500685453415 4.884981281880909e-18 -0.3059999942779541 -0.021937500685453415 -4.884981281880909e-18 -0.3500000238418579 -0.018998432904481888 0.010968750342726707 -0.3059999942779541 -0.018998432904481888 0.010968750342726707 -0.3500000238418579 -0.010968750342726707 0.018998432904481888 -0.3059999942779541 -0.010968750342726707 0.018998432904481888</float_array><technique_common><accessor source="#mesh47-array" count="24" stride="3"><param name="X" type="float" /><param name="Y" type="float" /><param name="Z" type="float" /></accessor></technique_common></source><source id="mesh47-normals"><float_array id="mesh47-normals-array" count="132">2.1447862870747008e-16 0.2588190734386444 0.9659258723258972 2.1447862870747008e-16 0.2588190734386444 0.9659258723258972 1.5700924318127872e-16 0.7071067690849304 0.7071067690849304 1.5700924318127872e-16 0.7071067690849304 0.7071067690849304 5.746937890874646e-17 0.9659258723258972 0.2588190734386444 5.746937890874646e-17 0.9659258723258972 0.2588190734386444 -5.746937890874646e-17 0.9659258723258972 -0.2588190734386444 -5.746937890874646e-17 0.9659258723258972 -0.2588190734386444 -1.5700924318127872e-16 0.7071067690849304 -0.7071067690849304 -1.5700924318127872e-16 0.7071067690849304 -0.7071067690849304 -2.1447862870747008e-16 0.2588190734386444 -0.9659258723258972 -2.1447862870747008e-16 0.2588190734386444 -0.9659258723258972 -2.1447862870747008e-16 -0.2588190734386444 -0.9659258723258972 -2.1447862870747008e-16 -0.2588190734386444 -0.9659258723258972 -1.5700924318127872e-16 -0.7071067690849304 -0.7071067690849304 -1.5700924318127872e-16 -0.7071067690849304 -0.7071067690849304 -5.746937890874646e-17 -0.9659258723258972 -0.2588190734386444 -5.746937890874646e-17 -0.9659258723258972 -0.2588190734386444 5.746937890874646e-17 -0.9659258723258972 0.2588190734386444 5.746937890874646e-17 -0.9659258723258972 0.2588190734386444 1.0 2.220446049250313e-16 4.930380657631324e-32 1.0 2.220446049250313e-16 4.930380657631324e-32 1.0 2.220446049250313e-16 4.930380657631324e-32 1.0 2.220446049250313e-16 4.930380657631324e-32 1.0 2.220446049250313e-16 4.930380657631324e-32 1.0 2.220446049250313e-16 4.930380657631324e-32 1.0 2.220446049250313e-16 4.930380657631324e-32 1.0 2.220446049250313e-16 4.930380657631324e-32 1.0 2.220446049250313e-16 4.930380657631324e-32 1.0 2.220446049250313e-16 4.930380657631324e-32 1.5700924318127872e-16 -0.7071067690849304 0.7071067690849304 1.5700924318127872e-16 -0.7071067690849304 0.7071067690849304 2.1447862870747008e-16 -0.2588190734386444 0.9659258723258972 2.1447862870747008e-16 -0.2588190734386444 0.9659258723258972 -1.0 -2.220446049250313e-16 -4.930380657631324e-32 -1.0 -2.220446049250313e-16 -4.930380657631324e-32 -1.0 -2.220446049250313e-16 -4.930380657631324e-32 -1.0 -2.220446049250313e-16 -4.930380657631324e-32 -1.0 -2.220446049250313e-16 -4.930380657631324e-32 -1.0 -2.220446049250313e-16 -4.930380657631324e-32 -1.0 -2.220446049250313e-16 -4.930380657631324e-32 -1.0 -2.220446049250313e-16 -4.930380657631324e-32 -1.0 -2.220446049250313e-16 -4.930380657631324e-32 -1.0 -2.220446049250313e-16 -4.930380657631324e-32</float_array><technique_common><accessor source="#mesh47-normals-array" count="44" stride="3"><param name="X" type="float" /><param name="Y" type="float" /><param name="Z" type="float" /></accessor></technique_common></source><vertices id="mesh47-vertices"><input semantic="POSITION" source="#mesh47-positions" /></vertices><triangles count="44" material="graphite"><input semantic="VERTEX" source="#mesh47-vertices" offset="0" /><input semantic="NORMAL" source="#mesh47-normals" offset="1" /><p>0 0 1 0 3 0 0 1 3 1 2 1 2 2 3 2 5 2 2 3 5 3 4 3 4 4 5 4 7 4 4 5 7 5 6 5 6 6 7 6 9 6 6 7 9 7 8 7 8 8 9 8 11 8 8 9 11 9 10 9 10 10 11 10 13 10 10 11 13 11 12 11 12 12 13 12 15 12 12 13 15 13 14 13 14 14 15 14 17 14 14 15 17 15 16 15 16 16 17 16 19 16 16 17 19 17 18 17 18 18 19 18 21 18 18 19 21 19 20 19 5 20 3 20 1 20 1 21 23 21 21 21 21 22 19 22 17 22 17 23 15 23 13 23 13 24 11 24 9 24 9 25 7 25 5 25 5 26 1 26 21 26 21 27 17 27 13 27 13 28 9 28 5 28 21 29 13 29 5 29 20 30 21 30 23 30 20 31 23 31 22 31 22 32 23 32 1 32 22 33 1 33 0 33 22 34 0 34 2 34 2 35 4 35 6 35 6 36 8 36 10 36 10 37 12 37 14 37 14 38 16 38 18 38 18 39 20 39 22 39 22 40 2 40 6 40 6 41 10 41 14 41 14 42 18 42 22 42 6 43 14 43 22 43</p></triangles></mesh></geometry><geometry id="mesh48"><mesh><source id="mesh48-positions"><float_array id="mesh48-array" count="288">-0.34738898277282715 -0.01901249960064888 -0.00896076112985611 -0.3428177535533905 -0.023512499406933784 -0.009608088992536068 -0.3445582687854767 -0.01901249960064888 -0.013884282670915127 -0.34675461053848267 -0.021259548142552376 -0.009033625945448875 -0.347623735666275 -0.01901249960064888 -0.011168917641043663 -0.3469725549221039 -0.02116445079445839 -0.01115037128329277 -0.34366321563720703 -0.02291131764650345 -0.011729765683412552 -0.34507670998573303 -0.02291131764650345 -0.009271234273910522 -0.3457912504673004 -0.022327344864606857 -0.011317654512822628 -0.3465847074985504 -0.01901249960064888 -0.0129761453717947 -0.34430208802223206 -0.021259548142552376 -0.013299384154379368 -0.3462410271167755 -0.02116445079445839 -0.0124227125197649 -0.3118128180503845 -0.01901249960064888 -0.014671918004751205 -0.3174417316913605 -0.01901249960064888 -0.018290717154741287 -0.31627291440963745 -0.023512499406933784 -0.013921625912189484 -0.31299567222595215 -0.01901249960064888 -0.01674814708530903 -0.3124120235443115 -0.021259548142552376 -0.014566468074917793 -0.31355276703834534 -0.02116445079445839 -0.016553785651922226 -0.31728893518447876 -0.021259548142552376 -0.017701810225844383 -0.3150618076324463 -0.01901249960064888 -0.018076464533805847 -0.31500738859176636 -0.02116445079445839 -0.017488960176706314 -0.3140491545200348 -0.02291131764650345 -0.014291065745055676 -0.3168599009513855 -0.02291131764650345 -0.01609809137880802 -0.31470534205436707 -0.022327344864606857 -0.01635989546775818 -0.30936890840530396 -0.01901249960064888 0.011315731331706047 -0.3061871826648712 -0.01901249960064888 0.005896919872611761 -0.31055784225463867 -0.023512499406933784 0.00697413319721818 -0.3073456287384033 -0.01901249960064888 0.010197624564170837 -0.30952808260917664 -0.021259548142552376 0.010735523886978626 -0.30759257078170776 -0.02116445079445839 0.009656807407736778 -0.3067714273929596 -0.021259548142552376 0.00604064529761672 -0.3061777353286743 -0.01901249960064888 0.008208596147596836 -0.30677032470703125 -0.02116445079445839 0.008256472647190094 -0.30996447801589966 -0.02291131764650345 0.009141897782683372 -0.3083757162094116 -0.02291131764650345 0.0064360471442341805 -0.3078998029232025 -0.022327344864606857 0.00853484682738781 -0.33861103653907776 -0.01901249960064888 0.013933258131146431 -0.33263111114501953 -0.01901249960064888 0.017056766897439957 -0.3342207074165344 -0.023512499406933784 0.012814058922231197 -0.33722683787345886 -0.01901249960064888 0.01589481718838215 -0.33802059292793274 -0.021259548142552376 0.013776245526969433 -0.33668720722198486 -0.02116445079445839 0.0156532134860754 -0.33283957839012146 -0.021259548142552376 0.016482464969158173 -0.3350318670272827 -0.01901249960064888 0.01704133115708828 -0.3351418673992157 -0.02116445079445839 0.016460392624139786 -0.3364090919494629 -0.02291131764650345 0.013365431688725948 -0.33342304825782776 -0.02291131764650345 0.014925137162208557 -0.3355526328086853 -0.022327344864606857 0.01536398846656084 -0.34738898277282715 -0.01901249960064888 -0.00896075926721096 -0.3445582687854767 -0.01901249960064888 -0.013884281739592552 -0.3428177535533905 -0.014512499794363976 -0.009608088992536068 -0.347623735666275 -0.01901249960064888 -0.011168915778398514 -0.34675461053848267 -0.016765451058745384 -0.0090336250141263 -0.3469725549221039 -0.01686054840683937 -0.011150370351970196 -0.34430208802223206 -0.016765451058745384 -0.013299383223056793 -0.3465847074985504 -0.01901249960064888 -0.012976143509149551 -0.3462410271167755 -0.01686054840683937 -0.012422711588442326 -0.34507670998573303 -0.015113682486116886 -0.009271233342587948 -0.34366321563720703 -0.015113682486116886 -0.011729764752089977 -0.3457912504673004 -0.015697654336690903 -0.011317653581500053 -0.3174417316913605 -0.01901249960064888 -0.018290717154741287 -0.3118128180503845 -0.01901249960064888 -0.014671919867396355 -0.31627291440963745 -0.014512499794363976 -0.013921625912189484 -0.3150618076324463 -0.01901249960064888 -0.018076462671160698 -0.31728893518447876 -0.016765451058745384 -0.017701808363199234 -0.31500738859176636 -0.01686054840683937 -0.017488958314061165 -0.3124120235443115 -0.016765451058745384 -0.014566468074917793 -0.31299567222595215 -0.01901249960064888 -0.016748148947954178 -0.31355276703834534 -0.01686054840683937 -0.016553785651922226 -0.3168599009513855 -0.015113682486116886 -0.016098089516162872 -0.3140491545200348 -0.015113682486116886 -0.014291065745055676 -0.31470534205436707 -0.015697654336690903 -0.01635989360511303 -0.3061871826648712 -0.01901249960064888 0.0058969175443053246 -0.30936890840530396 -0.01901249960064888 0.011315734125673771 -0.31055784225463867 -0.014512499794363976 0.00697413319721818 -0.3061777353286743 -0.01901249960064888 0.008208595216274261 -0.3067714273929596 -0.016765451058745384 0.006040642969310284 -0.30677032470703125 -0.01686054840683937 0.00825647171586752 -0.30952808260917664 -0.016765451058745384 0.01073552668094635 -0.3073456287384033 -0.01901249960064888 0.010197625495493412 -0.30759257078170776 -0.01686054840683937 0.009656807407736778 -0.3083757162094116 -0.015113682486116886 0.006436045281589031 -0.30996447801589966 -0.015113682486116886 0.009141898714005947 -0.3078998029232025 -0.015697654336690903 0.00853484682738781 -0.33861103653907776 -0.01901249960064888 0.01393325999379158 -0.3342207074165344 -0.014512499794363976 0.012814058922231197 -0.33263111114501953 -0.01901249960064888 0.017056768760085106 -0.33802059292793274 -0.016765451058745384 0.013776246458292007 -0.33722683787345886 -0.01901249960064888 0.015894819051027298 -0.33668720722198486 -0.01686054840683937 0.01565321534872055 -0.33342304825782776 -0.015113682486116886 0.014925137162208557 -0.3364090919494629 -0.015113682486116886 0.013365432620048523 -0.3355526328086853 -0.015697654336690903 0.015363989397883415 -0.3350318670272827 -0.01901249960064888 0.01704133301973343 -0.33283957839012146 -0.016765451058745384 0.016482464969158173 -0.3351418673992157 -0.01686054840683937 0.016460394486784935</float_array><technique_common><accessor source="#mesh48-array" count="96" stride="3"><param name="X" type="float" /><param name="Y" type="float" /><param name="Z" type="float" /></accessor></technique_common></source><source id="mesh48-normals"><float_array id="mesh48-normals-array" count="564">0.9580520391464233 0.2732716202735901 -0.08636591583490372 0.9524607062339783 0.2873420715332031 -0.10125772655010223 0.6981162428855896 0.7148797512054443 -0.03975822404026985 0.6981118321418762 0.7148838043212891 -0.0397619865834713 0.28891900181770325 0.9451026320457458 0.15266624093055725 0.2773013114929199 0.9451026320457458 0.17287316918373108 0.3168887197971344 0.7148827314376831 0.6233171820640564 0.3168877065181732 0.7148818969726562 0.623318612575531 0.3917087912559509 0.28734880685806274 0.874068021774292 0.40740013122558594 0.27327048778533936 0.8714059591293335 0.8376684784889221 0.2576292157173157 0.48160016536712646 0.8376601338386536 0.25763872265815735 0.4816095232963562 0.6740029454231262 0.628929078578949 0.38751545548439026 -0.8389214277267456 0.260346382856369 0.4779442250728607 -0.8355286717414856 0.24586385488510132 0.49136829376220703 -0.5285955667495728 0.2111031860113144 0.822205662727356 -0.5285952687263489 0.21110276877880096 0.8222060203552246 -0.10019181668758392 0.2458619624376297 0.9641128778457642 -0.08657044172286987 0.26034459471702576 0.9616268873214722 -0.09613728523254395 0.6804012656211853 0.7265065312385559 -0.09613711386919022 0.6804014444351196 0.7265063524246216 -0.19646798074245453 0.9255788326263428 0.32358038425445557 -0.21282869577407837 0.9255788922309875 0.31306201219558716 -0.6210425496101379 0.6804047226905823 0.38904446363449097 -0.6210476756095886 0.6804019212722778 0.3890411853790283 -0.4479708671569824 0.5601734519004822 0.6967982649803162 -0.46631038188934326 0.26557374000549316 -0.8438158631324768 -0.4806215465068817 0.25100263953208923 -0.8402383327484131 -0.8410871028900146 0.2206253856420517 -0.49385926127433777 -0.841081976890564 0.220631942152977 -0.4938650131225586 -0.9679301381111145 0.2510088384151459 -0.010290942154824734 -0.9640834927558899 0.2655702829360962 0.003940020687878132 -0.7205377817153931 0.6927931308746338 -0.02937813475728035 -0.7205337285995483 0.6927974224090576 -0.02937442436814308 -0.3147558271884918 0.9333323240280151 -0.1726836860179901 -0.3041650652885437 0.9333323836326599 -0.19072067737579346 -0.3767416775226593 0.6927920579910278 -0.6149023771286011 -0.37674155831336975 0.6927919387817383 -0.6149026155471802 -0.7010253667831421 0.5823459029197693 -0.4116268455982208 0.7888818383216858 0.2603226900100708 -0.5566843152046204 0.784278929233551 0.24588142335414886 -0.5696042776107788 0.4525814652442932 0.21077297627925873 -0.8664553165435791 0.452578067779541 0.2107689380645752 -0.8664580583572388 0.01944715902209282 0.24588026106357574 -0.9691051244735718 0.006207706872373819 0.26032817363739014 -0.9655002951622009 0.0350765734910965 0.6789905428886414 -0.7333086133003235 0.03507644683122635 0.6789907217025757 -0.7333084940910339 0.1678074300289154 0.9245699644088745 -0.34206879138946533 0.18488122522830963 0.9245700240135193 -0.33315056562423706 0.5818210244178772 0.6789906024932861 -0.4477231204509735 0.5818098187446594 0.6789963841438293 -0.4477289021015167 0.3842454254627228 0.5578489899635315 -0.7356356978416443 0.9524607062339783 -0.2873421013355255 -0.10125772655010223 0.9580519199371338 -0.2732716500759125 -0.08636590093374252 0.8376666903495789 -0.2576368749141693 0.4815991520881653 0.8376628160476685 -0.25762739777565 0.481611043214798 0.4074002206325531 -0.27327054738998413 0.8714060187339783 0.3917091190814972 -0.2873484492301941 0.8740680813789368 0.3168874979019165 -0.7148829698562622 0.6233174800872803 0.31688904762268066 -0.7148818373680115 0.6233180165290833 0.27730172872543335 -0.9451026320457458 0.1728726178407669 0.288918673992157 -0.9451025724411011 0.1526668220758438 0.6981155872344971 -0.714880108833313 -0.03976254165172577 0.698112428188324 -0.71488356590271 -0.03975609689950943 0.6740029454231262 -0.628929078578949 0.38751545548439026 -0.08657118678092957 -0.26034456491470337 0.9616268277168274 -0.10019183158874512 -0.2458627074956894 0.9641126990318298 -0.5285945534706116 -0.21110330522060394 0.8222063779830933 -0.5285944938659668 -0.2111034095287323 0.8222063183784485 -0.8355286121368408 -0.24586430191993713 0.49136829376220703 -0.8389213681221008 -0.26034677028656006 0.47794419527053833 -0.6210436820983887 -0.6804056763648987 0.3890410363674164 -0.6210454702377319 -0.6804011464118958 0.38904598355293274 -0.21282820403575897 -0.925578773021698 0.31306251883506775 -0.19646836817264557 -0.9255787134170532 0.3235802948474884 -0.09613711386919022 -0.6804015040397644 0.7265063524246216 -0.09613709151744843 -0.6804015636444092 0.7265063524246216 -0.44797009229660034 -0.5601738095283508 0.69679856300354 -0.9640834927558899 -0.2655702829360962 0.003940004389733076 -0.9679301381111145 -0.2510088086128235 -0.010290936566889286 -0.8410861492156982 -0.22063091397285461 -0.4938582181930542 -0.8410836458206177 -0.22062429785728455 -0.4938656687736511 -0.48062247037887573 -0.25100257992744446 -0.8402379155158997 -0.46631088852882385 -0.2655740976333618 -0.8438155055046082 -0.3767414093017578 -0.6927925944328308 -0.6149018406867981 -0.3767424523830414 -0.692791759967804 -0.6149021983146667 -0.30416542291641235 -0.9333323240280151 -0.19072000682353973 -0.31475555896759033 -0.9333323240280151 -0.17268405854701996 -0.7205371856689453 -0.6927938461303711 -0.0293742623180151 -0.7205342054367065 -0.6927967071533203 -0.029379580169916153 -0.7010256052017212 -0.5823458433151245 -0.4116266965866089 0.7842789888381958 -0.24588166177272797 -0.5696040987968445 0.7888818383216858 -0.2603227198123932 -0.5566843152046204 0.5818175077438354 -0.6789892911911011 -0.4477298855781555 0.5818145871162415 -0.6789989471435547 -0.4477188289165497 0.18488065898418427 -0.9245700836181641 -0.333150714635849 0.16780777275562286 -0.9245700240135193 -0.34206852316856384 0.0350758321583271 -0.6789908409118652 -0.7333083152770996 0.03507619351148605 -0.6789910197257996 -0.7333081960678101 0.0062077161855995655 -0.26032814383506775 -0.9655002951622009 0.01944640651345253 -0.2458810657262802 -0.9691049456596375 0.45258182287216187 -0.2107696384191513 -0.8664559721946716 0.4525775611400604 -0.21077366173267365 -0.8664571642875671 0.3842453360557556 -0.5578494071960449 -0.7356354594230652 0.9013581275939941 0.26099303364753723 -0.3455956280231476 0.9003961086273193 0.2653735876083374 -0.3447663486003876 0.6603366136550903 0.7071239948272705 -0.25284630060195923 0.6603224277496338 0.7071400284767151 -0.2528385818004608 0.2419866919517517 0.9658452868461609 -0.09265711903572083 0.2430604249238968 0.9655240774154663 -0.09319364279508591 -0.062090806663036346 0.9658411145210266 -0.2515864968299866 -0.06187105551362038 0.9660161733627319 -0.25096774101257324 -0.16925807297229767 0.7070956826210022 -0.6865620017051697 -0.16925498843193054 0.7071039080619812 -0.6865543127059937 -0.23106597363948822 0.26098746061325073 -0.9372801780700684 -0.2314598113298416 0.25855857133865356 -0.9378560185432434 -0.24932491779327393 0.9660160541534424 0.06819134950637817 -0.24976541101932526 0.9658899307250977 0.06836594641208649 -0.6820210814476013 0.7071044445037842 0.18668322265148163 -0.6820217370986938 0.7071036696434021 0.1866835504770279 -0.9317206144332886 0.25856468081474304 0.2550313472747803 -0.9313219785690308 0.26030299067497253 0.25471919775009155 0.041534364223480225 0.9658911228179932 0.2555960416793823 0.04186895489692688 0.9655303359031677 0.2569008767604828 0.11373883485794067 0.7071235179901123 0.697882354259491 0.11373305320739746 0.7071439623832703 0.6978625655174255 0.15530593693256378 0.2603106200695038 0.9529525637626648 0.15464624762535095 0.26534703373908997 0.9516698122024536 0.24195747077465057 -0.9658417105674744 -0.09277074784040451 0.24307996034622192 -0.9655303955078125 -0.09307573735713959 0.6603370904922485 -0.7071242928504944 -0.2528441846370697 0.6603215932846069 -0.7071400284767151 -0.2528405785560608 0.9015091061592102 -0.26100465655326843 -0.3451925218105316 0.9002494812011719 -0.2653454542160034 -0.3451705574989319 0.1548667550086975 -0.2603009343147278 0.9530265927314758 0.15508392453193665 -0.2653762996196747 0.9515904784202576 0.11373631656169891 -0.7071235775947571 0.6978827118873596 0.11373543739318848 -0.7071444988250732 0.6978617310523987 0.04165137931704521 -0.9658940434455872 0.25556594133377075 0.04175364226102829 -0.9655235409736633 0.2569454610347748 -0.931771993637085 -0.2585659325122833 0.25484228134155273 -0.9312713742256165 -0.2602984309196472 0.25490841269493103 -0.6820207834243774 -0.7071046829223633 0.1866833120584488 -0.6820216774940491 -0.7071037888526917 0.18668343126773834 -0.24931266903877258 -0.966015636920929 0.06824202835559845 -0.2497747242450714 -0.9658912420272827 0.06831436604261398 -0.23130272328853607 -0.2609947621822357 -0.9372196793556213 -0.23122237622737885 -0.258556991815567 -0.9379149675369263 -0.16925685107707977 -0.7070958018302917 -0.686562180519104 -0.16925591230392456 -0.7071045637130737 -0.686553418636322 -0.06202927604317665 -0.9658390283584595 -0.25160956382751465 -0.061933986842632294 -0.9660164713859558 -0.25095105171203613 0.0 -1.0 0.0 0.0 -1.0 0.0 0.0 -1.0 0.0 0.0 -1.0 0.0 0.0 1.0 0.0 0.0 1.0 0.0 0.0 1.0 0.0 0.0 1.0 0.0 0.0 1.0 0.0 0.0 -1.0 0.0 0.0 -1.0 0.0 0.0 0.0 0.0 0.0 1.0 0.0 0.0 1.0 0.0 0.0 1.0 0.0 0.0 -1.0 0.0 0.0 1.0 0.0 0.0 1.0 0.0 0.0 1.0 0.0 0.0 1.0 0.0 0.0 1.0 0.0 0.0 1.0 0.0 0.0 1.0 0.0 0.0 1.0 0.0 0.0 1.0 0.0 0.0 1.0 0.0 0.0 1.0 0.0 0.0 1.0 0.0 0.0 0.0 0.0 0.0 -1.0 0.0 0.0 1.0 0.0 0.0 0.0 0.0 0.0 1.0 0.0 0.0 1.0 0.0 0.0 -1.0 0.0 0.0 -1.0 0.0</float_array><technique_common><accessor source="#mesh48-normals-array" count="188" stride="3"><param name="X" type="float" /><param name="Y" type="float" /><param name="Z" type="float" /></accessor></technique_common></source><vertices id="mesh48-vertices"><input semantic="POSITION" source="#mesh48-positions" /></vertices><triangles count="188" material="ivory"><input semantic="VERTEX" source="#mesh48-vertices" offset="0" /><input semantic="NORMAL" source="#mesh48-normals" offset="1" /><p>0 0 3 0 5 0 0 1 5 1 4 1 3 2 7 2 8 2 3 3 8 3 5 3 1 4 6 4 8 4 1 5 8 5 7 5 6 6 10 6 11 6 6 7 11 7 8 7 2 8 9 8 11 8 2 9 11 9 10 9 9 10 4 10 5 10 9 11 5 11 11 11 5 12 8 12 11 12 12 13 15 13 17 13 12 14 17 14 16 14 15 15 19 15 20 15 15 16 20 16 17 16 13 17 18 17 20 17 13 18 20 18 19 18 18 19 22 19 23 19 18 20 23 20 20 20 14 21 21 21 23 21 14 22 23 22 22 22 21 23 16 23 17 23 21 24 17 24 23 24 17 25 20 25 23 25 24 26 27 26 29 26 24 27 29 27 28 27 27 28 31 28 32 28 27 29 32 29 29 29 25 30 30 30 32 30 25 31 32 31 31 31 30 32 34 32 35 32 30 33 35 33 32 33 26 34 33 34 35 34 26 35 35 35 34 35 33 36 28 36 29 36 33 37 29 37 35 37 29 38 32 38 35 38 36 39 39 39 41 39 36 40 41 40 40 40 39 41 43 41 44 41 39 42 44 42 41 42 37 43 42 43 44 43 37 44 44 44 43 44 42 45 46 45 47 45 42 46 47 46 44 46 38 47 45 47 47 47 38 48 47 48 46 48 45 49 40 49 41 49 45 50 41 50 47 50 41 51 44 51 47 51 48 52 51 52 53 52 48 53 53 53 52 53 51 54 55 54 56 54 51 55 56 55 53 55 49 56 54 56 56 56 49 57 56 57 55 57 54 58 58 58 59 58 54 59 59 59 56 59 50 60 57 60 59 60 50 61 59 61 58 61 57 62 52 62 53 62 57 63 53 63 59 63 53 64 56 64 59 64 60 65 63 65 65 65 60 66 65 66 64 66 63 67 67 67 68 67 63 68 68 68 65 68 61 69 66 69 68 69 61 70 68 70 67 70 66 71 70 71 71 71 66 72 71 72 68 72 62 73 69 73 71 73 62 74 71 74 70 74 69 75 64 75 65 75 69 76 65 76 71 76 65 77 68 77 71 77 72 78 75 78 77 78 72 79 77 79 76 79 75 80 79 80 80 80 75 81 80 81 77 81 73 82 78 82 80 82 73 83 80 83 79 83 78 84 82 84 83 84 78 85 83 85 80 85 74 86 81 86 83 86 74 87 83 87 82 87 81 88 76 88 77 88 81 89 77 89 83 89 77 90 80 90 83 90 84 91 87 91 89 91 84 92 89 92 88 92 87 93 91 93 92 93 87 94 92 94 89 94 85 95 90 95 92 95 85 96 92 96 91 96 90 97 94 97 95 97 90 98 95 98 92 98 86 99 93 99 95 99 86 100 95 100 94 100 93 101 88 101 89 101 93 102 89 102 95 102 89 103 92 103 95 103 0 104 36 104 40 104 0 105 40 105 3 105 3 106 40 106 45 106 3 107 45 107 7 107 7 108 45 108 38 108 7 109 38 109 1 109 26 110 38 110 46 110 26 111 46 111 33 111 33 112 46 112 42 112 33 113 42 113 28 113 28 114 42 114 37 114 28 115 37 115 24 115 14 116 26 116 34 116 14 117 34 117 21 117 21 118 34 118 30 118 21 119 30 119 16 119 16 120 30 120 25 120 16 121 25 121 12 121 1 122 14 122 22 122 1 123 22 123 6 123 6 124 22 124 18 124 6 125 18 125 10 125 10 126 18 126 13 126 10 127 13 127 2 127 50 128 85 128 91 128 50 129 91 129 57 129 57 130 91 130 87 130 57 131 87 131 52 131 52 132 87 132 84 132 52 133 84 133 48 133 49 134 60 134 64 134 49 135 64 135 54 135 54 136 64 136 69 136 54 137 69 137 58 137 58 138 69 138 62 138 58 139 62 139 50 139 61 140 72 140 76 140 61 141 76 141 66 141 66 142 76 142 81 142 66 143 81 143 70 143 70 144 81 144 74 144 70 145 74 145 62 145 73 146 86 146 94 146 73 147 94 147 78 147 78 148 94 148 90 148 78 149 90 149 82 149 82 150 90 150 85 150 82 151 85 151 74 151 2 152 49 152 55 152 2 153 55 153 9 153 9 154 55 154 51 154 9 155 51 155 4 155 4 156 51 156 48 156 4 157 48 157 0 157 12 158 61 158 67 158 12 159 67 159 15 159 15 160 67 160 19 160 67 161 63 161 19 161 19 162 63 162 60 162 19 163 60 163 13 163 24 164 73 164 79 164 24 165 79 165 27 165 27 166 79 166 31 166 79 167 75 167 31 167 31 168 75 168 72 168 31 169 72 169 25 169 36 170 84 170 88 170 36 171 88 171 39 171 39 172 88 172 93 172 39 173 93 173 43 173 43 174 93 174 86 174 43 175 86 175 37 175 36 176 0 176 48 176 36 177 48 177 84 177 38 178 26 178 14 178 38 179 14 179 1 179 2 180 13 180 60 180 2 181 60 181 49 181 12 182 25 182 72 182 12 183 72 183 61 183 24 184 37 184 86 184 24 185 86 185 73 185 50 186 62 186 74 186 50 187 74 187 85 187</p></triangles></mesh></geometry><geometry id="mesh49"><mesh><source id="mesh49-positions"><float_array id="mesh49-array" count="288">-0.34738898277282715 0.01901249960064888 -0.00896076112985611 -0.3428177535533905 0.014512499794363976 -0.009608088992536068 -0.3445582687854767 0.01901249960064888 -0.013884282670915127 -0.34675461053848267 0.016765451058745384 -0.009033625945448875 -0.347623735666275 0.01901249960064888 -0.011168917641043663 -0.3469725549221039 0.01686054840683937 -0.01115037128329277 -0.34366321563720703 0.015113682486116886 -0.011729765683412552 -0.34507670998573303 0.015113682486116886 -0.009271234273910522 -0.3457912504673004 0.015697654336690903 -0.011317654512822628 -0.3465847074985504 0.01901249960064888 -0.0129761453717947 -0.34430208802223206 0.016765451058745384 -0.013299384154379368 -0.3462410271167755 0.01686054840683937 -0.0124227125197649 -0.3118128180503845 0.01901249960064888 -0.014671918004751205 -0.3174417316913605 0.01901249960064888 -0.018290717154741287 -0.31627291440963745 0.014512499794363976 -0.013921625912189484 -0.31299567222595215 0.01901249960064888 -0.01674814708530903 -0.3124120235443115 0.016765451058745384 -0.014566468074917793 -0.31355276703834534 0.01686054840683937 -0.016553785651922226 -0.31728893518447876 0.016765451058745384 -0.017701810225844383 -0.3150618076324463 0.01901249960064888 -0.018076464533805847 -0.31500738859176636 0.01686054840683937 -0.017488960176706314 -0.3140491545200348 0.015113682486116886 -0.014291065745055676 -0.3168599009513855 0.015113682486116886 -0.01609809137880802 -0.31470534205436707 0.015697654336690903 -0.01635989546775818 -0.30936890840530396 0.01901249960064888 0.011315731331706047 -0.3061871826648712 0.01901249960064888 0.005896919872611761 -0.31055784225463867 0.014512499794363976 0.00697413319721818 -0.3073456287384033 0.01901249960064888 0.010197624564170837 -0.30952808260917664 0.016765451058745384 0.010735523886978626 -0.30759257078170776 0.01686054840683937 0.009656807407736778 -0.3067714273929596 0.016765451058745384 0.00604064529761672 -0.3061777353286743 0.01901249960064888 0.008208596147596836 -0.30677032470703125 0.01686054840683937 0.008256472647190094 -0.30996447801589966 0.015113682486116886 0.009141897782683372 -0.3083757162094116 0.015113682486116886 0.0064360471442341805 -0.3078998029232025 0.015697654336690903 0.00853484682738781 -0.33861103653907776 0.01901249960064888 0.013933258131146431 -0.33263111114501953 0.01901249960064888 0.017056766897439957 -0.3342207074165344 0.014512499794363976 0.012814058922231197 -0.33722683787345886 0.01901249960064888 0.01589481718838215 -0.33802059292793274 0.016765451058745384 0.013776245526969433 -0.33668720722198486 0.01686054840683937 0.0156532134860754 -0.33283957839012146 0.016765451058745384 0.016482464969158173 -0.3350318670272827 0.01901249960064888 0.01704133115708828 -0.3351418673992157 0.01686054840683937 0.016460392624139786 -0.3364090919494629 0.015113682486116886 0.013365431688725948 -0.33342304825782776 0.015113682486116886 0.014925137162208557 -0.3355526328086853 0.015697654336690903 0.01536398846656084 -0.34738898277282715 0.01901249960064888 -0.00896075926721096 -0.3445582687854767 0.01901249960064888 -0.013884281739592552 -0.3428177535533905 0.023512499406933784 -0.009608088992536068 -0.347623735666275 0.01901249960064888 -0.011168915778398514 -0.34675461053848267 0.021259548142552376 -0.0090336250141263 -0.3469725549221039 0.02116445079445839 -0.011150370351970196 -0.34430208802223206 0.021259548142552376 -0.013299383223056793 -0.3465847074985504 0.01901249960064888 -0.012976143509149551 -0.3462410271167755 0.02116445079445839 -0.012422711588442326 -0.34507670998573303 0.02291131764650345 -0.009271233342587948 -0.34366321563720703 0.02291131764650345 -0.011729764752089977 -0.3457912504673004 0.022327344864606857 -0.011317653581500053 -0.3174417316913605 0.01901249960064888 -0.018290717154741287 -0.3118128180503845 0.01901249960064888 -0.014671919867396355 -0.31627291440963745 0.023512499406933784 -0.013921625912189484 -0.3150618076324463 0.01901249960064888 -0.018076462671160698 -0.31728893518447876 0.021259548142552376 -0.017701808363199234 -0.31500738859176636 0.02116445079445839 -0.017488958314061165 -0.3124120235443115 0.021259548142552376 -0.014566468074917793 -0.31299567222595215 0.01901249960064888 -0.016748148947954178 -0.31355276703834534 0.02116445079445839 -0.016553785651922226 -0.3168599009513855 0.02291131764650345 -0.016098089516162872 -0.3140491545200348 0.02291131764650345 -0.014291065745055676 -0.31470534205436707 0.022327344864606857 -0.01635989360511303 -0.3061871826648712 0.01901249960064888 0.0058969175443053246 -0.30936890840530396 0.01901249960064888 0.011315734125673771 -0.31055784225463867 0.023512499406933784 0.00697413319721818 -0.3061777353286743 0.01901249960064888 0.008208595216274261 -0.3067714273929596 0.021259548142552376 0.006040642969310284 -0.30677032470703125 0.02116445079445839 0.00825647171586752 -0.30952808260917664 0.021259548142552376 0.01073552668094635 -0.3073456287384033 0.01901249960064888 0.010197625495493412 -0.30759257078170776 0.02116445079445839 0.009656807407736778 -0.3083757162094116 0.02291131764650345 0.006436045281589031 -0.30996447801589966 0.02291131764650345 0.009141898714005947 -0.3078998029232025 0.022327344864606857 0.00853484682738781 -0.33861103653907776 0.01901249960064888 0.01393325999379158 -0.3342207074165344 0.023512499406933784 0.012814058922231197 -0.33263111114501953 0.01901249960064888 0.017056768760085106 -0.33802059292793274 0.021259548142552376 0.013776246458292007 -0.33722683787345886 0.01901249960064888 0.015894819051027298 -0.33668720722198486 0.02116445079445839 0.01565321534872055 -0.33342304825782776 0.02291131764650345 0.014925137162208557 -0.3364090919494629 0.02291131764650345 0.013365432620048523 -0.3355526328086853 0.022327344864606857 0.015363989397883415 -0.3350318670272827 0.01901249960064888 0.01704133301973343 -0.33283957839012146 0.021259548142552376 0.016482464969158173 -0.3351418673992157 0.02116445079445839 0.016460394486784935</float_array><technique_common><accessor source="#mesh49-array" count="96" stride="3"><param name="X" type="float" /><param name="Y" type="float" /><param name="Z" type="float" /></accessor></technique_common></source><source id="mesh49-normals"><float_array id="mesh49-normals-array" count="564">0.9580520391464233 0.2732716202735901 -0.08636591583490372 0.9524607062339783 0.2873420715332031 -0.10125772655010223 0.6981160044670105 0.7148799896240234 -0.03975839540362358 0.6981118321418762 0.7148838043212891 -0.0397619865834713 0.28891870379447937 0.9451026320457458 0.15266677737236023 0.2773016393184662 0.9451026320457458 0.1728726476430893 0.3168886601924896 0.7148829102516174 0.6233169436454773 0.31688743829727173 0.714881956577301 0.6233187317848206 0.3917087912559509 0.28734880685806274 0.874068021774292 0.40740013122558594 0.27327048778533936 0.8714059591293335 0.8376684784889221 0.2576292157173157 0.48160016536712646 0.8376601338386536 0.25763872265815735 0.4816095232963562 0.6740029454231262 0.628929078578949 0.38751545548439026 -0.8389214277267456 0.260346382856369 0.4779442250728607 -0.8355286717414856 0.24586385488510132 0.49136829376220703 -0.5285955667495728 0.2111031860113144 0.822205662727356 -0.5285952687263489 0.21110276877880096 0.8222060203552246 -0.10019181668758392 0.2458619624376297 0.9641128778457642 -0.08657044172286987 0.26034459471702576 0.9616268873214722 -0.09613706916570663 0.6804015040397644 0.7265063524246216 -0.09613711386919022 0.6804014444351196 0.7265063524246216 -0.19646841287612915 0.9255788326263428 0.3235800564289093 -0.21282824873924255 0.9255788922309875 0.31306231021881104 -0.6210424304008484 0.6804049015045166 0.3890444040298462 -0.6210477948188782 0.6804019808769226 0.389041006565094 -0.4479708671569824 0.5601734519004822 0.6967982649803162 -0.46631038188934326 0.26557374000549316 -0.8438158631324768 -0.4806215465068817 0.25100263953208923 -0.8402383327484131 -0.8410871028900146 0.2206253856420517 -0.49385926127433777 -0.841081976890564 0.220631942152977 -0.4938650131225586 -0.9679301381111145 0.2510088384151459 -0.010290942154824734 -0.9640834927558899 0.2655702829360962 0.003940020687878132 -0.7205376029014587 0.6927933096885681 -0.02937793917953968 -0.7205337285995483 0.6927974224090576 -0.02937442436814308 -0.31475552916526794 0.9333323240280151 -0.17268413305282593 -0.3041653633117676 0.9333323836326599 -0.19072020053863525 -0.3767416179180145 0.6927922964096069 -0.6149021983146667 -0.3767412304878235 0.6927919387817383 -0.6149027347564697 -0.7010253667831421 0.5823459029197693 -0.4116268455982208 0.7888818383216858 0.2603226900100708 -0.5566843152046204 0.784278929233551 0.24588142335414886 -0.5696042776107788 0.4525814652442932 0.21077297627925873 -0.8664553165435791 0.452578067779541 0.2107689380645752 -0.8664580583572388 0.01944715902209282 0.24588026106357574 -0.9691051244735718 0.006207706872373819 0.26032817363739014 -0.9655002951622009 0.03507637977600098 0.6789907813072205 -0.7333084344863892 0.03507644683122635 0.6789907217025757 -0.7333084940910339 0.16780789196491241 0.9245700240135193 -0.3420685827732086 0.18488076329231262 0.9245700240135193 -0.33315080404281616 0.5818209052085876 0.6789908409118652 -0.4477231204509735 0.581809937953949 0.6789964437484741 -0.44772869348526 0.3842454254627228 0.5578489899635315 -0.7356356978416443 0.9524607062339783 -0.2873421013355255 -0.10125772655010223 0.9580519199371338 -0.2732716500759125 -0.08636590093374252 0.8376666903495789 -0.2576368749141693 0.4815991520881653 0.8376628160476685 -0.25762739777565 0.481611043214798 0.4074002206325531 -0.27327054738998413 0.8714060187339783 0.3917091190814972 -0.2873484492301941 0.8740680813789368 0.3168877959251404 -0.7148827910423279 0.6233175992965698 0.31688904762268066 -0.7148818373680115 0.6233180165290833 0.2773014008998871 -0.9451026320457458 0.17287316918373108 0.28891897201538086 -0.9451025724411011 0.15266630053520203 0.6981158256530762 -0.7148799300193787 -0.03976257145404816 0.6981124877929688 -0.71488356590271 -0.03975577652454376 0.6740029454231262 -0.628929078578949 0.38751545548439026 -0.08657118678092957 -0.26034456491470337 0.9616268277168274 -0.10019183158874512 -0.2458627074956894 0.9641126990318298 -0.5285945534706116 -0.21110330522060394 0.8222063779830933 -0.5285944938659668 -0.2111034095287323 0.8222063183784485 -0.8355286121368408 -0.24586430191993713 0.49136829376220703 -0.8389213681221008 -0.26034677028656006 0.47794419527053833 -0.6210438013076782 -0.6804054379463196 0.38904133439064026 -0.6210454702377319 -0.6804011464118958 0.38904598355293274 -0.2128286361694336 -0.925578773021698 0.31306225061416626 -0.19646793603897095 -0.9255787134170532 0.32358062267303467 -0.09613712877035141 -0.6804013252258301 0.7265065312385559 -0.09613732248544693 -0.6804014444351196 0.7265064120292664 -0.44797009229660034 -0.5601738095283508 0.69679856300354 -0.9640834927558899 -0.2655702829360962 0.003940004389733076 -0.9679301381111145 -0.2510088086128235 -0.010290936566889286 -0.8410861492156982 -0.22063091397285461 -0.4938582181930542 -0.8410836458206177 -0.22062429785728455 -0.4938656687736511 -0.48062247037887573 -0.25100257992744446 -0.8402379155158997 -0.46631088852882385 -0.2655740976333618 -0.8438155055046082 -0.37674179673194885 -0.6927924156188965 -0.6149019598960876 -0.3767424523830414 -0.692791759967804 -0.6149021983146667 -0.30416515469551086 -0.9333323240280151 -0.19072048366069794 -0.3147558569908142 -0.9333323240280151 -0.17268358170986176 -0.7205373644828796 -0.6927936673164368 -0.029374251142144203 -0.7205342650413513 -0.6927967071533203 -0.029379894956946373 -0.7010256052017212 -0.5823458433151245 -0.4116266965866089 0.7842789888381958 -0.24588166177272797 -0.5696040987968445 0.7888818383216858 -0.2603227198123932 -0.5566843152046204 0.5818175673484802 -0.6789889931678772 -0.4477301239967346 0.5818145871162415 -0.6789989471435547 -0.4477188289165497 0.1848810911178589 -0.9245700836181641 -0.3331505060195923 0.16780731081962585 -0.9245700240135193 -0.34206876158714294 0.03507582098245621 -0.6789906620979309 -0.7333084940910339 0.03507649526000023 -0.6789909601211548 -0.7333081960678101 0.0062077161855995655 -0.26032814383506775 -0.9655002951622009 0.01944640651345253 -0.2458810657262802 -0.9691049456596375 0.45258182287216187 -0.2107696384191513 -0.8664559721946716 0.4525775611400604 -0.21077366173267365 -0.8664571642875671 0.3842453360557556 -0.5578494071960449 -0.7356354594230652 0.9013581275939941 0.26099303364753723 -0.3455956280231476 0.9003961086273193 0.2653735876083374 -0.3447663486003876 0.660336434841156 0.7071241736412048 -0.25284627079963684 0.6603222489356995 0.7071402072906494 -0.25283852219581604 0.24198703467845917 0.9658451676368713 -0.09265725314617157 0.24306075274944305 0.9655238389968872 -0.09319377690553665 -0.06209089607000351 0.9658409953117371 -0.2515868544578552 -0.06187114492058754 0.9660160541534424 -0.2509681284427643 -0.1692580282688141 0.7070959210395813 -0.6865618228912354 -0.16925494372844696 0.7071040868759155 -0.6865541338920593 -0.23106597363948822 0.26098746061325073 -0.9372801780700684 -0.2314598113298416 0.25855857133865356 -0.9378560185432434 -0.24932527542114258 0.9660159349441528 0.06819144636392593 -0.2497657686471939 0.9658898115158081 0.06836604326963425 -0.6820208430290222 0.7071046829223633 0.18668317794799805 -0.6820215582847595 0.7071039080619812 0.18668349087238312 -0.9317206144332886 0.25856468081474304 0.2550313472747803 -0.9313219785690308 0.26030299067497253 0.25471919775009155 0.041534423828125 0.9658910036087036 0.25559642910957336 0.041869018226861954 0.9655303359031677 0.25690126419067383 0.1137387827038765 0.7071236968040466 0.6978821754455566 0.11373303085565567 0.7071442008018494 0.6978623867034912 0.15530593693256378 0.2603106200695038 0.9529525637626648 0.15464624762535095 0.26534703373908997 0.9516698122024536 0.24195711314678192 -0.9658418297767639 -0.09277061372995377 0.24307964742183685 -0.9655305743217468 -0.09307561069726944 0.6603372693061829 -0.7071240544319153 -0.2528442442417145 0.6603217720985413 -0.7071398496627808 -0.25284066796302795 0.9015091061592102 -0.26100465655326843 -0.3451925218105316 0.9002494812011719 -0.2653454542160034 -0.3451705574989319 0.1548667550086975 -0.2603009343147278 0.9530265927314758 0.15508392453193665 -0.2653762996196747 0.9515904784202576 0.1137363612651825 -0.7071233987808228 0.6978829503059387 0.11373546719551086 -0.7071443200111389 0.697861909866333 0.041651319712400436 -0.9658941626548767 0.2555655539035797 0.041753578931093216 -0.9655236005783081 0.25694507360458374 -0.931771993637085 -0.2585659325122833 0.25484228134155273 -0.9312713742256165 -0.2602984309196472 0.25490841269493103 -0.6820209622383118 -0.7071044445037842 0.18668337166309357 -0.6820219159126282 -0.7071035504341125 0.18668347597122192 -0.24931234121322632 -0.9660158157348633 0.06824193149805069 -0.24977433681488037 -0.9658912420272827 0.06831426173448563 -0.23130272328853607 -0.2609947621822357 -0.9372196793556213 -0.23122237622737885 -0.258556991815567 -0.9379149675369263 -0.16925689578056335 -0.7070956230163574 -0.6865623593330383 -0.16925597190856934 -0.7071043848991394 -0.6865535974502563 -0.06202918663620949 -0.965839147567749 -0.251609206199646 -0.06193389743566513 -0.9660165905952454 -0.2509506940841675 0.0 -1.0 0.0 0.0 -1.0 0.0 0.0 -1.0 0.0 0.0 -1.0 0.0 0.0 1.0 0.0 0.0 1.0 0.0 0.0 1.0 0.0 0.0 1.0 0.0 0.0 1.0 0.0 0.0 -1.0 0.0 0.0 -1.0 0.0 0.0 0.0 0.0 0.0 1.0 0.0 0.0 1.0 0.0 0.0 1.0 0.0 0.0 -1.0 0.0 0.0 1.0 0.0 0.0 1.0 0.0 0.0 1.0 0.0 0.0 1.0 0.0 0.0 1.0 0.0 0.0 1.0 0.0 0.0 1.0 0.0 0.0 1.0 0.0 0.0 1.0 0.0 0.0 1.0 0.0 0.0 1.0 0.0 0.0 1.0 0.0 0.0 0.0 0.0 0.0 -1.0 0.0 0.0 1.0 0.0 0.0 0.0 0.0 0.0 1.0 0.0 0.0 1.0 0.0 0.0 -1.0 0.0 0.0 -1.0 0.0</float_array><technique_common><accessor source="#mesh49-normals-array" count="188" stride="3"><param name="X" type="float" /><param name="Y" type="float" /><param name="Z" type="float" /></accessor></technique_common></source><vertices id="mesh49-vertices"><input semantic="POSITION" source="#mesh49-positions" /></vertices><triangles count="188" material="ivory"><input semantic="VERTEX" source="#mesh49-vertices" offset="0" /><input semantic="NORMAL" source="#mesh49-normals" offset="1" /><p>0 0 3 0 5 0 0 1 5 1 4 1 3 2 7 2 8 2 3 3 8 3 5 3 1 4 6 4 8 4 1 5 8 5 7 5 6 6 10 6 11 6 6 7 11 7 8 7 2 8 9 8 11 8 2 9 11 9 10 9 9 10 4 10 5 10 9 11 5 11 11 11 5 12 8 12 11 12 12 13 15 13 17 13 12 14 17 14 16 14 15 15 19 15 20 15 15 16 20 16 17 16 13 17 18 17 20 17 13 18 20 18 19 18 18 19 22 19 23 19 18 20 23 20 20 20 14 21 21 21 23 21 14 22 23 22 22 22 21 23 16 23 17 23 21 24 17 24 23 24 17 25 20 25 23 25 24 26 27 26 29 26 24 27 29 27 28 27 27 28 31 28 32 28 27 29 32 29 29 29 25 30 30 30 32 30 25 31 32 31 31 31 30 32 34 32 35 32 30 33 35 33 32 33 26 34 33 34 35 34 26 35 35 35 34 35 33 36 28 36 29 36 33 37 29 37 35 37 29 38 32 38 35 38 36 39 39 39 41 39 36 40 41 40 40 40 39 41 43 41 44 41 39 42 44 42 41 42 37 43 42 43 44 43 37 44 44 44 43 44 42 45 46 45 47 45 42 46 47 46 44 46 38 47 45 47 47 47 38 48 47 48 46 48 45 49 40 49 41 49 45 50 41 50 47 50 41 51 44 51 47 51 48 52 51 52 53 52 48 53 53 53 52 53 51 54 55 54 56 54 51 55 56 55 53 55 49 56 54 56 56 56 49 57 56 57 55 57 54 58 58 58 59 58 54 59 59 59 56 59 50 60 57 60 59 60 50 61 59 61 58 61 57 62 52 62 53 62 57 63 53 63 59 63 53 64 56 64 59 64 60 65 63 65 65 65 60 66 65 66 64 66 63 67 67 67 68 67 63 68 68 68 65 68 61 69 66 69 68 69 61 70 68 70 67 70 66 71 70 71 71 71 66 72 71 72 68 72 62 73 69 73 71 73 62 74 71 74 70 74 69 75 64 75 65 75 69 76 65 76 71 76 65 77 68 77 71 77 72 78 75 78 77 78 72 79 77 79 76 79 75 80 79 80 80 80 75 81 80 81 77 81 73 82 78 82 80 82 73 83 80 83 79 83 78 84 82 84 83 84 78 85 83 85 80 85 74 86 81 86 83 86 74 87 83 87 82 87 81 88 76 88 77 88 81 89 77 89 83 89 77 90 80 90 83 90 84 91 87 91 89 91 84 92 89 92 88 92 87 93 91 93 92 93 87 94 92 94 89 94 85 95 90 95 92 95 85 96 92 96 91 96 90 97 94 97 95 97 90 98 95 98 92 98 86 99 93 99 95 99 86 100 95 100 94 100 93 101 88 101 89 101 93 102 89 102 95 102 89 103 92 103 95 103 0 104 36 104 40 104 0 105 40 105 3 105 3 106 40 106 45 106 3 107 45 107 7 107 7 108 45 108 38 108 7 109 38 109 1 109 26 110 38 110 46 110 26 111 46 111 33 111 33 112 46 112 42 112 33 113 42 113 28 113 28 114 42 114 37 114 28 115 37 115 24 115 14 116 26 116 34 116 14 117 34 117 21 117 21 118 34 118 30 118 21 119 30 119 16 119 16 120 30 120 25 120 16 121 25 121 12 121 1 122 14 122 22 122 1 123 22 123 6 123 6 124 22 124 18 124 6 125 18 125 10 125 10 126 18 126 13 126 10 127 13 127 2 127 50 128 85 128 91 128 50 129 91 129 57 129 57 130 91 130 87 130 57 131 87 131 52 131 52 132 87 132 84 132 52 133 84 133 48 133 49 134 60 134 64 134 49 135 64 135 54 135 54 136 64 136 69 136 54 137 69 137 58 137 58 138 69 138 62 138 58 139 62 139 50 139 61 140 72 140 76 140 61 141 76 141 66 141 66 142 76 142 81 142 66 143 81 143 70 143 70 144 81 144 74 144 70 145 74 145 62 145 73 146 86 146 94 146 73 147 94 147 78 147 78 148 94 148 90 148 78 149 90 149 82 149 82 150 90 150 85 150 82 151 85 151 74 151 2 152 49 152 55 152 2 153 55 153 9 153 9 154 55 154 51 154 9 155 51 155 4 155 4 156 51 156 48 156 4 157 48 157 0 157 12 158 61 158 67 158 12 159 67 159 15 159 15 160 67 160 19 160 67 161 63 161 19 161 19 162 63 162 60 162 19 163 60 163 13 163 24 164 73 164 79 164 24 165 79 165 27 165 27 166 79 166 31 166 79 167 75 167 31 167 31 168 75 168 72 168 31 169 72 169 25 169 36 170 84 170 88 170 36 171 88 171 39 171 39 172 88 172 93 172 39 173 93 173 43 173 43 174 93 174 86 174 43 175 86 175 37 175 36 176 0 176 48 176 36 177 48 177 84 177 38 178 26 178 14 178 38 179 14 179 1 179 2 180 13 180 60 180 2 181 60 181 49 181 12 182 25 182 72 182 12 183 72 183 61 183 24 184 37 184 86 184 24 185 86 185 73 185 50 186 62 186 74 186 50 187 74 187 85 187</p></triangles></mesh></geometry><geometry id="mesh50"><mesh><source id="mesh50-positions"><float_array id="mesh50-array" count="144">-0.3630000054836273 -2.7278179078441897e-18 0.012284999713301659 -0.2980000078678131 -2.7278179078441897e-18 0.012284999713301659 -0.3630000054836273 0.0031795918475836515 0.01186639815568924 -0.2980000078678131 0.0031795918475836515 0.01186639815568924 -0.3630000054836273 0.006142499856650829 0.010639121755957603 -0.2980000078678131 0.006142499856650829 0.010639121755957603 -0.3630000054836273 0.008686806075274944 0.008686806075274944 -0.2980000078678131 0.008686806075274944 0.008686806075274944 -0.3630000054836273 0.010639121755957603 0.006142499856650829 -0.2980000078678131 0.010639121755957603 0.006142499856650829 -0.3630000054836273 0.01186639815568924 0.0031795918475836515 -0.2980000078678131 0.01186639815568924 0.0031795918475836515 -0.3630000054836273 0.012284999713301659 7.216449395365721e-18 -0.2980000078678131 0.012284999713301659 -7.216449395365721e-18 -0.3630000054836273 0.01186639815568924 -0.0031795918475836515 -0.2980000078678131 0.01186639815568924 -0.0031795918475836515 -0.3630000054836273 0.010639121755957603 -0.006142499856650829 -0.2980000078678131 0.010639121755957603 -0.006142499856650829 -0.3630000054836273 0.008686806075274944 -0.008686806075274944 -0.2980000078678131 0.008686806075274944 -0.008686806075274944 -0.3630000054836273 0.006142499856650829 -0.010639121755957603 -0.2980000078678131 0.006142499856650829 -0.010639121755957603 -0.3630000054836273 0.0031795918475836515 -0.01186639815568924 -0.2980000078678131 0.0031795918475836515 -0.01186639815568924 -0.3630000054836273 2.7278179078441897e-18 -0.012284999713301659 -0.2980000078678131 2.7278179078441897e-18 -0.012284999713301659 -0.3630000054836273 -0.0031795918475836515 -0.01186639815568924 -0.2980000078678131 -0.0031795918475836515 -0.01186639815568924 -0.3630000054836273 -0.006142499856650829 -0.010639121755957603 -0.2980000078678131 -0.006142499856650829 -0.010639121755957603 -0.3630000054836273 -0.008686806075274944 -0.008686806075274944 -0.2980000078678131 -0.008686806075274944 -0.008686806075274944 -0.3630000054836273 -0.010639121755957603 -0.006142499856650829 -0.2980000078678131 -0.010639121755957603 -0.006142499856650829 -0.3630000054836273 -0.01186639815568924 -0.0031795918475836515 -0.2980000078678131 -0.01186639815568924 -0.0031795918475836515 -0.3630000054836273 -0.012284999713301659 7.216449395365721e-18 -0.2980000078678131 -0.012284999713301659 -7.216449395365721e-18 -0.3630000054836273 -0.01186639815568924 0.0031795918475836515 -0.2980000078678131 -0.01186639815568924 0.0031795918475836515 -0.3630000054836273 -0.010639121755957603 0.006142499856650829 -0.2980000078678131 -0.010639121755957603 0.006142499856650829 -0.3630000054836273 -0.008686806075274944 0.008686806075274944 -0.2980000078678131 -0.008686806075274944 0.008686806075274944 -0.3630000054836273 -0.006142499856650829 0.010639121755957603 -0.2980000078678131 -0.006142499856650829 0.010639121755957603 -0.3630000054836273 -0.0031795918475836515 0.01186639815568924 -0.2980000078678131 -0.0031795918475836515 0.01186639815568924</float_array><technique_common><accessor source="#mesh50-array" count="48" stride="3"><param name="X" type="float" /><param name="Y" type="float" /><param name="Z" type="float" /></accessor></technique_common></source><source id="mesh50-normals"><float_array id="mesh50-normals-array" count="276">2.2014498795702573e-16 0.13052630424499512 0.9914448857307434 2.2014498795702573e-16 0.13052630424499512 0.9914448857307434 2.0514247274415557e-16 0.3826833963394165 0.9238795638084412 2.0514247274415557e-16 0.3826833963394165 0.9238795638084412 1.761597978508614e-16 0.6087616086006165 0.7933531999588013 1.761597978508614e-16 0.6087616086006165 0.7933531999588013 1.3517223087525042e-16 0.7933531999588013 0.6087616086006165 1.3517223087525042e-16 0.7933531999588013 0.6087616086006165 8.497278355155491e-17 0.9238795638084412 0.3826833963394165 8.497278355155491e-17 0.9238795638084412 0.3826833963394165 2.898266165840438e-17 0.9914448857307434 0.13052630424499512 2.898266165840438e-17 0.9914448857307434 0.13052630424499512 -2.898266165840438e-17 0.9914448857307434 -0.13052630424499512 -2.898266165840438e-17 0.9914448857307434 -0.13052630424499512 -8.497278355155491e-17 0.9238795638084412 -0.3826833963394165 -8.497278355155491e-17 0.9238795638084412 -0.3826833963394165 -1.3517223087525042e-16 0.7933531999588013 -0.6087616086006165 -1.3517223087525042e-16 0.7933531999588013 -0.6087616086006165 -1.761597978508614e-16 0.6087616086006165 -0.7933531999588013 -1.761597978508614e-16 0.6087616086006165 -0.7933531999588013 -2.0514247274415557e-16 0.3826833963394165 -0.9238795638084412 -2.0514247274415557e-16 0.3826833963394165 -0.9238795638084412 -2.2014498795702573e-16 0.13052630424499512 -0.9914448857307434 -2.2014498795702573e-16 0.13052630424499512 -0.9914448857307434 -2.2014498795702573e-16 -0.13052630424499512 -0.9914448857307434 -2.2014498795702573e-16 -0.13052630424499512 -0.9914448857307434 -2.0514247274415557e-16 -0.3826833963394165 -0.9238795638084412 -2.0514247274415557e-16 -0.3826833963394165 -0.9238795638084412 -1.761597978508614e-16 -0.6087616086006165 -0.7933531999588013 -1.761597978508614e-16 -0.6087616086006165 -0.7933531999588013 -1.3517223087525042e-16 -0.7933531999588013 -0.6087616086006165 -1.3517223087525042e-16 -0.7933531999588013 -0.6087616086006165 -8.497278355155491e-17 -0.9238795638084412 -0.3826833963394165 -8.497278355155491e-17 -0.9238795638084412 -0.3826833963394165 -2.898266165840438e-17 -0.9914448857307434 -0.13052630424499512 -2.898266165840438e-17 -0.9914448857307434 -0.13052630424499512 2.898266165840438e-17 -0.9914448857307434 0.13052630424499512 2.898266165840438e-17 -0.9914448857307434 0.13052630424499512 8.497278355155491e-17 -0.9238795638084412 0.3826833963394165 8.497278355155491e-17 -0.9238795638084412 0.3826833963394165 1.3517223087525042e-16 -0.7933531999588013 0.6087616086006165 1.3517223087525042e-16 -0.7933531999588013 0.6087616086006165 1.761597978508614e-16 -0.6087616086006165 0.7933531999588013 1.761597978508614e-16 -0.6087616086006165 0.7933531999588013 1.0 2.220446049250313e-16 4.930380657631324e-32 1.0 2.220446049250313e-16 4.930380657631324e-32 1.0 2.220446049250313e-16 4.930380657631324e-32 1.0 2.220446049250313e-16 4.930380657631324e-32 1.0 2.220446049250313e-16 4.930380657631324e-32 1.0 2.220446049250313e-16 4.930380657631324e-32 1.0 2.220446049250313e-16 4.930380657631324e-32 1.0 2.220446049250313e-16 4.930380657631324e-32 1.0 2.220446049250313e-16 4.930380657631324e-32 1.0 2.220446049250313e-16 4.930380657631324e-32 1.0 2.220446049250313e-16 4.930380657631324e-32 1.0 2.220446049250313e-16 4.930380657631324e-32 1.0 2.220446049250313e-16 4.930380657631324e-32 1.0 2.220446049250313e-16 4.930380657631324e-32 1.0 2.220446049250313e-16 4.930380657631324e-32 1.0 2.220446049250313e-16 4.930380657631324e-32 1.0 2.220446049250313e-16 4.930380657631324e-32 1.0 2.220446049250313e-16 4.930380657631324e-32 1.0 2.220446049250313e-16 4.930380657631324e-32 1.0 2.220446049250313e-16 4.930380657631324e-32 1.0 2.220446049250313e-16 4.930380657631324e-32 1.0 2.220446049250313e-16 4.930380657631324e-32 2.0514247274415557e-16 -0.3826833963394165 0.9238795638084412 2.0514247274415557e-16 -0.3826833963394165 0.9238795638084412 2.2014498795702573e-16 -0.13052630424499512 0.9914448857307434 2.2014498795702573e-16 -0.13052630424499512 0.9914448857307434 -1.0 -2.220446049250313e-16 -4.930380657631324e-32 -1.0 -2.220446049250313e-16 -4.930380657631324e-32 -1.0 -2.220446049250313e-16 -4.930380657631324e-32 -1.0 -2.220446049250313e-16 -4.930380657631324e-32 -1.0 -2.220446049250313e-16 -4.930380657631324e-32 -1.0 -2.220446049250313e-16 -4.930380657631324e-32 -1.0 -2.220446049250313e-16 -4.930380657631324e-32 -1.0 -2.220446049250313e-16 -4.930380657631324e-32 -1.0 -2.220446049250313e-16 -4.930380657631324e-32 -1.0 -2.220446049250313e-16 -4.930380657631324e-32 -1.0 -2.220446049250313e-16 -4.930380657631324e-32 -1.0 -2.220446049250313e-16 -4.930380657631324e-32 -1.0 -2.220446049250313e-16 -4.930380657631324e-32 -1.0 -2.220446049250313e-16 -4.930380657631324e-32 -1.0 -2.220446049250313e-16 -4.930380657631324e-32 -1.0 -2.220446049250313e-16 -4.930380657631324e-32 -1.0 -2.220446049250313e-16 -4.930380657631324e-32 -1.0 -2.220446049250313e-16 -4.930380657631324e-32 -1.0 -2.220446049250313e-16 -4.930380657631324e-32 -1.0 -2.220446049250313e-16 -4.930380657631324e-32 -1.0 -2.220446049250313e-16 -4.930380657631324e-32 -1.0 -2.220446049250313e-16 -4.930380657631324e-32</float_array><technique_common><accessor source="#mesh50-normals-array" count="92" stride="3"><param name="X" type="float" /><param name="Y" type="float" /><param name="Z" type="float" /></accessor></technique_common></source><vertices id="mesh50-vertices"><input semantic="POSITION" source="#mesh50-positions" /></vertices><triangles count="92" material="graphite"><input semantic="VERTEX" source="#mesh50-vertices" offset="0" /><input semantic="NORMAL" source="#mesh50-normals" offset="1" /><p>0 0 1 0 3 0 0 1 3 1 2 1 2 2 3 2 5 2 2 3 5 3 4 3 4 4 5 4 7 4 4 5 7 5 6 5 6 6 7 6 9 6 6 7 9 7 8 7 8 8 9 8 11 8 8 9 11 9 10 9 10 10 11 10 13 10 10 11 13 11 12 11 12 12 13 12 15 12 12 13 15 13 14 13 14 14 15 14 17 14 14 15 17 15 16 15 16 16 17 16 19 16 16 17 19 17 18 17 18 18 19 18 21 18 18 19 21 19 20 19 20 20 21 20 23 20 20 21 23 21 22 21 22 22 23 22 25 22 22 23 25 23 24 23 24 24 25 24 27 24 24 25 27 25 26 25 26 26 27 26 29 26 26 27 29 27 28 27 28 28 29 28 31 28 28 29 31 29 30 29 30 30 31 30 33 30 30 31 33 31 32 31 32 32 33 32 35 32 32 33 35 33 34 33 34 34 35 34 37 34 34 35 37 35 36 35 36 36 37 36 39 36 36 37 39 37 38 37 38 38 39 38 41 38 38 39 41 39 40 39 40 40 41 40 43 40 40 41 43 41 42 41 42 42 43 42 45 42 42 43 45 43 44 43 5 44 3 44 1 44 1 45 47 45 45 45 45 46 43 46 41 46 41 47 39 47 37 47 37 48 35 48 33 48 33 49 31 49 29 49 29 50 27 50 25 50 25 51 23 51 21 51 21 52 19 52 17 52 17 53 15 53 13 53 13 54 11 54 9 54 9 55 7 55 5 55 5 56 1 56 45 56 45 57 41 57 37 57 37 58 33 58 29 58 29 59 25 59 21 59 21 60 17 60 13 60 13 61 9 61 5 61 5 62 45 62 37 62 37 63 29 63 21 63 21 64 13 64 5 64 37 65 21 65 5 65 44 66 45 66 47 66 44 67 47 67 46 67 46 68 47 68 1 68 46 69 1 69 0 69 46 70 0 70 2 70 2 71 4 71 6 71 6 72 8 72 10 72 10 73 12 73 14 73 14 74 16 74 18 74 18 75 20 75 22 75 22 76 24 76 26 76 26 77 28 77 30 77 30 78 32 78 34 78 34 79 36 79 38 79 38 80 40 80 42 80 42 81 44 81 46 81 46 82 2 82 6 82 6 83 10 83 14 83 14 84 18 84 22 84 22 85 26 85 30 85 30 86 34 86 38 86 38 87 42 87 46 87 46 88 6 88 14 88 14 89 22 89 30 89 30 90 38 90 46 90 14 91 30 91 46 91</p></triangles></mesh></geometry><geometry id="mesh51"><mesh><source id="mesh51-positions"><float_array id="mesh51-array" count="144">-0.35199999809265137 -0.021059999242424965 0.004999999888241291 -0.30400002002716064 -0.021059999242424965 0.004999999888241291 -0.35199999809265137 -0.019765904173254967 0.004829628858715296 -0.30400002002716064 -0.019765904173254967 0.004829628858715296 -0.35199999809265137 -0.018559999763965607 0.0043301270343363285 -0.30400002002716064 -0.018559999763965607 0.0043301270343363285 -0.35199999809265137 -0.017524465918540955 0.0035355337895452976 -0.30400002002716064 -0.017524465918540955 0.0035355337895452976 -0.35199999809265137 -0.016729872673749924 0.0024999999441206455 -0.30400002002716064 -0.016729872673749924 0.0024999999441206455 -0.35199999809265137 -0.016230370849370956 0.00129409518558532 -0.30400002002716064 -0.016230370849370956 0.00129409518558532 -0.35199999809265137 -0.0160599984228611 5.329071391703478e-18 -0.30400002002716064 -0.0160599984228611 -5.329071391703478e-18 -0.35199999809265137 -0.016230370849370956 -0.00129409518558532 -0.30400002002716064 -0.016230370849370956 -0.00129409518558532 -0.35199999809265137 -0.016729872673749924 -0.0024999999441206455 -0.30400002002716064 -0.016729872673749924 -0.0024999999441206455 -0.35199999809265137 -0.017524465918540955 -0.0035355337895452976 -0.30400002002716064 -0.017524465918540955 -0.0035355337895452976 -0.35199999809265137 -0.018559999763965607 -0.0043301270343363285 -0.30400002002716064 -0.018559999763965607 -0.0043301270343363285 -0.35199999809265137 -0.019765904173254967 -0.004829628858715296 -0.30400002002716064 -0.019765904173254967 -0.004829628858715296 -0.35199999809265137 -0.021059999242424965 -0.004999999888241291 -0.30400002002716064 -0.021059999242424965 -0.004999999888241291 -0.35199999809265137 -0.022354094311594963 -0.004829628858715296 -0.30400002002716064 -0.022354094311594963 -0.004829628858715296 -0.35199999809265137 -0.023559998720884323 -0.0043301270343363285 -0.30400002002716064 -0.023559998720884323 -0.0043301270343363285 -0.35199999809265137 -0.024595532566308975 -0.0035355337895452976 -0.30400002002716064 -0.024595532566308975 -0.0035355337895452976 -0.35199999809265137 -0.025390125811100006 -0.0024999999441206455 -0.30400002002716064 -0.025390125811100006 -0.0024999999441206455 -0.35199999809265137 -0.025889627635478973 -0.00129409518558532 -0.30400002002716064 -0.025889627635478973 -0.00129409518558532 -0.35199999809265137 -0.02606000006198883 5.329071391703478e-18 -0.30400002002716064 -0.02606000006198883 -5.329071391703478e-18 -0.35199999809265137 -0.025889627635478973 0.00129409518558532 -0.30400002002716064 -0.025889627635478973 0.00129409518558532 -0.35199999809265137 -0.025390125811100006 0.0024999999441206455 -0.30400002002716064 -0.025390125811100006 0.0024999999441206455 -0.35199999809265137 -0.024595532566308975 0.0035355337895452976 -0.30400002002716064 -0.024595532566308975 0.0035355337895452976 -0.35199999809265137 -0.023559998720884323 0.0043301270343363285 -0.30400002002716064 -0.023559998720884323 0.0043301270343363285 -0.35199999809265137 -0.022354094311594963 0.004829628858715296 -0.30400002002716064 -0.022354094311594963 0.004829628858715296</float_array><technique_common><accessor source="#mesh51-array" count="48" stride="3"><param name="X" type="float" /><param name="Y" type="float" /><param name="Z" type="float" /></accessor></technique_common></source><source id="mesh51-normals"><float_array id="mesh51-normals-array" count="276">2.2014497472213593e-16 0.13052630424499512 0.9914448261260986 2.2014497472213593e-16 0.13052630424499512 0.9914448261260986 2.0514249921393517e-16 0.38268330693244934 0.9238796830177307 2.0514249921393517e-16 0.38268330693244934 0.9238796830177307 1.761598110857512e-16 0.6087614893913269 0.793353259563446 1.761598110857512e-16 0.6087614893913269 0.793353259563446 1.3517220440547082e-16 0.793353259563446 0.6087614893913269 1.3517220440547082e-16 0.793353259563446 0.6087614893913269 8.497276369922021e-17 0.9238796830177307 0.38268330693244934 8.497276369922021e-17 0.9238796830177307 0.38268330693244934 2.898266165840438e-17 0.9914448261260986 0.13052630424499512 2.898266165840438e-17 0.9914448261260986 0.13052630424499512 -2.898266165840438e-17 0.9914448261260986 -0.13052630424499512 -2.898266165840438e-17 0.9914448261260986 -0.13052630424499512 -8.497276369922021e-17 0.9238796830177307 -0.38268330693244934 -8.497276369922021e-17 0.9238796830177307 -0.38268330693244934 -1.3517220440547082e-16 0.793353259563446 -0.6087614893913269 -1.3517220440547082e-16 0.793353259563446 -0.6087614893913269 -1.761598110857512e-16 0.6087614893913269 -0.793353259563446 -1.761598110857512e-16 0.6087614893913269 -0.793353259563446 -2.0514249921393517e-16 0.38268330693244934 -0.9238796830177307 -2.0514249921393517e-16 0.38268330693244934 -0.9238796830177307 -2.2014497472213593e-16 0.13052630424499512 -0.9914448261260986 -2.2014497472213593e-16 0.13052630424499512 -0.9914448261260986 -2.2014497472213593e-16 -0.13052630424499512 -0.9914448261260986 -2.2014497472213593e-16 -0.13052630424499512 -0.9914448261260986 -2.0514249921393517e-16 -0.38268330693244934 -0.9238796830177307 -2.0514249921393517e-16 -0.38268330693244934 -0.9238796830177307 -1.761598110857512e-16 -0.6087614893913269 -0.793353259563446 -1.761598110857512e-16 -0.6087614893913269 -0.793353259563446 -1.3517220440547082e-16 -0.793353259563446 -0.6087614893913269 -1.3517220440547082e-16 -0.793353259563446 -0.6087614893913269 -8.497276369922021e-17 -0.9238796830177307 -0.38268330693244934 -8.497276369922021e-17 -0.9238796830177307 -0.38268330693244934 -2.898266165840438e-17 -0.9914448261260986 -0.13052630424499512 -2.898266165840438e-17 -0.9914448261260986 -0.13052630424499512 2.898266165840438e-17 -0.9914448261260986 0.13052630424499512 2.898266165840438e-17 -0.9914448261260986 0.13052630424499512 8.497276369922021e-17 -0.9238796830177307 0.38268330693244934 8.497276369922021e-17 -0.9238796830177307 0.38268330693244934 1.3517220440547082e-16 -0.793353259563446 0.6087614893913269 1.3517220440547082e-16 -0.793353259563446 0.6087614893913269 1.761598110857512e-16 -0.6087614893913269 0.793353259563446 1.761598110857512e-16 -0.6087614893913269 0.793353259563446 1.0 2.220446049250313e-16 4.930380657631324e-32 1.0 2.220446049250313e-16 4.930380657631324e-32 1.0 2.220446049250313e-16 4.930380657631324e-32 1.0 2.220446049250313e-16 4.930380657631324e-32 1.0 2.220446049250313e-16 4.930380657631324e-32 1.0 2.220446049250313e-16 4.930380657631324e-32 1.0 2.220446049250313e-16 4.930380657631324e-32 1.0 2.220446049250313e-16 4.930380657631324e-32 1.0 2.220446049250313e-16 4.930380657631324e-32 1.0 2.220446049250313e-16 4.930380657631324e-32 1.0 2.220446049250313e-16 4.930380657631324e-32 1.0 2.220446049250313e-16 4.930380657631324e-32 1.0 2.220446049250313e-16 4.930380657631324e-32 1.0 2.220446049250313e-16 4.930380657631324e-32 1.0 2.220446049250313e-16 4.930380657631324e-32 1.0 2.220446049250313e-16 4.930380657631324e-32 1.0 2.220446049250313e-16 4.930380657631324e-32 1.0 2.220446049250313e-16 4.930380657631324e-32 1.0 2.220446049250313e-16 4.930380657631324e-32 1.0 2.220446049250313e-16 4.930380657631324e-32 1.0 2.220446049250313e-16 4.930380657631324e-32 1.0 2.220446049250313e-16 4.930380657631324e-32 2.0514249921393517e-16 -0.38268330693244934 0.9238796830177307 2.0514249921393517e-16 -0.38268330693244934 0.9238796830177307 2.2014497472213593e-16 -0.13052630424499512 0.9914448261260986 2.2014497472213593e-16 -0.13052630424499512 0.9914448261260986 -1.0 -2.220446049250313e-16 -4.930380657631324e-32 -1.0 -2.220446049250313e-16 -4.930380657631324e-32 -1.0 -2.220446049250313e-16 -4.930380657631324e-32 -1.0 -2.220446049250313e-16 -4.930380657631324e-32 -1.0 -2.220446049250313e-16 -4.930380657631324e-32 -1.0 -2.220446049250313e-16 -4.930380657631324e-32 -1.0 -2.220446049250313e-16 -4.930380657631324e-32 -1.0 -2.220446049250313e-16 -4.930380657631324e-32 -1.0 -2.220446049250313e-16 -4.930380657631324e-32 -1.0 -2.220446049250313e-16 -4.930380657631324e-32 -1.0 -2.220446049250313e-16 -4.930380657631324e-32 -1.0 -2.220446049250313e-16 -4.930380657631324e-32 -1.0 -2.220446049250313e-16 -4.930380657631324e-32 -1.0 -2.220446049250313e-16 -4.930380657631324e-32 -1.0 -2.220446049250313e-16 -4.930380657631324e-32 -1.0 -2.220446049250313e-16 -4.930380657631324e-32 -1.0 -2.220446049250313e-16 -4.930380657631324e-32 -1.0 -2.220446049250313e-16 -4.930380657631324e-32 -1.0 -2.220446049250313e-16 -4.930380657631324e-32 -1.0 -2.220446049250313e-16 -4.930380657631324e-32 -1.0 -2.220446049250313e-16 -4.930380657631324e-32 -1.0 -2.220446049250313e-16 -4.930380657631324e-32</float_array><technique_common><accessor source="#mesh51-normals-array" count="92" stride="3"><param name="X" type="float" /><param name="Y" type="float" /><param name="Z" type="float" /></accessor></technique_common></source><vertices id="mesh51-vertices"><input semantic="POSITION" source="#mesh51-positions" /></vertices><triangles count="92" material="copper"><input semantic="VERTEX" source="#mesh51-vertices" offset="0" /><input semantic="NORMAL" source="#mesh51-normals" offset="1" /><p>0 0 1 0 3 0 0 1 3 1 2 1 2 2 3 2 5 2 2 3 5 3 4 3 4 4 5 4 7 4 4 5 7 5 6 5 6 6 7 6 9 6 6 7 9 7 8 7 8 8 9 8 11 8 8 9 11 9 10 9 10 10 11 10 13 10 10 11 13 11 12 11 12 12 13 12 15 12 12 13 15 13 14 13 14 14 15 14 17 14 14 15 17 15 16 15 16 16 17 16 19 16 16 17 19 17 18 17 18 18 19 18 21 18 18 19 21 19 20 19 20 20 21 20 23 20 20 21 23 21 22 21 22 22 23 22 25 22 22 23 25 23 24 23 24 24 25 24 27 24 24 25 27 25 26 25 26 26 27 26 29 26 26 27 29 27 28 27 28 28 29 28 31 28 28 29 31 29 30 29 30 30 31 30 33 30 30 31 33 31 32 31 32 32 33 32 35 32 32 33 35 33 34 33 34 34 35 34 37 34 34 35 37 35 36 35 36 36 37 36 39 36 36 37 39 37 38 37 38 38 39 38 41 38 38 39 41 39 40 39 40 40 41 40 43 40 40 41 43 41 42 41 42 42 43 42 45 42 42 43 45 43 44 43 5 44 3 44 1 44 1 45 47 45 45 45 45 46 43 46 41 46 41 47 39 47 37 47 37 48 35 48 33 48 33 49 31 49 29 49 29 50 27 50 25 50 25 51 23 51 21 51 21 52 19 52 17 52 17 53 15 53 13 53 13 54 11 54 9 54 9 55 7 55 5 55 5 56 1 56 45 56 45 57 41 57 37 57 37 58 33 58 29 58 29 59 25 59 21 59 21 60 17 60 13 60 13 61 9 61 5 61 5 62 45 62 37 62 37 63 29 63 21 63 21 64 13 64 5 64 37 65 21 65 5 65 44 66 45 66 47 66 44 67 47 67 46 67 46 68 47 68 1 68 46 69 1 69 0 69 46 70 0 70 2 70 2 71 4 71 6 71 6 72 8 72 10 72 10 73 12 73 14 73 14 74 16 74 18 74 18 75 20 75 22 75 22 76 24 76 26 76 26 77 28 77 30 77 30 78 32 78 34 78 34 79 36 79 38 79 38 80 40 80 42 80 42 81 44 81 46 81 46 82 2 82 6 82 6 83 10 83 14 83 14 84 18 84 22 84 22 85 26 85 30 85 30 86 34 86 38 86 38 87 42 87 46 87 46 88 6 88 14 88 14 89 22 89 30 89 30 90 38 90 46 90 14 91 30 91 46 91</p></triangles></mesh></geometry><geometry id="mesh52"><mesh><source id="mesh52-positions"><float_array id="mesh52-array" count="144">-0.35199999809265137 0.021059999242424965 0.004999999888241291 -0.30400002002716064 0.021059999242424965 0.004999999888241291 -0.35199999809265137 0.022354094311594963 0.004829628858715296 -0.30400002002716064 0.022354094311594963 0.004829628858715296 -0.35199999809265137 0.023559998720884323 0.0043301270343363285 -0.30400002002716064 0.023559998720884323 0.0043301270343363285 -0.35199999809265137 0.024595532566308975 0.0035355337895452976 -0.30400002002716064 0.024595532566308975 0.0035355337895452976 -0.35199999809265137 0.025390125811100006 0.0024999999441206455 -0.30400002002716064 0.025390125811100006 0.0024999999441206455 -0.35199999809265137 0.025889627635478973 0.00129409518558532 -0.30400002002716064 0.025889627635478973 0.00129409518558532 -0.35199999809265137 0.02606000006198883 5.329071391703478e-18 -0.30400002002716064 0.02606000006198883 -5.329071391703478e-18 -0.35199999809265137 0.025889627635478973 -0.00129409518558532 -0.30400002002716064 0.025889627635478973 -0.00129409518558532 -0.35199999809265137 0.025390125811100006 -0.0024999999441206455 -0.30400002002716064 0.025390125811100006 -0.0024999999441206455 -0.35199999809265137 0.024595532566308975 -0.0035355337895452976 -0.30400002002716064 0.024595532566308975 -0.0035355337895452976 -0.35199999809265137 0.023559998720884323 -0.0043301270343363285 -0.30400002002716064 0.023559998720884323 -0.0043301270343363285 -0.35199999809265137 0.022354094311594963 -0.004829628858715296 -0.30400002002716064 0.022354094311594963 -0.004829628858715296 -0.35199999809265137 0.021059999242424965 -0.004999999888241291 -0.30400002002716064 0.021059999242424965 -0.004999999888241291 -0.35199999809265137 0.019765904173254967 -0.004829628858715296 -0.30400002002716064 0.019765904173254967 -0.004829628858715296 -0.35199999809265137 0.018559999763965607 -0.0043301270343363285 -0.30400002002716064 0.018559999763965607 -0.0043301270343363285 -0.35199999809265137 0.017524465918540955 -0.0035355337895452976 -0.30400002002716064 0.017524465918540955 -0.0035355337895452976 -0.35199999809265137 0.016729872673749924 -0.0024999999441206455 -0.30400002002716064 0.016729872673749924 -0.0024999999441206455 -0.35199999809265137 0.016230370849370956 -0.00129409518558532 -0.30400002002716064 0.016230370849370956 -0.00129409518558532 -0.35199999809265137 0.0160599984228611 5.329071391703478e-18 -0.30400002002716064 0.0160599984228611 -5.329071391703478e-18 -0.35199999809265137 0.016230370849370956 0.00129409518558532 -0.30400002002716064 0.016230370849370956 0.00129409518558532 -0.35199999809265137 0.016729872673749924 0.0024999999441206455 -0.30400002002716064 0.016729872673749924 0.0024999999441206455 -0.35199999809265137 0.017524465918540955 0.0035355337895452976 -0.30400002002716064 0.017524465918540955 0.0035355337895452976 -0.35199999809265137 0.018559999763965607 0.0043301270343363285 -0.30400002002716064 0.018559999763965607 0.0043301270343363285 -0.35199999809265137 0.019765904173254967 0.004829628858715296 -0.30400002002716064 0.019765904173254967 0.004829628858715296</float_array><technique_common><accessor source="#mesh52-array" count="48" stride="3"><param name="X" type="float" /><param name="Y" type="float" /><param name="Z" type="float" /></accessor></technique_common></source><source id="mesh52-normals"><float_array id="mesh52-normals-array" count="276">2.2014497472213593e-16 0.13052630424499512 0.9914448261260986 2.2014497472213593e-16 0.13052630424499512 0.9914448261260986 2.0514249921393517e-16 0.38268330693244934 0.9238796830177307 2.0514249921393517e-16 0.38268330693244934 0.9238796830177307 1.761598110857512e-16 0.6087614893913269 0.793353259563446 1.761598110857512e-16 0.6087614893913269 0.793353259563446 1.3517220440547082e-16 0.793353259563446 0.6087614893913269 1.3517220440547082e-16 0.793353259563446 0.6087614893913269 8.497276369922021e-17 0.9238796830177307 0.38268330693244934 8.497276369922021e-17 0.9238796830177307 0.38268330693244934 2.898266165840438e-17 0.9914448261260986 0.13052630424499512 2.898266165840438e-17 0.9914448261260986 0.13052630424499512 -2.898266165840438e-17 0.9914448261260986 -0.13052630424499512 -2.898266165840438e-17 0.9914448261260986 -0.13052630424499512 -8.497276369922021e-17 0.9238796830177307 -0.38268330693244934 -8.497276369922021e-17 0.9238796830177307 -0.38268330693244934 -1.3517220440547082e-16 0.793353259563446 -0.6087614893913269 -1.3517220440547082e-16 0.793353259563446 -0.6087614893913269 -1.761598110857512e-16 0.6087614893913269 -0.793353259563446 -1.761598110857512e-16 0.6087614893913269 -0.793353259563446 -2.0514249921393517e-16 0.38268330693244934 -0.9238796830177307 -2.0514249921393517e-16 0.38268330693244934 -0.9238796830177307 -2.2014497472213593e-16 0.13052630424499512 -0.9914448261260986 -2.2014497472213593e-16 0.13052630424499512 -0.9914448261260986 -2.2014497472213593e-16 -0.13052630424499512 -0.9914448261260986 -2.2014497472213593e-16 -0.13052630424499512 -0.9914448261260986 -2.0514249921393517e-16 -0.38268330693244934 -0.9238796830177307 -2.0514249921393517e-16 -0.38268330693244934 -0.9238796830177307 -1.761598110857512e-16 -0.6087614893913269 -0.793353259563446 -1.761598110857512e-16 -0.6087614893913269 -0.793353259563446 -1.3517220440547082e-16 -0.793353259563446 -0.6087614893913269 -1.3517220440547082e-16 -0.793353259563446 -0.6087614893913269 -8.497276369922021e-17 -0.9238796830177307 -0.38268330693244934 -8.497276369922021e-17 -0.9238796830177307 -0.38268330693244934 -2.898266165840438e-17 -0.9914448261260986 -0.13052630424499512 -2.898266165840438e-17 -0.9914448261260986 -0.13052630424499512 2.898266165840438e-17 -0.9914448261260986 0.13052630424499512 2.898266165840438e-17 -0.9914448261260986 0.13052630424499512 8.497276369922021e-17 -0.9238796830177307 0.38268330693244934 8.497276369922021e-17 -0.9238796830177307 0.38268330693244934 1.3517220440547082e-16 -0.793353259563446 0.6087614893913269 1.3517220440547082e-16 -0.793353259563446 0.6087614893913269 1.761598110857512e-16 -0.6087614893913269 0.793353259563446 1.761598110857512e-16 -0.6087614893913269 0.793353259563446 1.0 2.220446049250313e-16 4.930380657631324e-32 1.0 2.220446049250313e-16 4.930380657631324e-32 1.0 2.220446049250313e-16 4.930380657631324e-32 1.0 2.220446049250313e-16 4.930380657631324e-32 1.0 2.220446049250313e-16 4.930380657631324e-32 1.0 2.220446049250313e-16 4.930380657631324e-32 1.0 2.220446049250313e-16 4.930380657631324e-32 1.0 2.220446049250313e-16 4.930380657631324e-32 1.0 2.220446049250313e-16 4.930380657631324e-32 1.0 2.220446049250313e-16 4.930380657631324e-32 1.0 2.220446049250313e-16 4.930380657631324e-32 1.0 2.220446049250313e-16 4.930380657631324e-32 1.0 2.220446049250313e-16 4.930380657631324e-32 1.0 2.220446049250313e-16 4.930380657631324e-32 1.0 2.220446049250313e-16 4.930380657631324e-32 1.0 2.220446049250313e-16 4.930380657631324e-32 1.0 2.220446049250313e-16 4.930380657631324e-32 1.0 2.220446049250313e-16 4.930380657631324e-32 1.0 2.220446049250313e-16 4.930380657631324e-32 1.0 2.220446049250313e-16 4.930380657631324e-32 1.0 2.220446049250313e-16 4.930380657631324e-32 1.0 2.220446049250313e-16 4.930380657631324e-32 2.0514249921393517e-16 -0.38268330693244934 0.9238796830177307 2.0514249921393517e-16 -0.38268330693244934 0.9238796830177307 2.2014497472213593e-16 -0.13052630424499512 0.9914448261260986 2.2014497472213593e-16 -0.13052630424499512 0.9914448261260986 -1.0 -2.220446049250313e-16 -4.930380657631324e-32 -1.0 -2.220446049250313e-16 -4.930380657631324e-32 -1.0 -2.220446049250313e-16 -4.930380657631324e-32 -1.0 -2.220446049250313e-16 -4.930380657631324e-32 -1.0 -2.220446049250313e-16 -4.930380657631324e-32 -1.0 -2.220446049250313e-16 -4.930380657631324e-32 -1.0 -2.220446049250313e-16 -4.930380657631324e-32 -1.0 -2.220446049250313e-16 -4.930380657631324e-32 -1.0 -2.220446049250313e-16 -4.930380657631324e-32 -1.0 -2.220446049250313e-16 -4.930380657631324e-32 -1.0 -2.220446049250313e-16 -4.930380657631324e-32 -1.0 -2.220446049250313e-16 -4.930380657631324e-32 -1.0 -2.220446049250313e-16 -4.930380657631324e-32 -1.0 -2.220446049250313e-16 -4.930380657631324e-32 -1.0 -2.220446049250313e-16 -4.930380657631324e-32 -1.0 -2.220446049250313e-16 -4.930380657631324e-32 -1.0 -2.220446049250313e-16 -4.930380657631324e-32 -1.0 -2.220446049250313e-16 -4.930380657631324e-32 -1.0 -2.220446049250313e-16 -4.930380657631324e-32 -1.0 -2.220446049250313e-16 -4.930380657631324e-32 -1.0 -2.220446049250313e-16 -4.930380657631324e-32 -1.0 -2.220446049250313e-16 -4.930380657631324e-32</float_array><technique_common><accessor source="#mesh52-normals-array" count="92" stride="3"><param name="X" type="float" /><param name="Y" type="float" /><param name="Z" type="float" /></accessor></technique_common></source><vertices id="mesh52-vertices"><input semantic="POSITION" source="#mesh52-positions" /></vertices><triangles count="92" material="copper"><input semantic="VERTEX" source="#mesh52-vertices" offset="0" /><input semantic="NORMAL" source="#mesh52-normals" offset="1" /><p>0 0 1 0 3 0 0 1 3 1 2 1 2 2 3 2 5 2 2 3 5 3 4 3 4 4 5 4 7 4 4 5 7 5 6 5 6 6 7 6 9 6 6 7 9 7 8 7 8 8 9 8 11 8 8 9 11 9 10 9 10 10 11 10 13 10 10 11 13 11 12 11 12 12 13 12 15 12 12 13 15 13 14 13 14 14 15 14 17 14 14 15 17 15 16 15 16 16 17 16 19 16 16 17 19 17 18 17 18 18 19 18 21 18 18 19 21 19 20 19 20 20 21 20 23 20 20 21 23 21 22 21 22 22 23 22 25 22 22 23 25 23 24 23 24 24 25 24 27 24 24 25 27 25 26 25 26 26 27 26 29 26 26 27 29 27 28 27 28 28 29 28 31 28 28 29 31 29 30 29 30 30 31 30 33 30 30 31 33 31 32 31 32 32 33 32 35 32 32 33 35 33 34 33 34 34 35 34 37 34 34 35 37 35 36 35 36 36 37 36 39 36 36 37 39 37 38 37 38 38 39 38 41 38 38 39 41 39 40 39 40 40 41 40 43 40 40 41 43 41 42 41 42 42 43 42 45 42 42 43 45 43 44 43 5 44 3 44 1 44 1 45 47 45 45 45 45 46 43 46 41 46 41 47 39 47 37 47 37 48 35 48 33 48 33 49 31 49 29 49 29 50 27 50 25 50 25 51 23 51 21 51 21 52 19 52 17 52 17 53 15 53 13 53 13 54 11 54 9 54 9 55 7 55 5 55 5 56 1 56 45 56 45 57 41 57 37 57 37 58 33 58 29 58 29 59 25 59 21 59 21 60 17 60 13 60 13 61 9 61 5 61 5 62 45 62 37 62 37 63 29 63 21 63 21 64 13 64 5 64 37 65 21 65 5 65 44 66 45 66 47 66 44 67 47 67 46 67 46 68 47 68 1 68 46 69 1 69 0 69 46 70 0 70 2 70 2 71 4 71 6 71 6 72 8 72 10 72 10 73 12 73 14 73 14 74 16 74 18 74 18 75 20 75 22 75 22 76 24 76 26 76 26 77 28 77 30 77 30 78 32 78 34 78 34 79 36 79 38 79 38 80 40 80 42 80 42 81 44 81 46 81 46 82 2 82 6 82 6 83 10 83 14 83 14 84 18 84 22 84 22 85 26 85 30 85 30 86 34 86 38 86 38 87 42 87 46 87 46 88 6 88 14 88 14 89 22 89 30 89 30 90 38 90 46 90 14 91 30 91 46 91</p></triangles></mesh></geometry><geometry id="mesh53"><mesh><source id="mesh53-positions"><float_array id="mesh53-array" count="72">-0.409000039100647 -4.3465230990558405e-18 0.019574999809265137 -0.36500000953674316 -4.3465230990558405e-18 0.019574999809265137 -0.409000039100647 0.009787499904632568 0.016952447593212128 -0.36500000953674316 0.009787499904632568 0.016952447593212128 -0.409000039100647 0.016952447593212128 0.009787499904632568 -0.36500000953674316 0.016952447593212128 0.009787499904632568 -0.409000039100647 0.019574999809265137 4.884981281880909e-18 -0.36500000953674316 0.019574999809265137 -4.884981281880909e-18 -0.409000039100647 0.016952447593212128 -0.009787499904632568 -0.36500000953674316 0.016952447593212128 -0.009787499904632568 -0.409000039100647 0.009787499904632568 -0.016952447593212128 -0.36500000953674316 0.009787499904632568 -0.016952447593212128 -0.409000039100647 4.3465230990558405e-18 -0.019574999809265137 -0.36500000953674316 4.3465230990558405e-18 -0.019574999809265137 -0.409000039100647 -0.009787499904632568 -0.016952447593212128 -0.36500000953674316 -0.009787499904632568 -0.016952447593212128 -0.409000039100647 -0.016952447593212128 -0.009787499904632568 -0.36500000953674316 -0.016952447593212128 -0.009787499904632568 -0.409000039100647 -0.019574999809265137 4.884981281880909e-18 -0.36500000953674316 -0.019574999809265137 -4.884981281880909e-18 -0.409000039100647 -0.016952447593212128 0.009787499904632568 -0.36500000953674316 -0.016952447593212128 0.009787499904632568 -0.409000039100647 -0.009787499904632568 0.016952447593212128 -0.36500000953674316 -0.009787499904632568 0.016952447593212128</float_array><technique_common><accessor source="#mesh53-array" count="24" stride="3"><param name="X" type="float" /><param name="Y" type="float" /><param name="Z" type="float" /></accessor></technique_common></source><source id="mesh53-normals"><float_array id="mesh53-normals-array" count="132">2.1447862870747008e-16 0.25881901383399963 0.9659258723258972 2.1447862870747008e-16 0.25881901383399963 0.9659258723258972 1.5700924318127872e-16 0.7071067690849304 0.7071067690849304 1.5700924318127872e-16 0.7071067690849304 0.7071067690849304 5.746936567385666e-17 0.9659258723258972 0.25881901383399963 5.746936567385666e-17 0.9659258723258972 0.25881901383399963 -5.746936567385666e-17 0.9659258723258972 -0.25881901383399963 -5.746936567385666e-17 0.9659258723258972 -0.25881901383399963 -1.5700924318127872e-16 0.7071067690849304 -0.7071067690849304 -1.5700924318127872e-16 0.7071067690849304 -0.7071067690849304 -2.1447862870747008e-16 0.25881901383399963 -0.9659258723258972 -2.1447862870747008e-16 0.25881901383399963 -0.9659258723258972 -2.1447862870747008e-16 -0.25881901383399963 -0.9659258723258972 -2.1447862870747008e-16 -0.25881901383399963 -0.9659258723258972 -1.5700924318127872e-16 -0.7071067690849304 -0.7071067690849304 -1.5700924318127872e-16 -0.7071067690849304 -0.7071067690849304 -5.746936567385666e-17 -0.9659258723258972 -0.25881901383399963 -5.746936567385666e-17 -0.9659258723258972 -0.25881901383399963 5.746936567385666e-17 -0.9659258723258972 0.25881901383399963 5.746936567385666e-17 -0.9659258723258972 0.25881901383399963 1.0 2.220446049250313e-16 4.930380657631324e-32 1.0 2.220446049250313e-16 4.930380657631324e-32 1.0 2.220446049250313e-16 4.930380657631324e-32 1.0 2.220446049250313e-16 4.930380657631324e-32 1.0 2.220446049250313e-16 4.930380657631324e-32 1.0 2.220446049250313e-16 4.930380657631324e-32 1.0 2.220446049250313e-16 4.930380657631324e-32 1.0 2.220446049250313e-16 4.930380657631324e-32 1.0 2.220446049250313e-16 4.930380657631324e-32 1.0 2.220446049250313e-16 4.930380657631324e-32 1.5700924318127872e-16 -0.7071067690849304 0.7071067690849304 1.5700924318127872e-16 -0.7071067690849304 0.7071067690849304 2.1447862870747008e-16 -0.25881901383399963 0.9659258723258972 2.1447862870747008e-16 -0.25881901383399963 0.9659258723258972 -1.0 -2.220446049250313e-16 -4.930380657631324e-32 -1.0 -2.220446049250313e-16 -4.930380657631324e-32 -1.0 -2.220446049250313e-16 -4.930380657631324e-32 -1.0 -2.220446049250313e-16 -4.930380657631324e-32 -1.0 -2.220446049250313e-16 -4.930380657631324e-32 -1.0 -2.220446049250313e-16 -4.930380657631324e-32 -1.0 -2.220446049250313e-16 -4.930380657631324e-32 -1.0 -2.220446049250313e-16 -4.930380657631324e-32 -1.0 -2.220446049250313e-16 -4.930380657631324e-32 -1.0 -2.220446049250313e-16 -4.930380657631324e-32</float_array><technique_common><accessor source="#mesh53-normals-array" count="44" stride="3"><param name="X" type="float" /><param name="Y" type="float" /><param name="Z" type="float" /></accessor></technique_common></source><vertices id="mesh53-vertices"><input semantic="POSITION" source="#mesh53-positions" /></vertices><triangles count="44" material="graphite"><input semantic="VERTEX" source="#mesh53-vertices" offset="0" /><input semantic="NORMAL" source="#mesh53-normals" offset="1" /><p>0 0 1 0 3 0 0 1 3 1 2 1 2 2 3 2 5 2 2 3 5 3 4 3 4 4 5 4 7 4 4 5 7 5 6 5 6 6 7 6 9 6 6 7 9 7 8 7 8 8 9 8 11 8 8 9 11 9 10 9 10 10 11 10 13 10 10 11 13 11 12 11 12 12 13 12 15 12 12 13 15 13 14 13 14 14 15 14 17 14 14 15 17 15 16 15 16 16 17 16 19 16 16 17 19 17 18 17 18 18 19 18 21 18 18 19 21 19 20 19 5 20 3 20 1 20 1 21 23 21 21 21 21 22 19 22 17 22 17 23 15 23 13 23 13 24 11 24 9 24 9 25 7 25 5 25 5 26 1 26 21 26 21 27 17 27 13 27 13 28 9 28 5 28 21 29 13 29 5 29 20 30 21 30 23 30 20 31 23 31 22 31 22 32 23 32 1 32 22 33 1 33 0 33 22 34 0 34 2 34 2 35 4 35 6 35 6 36 8 36 10 36 10 37 12 37 14 37 14 38 16 38 18 38 18 39 20 39 22 39 22 40 2 40 6 40 6 41 10 41 14 41 14 42 18 42 22 42 6 43 14 43 22 43</p></triangles></mesh></geometry><geometry id="mesh54"><mesh><source id="mesh54-positions"><float_array id="mesh54-array" count="288">-0.40622344613075256 -0.016964999958872795 -0.007610526867210865 -0.40155017375946045 -0.0214649997651577 -0.008133163675665855 -0.4035465717315674 -0.016964999958872795 -0.012390746735036373 -0.40555888414382935 -0.01921204850077629 -0.007657836657017469 -0.40655577182769775 -0.016964999958872795 -0.009783835150301456 -0.4058711528778076 -0.019116951152682304 -0.00974153820425272 -0.40250682830810547 -0.020863816142082214 -0.01023664977401495 -0.4038435220718384 -0.020863816142082214 -0.007849675603210926 -0.40466347336769104 -0.02027984708547592 -0.009876597672700882 -0.4055732190608978 -0.016964999958872795 -0.011538461782038212 -0.4032396376132965 -0.01921204850077629 -0.011799436993896961 -0.4051794111728668 -0.019116953015327454 -0.010976847261190414 -0.3706812560558319 -0.016964999958872795 -0.012662572786211967 -0.3764534294605255 -0.016964999958872795 -0.01631925255060196 -0.3751719295978546 -0.0214649997651577 -0.011958010494709015 -0.3719279170036316 -0.016964999958872795 -0.014735450968146324 -0.371288001537323 -0.01921204850077629 -0.01255769096314907 -0.37248969078063965 -0.019116953015327454 -0.014542230404913425 -0.376289039850235 -0.01921204850077629 -0.01572585292160511 -0.37404665350914 -0.016964999958872795 -0.016077671200037003 -0.3739813268184662 -0.019116951152682304 -0.015487193129956722 -0.37293633818626404 -0.020863816142082214 -0.012299074791371822 -0.3758186399936676 -0.020863816142082214 -0.014125015586614609 -0.3736501634120941 -0.02027984708547592 -0.0143601568415761 -0.3683947026729584 -0.016964999958872795 0.01010279729962349 -0.36531874537467957 -0.016964999958872795 0.004832573235034943 -0.3697320818901062 -0.0214649997651577 0.005789485294371843 -0.3663730323314667 -0.016964999958872795 0.009046737104654312 -0.3685767948627472 -0.01921204850077629 0.009524564258754253 -0.36664289236068726 -0.019116953015327454 0.008505432866513729 -0.3659117817878723 -0.01921204850077629 0.004958422388881445 -0.36524397134780884 -0.016964999958872795 0.0071122488006949425 -0.36584800481796265 -0.019116951152682304 0.007143496535718441 -0.3690676987171173 -0.020863816142082214 0.007941320538520813 -0.3675317168235779 -0.020863816142082214 0.0053096660412848 -0.36698848009109497 -0.02027984708547592 0.0073907822370529175 -0.3977765440940857 -0.016964999958872795 0.012047527357935905 -0.39160528779029846 -0.016964999958872795 0.015214204788208008 -0.3933343291282654 -0.0214649997651577 0.010987146757543087 -0.3963109850883484 -0.016964999958872795 0.013999688439071178 -0.3971743583679199 -0.01921204850077629 0.011888932436704636 -0.3957632780075073 -0.019116953015327454 0.013757601380348206 -0.3918275535106659 -0.01921204850077629 0.014632553793489933 -0.39404577016830444 -0.016964999958872795 0.015162048861384392 -0.394168496131897 -0.019116951152682304 0.014575937762856483 -0.39554381370544434 -0.020863816142082214 0.011499709449708462 -0.39246222376823425 -0.020863816142082214 0.013080970384180546 -0.3946153223514557 -0.02027984708547592 0.013483576476573944 -0.40622344613075256 -0.016964999958872795 -0.00761052779853344 -0.4035465717315674 -0.016964999958872795 -0.012390747666358948 -0.40155017375946045 -0.01246500015258789 -0.008133163675665855 -0.40655577182769775 -0.016964999958872795 -0.009783835150301456 -0.40555888414382935 -0.014717952348291874 -0.007657836191356182 -0.4058711528778076 -0.014813047833740711 -0.009741537272930145 -0.4032396376132965 -0.014717952348291874 -0.011799436993896961 -0.4055732190608978 -0.016964999958872795 -0.011538461782038212 -0.4051794111728668 -0.014813047833740711 -0.01097684632986784 -0.4038435220718384 -0.013066182844340801 -0.007849674671888351 -0.40250682830810547 -0.013066182844340801 -0.010236648842692375 -0.40466347336769104 -0.013650153763592243 -0.009876597672700882 -0.3764534294605255 -0.016964999958872795 -0.01631925441324711 -0.3706812560558319 -0.016964999958872795 -0.012662572786211967 -0.3751719295978546 -0.01246500015258789 -0.011958010494709015 -0.37404665350914 -0.016964999958872795 -0.016077671200037003 -0.376289039850235 -0.014717952348291874 -0.01572585292160511 -0.3739813268184662 -0.014813047833740711 -0.015487193129956722 -0.371288001537323 -0.014717952348291874 -0.012557690031826496 -0.3719279170036316 -0.016964999958872795 -0.014735450968146324 -0.37248969078063965 -0.014813047833740711 -0.01454222947359085 -0.3758186399936676 -0.013066182844340801 -0.014125015586614609 -0.37293633818626404 -0.013066182844340801 -0.012299073860049248 -0.3736501634120941 -0.013650153763592243 -0.014360155910253525 -0.36531874537467957 -0.016964999958872795 0.00483257370069623 -0.3683947026729584 -0.016964999958872795 0.01010279543697834 -0.3697320818901062 -0.01246500015258789 0.005789485760033131 -0.36524397134780884 -0.016964999958872795 0.0071122488006949425 -0.3659117817878723 -0.014717952348291874 0.004958423785865307 -0.36584800481796265 -0.014813047833740711 0.007143496535718441 -0.3685767948627472 -0.014717952348291874 0.009524563327431679 -0.3663730323314667 -0.016964999958872795 0.009046735242009163 -0.36664289236068726 -0.014813047833740711 0.008505431935191154 -0.3675317168235779 -0.013066182844340801 0.0053096674382686615 -0.3690676987171173 -0.013066182844340801 0.007941320538520813 -0.36698848009109497 -0.013650153763592243 0.007390782702714205 -0.3977765440940857 -0.016964999958872795 0.01204752642661333 -0.3933343291282654 -0.01246500015258789 0.010987146757543087 -0.39160528779029846 -0.016964999958872795 0.015214202925562859 -0.3971743583679199 -0.014717952348291874 0.011888931505382061 -0.3963109850883484 -0.016964999958872795 0.013999687507748604 -0.3957632780075073 -0.014813047833740711 0.013757600449025631 -0.39246222376823425 -0.013066182844340801 0.013080970384180546 -0.39554381370544434 -0.013066182844340801 0.011499709449708462 -0.3946153223514557 -0.013650153763592243 0.013483576476573944 -0.39404577016830444 -0.016964999958872795 0.015162046998739243 -0.3918275535106659 -0.014717952348291874 0.014632552862167358 -0.394168496131897 -0.014813047833740711 0.014575935900211334</float_array><technique_common><accessor source="#mesh54-array" count="96" stride="3"><param name="X" type="float" /><param name="Y" type="float" /><param name="Z" type="float" /></accessor></technique_common></source><source id="mesh54-normals"><float_array id="mesh54-normals-array" count="564">0.9501292705535889 0.28372490406036377 -0.12943994998931885 0.9437780380249023 0.2974157929420471 -0.14431533217430115 0.6878421902656555 0.7224668860435486 -0.07010570913553238 0.687838613986969 0.7224699854850769 -0.07010863721370697 0.28090494871139526 0.9489529728889465 0.14345994591712952 0.2691000699996948 0.9489529728889465 0.16454021632671356 0.29965096712112427 0.7224695086479187 0.6230948567390442 0.299653559923172 0.7224718332290649 0.623090922832489 0.37011292576789856 0.29741600155830383 0.8800910115242004 0.3861241042613983 0.28371700644493103 0.8777317404747009 0.8386168479919434 0.2760266959667206 0.4696072041988373 0.8386189937591553 0.2760244607925415 0.4696049094200134 0.6650102138519287 0.6473706364631653 0.3723877966403961 -0.8273342847824097 0.2606543004512787 0.4975716173648834 -0.8237818479537964 0.2462700754404068 0.5106217265129089 -0.5231379270553589 0.2107091248035431 0.8257895112037659 -0.5231415629386902 0.21071377396583557 0.8257861733436584 -0.10973705351352692 0.24627210199832916 0.9629682302474976 -0.09642119705677032 0.2606551945209503 0.9606049060821533 -0.1032639667391777 0.6769083738327026 0.7287878394126892 -0.10326440632343292 0.6769078969955444 0.7287881970405579 -0.1978568583726883 0.9229987859725952 0.33003923296928406 -0.21387504041194916 0.92299884557724 0.31989169120788574 -0.6148156523704529 0.6769056916236877 0.404722660779953 -0.6148178577423096 0.676904559135437 0.40472131967544556 -0.44535160064697266 0.5544915795326233 0.7029944062232971 -0.44573983550071716 0.2705373764038086 -0.8533027172088623 -0.4604918956756592 0.25603118538856506 -0.8499384522438049 -0.8407378792762756 0.22886240482330322 -0.4906952977180481 -0.8407396078109741 0.22886018455028534 -0.4906933009624481 -0.966516375541687 0.2560368776321411 0.017067180946469307 -0.9621921181678772 0.27053701877593994 0.03156016394495964 -0.7149354815483093 0.6991251707077026 -0.00955653004348278 -0.7149386405944824 0.6991218328475952 -0.009559414349496365 -0.30730974674224854 0.9368661046028137 -0.1668609082698822 -0.29642394185066223 0.9368661046028137 -0.1855122148990631 -0.35994014143943787 0.6991307139396667 -0.6177858114242554 -0.35993653535842896 0.6991276144981384 -0.6177915334701538 -0.6943069696426392 0.5947504043579102 -0.4052280783653259 0.7718598246574402 0.26163843274116516 -0.5794634222984314 0.7671372890472412 0.24735881388187408 -0.5918732285499573 0.4462202787399292 0.2113977074623108 -0.8695967793464661 0.44621947407722473 0.2113967388868332 -0.8695974349975586 0.03346778452396393 0.2473476678133011 -0.9683486223220825 0.020621996372938156 0.2616390287876129 -0.9649455547332764 0.04522492364048958 0.6746704578399658 -0.7367323637008667 0.04522545635700226 0.6746696829795837 -0.7367329597473145 0.16935069859027863 0.9211583137512207 -0.3504108786582947 0.18590424954891205 0.9211582541465759 -0.3419167697429657 0.5721266269683838 0.674669086933136 -0.4663611650466919 0.5721254348754883 0.6746696829795837 -0.4663618206977844 0.38097333908081055 0.5510296821594238 -0.7424457669258118 0.9437780976295471 -0.2974156141281128 -0.14431540668010712 0.9501291513442993 -0.2837248742580414 -0.12944018840789795 0.8386173248291016 -0.2760251760482788 0.46960747241973877 0.8386180996894836 -0.276027113199234 0.46960482001304626 0.3861244022846222 -0.28371748328208923 0.8777313828468323 0.37011316418647766 -0.2974165081977844 0.8800907135009766 0.29965370893478394 -0.7224692106246948 0.623093843460083 0.2996504604816437 -0.7224715352058411 0.6230927109718323 0.26909977197647095 -0.948952853679657 0.1645410805940628 0.280905544757843 -0.948952853679657 0.143459290266037 0.6878421306610107 -0.7224665284156799 -0.0701100081205368 0.687838613986969 -0.7224705219268799 -0.0701025202870369 0.6650096774101257 -0.6473707556724548 0.3723885416984558 -0.09642195701599121 -0.26065507531166077 0.9606049656867981 -0.10973687469959259 -0.2462729662656784 0.9629680514335632 -0.5231374502182007 -0.21071334183216095 0.8257887959480286 -0.5231426954269409 -0.2107081413269043 0.825786828994751 -0.8237817287445068 -0.24627040326595306 0.5106217265129089 -0.8273341059684753 -0.2606545686721802 0.49757152795791626 -0.614816427230835 -0.6769055724143982 0.4047217071056366 -0.6148169636726379 -0.676904022693634 0.40472331643104553 -0.21387594938278198 -0.9229987263679504 0.3198915421962738 -0.19785648584365845 -0.9229986071586609 0.3300398886203766 -0.10326384007930756 -0.6769079566001892 0.7287881970405579 -0.1032649427652359 -0.6769086122512817 0.7287874817848206 -0.4453522264957428 -0.5544921159744263 0.7029935717582703 -0.962192177772522 -0.2705368995666504 0.03156019002199173 -0.966516375541687 -0.25603699684143066 0.017067404463887215 -0.84073805809021 -0.2288605272769928 -0.49069586396217346 -0.8407389521598816 -0.22886261343955994 -0.49069350957870483 -0.4604918658733368 -0.25603094696998596 -0.8499384522438049 -0.44573983550071716 -0.2705371379852295 -0.8533027172088623 -0.35993692278862 -0.6991305947303772 -0.6177878975868225 -0.3599418103694916 -0.6991265416145325 -0.6177895665168762 -0.29642367362976074 -0.936866044998169 -0.18551316857337952 -0.3073103725910187 -0.936866044998169 -0.16686028242111206 -0.7149360775947571 -0.6991245150566101 -0.009559006430208683 -0.7149377465248108 -0.6991228461265564 -0.00955593679100275 -0.6943064332008362 -0.5947505235671997 -0.4052288830280304 0.7671372890472412 -0.24735890328884125 -0.591873288154602 0.7718597650527954 -0.2616385519504547 -0.5794634222984314 0.572126567363739 -0.6746682524681091 -0.46636250615119934 0.5721260905265808 -0.6746698021888733 -0.46636080741882324 0.18590500950813293 -0.9211581945419312 -0.34191662073135376 0.16935014724731445 -0.9211581349372864 -0.35041141510009766 0.04522521421313286 -0.6746697425842285 -0.7367329597473145 0.04522521421313286 -0.6746696829795837 -0.7367330193519592 0.020622000098228455 -0.26163890957832336 -0.9649455547332764 0.033467963337898254 -0.24734735488891602 -0.9683486819267273 0.4462200403213501 -0.2113969326019287 -0.8695970177650452 0.44621914625167847 -0.21139781177043915 -0.8695972561836243 0.38097357749938965 -0.5510292649269104 -0.7424458861351013 0.8860918879508972 0.2643361985683441 -0.3807463049888611 0.884960412979126 0.26971858739852905 -0.37960100173950195 0.6498115658760071 0.7071434855461121 -0.27873465418815613 0.649785578250885 0.707173764705658 -0.2787184417247772 0.23895612359046936 0.965605616569519 -0.1024976298213005 0.24025918543338776 0.9652033448219299 -0.10323745757341385 -0.05592493712902069 0.9655988216400146 -0.2539515495300293 -0.05552222579717636 0.9659439325332642 -0.25272461771965027 -0.15173541009426117 0.707076907157898 -0.6906653642654419 -0.15172991156578064 0.7070925831794739 -0.690650463104248 -0.20694397389888763 0.2643013298511505 -0.9419761300086975 -0.20769649744033813 0.2595282793045044 -0.9431369304656982 -0.2473810762166977 0.9659467339515686 0.07582565397024155 -0.24808531999588013 0.9657410383224487 0.07614441215991974 -0.6759979724884033 0.7070909142494202 0.2074829339981079 -0.6760032176971436 0.707085132598877 0.2074856460094452 -0.9232277274131775 0.25952669978141785 0.28336623311042786 -0.9226129055023193 0.2623223662376404 0.28279393911361694 0.03723742067813873 0.9657444357872009 0.25680968165397644 0.037694379687309265 0.965216875076294 0.25871914625167847 0.10194131731987 0.7071419358253479 0.6996844410896301 0.10193125158548355 0.7071797251701355 0.6996477246284485 0.13911780714988708 0.2623453736305237 0.9548932909965515 0.13818369805812836 0.2696543037891388 0.9529910087585449 0.23891596496105194 -0.9655982851982117 -0.10266029089689255 0.24028313159942627 -0.9652156829833984 -0.1030668392777443 0.6498134732246399 -0.7071434259414673 -0.2787304222583771 0.6497848033905029 -0.7071725726127625 -0.27872318029403687 0.8863252997398376 -0.26435935497283936 -0.3801864981651306 0.8847357630729675 -0.2696635127067566 -0.3801635801792145 0.13847392797470093 -0.26232534646987915 0.9549923539161682 0.1388246715068817 -0.26971349120140076 0.9528811573982239 0.10193679481744766 -0.7071411609649658 0.6996858716011047 0.10193581879138947 -0.7071802020072937 0.6996464729309082 0.03740893304347992 -0.965751051902771 0.256759911775589 0.037524882704019547 -0.9652038812637329 0.2587921917438507 -0.9233332872390747 -0.2595351040363312 0.28301477432250977 -0.9225084185600281 -0.2623106837272644 0.2831454575061798 -0.6759980916976929 -0.7070904970169067 0.20748408138751984 -0.6760039925575256 -0.7070846557617188 0.20748476684093475 -0.24735930562019348 -0.9659448266029358 0.07592157274484634 -0.2481008917093277 -0.9657447338104248 0.07604628056287766 -0.2074168175458908 -0.2643195688724518 -0.9418669939041138 -0.20722253620624542 -0.25951728224754333 -0.9432441592216492 -0.15173344314098358 -0.7070761919021606 -0.6906665563583374 -0.15173214673995972 -0.7070921063423157 -0.690650463104248 -0.055802520364522934 -0.9655930995941162 -0.2540004551410675 -0.0556463785469532 -0.965946614742279 -0.25268664956092834 0.0 1.0 0.0 0.0 0.0 0.0 0.0 0.0 0.0 0.0 0.0 0.0 0.0 0.0 0.0 0.0 -1.0 0.0 0.0 0.0 0.0 0.0 0.0 0.0 0.0 0.0 0.0 0.0 0.0 0.0 0.0 0.0 0.0 0.0 1.0 0.0 0.0 -1.0 0.0 0.0 -1.0 0.0 0.0 -1.0 0.0 0.0 0.0 0.0 0.0 0.0 0.0 0.0 -1.0 0.0 0.0 -1.0 0.0 0.0 -1.0 0.0 0.0 -1.0 0.0 0.0 -1.0 0.0 0.0 -1.0 0.0 0.0 -1.0 0.0 0.0 -1.0 0.0 0.0 0.0 0.0 0.0 1.0 0.0 0.0 1.0 0.0 0.0 1.0 0.0 0.0 1.0 0.0 0.0 -1.0 0.0 0.0 0.0 0.0 0.0 -1.0 0.0 0.0 -1.0 0.0 0.0 -1.0 0.0 0.0 -1.0 0.0</float_array><technique_common><accessor source="#mesh54-normals-array" count="188" stride="3"><param name="X" type="float" /><param name="Y" type="float" /><param name="Z" type="float" /></accessor></technique_common></source><vertices id="mesh54-vertices"><input semantic="POSITION" source="#mesh54-positions" /></vertices><triangles count="188" material="ivory"><input semantic="VERTEX" source="#mesh54-vertices" offset="0" /><input semantic="NORMAL" source="#mesh54-normals" offset="1" /><p>0 0 3 0 5 0 0 1 5 1 4 1 3 2 7 2 8 2 3 3 8 3 5 3 1 4 6 4 8 4 1 5 8 5 7 5 6 6 10 6 11 6 6 7 11 7 8 7 2 8 9 8 11 8 2 9 11 9 10 9 9 10 4 10 5 10 9 11 5 11 11 11 5 12 8 12 11 12 12 13 15 13 17 13 12 14 17 14 16 14 15 15 19 15 20 15 15 16 20 16 17 16 13 17 18 17 20 17 13 18 20 18 19 18 18 19 22 19 23 19 18 20 23 20 20 20 14 21 21 21 23 21 14 22 23 22 22 22 21 23 16 23 17 23 21 24 17 24 23 24 17 25 20 25 23 25 24 26 27 26 29 26 24 27 29 27 28 27 27 28 31 28 32 28 27 29 32 29 29 29 25 30 30 30 32 30 25 31 32 31 31 31 30 32 34 32 35 32 30 33 35 33 32 33 26 34 33 34 35 34 26 35 35 35 34 35 33 36 28 36 29 36 33 37 29 37 35 37 29 38 32 38 35 38 36 39 39 39 41 39 36 40 41 40 40 40 39 41 43 41 44 41 39 42 44 42 41 42 37 43 42 43 44 43 37 44 44 44 43 44 42 45 46 45 47 45 42 46 47 46 44 46 38 47 45 47 47 47 38 48 47 48 46 48 45 49 40 49 41 49 45 50 41 50 47 50 41 51 44 51 47 51 48 52 51 52 53 52 48 53 53 53 52 53 51 54 55 54 56 54 51 55 56 55 53 55 49 56 54 56 56 56 49 57 56 57 55 57 54 58 58 58 59 58 54 59 59 59 56 59 50 60 57 60 59 60 50 61 59 61 58 61 57 62 52 62 53 62 57 63 53 63 59 63 53 64 56 64 59 64 60 65 63 65 65 65 60 66 65 66 64 66 63 67 67 67 68 67 63 68 68 68 65 68 61 69 66 69 68 69 61 70 68 70 67 70 66 71 70 71 71 71 66 72 71 72 68 72 62 73 69 73 71 73 62 74 71 74 70 74 69 75 64 75 65 75 69 76 65 76 71 76 65 77 68 77 71 77 72 78 75 78 77 78 72 79 77 79 76 79 75 80 79 80 80 80 75 81 80 81 77 81 73 82 78 82 80 82 73 83 80 83 79 83 78 84 82 84 83 84 78 85 83 85 80 85 74 86 81 86 83 86 74 87 83 87 82 87 81 88 76 88 77 88 81 89 77 89 83 89 77 90 80 90 83 90 84 91 87 91 89 91 84 92 89 92 88 92 87 93 91 93 92 93 87 94 92 94 89 94 85 95 90 95 92 95 85 96 92 96 91 96 90 97 94 97 95 97 90 98 95 98 92 98 86 99 93 99 95 99 86 100 95 100 94 100 93 101 88 101 89 101 93 102 89 102 95 102 89 103 92 103 95 103 0 104 36 104 40 104 0 105 40 105 3 105 3 106 40 106 45 106 3 107 45 107 7 107 7 108 45 108 38 108 7 109 38 109 1 109 26 110 38 110 46 110 26 111 46 111 33 111 33 112 46 112 42 112 33 113 42 113 28 113 28 114 42 114 37 114 28 115 37 115 24 115 14 116 26 116 34 116 14 117 34 117 21 117 21 118 34 118 30 118 21 119 30 119 16 119 16 120 30 120 25 120 16 121 25 121 12 121 1 122 14 122 22 122 1 123 22 123 6 123 6 124 22 124 18 124 6 125 18 125 10 125 10 126 18 126 13 126 10 127 13 127 2 127 50 128 85 128 91 128 50 129 91 129 57 129 57 130 91 130 87 130 57 131 87 131 52 131 52 132 87 132 84 132 52 133 84 133 48 133 49 134 60 134 64 134 49 135 64 135 54 135 54 136 64 136 69 136 54 137 69 137 58 137 58 138 69 138 62 138 58 139 62 139 50 139 61 140 72 140 76 140 61 141 76 141 66 141 66 142 76 142 81 142 66 143 81 143 70 143 70 144 81 144 74 144 70 145 74 145 62 145 73 146 86 146 94 146 73 147 94 147 78 147 78 148 94 148 90 148 78 149 90 149 82 149 82 150 90 150 85 150 82 151 85 151 74 151 2 152 49 152 55 152 2 153 55 153 9 153 9 154 55 154 51 154 9 155 51 155 4 155 4 156 51 156 48 156 4 157 48 157 0 157 12 158 61 158 67 158 12 159 67 159 15 159 15 160 67 160 63 160 15 161 63 161 19 161 19 162 63 162 60 162 19 163 60 163 13 163 24 164 73 164 79 164 24 165 79 165 27 165 27 166 79 166 75 166 27 167 75 167 31 167 31 168 75 168 72 168 31 169 72 169 25 169 36 170 84 170 88 170 36 171 88 171 39 171 39 172 88 172 93 172 39 173 93 173 43 173 43 174 93 174 86 174 43 175 86 175 37 175 36 176 0 176 48 176 36 177 48 177 84 177 38 178 26 178 14 178 38 179 14 179 1 179 2 180 13 180 60 180 2 181 60 181 49 181 12 182 25 182 72 182 12 183 72 183 61 183 24 184 37 184 86 184 24 185 86 185 73 185 50 186 62 186 74 186 50 187 74 187 85 187</p></triangles></mesh></geometry><geometry id="mesh55"><mesh><source id="mesh55-positions"><float_array id="mesh55-array" count="288">-0.40622344613075256 0.016964999958872795 -0.007610526867210865 -0.40155017375946045 0.01246500015258789 -0.008133163675665855 -0.4035465717315674 0.016964999958872795 -0.012390746735036373 -0.40555888414382935 0.014717952348291874 -0.007657836657017469 -0.40655577182769775 0.016964999958872795 -0.009783835150301456 -0.4058711528778076 0.014813047833740711 -0.00974153820425272 -0.40250682830810547 0.013066182844340801 -0.01023664977401495 -0.4038435220718384 0.013066182844340801 -0.007849675603210926 -0.40466347336769104 0.013650153763592243 -0.009876597672700882 -0.4055732190608978 0.016964999958872795 -0.011538461782038212 -0.4032396376132965 0.014717952348291874 -0.011799436993896961 -0.4051794111728668 0.014813047833740711 -0.010976847261190414 -0.3706812560558319 0.016964999958872795 -0.012662572786211967 -0.3764534294605255 0.016964999958872795 -0.01631925255060196 -0.3751719295978546 0.01246500015258789 -0.011958010494709015 -0.3719279170036316 0.016964999958872795 -0.014735450968146324 -0.371288001537323 0.014717952348291874 -0.01255769096314907 -0.37248969078063965 0.014813047833740711 -0.014542230404913425 -0.376289039850235 0.014717952348291874 -0.01572585292160511 -0.37404665350914 0.016964999958872795 -0.016077671200037003 -0.3739813268184662 0.014813047833740711 -0.015487193129956722 -0.37293633818626404 0.013066182844340801 -0.012299074791371822 -0.3758186399936676 0.013066182844340801 -0.014125015586614609 -0.3736501634120941 0.013650153763592243 -0.0143601568415761 -0.3683947026729584 0.016964999958872795 0.01010279729962349 -0.36531874537467957 0.016964999958872795 0.004832573235034943 -0.3697320818901062 0.01246500015258789 0.005789485294371843 -0.3663730323314667 0.016964999958872795 0.009046737104654312 -0.3685767948627472 0.014717952348291874 0.009524564258754253 -0.36664289236068726 0.014813047833740711 0.008505432866513729 -0.3659117817878723 0.014717952348291874 0.004958422388881445 -0.36524397134780884 0.016964999958872795 0.0071122488006949425 -0.36584800481796265 0.014813047833740711 0.007143496535718441 -0.3690676987171173 0.013066182844340801 0.007941320538520813 -0.3675317168235779 0.013066182844340801 0.0053096660412848 -0.36698848009109497 0.013650153763592243 0.0073907822370529175 -0.3977765440940857 0.016964999958872795 0.012047527357935905 -0.39160528779029846 0.016964999958872795 0.015214204788208008 -0.3933343291282654 0.01246500015258789 0.010987146757543087 -0.3963109850883484 0.016964999958872795 0.013999688439071178 -0.3971743583679199 0.014717952348291874 0.011888932436704636 -0.3957632780075073 0.014813047833740711 0.013757601380348206 -0.3918275535106659 0.014717952348291874 0.014632553793489933 -0.39404577016830444 0.016964999958872795 0.015162048861384392 -0.394168496131897 0.014813047833740711 0.014575937762856483 -0.39554381370544434 0.013066182844340801 0.011499709449708462 -0.39246222376823425 0.013066182844340801 0.013080970384180546 -0.3946153223514557 0.013650153763592243 0.013483576476573944 -0.40622344613075256 0.016964999958872795 -0.00761052779853344 -0.4035465717315674 0.016964999958872795 -0.012390747666358948 -0.40155017375946045 0.0214649997651577 -0.008133163675665855 -0.40655577182769775 0.016964999958872795 -0.009783835150301456 -0.40555888414382935 0.01921204850077629 -0.007657836191356182 -0.4058711528778076 0.019116953015327454 -0.009741537272930145 -0.4032396376132965 0.01921204850077629 -0.011799436993896961 -0.4055732190608978 0.016964999958872795 -0.011538461782038212 -0.4051794111728668 0.019116951152682304 -0.01097684632986784 -0.4038435220718384 0.020863816142082214 -0.007849674671888351 -0.40250682830810547 0.020863816142082214 -0.010236648842692375 -0.40466347336769104 0.02027984708547592 -0.009876597672700882 -0.3764534294605255 0.016964999958872795 -0.01631925441324711 -0.3706812560558319 0.016964999958872795 -0.012662572786211967 -0.3751719295978546 0.0214649997651577 -0.011958010494709015 -0.37404665350914 0.016964999958872795 -0.016077671200037003 -0.376289039850235 0.01921204850077629 -0.01572585292160511 -0.3739813268184662 0.019116953015327454 -0.015487193129956722 -0.371288001537323 0.01921204850077629 -0.012557690031826496 -0.3719279170036316 0.016964999958872795 -0.014735450968146324 -0.37248969078063965 0.019116951152682304 -0.01454222947359085 -0.3758186399936676 0.020863816142082214 -0.014125015586614609 -0.37293633818626404 0.020863816142082214 -0.012299073860049248 -0.3736501634120941 0.02027984708547592 -0.014360155910253525 -0.36531874537467957 0.016964999958872795 0.00483257370069623 -0.3683947026729584 0.016964999958872795 0.01010279543697834 -0.3697320818901062 0.0214649997651577 0.005789485760033131 -0.36524397134780884 0.016964999958872795 0.0071122488006949425 -0.3659117817878723 0.01921204850077629 0.004958423785865307 -0.36584800481796265 0.019116953015327454 0.007143496535718441 -0.3685767948627472 0.01921204850077629 0.009524563327431679 -0.3663730323314667 0.016964999958872795 0.009046735242009163 -0.36664289236068726 0.019116951152682304 0.008505431935191154 -0.3675317168235779 0.020863816142082214 0.0053096674382686615 -0.3690676987171173 0.020863816142082214 0.007941320538520813 -0.36698848009109497 0.02027984708547592 0.007390782702714205 -0.3977765440940857 0.016964999958872795 0.01204752642661333 -0.3933343291282654 0.0214649997651577 0.010987146757543087 -0.39160528779029846 0.016964999958872795 0.015214202925562859 -0.3971743583679199 0.01921204850077629 0.011888931505382061 -0.3963109850883484 0.016964999958872795 0.013999687507748604 -0.3957632780075073 0.019116951152682304 0.013757600449025631 -0.39246222376823425 0.020863816142082214 0.013080970384180546 -0.39554381370544434 0.020863816142082214 0.011499709449708462 -0.3946153223514557 0.02027984708547592 0.013483576476573944 -0.39404577016830444 0.016964999958872795 0.015162046998739243 -0.3918275535106659 0.01921204850077629 0.014632552862167358 -0.394168496131897 0.019116953015327454 0.014575935900211334</float_array><technique_common><accessor source="#mesh55-array" count="96" stride="3"><param name="X" type="float" /><param name="Y" type="float" /><param name="Z" type="float" /></accessor></technique_common></source><source id="mesh55-normals"><float_array id="mesh55-normals-array" count="564">0.9501291513442993 0.28372499346733093 -0.12944017350673676 0.9437780380249023 0.29741567373275757 -0.14431531727313995 0.687842607498169 0.7224664688110352 -0.07010532170534134 0.6878379583358765 0.7224705219268799 -0.07010917365550995 0.2809056043624878 0.948952853679657 0.14345920085906982 0.26909980177879333 0.9489529132843018 0.16454118490219116 0.2996510863304138 0.7224690914154053 0.6230952739715576 0.29965412616729736 0.7224717736244202 0.6230906248092651 0.37011289596557617 0.2974161207675934 0.8800910115242004 0.3861241042613983 0.2837171256542206 0.8777316808700562 0.8386169672012329 0.2760266065597534 0.46960726380348206 0.8386187553405762 0.27602463960647583 0.4696052074432373 0.6650095582008362 0.6473709940910339 0.37238842248916626 -0.8273341655731201 0.26065436005592346 0.49757155776023865 -0.8237817883491516 0.24627014994621277 0.5106217265129089 -0.5231379270553589 0.21070903539657593 0.8257895708084106 -0.5231416821479797 0.21071386337280273 0.8257859945297241 -0.1097368523478508 0.24627220630645752 0.9629682302474976 -0.09642121195793152 0.26065510511398315 0.9606050252914429 -0.10326436161994934 0.6769078969955444 0.7287881374359131 -0.10326382517814636 0.676908552646637 0.7287876605987549 -0.1978563666343689 0.9229986667633057 0.3300398588180542 -0.21387580037117004 0.9229986667633057 0.31989148259162903 -0.6148159503936768 0.6769053339958191 0.40472283959388733 -0.6148176193237305 0.6769044399261475 0.40472182631492615 -0.4453519284725189 0.5544918775558472 0.7029938697814941 -0.44573986530303955 0.27053749561309814 -0.8533027172088623 -0.4604918360710144 0.2560312747955322 -0.8499383926391602 -0.8407379388809204 0.22886231541633606 -0.4906952977180481 -0.8407394886016846 0.22886033356189728 -0.49069350957870483 -0.9665163159370422 0.2560369670391083 0.01706739515066147 -0.962192177772522 0.2705368995666504 0.03156017139554024 -0.7149358987808228 0.6991247534751892 -0.009556925855576992 -0.7149380445480347 0.699122428894043 -0.009558884426951408 -0.30731040239334106 0.9368661046028137 -0.16686028242111206 -0.29642370343208313 0.9368659853935242 -0.18551310896873474 -0.3599402904510498 0.6991303563117981 -0.617786169052124 -0.3599371314048767 0.6991275548934937 -0.6177912354469299 -0.6943064332008362 0.5947507619857788 -0.4052286148071289 0.7718597650527954 0.2616385519504547 -0.5794634222984314 0.767137348651886 0.24735890328884125 -0.5918732285499573 0.4462203085422516 0.21139761805534363 -0.8695968389511108 0.44621968269348145 0.21139685809612274 -0.8695972561836243 0.03346759080886841 0.24734777212142944 -0.9683486223220825 0.02062198705971241 0.26163890957832336 -0.9649455547332764 0.045225296169519424 0.6746699213981628 -0.7367328405380249 0.045224931091070175 0.6746704578399658 -0.7367323637008667 0.16935014724731445 0.9211582541465759 -0.35041144490242004 0.18590502440929413 0.9211581349372864 -0.34191662073135376 0.5721269845962524 0.6746686697006226 -0.466361403465271 0.5721251964569092 0.6746695637702942 -0.46636223793029785 0.3809737265110016 0.5510299205780029 -0.7424452900886536 0.9437780976295471 -0.29741546511650085 -0.14431540668010712 0.9501292705535889 -0.2837247848510742 -0.12944020330905914 0.838617205619812 -0.27602526545524597 0.469607412815094 0.8386180400848389 -0.27602696418762207 0.4696052670478821 0.3861246407032013 -0.2837173640727997 0.8777313232421875 0.37011319398880005 -0.297416627407074 0.8800907135009766 0.29965317249298096 -0.7224696278572083 0.6230936646461487 0.29965123534202576 -0.7224709987640381 0.6230930089950562 0.2691000998020172 -0.9489529132843018 0.1645401120185852 0.2809048891067505 -0.9489529728889465 0.14346003532409668 0.6878417134284973 -0.7224668860435486 -0.07010991871356964 0.6878385543823242 -0.7224705219268799 -0.07010316103696823 0.6650094985961914 -0.647370457649231 0.37238940596580505 -0.09642194956541061 -0.2606549561023712 0.9606049060821533 -0.109736867249012 -0.24627286195755005 0.9629680514335632 -0.5231374502182007 -0.2107134610414505 0.8257888555526733 -0.52314293384552 -0.21070802211761475 0.8257867097854614 -0.8237816691398621 -0.24627025425434113 0.5106218457221985 -0.8273342251777649 -0.2606546878814697 0.49757152795791626 -0.6148161888122559 -0.6769060492515564 0.40472114086151123 -0.614817202091217 -0.6769033670425415 0.4047240912914276 -0.2138751745223999 -0.92299884557724 0.3198917508125305 -0.19785702228546143 -0.9229987263679504 0.33003929257392883 -0.10326383262872696 -0.6769084334373474 0.7287877798080444 -0.10326440632343292 -0.6769087314605713 0.728787362575531 -0.44535282254219055 -0.5544918179512024 0.7029934525489807 -0.962192177772522 -0.27053678035736084 0.03156019002199173 -0.9665163159370422 -0.2560368776321411 0.017067406326532364 -0.8407379984855652 -0.22886061668395996 -0.49069586396217346 -0.8407387137413025 -0.228862464427948 -0.49069374799728394 -0.46049201488494873 -0.2560308277606964 -0.8499384522438049 -0.44573986530303955 -0.27053728699684143 -0.8533028364181519 -0.35993635654449463 -0.6991310715675354 -0.6177877187728882 -0.35994264483451843 -0.6991258859634399 -0.6177898049354553 -0.29642388224601746 -0.9368661046028137 -0.18551230430603027 -0.30730974674224854 -0.9368662238121033 -0.16686095297336578 -0.7149357199668884 -0.6991248726844788 -0.009559035301208496 -0.714937686920166 -0.6991229057312012 -0.00955536775290966 -0.6943063139915466 -0.594750165939331 -0.4052295684814453 0.7671372890472412 -0.2473587989807129 -0.5918734669685364 0.7718597054481506 -0.2616386413574219 -0.5794634222984314 0.5721263885498047 -0.6746687889099121 -0.466361939907074 0.5721263289451599 -0.674669086933136 -0.4663616120815277 0.18590423464775085 -0.9211582541465759 -0.3419167101383209 0.16935068368911743 -0.9211583137512207 -0.3504108786582947 0.045225221663713455 -0.6746701598167419 -0.736732542514801 0.04522467404603958 -0.6746698021888733 -0.7367329001426697 0.020622000098228455 -0.2616388201713562 -0.9649455547332764 0.033467963337898254 -0.24734728038311005 -0.9683488011360168 0.4462200701236725 -0.21139703691005707 -0.8695970177650452 0.44621938467025757 -0.2113976925611496 -0.8695971965789795 0.380974143743515 -0.5510289669036865 -0.7424457669258118 0.8860918283462524 0.2643362879753113 -0.3807462453842163 0.884960412979126 0.2697186768054962 -0.37960100173950195 0.6498119235038757 0.7071430683135986 -0.27873480319976807 0.6497859358787537 0.7071733474731445 -0.27871859073638916 0.2389557659626007 0.9656057357788086 -0.10249748080968857 0.2402588576078415 0.9652035236358643 -0.1032373234629631 -0.05592485889792442 0.9655989408493042 -0.25395119190216064 -0.05552214756608009 0.9659440517425537 -0.2527242600917816 -0.15173549950122833 0.7070764899253845 -0.6906657218933105 -0.1517300009727478 0.7070922255516052 -0.6906508803367615 -0.20694395899772644 0.2643014192581177 -0.9419760704040527 -0.20769646763801575 0.25952836871147156 -0.9431368708610535 -0.24738074839115143 0.9659468531608582 0.07582554966211319 -0.24808496236801147 0.9657410979270935 0.07614430040121078 -0.6759983897209167 0.7070905566215515 0.20748306810855865 -0.6760035753250122 0.7070847153663635 0.20748575031757355 -0.9232277870178223 0.2595268487930298 0.28336626291275024 -0.9226128458976746 0.26232248544692993 0.28279396891593933 0.037237364798784256 0.9657444357872009 0.2568093240261078 0.03769432380795479 0.9652169942855835 0.2587187588214874 0.10194136202335358 0.7071415185928345 0.6996847987174988 0.10193128883838654 0.7071793079376221 0.6996480822563171 0.13911780714988708 0.26234549283981323 0.9548932313919067 0.13818369805812836 0.26965442299842834 0.9529910087585449 0.2389163076877594 -0.9655981659889221 -0.10266043245792389 0.24028347432613373 -0.9652155637741089 -0.10306698828935623 0.6498131155967712 -0.7071438431739807 -0.27873024344444275 0.6497844457626343 -0.7071729898452759 -0.2787230312824249 0.8863252401351929 -0.2643592357635498 -0.38018643856048584 0.8847358226776123 -0.26966339349746704 -0.38016360998153687 0.13847392797470093 -0.2623252272605896 0.9549923539161682 0.1388246715068817 -0.2697133719921112 0.9528811573982239 0.10193674266338348 -0.7071415781974792 0.6996854543685913 0.10193576663732529 -0.7071806192398071 0.6996461153030396 0.037408988922834396 -0.9657509326934814 0.25676026940345764 0.037524931132793427 -0.9652037620544434 0.25879254937171936 -0.9233332872390747 -0.2595349848270416 0.2830147445201874 -0.9225084781646729 -0.26231056451797485 0.2831454873085022 -0.6759977340698242 -0.7070909142494202 0.20748396217823029 -0.676003634929657 -0.7070850729942322 0.2074846476316452 -0.24735964834690094 -0.9659446477890015 0.0759216770529747 -0.24810124933719635 -0.9657446146011353 0.0760463997721672 -0.207416832447052 -0.26431944966316223 -0.9418669939041138 -0.20722255110740662 -0.25951722264289856 -0.943244218826294 -0.15173335373401642 -0.7070766091346741 -0.690666139125824 -0.15173207223415375 -0.7070925235748291 -0.6906501054763794 -0.0558026023209095 -0.9655929803848267 -0.25400081276893616 -0.055646464228630066 -0.965946614742279 -0.2526870369911194 0.0 1.0 0.0 0.0 0.0 0.0 0.0 0.0 0.0 0.0 0.0 0.0 0.0 0.0 0.0 0.0 -1.0 0.0 0.0 0.0 0.0 0.0 0.0 0.0 0.0 0.0 0.0 0.0 0.0 0.0 0.0 0.0 0.0 0.0 1.0 0.0 0.0 -1.0 0.0 0.0 -1.0 0.0 0.0 -1.0 0.0 0.0 0.0 0.0 0.0 0.0 0.0 0.0 -1.0 0.0 0.0 -1.0 0.0 0.0 -1.0 0.0 0.0 -1.0 0.0 0.0 -1.0 0.0 0.0 -1.0 0.0 0.0 -1.0 0.0 0.0 -1.0 0.0 0.0 0.0 0.0 0.0 1.0 0.0 0.0 1.0 0.0 0.0 1.0 0.0 0.0 1.0 0.0 0.0 -1.0 0.0 0.0 0.0 0.0 0.0 -1.0 0.0 0.0 -1.0 0.0 0.0 -1.0 0.0 0.0 -1.0 0.0</float_array><technique_common><accessor source="#mesh55-normals-array" count="188" stride="3"><param name="X" type="float" /><param name="Y" type="float" /><param name="Z" type="float" /></accessor></technique_common></source><vertices id="mesh55-vertices"><input semantic="POSITION" source="#mesh55-positions" /></vertices><triangles count="188" material="ivory"><input semantic="VERTEX" source="#mesh55-vertices" offset="0" /><input semantic="NORMAL" source="#mesh55-normals" offset="1" /><p>0 0 3 0 5 0 0 1 5 1 4 1 3 2 7 2 8 2 3 3 8 3 5 3 1 4 6 4 8 4 1 5 8 5 7 5 6 6 10 6 11 6 6 7 11 7 8 7 2 8 9 8 11 8 2 9 11 9 10 9 9 10 4 10 5 10 9 11 5 11 11 11 5 12 8 12 11 12 12 13 15 13 17 13 12 14 17 14 16 14 15 15 19 15 20 15 15 16 20 16 17 16 13 17 18 17 20 17 13 18 20 18 19 18 18 19 22 19 23 19 18 20 23 20 20 20 14 21 21 21 23 21 14 22 23 22 22 22 21 23 16 23 17 23 21 24 17 24 23 24 17 25 20 25 23 25 24 26 27 26 29 26 24 27 29 27 28 27 27 28 31 28 32 28 27 29 32 29 29 29 25 30 30 30 32 30 25 31 32 31 31 31 30 32 34 32 35 32 30 33 35 33 32 33 26 34 33 34 35 34 26 35 35 35 34 35 33 36 28 36 29 36 33 37 29 37 35 37 29 38 32 38 35 38 36 39 39 39 41 39 36 40 41 40 40 40 39 41 43 41 44 41 39 42 44 42 41 42 37 43 42 43 44 43 37 44 44 44 43 44 42 45 46 45 47 45 42 46 47 46 44 46 38 47 45 47 47 47 38 48 47 48 46 48 45 49 40 49 41 49 45 50 41 50 47 50 41 51 44 51 47 51 48 52 51 52 53 52 48 53 53 53 52 53 51 54 55 54 56 54 51 55 56 55 53 55 49 56 54 56 56 56 49 57 56 57 55 57 54 58 58 58 59 58 54 59 59 59 56 59 50 60 57 60 59 60 50 61 59 61 58 61 57 62 52 62 53 62 57 63 53 63 59 63 53 64 56 64 59 64 60 65 63 65 65 65 60 66 65 66 64 66 63 67 67 67 68 67 63 68 68 68 65 68 61 69 66 69 68 69 61 70 68 70 67 70 66 71 70 71 71 71 66 72 71 72 68 72 62 73 69 73 71 73 62 74 71 74 70 74 69 75 64 75 65 75 69 76 65 76 71 76 65 77 68 77 71 77 72 78 75 78 77 78 72 79 77 79 76 79 75 80 79 80 80 80 75 81 80 81 77 81 73 82 78 82 80 82 73 83 80 83 79 83 78 84 82 84 83 84 78 85 83 85 80 85 74 86 81 86 83 86 74 87 83 87 82 87 81 88 76 88 77 88 81 89 77 89 83 89 77 90 80 90 83 90 84 91 87 91 89 91 84 92 89 92 88 92 87 93 91 93 92 93 87 94 92 94 89 94 85 95 90 95 92 95 85 96 92 96 91 96 90 97 94 97 95 97 90 98 95 98 92 98 86 99 93 99 95 99 86 100 95 100 94 100 93 101 88 101 89 101 93 102 89 102 95 102 89 103 92 103 95 103 0 104 36 104 40 104 0 105 40 105 3 105 3 106 40 106 45 106 3 107 45 107 7 107 7 108 45 108 38 108 7 109 38 109 1 109 26 110 38 110 46 110 26 111 46 111 33 111 33 112 46 112 42 112 33 113 42 113 28 113 28 114 42 114 37 114 28 115 37 115 24 115 14 116 26 116 34 116 14 117 34 117 21 117 21 118 34 118 30 118 21 119 30 119 16 119 16 120 30 120 25 120 16 121 25 121 12 121 1 122 14 122 22 122 1 123 22 123 6 123 6 124 22 124 18 124 6 125 18 125 10 125 10 126 18 126 13 126 10 127 13 127 2 127 50 128 85 128 91 128 50 129 91 129 57 129 57 130 91 130 87 130 57 131 87 131 52 131 52 132 87 132 84 132 52 133 84 133 48 133 49 134 60 134 64 134 49 135 64 135 54 135 54 136 64 136 69 136 54 137 69 137 58 137 58 138 69 138 62 138 58 139 62 139 50 139 61 140 72 140 76 140 61 141 76 141 66 141 66 142 76 142 81 142 66 143 81 143 70 143 70 144 81 144 74 144 70 145 74 145 62 145 73 146 86 146 94 146 73 147 94 147 78 147 78 148 94 148 90 148 78 149 90 149 82 149 82 150 90 150 85 150 82 151 85 151 74 151 2 152 49 152 55 152 2 153 55 153 9 153 9 154 55 154 51 154 9 155 51 155 4 155 4 156 51 156 48 156 4 157 48 157 0 157 12 158 61 158 67 158 12 159 67 159 15 159 15 160 67 160 63 160 15 161 63 161 19 161 19 162 63 162 60 162 19 163 60 163 13 163 24 164 73 164 79 164 24 165 79 165 27 165 27 166 79 166 75 166 27 167 75 167 31 167 31 168 75 168 72 168 31 169 72 169 25 169 36 170 84 170 88 170 36 171 88 171 39 171 39 172 88 172 93 172 39 173 93 173 43 173 43 174 93 174 86 174 43 175 86 175 37 175 36 176 0 176 48 176 36 177 48 177 84 177 38 178 26 178 14 178 38 179 14 179 1 179 2 180 13 180 60 180 2 181 60 181 49 181 12 182 25 182 72 182 12 183 72 183 61 183 24 184 37 184 86 184 24 185 86 185 73 185 50 186 62 186 74 186 50 187 74 187 85 187</p></triangles></mesh></geometry><geometry id="mesh56"><mesh><source id="mesh56-positions"><float_array id="mesh56-array" count="144">-0.421999990940094 -2.4340529851021074e-18 0.010962000116705894 -0.3569999933242798 -2.4340529851021074e-18 0.010962000116705894 -0.421999990940094 0.002837174339219928 0.010588479228317738 -0.3569999933242798 0.002837174339219928 0.010588479228317738 -0.421999990940094 0.005481000058352947 0.009493370540440083 -0.3569999933242798 0.005481000058352947 0.009493370540440083 -0.421999990940094 0.007751304656267166 0.007751304656267166 -0.3569999933242798 0.007751304656267166 0.007751304656267166 -0.421999990940094 0.009493370540440083 0.005481000058352947 -0.3569999933242798 0.009493370540440083 0.005481000058352947 -0.421999990940094 0.010588479228317738 0.002837174339219928 -0.3569999933242798 0.010588479228317738 0.002837174339219928 -0.421999990940094 0.010962000116705894 7.216449395365721e-18 -0.3569999933242798 0.010962000116705894 -7.216449395365721e-18 -0.421999990940094 0.010588479228317738 -0.002837174339219928 -0.3569999933242798 0.010588479228317738 -0.002837174339219928 -0.421999990940094 0.009493370540440083 -0.005481000058352947 -0.3569999933242798 0.009493370540440083 -0.005481000058352947 -0.421999990940094 0.007751304656267166 -0.007751304656267166 -0.3569999933242798 0.007751304656267166 -0.007751304656267166 -0.421999990940094 0.005481000058352947 -0.009493370540440083 -0.3569999933242798 0.005481000058352947 -0.009493370540440083 -0.421999990940094 0.002837174339219928 -0.010588479228317738 -0.3569999933242798 0.002837174339219928 -0.010588479228317738 -0.421999990940094 2.4340529851021074e-18 -0.010962000116705894 -0.3569999933242798 2.4340529851021074e-18 -0.010962000116705894 -0.421999990940094 -0.002837174339219928 -0.010588479228317738 -0.3569999933242798 -0.002837174339219928 -0.010588479228317738 -0.421999990940094 -0.005481000058352947 -0.009493370540440083 -0.3569999933242798 -0.005481000058352947 -0.009493370540440083 -0.421999990940094 -0.007751304656267166 -0.007751304656267166 -0.3569999933242798 -0.007751304656267166 -0.007751304656267166 -0.421999990940094 -0.009493370540440083 -0.005481000058352947 -0.3569999933242798 -0.009493370540440083 -0.005481000058352947 -0.421999990940094 -0.010588479228317738 -0.002837174339219928 -0.3569999933242798 -0.010588479228317738 -0.002837174339219928 -0.421999990940094 -0.010962000116705894 7.216449395365721e-18 -0.3569999933242798 -0.010962000116705894 -7.216449395365721e-18 -0.421999990940094 -0.010588479228317738 0.002837174339219928 -0.3569999933242798 -0.010588479228317738 0.002837174339219928 -0.421999990940094 -0.009493370540440083 0.005481000058352947 -0.3569999933242798 -0.009493370540440083 0.005481000058352947 -0.421999990940094 -0.007751304656267166 0.007751304656267166 -0.3569999933242798 -0.007751304656267166 0.007751304656267166 -0.421999990940094 -0.005481000058352947 0.009493370540440083 -0.3569999933242798 -0.005481000058352947 0.009493370540440083 -0.421999990940094 -0.002837174339219928 0.010588479228317738 -0.3569999933242798 -0.002837174339219928 0.010588479228317738</float_array><technique_common><accessor source="#mesh56-array" count="48" stride="3"><param name="X" type="float" /><param name="Y" type="float" /><param name="Z" type="float" /></accessor></technique_common></source><source id="mesh56-normals"><float_array id="mesh56-normals-array" count="276">2.2014500119191553e-16 0.13052614033222198 0.9914449453353882 2.2014500119191553e-16 0.13052614033222198 0.9914449453353882 2.0514247274415557e-16 0.38268354535102844 0.9238795638084412 2.0514247274415557e-16 0.38268354535102844 0.9238795638084412 1.761598375555308e-16 0.6087614297866821 0.7933533787727356 1.761598375555308e-16 0.6087614297866821 0.7933533787727356 1.3517219117058102e-16 0.7933533787727356 0.6087614297866821 1.3517219117058102e-16 0.7933533787727356 0.6087614297866821 8.497281663877941e-17 0.9238795638084412 0.38268354535102844 8.497281663877941e-17 0.9238795638084412 0.38268354535102844 2.8982625262457425e-17 0.9914449453353882 0.13052614033222198 2.8982625262457425e-17 0.9914449453353882 0.13052614033222198 -2.8982625262457425e-17 0.9914449453353882 -0.13052614033222198 -2.8982625262457425e-17 0.9914449453353882 -0.13052614033222198 -8.497281663877941e-17 0.9238795638084412 -0.38268354535102844 -8.497281663877941e-17 0.9238795638084412 -0.38268354535102844 -1.3517219117058102e-16 0.7933533787727356 -0.6087614297866821 -1.3517219117058102e-16 0.7933533787727356 -0.6087614297866821 -1.761598375555308e-16 0.6087614297866821 -0.7933533787727356 -1.761598375555308e-16 0.6087614297866821 -0.7933533787727356 -2.0514247274415557e-16 0.38268354535102844 -0.9238795638084412 -2.0514247274415557e-16 0.38268354535102844 -0.9238795638084412 -2.2014500119191553e-16 0.13052614033222198 -0.9914449453353882 -2.2014500119191553e-16 0.13052614033222198 -0.9914449453353882 -2.2014500119191553e-16 -0.13052614033222198 -0.9914449453353882 -2.2014500119191553e-16 -0.13052614033222198 -0.9914449453353882 -2.0514247274415557e-16 -0.38268354535102844 -0.9238795638084412 -2.0514247274415557e-16 -0.38268354535102844 -0.9238795638084412 -1.761598375555308e-16 -0.6087614297866821 -0.7933533787727356 -1.761598375555308e-16 -0.6087614297866821 -0.7933533787727356 -1.3517219117058102e-16 -0.7933533787727356 -0.6087614297866821 -1.3517219117058102e-16 -0.7933533787727356 -0.6087614297866821 -8.497281663877941e-17 -0.9238795638084412 -0.38268354535102844 -8.497281663877941e-17 -0.9238795638084412 -0.38268354535102844 -2.8982625262457425e-17 -0.9914449453353882 -0.13052614033222198 -2.8982625262457425e-17 -0.9914449453353882 -0.13052614033222198 2.8982625262457425e-17 -0.9914449453353882 0.13052614033222198 2.8982625262457425e-17 -0.9914449453353882 0.13052614033222198 8.497281663877941e-17 -0.9238795638084412 0.38268354535102844 8.497281663877941e-17 -0.9238795638084412 0.38268354535102844 1.3517219117058102e-16 -0.7933533787727356 0.6087614297866821 1.3517219117058102e-16 -0.7933533787727356 0.6087614297866821 1.761598375555308e-16 -0.6087614297866821 0.7933533787727356 1.761598375555308e-16 -0.6087614297866821 0.7933533787727356 1.0 2.220446049250313e-16 4.930380657631324e-32 1.0 2.220446049250313e-16 4.930380657631324e-32 1.0 2.220446049250313e-16 4.930380657631324e-32 1.0 2.220446049250313e-16 4.930380657631324e-32 1.0 2.220446049250313e-16 4.930380657631324e-32 1.0 2.220446049250313e-16 4.930380657631324e-32 1.0 2.220446049250313e-16 4.930380657631324e-32 1.0 2.220446049250313e-16 4.930380657631324e-32 1.0 2.220446049250313e-16 4.930380657631324e-32 1.0 2.220446049250313e-16 4.930380657631324e-32 1.0 2.220446049250313e-16 4.930380657631324e-32 1.0 2.220446049250313e-16 4.930380657631324e-32 1.0 2.220446049250313e-16 4.930380657631324e-32 1.0 2.220446049250313e-16 4.930380657631324e-32 1.0 2.220446049250313e-16 4.930380657631324e-32 1.0 2.220446049250313e-16 4.930380657631324e-32 1.0 2.220446049250313e-16 4.930380657631324e-32 1.0 2.220446049250313e-16 4.930380657631324e-32 1.0 2.220446049250313e-16 4.930380657631324e-32 1.0 2.220446049250313e-16 4.930380657631324e-32 1.0 2.220446049250313e-16 4.930380657631324e-32 1.0 2.220446049250313e-16 4.930380657631324e-32 2.0514247274415557e-16 -0.38268354535102844 0.9238795638084412 2.0514247274415557e-16 -0.38268354535102844 0.9238795638084412 2.2014500119191553e-16 -0.13052614033222198 0.9914449453353882 2.2014500119191553e-16 -0.13052614033222198 0.9914449453353882 -1.0 -2.220446049250313e-16 -4.930380657631324e-32 -1.0 -2.220446049250313e-16 -4.930380657631324e-32 -1.0 -2.220446049250313e-16 -4.930380657631324e-32 -1.0 -2.220446049250313e-16 -4.930380657631324e-32 -1.0 -2.220446049250313e-16 -4.930380657631324e-32 -1.0 -2.220446049250313e-16 -4.930380657631324e-32 -1.0 -2.220446049250313e-16 -4.930380657631324e-32 -1.0 -2.220446049250313e-16 -4.930380657631324e-32 -1.0 -2.220446049250313e-16 -4.930380657631324e-32 -1.0 -2.220446049250313e-16 -4.930380657631324e-32 -1.0 -2.220446049250313e-16 -4.930380657631324e-32 -1.0 -2.220446049250313e-16 -4.930380657631324e-32 -1.0 -2.220446049250313e-16 -4.930380657631324e-32 -1.0 -2.220446049250313e-16 -4.930380657631324e-32 -1.0 -2.220446049250313e-16 -4.930380657631324e-32 -1.0 -2.220446049250313e-16 -4.930380657631324e-32 -1.0 -2.220446049250313e-16 -4.930380657631324e-32 -1.0 -2.220446049250313e-16 -4.930380657631324e-32 -1.0 -2.220446049250313e-16 -4.930380657631324e-32 -1.0 -2.220446049250313e-16 -4.930380657631324e-32 -1.0 -2.220446049250313e-16 -4.930380657631324e-32 -1.0 -2.220446049250313e-16 -4.930380657631324e-32</float_array><technique_common><accessor source="#mesh56-normals-array" count="92" stride="3"><param name="X" type="float" /><param name="Y" type="float" /><param name="Z" type="float" /></accessor></technique_common></source><vertices id="mesh56-vertices"><input semantic="POSITION" source="#mesh56-positions" /></vertices><triangles count="92" material="graphite"><input semantic="VERTEX" source="#mesh56-vertices" offset="0" /><input semantic="NORMAL" source="#mesh56-normals" offset="1" /><p>0 0 1 0 3 0 0 1 3 1 2 1 2 2 3 2 5 2 2 3 5 3 4 3 4 4 5 4 7 4 4 5 7 5 6 5 6 6 7 6 9 6 6 7 9 7 8 7 8 8 9 8 11 8 8 9 11 9 10 9 10 10 11 10 13 10 10 11 13 11 12 11 12 12 13 12 15 12 12 13 15 13 14 13 14 14 15 14 17 14 14 15 17 15 16 15 16 16 17 16 19 16 16 17 19 17 18 17 18 18 19 18 21 18 18 19 21 19 20 19 20 20 21 20 23 20 20 21 23 21 22 21 22 22 23 22 25 22 22 23 25 23 24 23 24 24 25 24 27 24 24 25 27 25 26 25 26 26 27 26 29 26 26 27 29 27 28 27 28 28 29 28 31 28 28 29 31 29 30 29 30 30 31 30 33 30 30 31 33 31 32 31 32 32 33 32 35 32 32 33 35 33 34 33 34 34 35 34 37 34 34 35 37 35 36 35 36 36 37 36 39 36 36 37 39 37 38 37 38 38 39 38 41 38 38 39 41 39 40 39 40 40 41 40 43 40 40 41 43 41 42 41 42 42 43 42 45 42 42 43 45 43 44 43 5 44 3 44 1 44 1 45 47 45 45 45 45 46 43 46 41 46 41 47 39 47 37 47 37 48 35 48 33 48 33 49 31 49 29 49 29 50 27 50 25 50 25 51 23 51 21 51 21 52 19 52 17 52 17 53 15 53 13 53 13 54 11 54 9 54 9 55 7 55 5 55 5 56 1 56 45 56 45 57 41 57 37 57 37 58 33 58 29 58 29 59 25 59 21 59 21 60 17 60 13 60 13 61 9 61 5 61 5 62 45 62 37 62 37 63 29 63 21 63 21 64 13 64 5 64 37 65 21 65 5 65 44 66 45 66 47 66 44 67 47 67 46 67 46 68 47 68 1 68 46 69 1 69 0 69 46 70 0 70 2 70 2 71 4 71 6 71 6 72 8 72 10 72 10 73 12 73 14 73 14 74 16 74 18 74 18 75 20 75 22 75 22 76 24 76 26 76 26 77 28 77 30 77 30 78 32 78 34 78 34 79 36 79 38 79 38 80 40 80 42 80 42 81 44 81 46 81 46 82 2 82 6 82 6 83 10 83 14 83 14 84 18 84 22 84 22 85 26 85 30 85 30 86 34 86 38 86 38 87 42 87 46 87 46 88 6 88 14 88 14 89 22 89 30 89 30 90 38 90 46 90 14 91 30 91 46 91</p></triangles></mesh></geometry><geometry id="mesh57"><mesh><source id="mesh57-positions"><float_array id="mesh57-array" count="144">-0.41100001335144043 -0.01879199966788292 0.004999999888241291 -0.3630000352859497 -0.01879199966788292 0.004999999888241291 -0.41100001335144043 -0.01749790459871292 0.004829628858715296 -0.3630000352859497 -0.01749790459871292 0.004829628858715296 -0.41100001335144043 -0.01629200018942356 0.0043301270343363285 -0.3630000352859497 -0.01629200018942356 0.0043301270343363285 -0.41100001335144043 -0.015256466343998909 0.0035355337895452976 -0.3630000352859497 -0.015256466343998909 0.0035355337895452976 -0.41100001335144043 -0.014461873099207878 0.0024999999441206455 -0.3630000352859497 -0.014461873099207878 0.0024999999441206455 -0.41100001335144043 -0.01396237127482891 0.00129409518558532 -0.3630000352859497 -0.01396237127482891 0.00129409518558532 -0.41100001335144043 -0.013791999779641628 5.329071391703478e-18 -0.3630000352859497 -0.013791999779641628 -5.329071391703478e-18 -0.41100001335144043 -0.01396237127482891 -0.00129409518558532 -0.3630000352859497 -0.01396237127482891 -0.00129409518558532 -0.41100001335144043 -0.014461873099207878 -0.0024999999441206455 -0.3630000352859497 -0.014461873099207878 -0.0024999999441206455 -0.41100001335144043 -0.015256466343998909 -0.0035355337895452976 -0.3630000352859497 -0.015256466343998909 -0.0035355337895452976 -0.41100001335144043 -0.01629200018942356 -0.0043301270343363285 -0.3630000352859497 -0.01629200018942356 -0.0043301270343363285 -0.41100001335144043 -0.01749790459871292 -0.004829628858715296 -0.3630000352859497 -0.01749790459871292 -0.004829628858715296 -0.41100001335144043 -0.01879199966788292 -0.004999999888241291 -0.3630000352859497 -0.01879199966788292 -0.004999999888241291 -0.41100001335144043 -0.020086094737052917 -0.004829628858715296 -0.3630000352859497 -0.020086094737052917 -0.004829628858715296 -0.41100001335144043 -0.021291999146342278 -0.0043301270343363285 -0.3630000352859497 -0.021291999146342278 -0.0043301270343363285 -0.41100001335144043 -0.02232753299176693 -0.0035355337895452976 -0.3630000352859497 -0.02232753299176693 -0.0035355337895452976 -0.41100001335144043 -0.02312212623655796 -0.0024999999441206455 -0.3630000352859497 -0.02312212623655796 -0.0024999999441206455 -0.41100001335144043 -0.023621628060936928 -0.00129409518558532 -0.3630000352859497 -0.023621628060936928 -0.00129409518558532 -0.41100001335144043 -0.023791998624801636 5.329071391703478e-18 -0.3630000352859497 -0.023791998624801636 -5.329071391703478e-18 -0.41100001335144043 -0.023621628060936928 0.00129409518558532 -0.3630000352859497 -0.023621628060936928 0.00129409518558532 -0.41100001335144043 -0.02312212623655796 0.0024999999441206455 -0.3630000352859497 -0.02312212623655796 0.0024999999441206455 -0.41100001335144043 -0.02232753299176693 0.0035355337895452976 -0.3630000352859497 -0.02232753299176693 0.0035355337895452976 -0.41100001335144043 -0.021291999146342278 0.0043301270343363285 -0.3630000352859497 -0.021291999146342278 0.0043301270343363285 -0.41100001335144043 -0.020086094737052917 0.004829628858715296 -0.3630000352859497 -0.020086094737052917 0.004829628858715296</float_array><technique_common><accessor source="#mesh57-array" count="48" stride="3"><param name="X" type="float" /><param name="Y" type="float" /><param name="Z" type="float" /></accessor></technique_common></source><source id="mesh57-normals"><float_array id="mesh57-normals-array" count="276">2.2014497472213593e-16 0.13052630424499512 0.9914448261260986 2.2014497472213593e-16 0.13052630424499512 0.9914448261260986 2.0514249921393517e-16 0.38268330693244934 0.9238796830177307 2.0514249921393517e-16 0.38268330693244934 0.9238796830177307 1.761598110857512e-16 0.6087614893913269 0.793353259563446 1.761598110857512e-16 0.6087614893913269 0.793353259563446 1.3517220440547082e-16 0.793353259563446 0.6087614893913269 1.3517220440547082e-16 0.793353259563446 0.6087614893913269 8.497276369922021e-17 0.9238796830177307 0.38268330693244934 8.497276369922021e-17 0.9238796830177307 0.38268330693244934 2.898266165840438e-17 0.9914448261260986 0.13052630424499512 2.898266165840438e-17 0.9914448261260986 0.13052630424499512 -2.898266165840438e-17 0.9914448261260986 -0.13052630424499512 -2.898266165840438e-17 0.9914448261260986 -0.13052630424499512 -8.497276369922021e-17 0.9238796830177307 -0.38268330693244934 -8.497276369922021e-17 0.9238796830177307 -0.38268330693244934 -1.3517220440547082e-16 0.793353259563446 -0.6087614893913269 -1.3517220440547082e-16 0.793353259563446 -0.6087614893913269 -1.761598110857512e-16 0.6087614893913269 -0.793353259563446 -1.761598110857512e-16 0.6087614893913269 -0.793353259563446 -2.0514249921393517e-16 0.38268330693244934 -0.9238796830177307 -2.0514249921393517e-16 0.38268330693244934 -0.9238796830177307 -2.2014497472213593e-16 0.13052630424499512 -0.9914448261260986 -2.2014497472213593e-16 0.13052630424499512 -0.9914448261260986 -2.2014497472213593e-16 -0.13052630424499512 -0.9914448261260986 -2.2014497472213593e-16 -0.13052630424499512 -0.9914448261260986 -2.0514249921393517e-16 -0.38268330693244934 -0.9238796830177307 -2.0514249921393517e-16 -0.38268330693244934 -0.9238796830177307 -1.761598110857512e-16 -0.6087614893913269 -0.793353259563446 -1.761598110857512e-16 -0.6087614893913269 -0.793353259563446 -1.3517220440547082e-16 -0.793353259563446 -0.6087614893913269 -1.3517220440547082e-16 -0.793353259563446 -0.6087614893913269 -8.497276369922021e-17 -0.9238796830177307 -0.38268330693244934 -8.497276369922021e-17 -0.9238796830177307 -0.38268330693244934 -2.898266165840438e-17 -0.9914448261260986 -0.13052630424499512 -2.898266165840438e-17 -0.9914448261260986 -0.13052630424499512 2.898266165840438e-17 -0.9914448261260986 0.13052630424499512 2.898266165840438e-17 -0.9914448261260986 0.13052630424499512 8.497276369922021e-17 -0.9238796830177307 0.38268330693244934 8.497276369922021e-17 -0.9238796830177307 0.38268330693244934 1.3517220440547082e-16 -0.793353259563446 0.6087614893913269 1.3517220440547082e-16 -0.793353259563446 0.6087614893913269 1.761598110857512e-16 -0.6087614893913269 0.793353259563446 1.761598110857512e-16 -0.6087614893913269 0.793353259563446 1.0 2.220446049250313e-16 4.930380657631324e-32 1.0 2.220446049250313e-16 4.930380657631324e-32 1.0 2.220446049250313e-16 4.930380657631324e-32 1.0 2.220446049250313e-16 4.930380657631324e-32 1.0 2.220446049250313e-16 4.930380657631324e-32 1.0 2.220446049250313e-16 4.930380657631324e-32 1.0 2.220446049250313e-16 4.930380657631324e-32 1.0 2.220446049250313e-16 4.930380657631324e-32 1.0 2.220446049250313e-16 4.930380657631324e-32 1.0 2.220446049250313e-16 4.930380657631324e-32 1.0 2.220446049250313e-16 4.930380657631324e-32 1.0 2.220446049250313e-16 4.930380657631324e-32 1.0 2.220446049250313e-16 4.930380657631324e-32 1.0 2.220446049250313e-16 4.930380657631324e-32 1.0 2.220446049250313e-16 4.930380657631324e-32 1.0 2.220446049250313e-16 4.930380657631324e-32 1.0 2.220446049250313e-16 4.930380657631324e-32 1.0 2.220446049250313e-16 4.930380657631324e-32 1.0 2.220446049250313e-16 4.930380657631324e-32 1.0 2.220446049250313e-16 4.930380657631324e-32 1.0 2.220446049250313e-16 4.930380657631324e-32 1.0 2.220446049250313e-16 4.930380657631324e-32 2.0514249921393517e-16 -0.38268330693244934 0.9238796830177307 2.0514249921393517e-16 -0.38268330693244934 0.9238796830177307 2.2014497472213593e-16 -0.13052630424499512 0.9914448261260986 2.2014497472213593e-16 -0.13052630424499512 0.9914448261260986 -1.0 -2.220446049250313e-16 -4.930380657631324e-32 -1.0 -2.220446049250313e-16 -4.930380657631324e-32 -1.0 -2.220446049250313e-16 -4.930380657631324e-32 -1.0 -2.220446049250313e-16 -4.930380657631324e-32 -1.0 -2.220446049250313e-16 -4.930380657631324e-32 -1.0 -2.220446049250313e-16 -4.930380657631324e-32 -1.0 -2.220446049250313e-16 -4.930380657631324e-32 -1.0 -2.220446049250313e-16 -4.930380657631324e-32 -1.0 -2.220446049250313e-16 -4.930380657631324e-32 -1.0 -2.220446049250313e-16 -4.930380657631324e-32 -1.0 -2.220446049250313e-16 -4.930380657631324e-32 -1.0 -2.220446049250313e-16 -4.930380657631324e-32 -1.0 -2.220446049250313e-16 -4.930380657631324e-32 -1.0 -2.220446049250313e-16 -4.930380657631324e-32 -1.0 -2.220446049250313e-16 -4.930380657631324e-32 -1.0 -2.220446049250313e-16 -4.930380657631324e-32 -1.0 -2.220446049250313e-16 -4.930380657631324e-32 -1.0 -2.220446049250313e-16 -4.930380657631324e-32 -1.0 -2.220446049250313e-16 -4.930380657631324e-32 -1.0 -2.220446049250313e-16 -4.930380657631324e-32 -1.0 -2.220446049250313e-16 -4.930380657631324e-32 -1.0 -2.220446049250313e-16 -4.930380657631324e-32</float_array><technique_common><accessor source="#mesh57-normals-array" count="92" stride="3"><param name="X" type="float" /><param name="Y" type="float" /><param name="Z" type="float" /></accessor></technique_common></source><vertices id="mesh57-vertices"><input semantic="POSITION" source="#mesh57-positions" /></vertices><triangles count="92" material="copper"><input semantic="VERTEX" source="#mesh57-vertices" offset="0" /><input semantic="NORMAL" source="#mesh57-normals" offset="1" /><p>0 0 1 0 3 0 0 1 3 1 2 1 2 2 3 2 5 2 2 3 5 3 4 3 4 4 5 4 7 4 4 5 7 5 6 5 6 6 7 6 9 6 6 7 9 7 8 7 8 8 9 8 11 8 8 9 11 9 10 9 10 10 11 10 13 10 10 11 13 11 12 11 12 12 13 12 15 12 12 13 15 13 14 13 14 14 15 14 17 14 14 15 17 15 16 15 16 16 17 16 19 16 16 17 19 17 18 17 18 18 19 18 21 18 18 19 21 19 20 19 20 20 21 20 23 20 20 21 23 21 22 21 22 22 23 22 25 22 22 23 25 23 24 23 24 24 25 24 27 24 24 25 27 25 26 25 26 26 27 26 29 26 26 27 29 27 28 27 28 28 29 28 31 28 28 29 31 29 30 29 30 30 31 30 33 30 30 31 33 31 32 31 32 32 33 32 35 32 32 33 35 33 34 33 34 34 35 34 37 34 34 35 37 35 36 35 36 36 37 36 39 36 36 37 39 37 38 37 38 38 39 38 41 38 38 39 41 39 40 39 40 40 41 40 43 40 40 41 43 41 42 41 42 42 43 42 45 42 42 43 45 43 44 43 5 44 3 44 1 44 1 45 47 45 45 45 45 46 43 46 41 46 41 47 39 47 37 47 37 48 35 48 33 48 33 49 31 49 29 49 29 50 27 50 25 50 25 51 23 51 21 51 21 52 19 52 17 52 17 53 15 53 13 53 13 54 11 54 9 54 9 55 7 55 5 55 5 56 1 56 45 56 45 57 41 57 37 57 37 58 33 58 29 58 29 59 25 59 21 59 21 60 17 60 13 60 13 61 9 61 5 61 5 62 45 62 37 62 37 63 29 63 21 63 21 64 13 64 5 64 37 65 21 65 5 65 44 66 45 66 47 66 44 67 47 67 46 67 46 68 47 68 1 68 46 69 1 69 0 69 46 70 0 70 2 70 2 71 4 71 6 71 6 72 8 72 10 72 10 73 12 73 14 73 14 74 16 74 18 74 18 75 20 75 22 75 22 76 24 76 26 76 26 77 28 77 30 77 30 78 32 78 34 78 34 79 36 79 38 79 38 80 40 80 42 80 42 81 44 81 46 81 46 82 2 82 6 82 6 83 10 83 14 83 14 84 18 84 22 84 22 85 26 85 30 85 30 86 34 86 38 86 38 87 42 87 46 87 46 88 6 88 14 88 14 89 22 89 30 89 30 90 38 90 46 90 14 91 30 91 46 91</p></triangles></mesh></geometry><geometry id="mesh58"><mesh><source id="mesh58-positions"><float_array id="mesh58-array" count="144">-0.41100001335144043 0.01879199966788292 0.004999999888241291 -0.3630000352859497 0.01879199966788292 0.004999999888241291 -0.41100001335144043 0.020086094737052917 0.004829628858715296 -0.3630000352859497 0.020086094737052917 0.004829628858715296 -0.41100001335144043 0.021291999146342278 0.0043301270343363285 -0.3630000352859497 0.021291999146342278 0.0043301270343363285 -0.41100001335144043 0.02232753299176693 0.0035355337895452976 -0.3630000352859497 0.02232753299176693 0.0035355337895452976 -0.41100001335144043 0.02312212623655796 0.0024999999441206455 -0.3630000352859497 0.02312212623655796 0.0024999999441206455 -0.41100001335144043 0.023621628060936928 0.00129409518558532 -0.3630000352859497 0.023621628060936928 0.00129409518558532 -0.41100001335144043 0.023791998624801636 5.329071391703478e-18 -0.3630000352859497 0.023791998624801636 -5.329071391703478e-18 -0.41100001335144043 0.023621628060936928 -0.00129409518558532 -0.3630000352859497 0.023621628060936928 -0.00129409518558532 -0.41100001335144043 0.02312212623655796 -0.0024999999441206455 -0.3630000352859497 0.02312212623655796 -0.0024999999441206455 -0.41100001335144043 0.02232753299176693 -0.0035355337895452976 -0.3630000352859497 0.02232753299176693 -0.0035355337895452976 -0.41100001335144043 0.021291999146342278 -0.0043301270343363285 -0.3630000352859497 0.021291999146342278 -0.0043301270343363285 -0.41100001335144043 0.020086094737052917 -0.004829628858715296 -0.3630000352859497 0.020086094737052917 -0.004829628858715296 -0.41100001335144043 0.01879199966788292 -0.004999999888241291 -0.3630000352859497 0.01879199966788292 -0.004999999888241291 -0.41100001335144043 0.01749790459871292 -0.004829628858715296 -0.3630000352859497 0.01749790459871292 -0.004829628858715296 -0.41100001335144043 0.01629200018942356 -0.0043301270343363285 -0.3630000352859497 0.01629200018942356 -0.0043301270343363285 -0.41100001335144043 0.015256466343998909 -0.0035355337895452976 -0.3630000352859497 0.015256466343998909 -0.0035355337895452976 -0.41100001335144043 0.014461873099207878 -0.0024999999441206455 -0.3630000352859497 0.014461873099207878 -0.0024999999441206455 -0.41100001335144043 0.01396237127482891 -0.00129409518558532 -0.3630000352859497 0.01396237127482891 -0.00129409518558532 -0.41100001335144043 0.013791999779641628 5.329071391703478e-18 -0.3630000352859497 0.013791999779641628 -5.329071391703478e-18 -0.41100001335144043 0.01396237127482891 0.00129409518558532 -0.3630000352859497 0.01396237127482891 0.00129409518558532 -0.41100001335144043 0.014461873099207878 0.0024999999441206455 -0.3630000352859497 0.014461873099207878 0.0024999999441206455 -0.41100001335144043 0.015256466343998909 0.0035355337895452976 -0.3630000352859497 0.015256466343998909 0.0035355337895452976 -0.41100001335144043 0.01629200018942356 0.0043301270343363285 -0.3630000352859497 0.01629200018942356 0.0043301270343363285 -0.41100001335144043 0.01749790459871292 0.004829628858715296 -0.3630000352859497 0.01749790459871292 0.004829628858715296</float_array><technique_common><accessor source="#mesh58-array" count="48" stride="3"><param name="X" type="float" /><param name="Y" type="float" /><param name="Z" type="float" /></accessor></technique_common></source><source id="mesh58-normals"><float_array id="mesh58-normals-array" count="276">2.2014497472213593e-16 0.13052630424499512 0.9914448261260986 2.2014497472213593e-16 0.13052630424499512 0.9914448261260986 2.0514249921393517e-16 0.38268330693244934 0.9238796830177307 2.0514249921393517e-16 0.38268330693244934 0.9238796830177307 1.761598110857512e-16 0.6087614893913269 0.793353259563446 1.761598110857512e-16 0.6087614893913269 0.793353259563446 1.3517220440547082e-16 0.793353259563446 0.6087614893913269 1.3517220440547082e-16 0.793353259563446 0.6087614893913269 8.497276369922021e-17 0.9238796830177307 0.38268330693244934 8.497276369922021e-17 0.9238796830177307 0.38268330693244934 2.898266165840438e-17 0.9914448261260986 0.13052630424499512 2.898266165840438e-17 0.9914448261260986 0.13052630424499512 -2.898266165840438e-17 0.9914448261260986 -0.13052630424499512 -2.898266165840438e-17 0.9914448261260986 -0.13052630424499512 -8.497276369922021e-17 0.9238796830177307 -0.38268330693244934 -8.497276369922021e-17 0.9238796830177307 -0.38268330693244934 -1.3517220440547082e-16 0.793353259563446 -0.6087614893913269 -1.3517220440547082e-16 0.793353259563446 -0.6087614893913269 -1.761598110857512e-16 0.6087614893913269 -0.793353259563446 -1.761598110857512e-16 0.6087614893913269 -0.793353259563446 -2.0514249921393517e-16 0.38268330693244934 -0.9238796830177307 -2.0514249921393517e-16 0.38268330693244934 -0.9238796830177307 -2.2014497472213593e-16 0.13052630424499512 -0.9914448261260986 -2.2014497472213593e-16 0.13052630424499512 -0.9914448261260986 -2.2014497472213593e-16 -0.13052630424499512 -0.9914448261260986 -2.2014497472213593e-16 -0.13052630424499512 -0.9914448261260986 -2.0514249921393517e-16 -0.38268330693244934 -0.9238796830177307 -2.0514249921393517e-16 -0.38268330693244934 -0.9238796830177307 -1.761598110857512e-16 -0.6087614893913269 -0.793353259563446 -1.761598110857512e-16 -0.6087614893913269 -0.793353259563446 -1.3517220440547082e-16 -0.793353259563446 -0.6087614893913269 -1.3517220440547082e-16 -0.793353259563446 -0.6087614893913269 -8.497276369922021e-17 -0.9238796830177307 -0.38268330693244934 -8.497276369922021e-17 -0.9238796830177307 -0.38268330693244934 -2.898266165840438e-17 -0.9914448261260986 -0.13052630424499512 -2.898266165840438e-17 -0.9914448261260986 -0.13052630424499512 2.898266165840438e-17 -0.9914448261260986 0.13052630424499512 2.898266165840438e-17 -0.9914448261260986 0.13052630424499512 8.497276369922021e-17 -0.9238796830177307 0.38268330693244934 8.497276369922021e-17 -0.9238796830177307 0.38268330693244934 1.3517220440547082e-16 -0.793353259563446 0.6087614893913269 1.3517220440547082e-16 -0.793353259563446 0.6087614893913269 1.761598110857512e-16 -0.6087614893913269 0.793353259563446 1.761598110857512e-16 -0.6087614893913269 0.793353259563446 1.0 2.220446049250313e-16 4.930380657631324e-32 1.0 2.220446049250313e-16 4.930380657631324e-32 1.0 2.220446049250313e-16 4.930380657631324e-32 1.0 2.220446049250313e-16 4.930380657631324e-32 1.0 2.220446049250313e-16 4.930380657631324e-32 1.0 2.220446049250313e-16 4.930380657631324e-32 1.0 2.220446049250313e-16 4.930380657631324e-32 1.0 2.220446049250313e-16 4.930380657631324e-32 1.0 2.220446049250313e-16 4.930380657631324e-32 1.0 2.220446049250313e-16 4.930380657631324e-32 1.0 2.220446049250313e-16 4.930380657631324e-32 1.0 2.220446049250313e-16 4.930380657631324e-32 1.0 2.220446049250313e-16 4.930380657631324e-32 1.0 2.220446049250313e-16 4.930380657631324e-32 1.0 2.220446049250313e-16 4.930380657631324e-32 1.0 2.220446049250313e-16 4.930380657631324e-32 1.0 2.220446049250313e-16 4.930380657631324e-32 1.0 2.220446049250313e-16 4.930380657631324e-32 1.0 2.220446049250313e-16 4.930380657631324e-32 1.0 2.220446049250313e-16 4.930380657631324e-32 1.0 2.220446049250313e-16 4.930380657631324e-32 1.0 2.220446049250313e-16 4.930380657631324e-32 2.0514249921393517e-16 -0.38268330693244934 0.9238796830177307 2.0514249921393517e-16 -0.38268330693244934 0.9238796830177307 2.2014497472213593e-16 -0.13052630424499512 0.9914448261260986 2.2014497472213593e-16 -0.13052630424499512 0.9914448261260986 -1.0 -2.220446049250313e-16 -4.930380657631324e-32 -1.0 -2.220446049250313e-16 -4.930380657631324e-32 -1.0 -2.220446049250313e-16 -4.930380657631324e-32 -1.0 -2.220446049250313e-16 -4.930380657631324e-32 -1.0 -2.220446049250313e-16 -4.930380657631324e-32 -1.0 -2.220446049250313e-16 -4.930380657631324e-32 -1.0 -2.220446049250313e-16 -4.930380657631324e-32 -1.0 -2.220446049250313e-16 -4.930380657631324e-32 -1.0 -2.220446049250313e-16 -4.930380657631324e-32 -1.0 -2.220446049250313e-16 -4.930380657631324e-32 -1.0 -2.220446049250313e-16 -4.930380657631324e-32 -1.0 -2.220446049250313e-16 -4.930380657631324e-32 -1.0 -2.220446049250313e-16 -4.930380657631324e-32 -1.0 -2.220446049250313e-16 -4.930380657631324e-32 -1.0 -2.220446049250313e-16 -4.930380657631324e-32 -1.0 -2.220446049250313e-16 -4.930380657631324e-32 -1.0 -2.220446049250313e-16 -4.930380657631324e-32 -1.0 -2.220446049250313e-16 -4.930380657631324e-32 -1.0 -2.220446049250313e-16 -4.930380657631324e-32 -1.0 -2.220446049250313e-16 -4.930380657631324e-32 -1.0 -2.220446049250313e-16 -4.930380657631324e-32 -1.0 -2.220446049250313e-16 -4.930380657631324e-32</float_array><technique_common><accessor source="#mesh58-normals-array" count="92" stride="3"><param name="X" type="float" /><param name="Y" type="float" /><param name="Z" type="float" /></accessor></technique_common></source><vertices id="mesh58-vertices"><input semantic="POSITION" source="#mesh58-positions" /></vertices><triangles count="92" material="copper"><input semantic="VERTEX" source="#mesh58-vertices" offset="0" /><input semantic="NORMAL" source="#mesh58-normals" offset="1" /><p>0 0 1 0 3 0 0 1 3 1 2 1 2 2 3 2 5 2 2 3 5 3 4 3 4 4 5 4 7 4 4 5 7 5 6 5 6 6 7 6 9 6 6 7 9 7 8 7 8 8 9 8 11 8 8 9 11 9 10 9 10 10 11 10 13 10 10 11 13 11 12 11 12 12 13 12 15 12 12 13 15 13 14 13 14 14 15 14 17 14 14 15 17 15 16 15 16 16 17 16 19 16 16 17 19 17 18 17 18 18 19 18 21 18 18 19 21 19 20 19 20 20 21 20 23 20 20 21 23 21 22 21 22 22 23 22 25 22 22 23 25 23 24 23 24 24 25 24 27 24 24 25 27 25 26 25 26 26 27 26 29 26 26 27 29 27 28 27 28 28 29 28 31 28 28 29 31 29 30 29 30 30 31 30 33 30 30 31 33 31 32 31 32 32 33 32 35 32 32 33 35 33 34 33 34 34 35 34 37 34 34 35 37 35 36 35 36 36 37 36 39 36 36 37 39 37 38 37 38 38 39 38 41 38 38 39 41 39 40 39 40 40 41 40 43 40 40 41 43 41 42 41 42 42 43 42 45 42 42 43 45 43 44 43 5 44 3 44 1 44 1 45 47 45 45 45 45 46 43 46 41 46 41 47 39 47 37 47 37 48 35 48 33 48 33 49 31 49 29 49 29 50 27 50 25 50 25 51 23 51 21 51 21 52 19 52 17 52 17 53 15 53 13 53 13 54 11 54 9 54 9 55 7 55 5 55 5 56 1 56 45 56 45 57 41 57 37 57 37 58 33 58 29 58 29 59 25 59 21 59 21 60 17 60 13 60 13 61 9 61 5 61 5 62 45 62 37 62 37 63 29 63 21 63 21 64 13 64 5 64 37 65 21 65 5 65 44 66 45 66 47 66 44 67 47 67 46 67 46 68 47 68 1 68 46 69 1 69 0 69 46 70 0 70 2 70 2 71 4 71 6 71 6 72 8 72 10 72 10 73 12 73 14 73 14 74 16 74 18 74 18 75 20 75 22 75 22 76 24 76 26 76 26 77 28 77 30 77 30 78 32 78 34 78 34 79 36 79 38 79 38 80 40 80 42 80 42 81 44 81 46 81 46 82 2 82 6 82 6 83 10 83 14 83 14 84 18 84 22 84 22 85 26 85 30 85 30 86 34 86 38 86 38 87 42 87 46 87 46 88 6 88 14 88 14 89 22 89 30 89 30 90 38 90 46 90 14 91 30 91 46 91</p></triangles></mesh></geometry><geometry id="mesh59"><mesh><source id="mesh59-positions"><float_array id="mesh59-array" count="72">-0.46799999475479126 -3.82194293895788e-18 0.017212500795722008 -0.42399996519088745 -3.82194293895788e-18 0.017212500795722008 -0.46799999475479126 0.008606250397861004 0.014906462281942368 -0.42399996519088745 0.008606250397861004 0.014906462281942368 -0.46799999475479126 0.014906462281942368 0.008606250397861004 -0.42399996519088745 0.014906462281942368 0.008606250397861004 -0.46799999475479126 0.017212500795722008 4.884981281880909e-18 -0.42399996519088745 0.017212500795722008 -4.884981281880909e-18 -0.46799999475479126 0.014906462281942368 -0.008606250397861004 -0.42399996519088745 0.014906462281942368 -0.008606250397861004 -0.46799999475479126 0.008606250397861004 -0.014906462281942368 -0.42399996519088745 0.008606250397861004 -0.014906462281942368 -0.46799999475479126 3.82194293895788e-18 -0.017212500795722008 -0.42399996519088745 3.82194293895788e-18 -0.017212500795722008 -0.46799999475479126 -0.008606250397861004 -0.014906462281942368 -0.42399996519088745 -0.008606250397861004 -0.014906462281942368 -0.46799999475479126 -0.014906462281942368 -0.008606250397861004 -0.42399996519088745 -0.014906462281942368 -0.008606250397861004 -0.46799999475479126 -0.017212500795722008 4.884981281880909e-18 -0.42399996519088745 -0.017212500795722008 -4.884981281880909e-18 -0.46799999475479126 -0.014906462281942368 0.008606250397861004 -0.42399996519088745 -0.014906462281942368 0.008606250397861004 -0.46799999475479126 -0.008606250397861004 0.014906462281942368 -0.42399996519088745 -0.008606250397861004 0.014906462281942368</float_array><technique_common><accessor source="#mesh59-array" count="24" stride="3"><param name="X" type="float" /><param name="Y" type="float" /><param name="Z" type="float" /></accessor></technique_common></source><source id="mesh59-normals"><float_array id="mesh59-normals-array" count="132">2.1447861547258028e-16 0.2588191330432892 0.9659258127212524 2.1447861547258028e-16 0.2588191330432892 0.9659258127212524 1.5700924318127872e-16 0.7071067690849304 0.7071067690849304 1.5700924318127872e-16 0.7071067690849304 0.7071067690849304 5.746939214363626e-17 0.9659258127212524 0.2588191330432892 5.746939214363626e-17 0.9659258127212524 0.2588191330432892 -5.746939214363626e-17 0.9659258127212524 -0.2588191330432892 -5.746939214363626e-17 0.9659258127212524 -0.2588191330432892 -1.5700924318127872e-16 0.7071067690849304 -0.7071067690849304 -1.5700924318127872e-16 0.7071067690849304 -0.7071067690849304 -2.1447861547258028e-16 0.2588191330432892 -0.9659258127212524 -2.1447861547258028e-16 0.2588191330432892 -0.9659258127212524 -2.1447861547258028e-16 -0.2588191330432892 -0.9659258127212524 -2.1447861547258028e-16 -0.2588191330432892 -0.9659258127212524 -1.5700924318127872e-16 -0.7071067690849304 -0.7071067690849304 -1.5700924318127872e-16 -0.7071067690849304 -0.7071067690849304 -5.746939214363626e-17 -0.9659258127212524 -0.2588191330432892 -5.746939214363626e-17 -0.9659258127212524 -0.2588191330432892 5.746939214363626e-17 -0.9659258127212524 0.2588191330432892 5.746939214363626e-17 -0.9659258127212524 0.2588191330432892 1.0 2.220446049250313e-16 4.930380657631324e-32 1.0 2.220446049250313e-16 4.930380657631324e-32 1.0 2.220446049250313e-16 4.930380657631324e-32 1.0 2.220446049250313e-16 4.930380657631324e-32 1.0 2.220446049250313e-16 4.930380657631324e-32 1.0 2.220446049250313e-16 4.930380657631324e-32 1.0 2.220446049250313e-16 4.930380657631324e-32 1.0 2.220446049250313e-16 4.930380657631324e-32 1.0 2.220446049250313e-16 4.930380657631324e-32 1.0 2.220446049250313e-16 4.930380657631324e-32 1.5700924318127872e-16 -0.7071067690849304 0.7071067690849304 1.5700924318127872e-16 -0.7071067690849304 0.7071067690849304 2.1447861547258028e-16 -0.2588191330432892 0.9659258127212524 2.1447861547258028e-16 -0.2588191330432892 0.9659258127212524 -1.0 -2.220446049250313e-16 -4.930380657631324e-32 -1.0 -2.220446049250313e-16 -4.930380657631324e-32 -1.0 -2.220446049250313e-16 -4.930380657631324e-32 -1.0 -2.220446049250313e-16 -4.930380657631324e-32 -1.0 -2.220446049250313e-16 -4.930380657631324e-32 -1.0 -2.220446049250313e-16 -4.930380657631324e-32 -1.0 -2.220446049250313e-16 -4.930380657631324e-32 -1.0 -2.220446049250313e-16 -4.930380657631324e-32 -1.0 -2.220446049250313e-16 -4.930380657631324e-32 -1.0 -2.220446049250313e-16 -4.930380657631324e-32</float_array><technique_common><accessor source="#mesh59-normals-array" count="44" stride="3"><param name="X" type="float" /><param name="Y" type="float" /><param name="Z" type="float" /></accessor></technique_common></source><vertices id="mesh59-vertices"><input semantic="POSITION" source="#mesh59-positions" /></vertices><triangles count="44" material="graphite"><input semantic="VERTEX" source="#mesh59-vertices" offset="0" /><input semantic="NORMAL" source="#mesh59-normals" offset="1" /><p>0 0 1 0 3 0 0 1 3 1 2 1 2 2 3 2 5 2 2 3 5 3 4 3 4 4 5 4 7 4 4 5 7 5 6 5 6 6 7 6 9 6 6 7 9 7 8 7 8 8 9 8 11 8 8 9 11 9 10 9 10 10 11 10 13 10 10 11 13 11 12 11 12 12 13 12 15 12 12 13 15 13 14 13 14 14 15 14 17 14 14 15 17 15 16 15 16 16 17 16 19 16 16 17 19 17 18 17 18 18 19 18 21 18 18 19 21 19 20 19 5 20 3 20 1 20 1 21 23 21 21 21 21 22 19 22 17 22 17 23 15 23 13 23 13 24 11 24 9 24 9 25 7 25 5 25 5 26 1 26 21 26 21 27 17 27 13 27 13 28 9 28 5 28 21 29 13 29 5 29 20 30 21 30 23 30 20 31 23 31 22 31 22 32 23 32 1 32 22 33 1 33 0 33 22 34 0 34 2 34 2 35 4 35 6 35 6 36 8 36 10 36 10 37 12 37 14 37 14 38 16 38 18 38 18 39 20 39 22 39 22 40 2 40 6 40 6 41 10 41 14 41 14 42 18 42 22 42 6 43 14 43 22 43</p></triangles></mesh></geometry><geometry id="mesh60"><mesh><source id="mesh60-positions"><float_array id="mesh60-array" count="288">-0.46502429246902466 -0.01491750031709671 -0.006284419912844896 -0.46019843220710754 -0.019417500123381615 -0.006658274680376053 -0.46253615617752075 -0.01491750031709671 -0.010896640829741955 -0.46431341767311096 -0.017164548859000206 -0.006298653315752745 -0.4654807448387146 -0.014917501248419285 -0.008415056392550468 -0.4647458493709564 -0.01706945337355137 -0.008342045359313488 -0.4612995982170105 -0.01881631836295128 -0.008738964796066284 -0.46254202723503113 -0.01881631836295128 -0.006435879971832037 -0.4634987413883209 -0.018232347443699837 -0.0084386570379138 -0.4645674526691437 -0.014917501248419285 -0.010108016431331635 -0.4621576964855194 -0.017164548859000206 -0.010294699110090733 -0.4641028642654419 -0.01706945337355137 -0.009533939883112907 -0.42951878905296326 -0.01491750031709671 -0.01066826656460762 -0.4354638457298279 -0.01491750031709671 -0.014348357915878296 -0.43404874205589294 -0.019417500123381615 -0.009992357343435287 -0.43084269762039185 -0.014917501248419285 -0.012733585201203823 -0.4301360547542572 -0.017164548859000206 -0.010558443143963814 -0.4314114451408386 -0.01706945337355137 -0.012536345981061459 -0.43528687953948975 -0.017164548859000206 -0.013746887445449829 -0.43302488327026367 -0.014917501248419285 -0.014084398746490479 -0.4329477846622467 -0.01706945337355137 -0.013487359508872032 -0.4317988157272339 -0.01881631836295128 -0.010310343466699123 -0.4347674548625946 -0.01881631836295128 -0.012147975154221058 -0.4325820803642273 -0.018232347443699837 -0.0123616773635149 -0.42741793394088745 -0.01491750031709671 0.008887989446520805 -0.42448121309280396 -0.01491750031709671 0.0037832637317478657 -0.42896097898483276 -0.019417500123381615 0.004603191744536161 -0.42539849877357483 -0.014917501248419285 0.007899627089500427 -0.42763543128967285 -0.017164548859000206 0.008309053257107735 -0.4257035255432129 -0.01706945337355137 0.0073550911620259285 -0.42509105801582336 -0.017164548859000206 0.0038862996734678745 -0.4243205487728119 -0.014917501248419285 0.006025888025760651 -0.42494460940361023 -0.01706945337355137 0.006035923026502132 -0.428201824426651 -0.01881631836295128 0.006736276671290398 -0.42673540115356445 -0.01881631836295128 0.004187262151390314 -0.42610228061676025 -0.018232347443699837 0.0062478091567754745 -0.4569757282733917 -0.01491750031709671 0.010185924358665943 -0.4505820870399475 -0.01491750031709671 0.013373508118093014 -0.45247066020965576 -0.019417500123381615 0.009155621752142906 -0.45541489124298096 -0.014917501248419285 0.012122486717998981 -0.4563579261302948 -0.017164548859000206 0.010016310960054398 -0.45485591888427734 -0.01706945337355137 0.011871039867401123 -0.4508184492588043 -0.017164548859000206 0.012778045609593391 -0.4530680477619171 -0.014917501248419285 0.013292521238327026 -0.45320364832878113 -0.01706945337355137 0.012694778852164745 -0.45470431447029114 -0.01881631836295128 0.009638127870857716 -0.4515116810798645 -0.01881631836295128 0.01122982893139124 -0.453691691160202 -0.018232347443699837 0.011604788713157177 -0.46502429246902466 -0.014917499385774136 -0.006284424569457769 -0.46253615617752075 -0.014917499385774136 -0.010896642692387104 -0.46019843220710754 -0.010417499579489231 -0.006658273749053478 -0.4654806852340698 -0.01491750031709671 -0.008415059186518192 -0.4643133580684662 -0.012670452706515789 -0.006298654712736607 -0.46474578976631165 -0.012765548191964626 -0.008342046290636063 -0.46215763688087463 -0.012670452706515789 -0.010294698178768158 -0.4645673930644989 -0.01491750031709671 -0.010108019225299358 -0.4641028046607971 -0.012765549123287201 -0.009533939883112907 -0.46254196763038635 -0.011018684133887291 -0.00643587950617075 -0.4612995386123657 -0.011018684133887291 -0.008738962933421135 -0.46349868178367615 -0.011602654121816158 -0.0084386570379138 -0.4354638457298279 -0.014917499385774136 -0.014348359778523445 -0.42951878905296326 -0.014917498454451561 -0.010668264701962471 -0.43404874205589294 -0.010417499579489231 -0.009992357343435287 -0.43302488327026367 -0.014917498454451561 -0.014084399677813053 -0.43528687953948975 -0.012670451775193214 -0.013746889308094978 -0.4329477846622467 -0.012765547260642052 -0.013487359508872032 -0.4301360547542572 -0.012670449912548065 -0.010558441281318665 -0.43084269762039185 -0.014917498454451561 -0.012733584269881248 -0.4314114451408386 -0.012765546329319477 -0.012536345981061459 -0.4347674548625946 -0.011018682271242142 -0.012147976085543633 -0.4317988157272339 -0.011018681339919567 -0.010310342535376549 -0.4325820803642273 -0.011602652259171009 -0.0123616773635149 -0.42448121309280396 -0.014917498454451561 0.003783265594393015 -0.42741793394088745 -0.014917499385774136 0.008887991309165955 -0.42896097898483276 -0.010417499579489231 0.004603191278874874 -0.4243205487728119 -0.014917498454451561 0.0060258894227445126 -0.42509105801582336 -0.012670449912548065 0.003886299906298518 -0.42494460940361023 -0.012765546329319477 0.006035923026502132 -0.42763543128967285 -0.012670451775193214 0.008309053257107735 -0.42539849877357483 -0.014917498454451561 0.007899628952145576 -0.4257035255432129 -0.012765547260642052 0.0073550911620259285 -0.42673540115356445 -0.011018681339919567 0.004187261685729027 -0.428201824426651 -0.011018682271242142 0.006736275739967823 -0.42610228061676025 -0.011602652259171009 0.0062478091567754745 -0.4569757282733917 -0.014917499385774136 0.01018591970205307 -0.45247066020965576 -0.010417499579489231 0.009155621752142906 -0.4505820870399475 -0.014917499385774136 0.013373509980738163 -0.4563579261302948 -0.012670452706515789 0.010016308166086674 -0.45541489124298096 -0.01491750031709671 0.012122485786676407 -0.45485591888427734 -0.012765549123287201 0.011871039867401123 -0.4515116810798645 -0.011018684133887291 0.011229831725358963 -0.45470431447029114 -0.011018684133887291 0.009638127870857716 -0.453691691160202 -0.011602654121816158 0.011604789644479752 -0.4530680477619171 -0.01491750031709671 0.013292521238327026 -0.4508184492588043 -0.012670452706515789 0.012778048403561115 -0.45320364832878113 -0.012765548191964626 0.012694780714809895</float_array><technique_common><accessor source="#mesh60-array" count="96" stride="3"><param name="X" type="float" /><param name="Y" type="float" /><param name="Z" type="float" /></accessor></technique_common></source><source id="mesh60-normals"><float_array id="mesh60-normals-array" count="564">0.9367414712905884 0.2975149154663086 -0.18439163267612457 0.929435670375824 0.3106483817100525 -0.1991158127784729 0.6734471917152405 0.7312312126159668 -0.10848869383335114 0.6734480857849121 0.7312305569648743 -0.10848800837993622 0.27119889855384827 0.9534356594085693 0.1319529265165329 0.25920742750167847 0.9534355998039246 0.15418152511119843 0.27916619181632996 0.7312304973602295 0.6223891973495483 0.2791658341884613 0.7312301993370056 0.6223896145820618 0.34401193261146545 0.3106510639190674 0.8860878944396973 0.3603220582008362 0.29752328991889954 0.8841086030006409 0.839039146900177 0.30189016461372375 0.45263198018074036 0.839039146900177 0.30189022421836853 0.4526320695877075 0.6527472138404846 0.6707627177238464 0.352134108543396 -0.8123735189437866 0.26243481040000916 0.5207468271255493 -0.8086498379707336 0.24820464849472046 0.5333666205406189 -0.5143609046936035 0.21210557222366333 0.8309295773506165 -0.5143578052520752 0.2121015042066574 0.8309327363967896 -0.11678709834814072 0.2482062727212906 0.9616415500640869 -0.10382608324289322 0.26244184374809265 0.9593458771705627 -0.10850159078836441 0.6735860109329224 0.7311014533042908 -0.10850191861391068 0.6735855937004089 0.7311018109321594 -0.19815820455551147 0.9201877117156982 0.33762088418006897 -0.21382370591163635 0.920187771320343 0.32792356610298157 -0.6059962511062622 0.6735859513282776 0.42314353585243225 -0.6059954762458801 0.6735864281654358 0.42314407229423523 -0.4397772252559662 0.5494154691696167 0.7104495763778687 -0.422249436378479 0.2781630754470825 -0.862746000289917 -0.43747857213020325 0.26382869482040405 -0.8596550822257996 -0.8411049842834473 0.24166187644004822 -0.48388227820396423 -0.8411022424697876 0.2416650652885437 -0.4838852882385254 -0.9630558490753174 0.26384487748146057 0.053938623517751694 -0.9580790996551514 0.27816060185432434 0.06863806396722794 -0.7070562839508057 0.7069554924964905 0.01689375936985016 -0.7070543766021729 0.7069572806358337 0.016895374283194542 -0.2987077236175537 0.9410220980644226 -0.1589059978723526 -0.28752318024635315 0.9410221576690674 -0.1783471703529358 -0.34081539511680603 0.7069545388221741 -0.6197259426116943 -0.3408154249191284 0.7069545388221741 -0.6197259426116943 -0.6861088871955872 0.6111075282096863 -0.3947177827358246 0.7506134510040283 0.26566246151924133 -0.6049817800521851 0.7457800507545471 0.2516060173511505 -0.6168521642684937 0.43571606278419495 0.2153005599975586 -0.8739548921585083 0.43571171164512634 0.21529515087604523 -0.87395840883255 0.043783362954854965 0.2516046166419983 -0.9668392539024353 0.031390268355607986 0.26566600799560547 -0.9635540246963501 0.052572134882211685 0.671086847782135 -0.7395123839378357 0.05257177725434303 0.671087384223938 -0.739512026309967 0.1692848801612854 0.9176087379455566 -0.35963428020477295 0.18532325327396393 0.9176087379455566 -0.3516383171081543 0.558946430683136 0.6710845828056335 -0.4870569705963135 0.5589339733123779 0.6710907816886902 -0.4870626628398895 0.37382081151008606 0.545924186706543 -0.7498165369033813 0.9294402003288269 -0.3106505870819092 -0.19909067451953888 0.9367347955703735 -0.29753759503364563 -0.18438918888568878 0.8390389680862427 -0.30189085006713867 0.4526318609714508 0.8390388488769531 -0.30189043283462524 0.45263245701789856 0.36032113432884216 -0.29753321409225464 0.8841056227684021 0.3440203368663788 -0.31065309047698975 0.8860839009284973 0.279165118932724 -0.7312307953834534 0.6223893165588379 0.27916640043258667 -0.7312299013137817 0.6223897933959961 0.2592144310474396 -0.9534344673156738 0.15417736768722534 0.27119922637939453 -0.9534344673156738 0.13196144998073578 0.6734471321105957 -0.7312313914299011 -0.1084878072142601 0.6734479069709778 -0.7312304377555847 -0.10848958790302277 0.6527469158172607 -0.6707626581192017 0.3521347939968109 -0.10382641106843948 -0.26244229078292847 0.9593456983566284 -0.1167878657579422 -0.24820631742477417 0.9616414308547974 -0.5143618583679199 -0.21210193634033203 0.8309299945831299 -0.5143571496009827 -0.21210679411888123 0.8309317827224731 -0.8086499571800232 -0.24820469319820404 0.533366322517395 -0.812373697757721 -0.26243460178375244 0.5207467079162598 -0.6059960722923279 -0.6735859513282776 0.4231439530849457 -0.6059958338737488 -0.6735866069793701 0.423143208026886 -0.21382345259189606 -0.9201878309249878 0.3279237747192383 -0.1981583684682846 -0.9201877117156982 0.3376207947731018 -0.10850246995687485 -0.6735860109329224 0.7311013340950012 -0.1085013672709465 -0.6735854148864746 0.7311019897460938 -0.4397770166397095 -0.5494152903556824 0.7104498147964478 -0.9580790996551514 -0.27816054224967957 0.06863796710968018 -0.9630559086799622 -0.26384487748146057 0.053938526660203934 -0.8411043286323547 -0.24166499078273773 -0.48388177156448364 -0.8411028981208801 -0.24166156351566315 -0.48388588428497314 -0.43747851252555847 -0.26382946968078613 -0.85965496301651 -0.42224937677383423 -0.2781638503074646 -0.8627458214759827 -0.34081485867500305 -0.7069547176361084 -0.6197259426116943 -0.3408154845237732 -0.7069542407989502 -0.6197261810302734 -0.28752315044403076 -0.9410221576690674 -0.1783471256494522 -0.29870739579200745 -0.9410220980644226 -0.15890657901763916 -0.707055926322937 -0.7069557905197144 0.016895238310098648 -0.7070547342300415 -0.7069571018218994 0.016892829909920692 -0.6861088275909424 -0.611107349395752 -0.394718199968338 0.7457804083824158 -0.2516057789325714 -0.6168517470359802 0.7506139278411865 -0.26566237211227417 -0.6049811840057373 0.5589429140090942 -0.6710821986198425 -0.4870642125606537 0.5589401125907898 -0.6710934638977051 -0.48705193400382996 0.18532302975654602 -0.9176086187362671 -0.3516389727592468 0.16928601264953613 -0.9176085591316223 -0.3596341907978058 0.052572064101696014 -0.6710870862007141 -0.7395122647285461 0.05257275328040123 -0.671087384223938 -0.7395118474960327 0.0313911996781826 -0.2656651735305786 -0.9635541439056396 0.04378373920917511 -0.25160443782806396 -0.9668393731117249 0.435716837644577 -0.21529589593410492 -0.8739557266235352 0.4357120990753174 -0.21530066430568695 -0.8739569783210754 0.37382179498672485 -0.5459241271018982 -0.7498161196708679 0.8651498556137085 0.2697758078575134 -0.4227728545665741 0.8639265298843384 0.2759797275066376 -0.42126724123954773 0.6355127692222595 0.7071723937988281 -0.3098883032798767 0.6354663372039795 0.70722895860672 -0.3098544478416443 0.23502787947654724 0.9652092456817627 -0.11459998041391373 0.23650681972503662 0.964731752872467 -0.11557371914386749 -0.04971956089138985 0.9651949405670166 -0.25676199793815613 -0.04910241812467575 0.9657690525054932 -0.25471392273902893 -0.1338610053062439 0.7070381045341492 -0.6943906545639038 -0.13385361433029175 0.707060694694519 -0.6943691372871399 -0.18226927518844604 0.26973485946655273 -0.9455267786979675 -0.183474600315094 0.2618758976459503 -0.9475009441375732 -0.24492357671260834 0.9657760262489319 0.08537624031305313 -0.24584637582302094 0.9654983282089233 0.08586397767066956 -0.6675928831100464 0.7070749998092651 0.23316261172294617 -0.6676010489463806 0.7070655822753906 0.23316752910614014 -0.9111300706863403 0.2618708312511444 0.31822293996810913 -0.910362720489502 0.2655869126319885 0.31733810901641846 0.03293202444911003 0.9655058979988098 0.2582905888557434 0.0335351936519146 0.9647554159164429 0.2610025703907013 0.09010439366102219 0.7071711421012878 0.7012775540351868 0.09008684009313583 0.707240879535675 0.7012094259262085 0.12284855544567108 0.26562678813934326 0.9562169313430786 0.12156735360622406 0.2758915424346924 0.9534701108932495 0.23497642576694489 -0.9651948809623718 -0.11482587456703186 0.2365414798259735 -0.9647516012191772 -0.11533714085817337 0.635516881942749 -0.707173764705658 -0.3098767399787903 0.6354641914367676 -0.7072274088859558 -0.30986228585243225 0.8654993176460266 -0.2698157727718353 -0.42203107476234436 0.8635894656181335 -0.27589988708496094 -0.42201027274131775 0.12193381041288376 -0.2655889391899109 0.9563443660736084 0.12247670441865921 -0.27600911259651184 0.9533196687698364 0.09009610116481781 -0.7071705460548401 0.7012792229652405 0.09009553492069244 -0.7072430849075317 0.7012061476707458 0.03317690268158913 -0.9655182957649231 0.25821271538734436 0.033293504267930984 -0.9647305607795715 0.26112571358680725 -0.9113157391548157 -0.26189562678337097 0.3176703155040741 -0.9101769924163818 -0.265563040971756 0.3178900480270386 -0.6675921678543091 -0.7070749402046204 0.2331644743680954 -0.6676012277603149 -0.7070660591125488 0.23316554725170135 -0.24489301443099976 -0.9657700657844543 0.08553101867437363 -0.24587085843086243 -0.9655060768127441 0.08570645749568939 -0.18306051194667816 -0.2697744369506836 -0.9453626871109009 -0.18268130719661713 -0.26184189319610596 -0.9476636648178101 -0.13385796546936035 -0.7070379257202148 -0.6943914294242859 -0.13385669887065887 -0.7070611119270325 -0.6943680644035339 -0.04951484873890877 -0.9651810526847839 -0.2568535804748535 -0.049309249967336655 -0.9657770991325378 -0.254643052816391 0.17106516659259796 0.8812430500984192 0.4406215250492096 0.01774907484650612 -0.998796820640564 0.04571465030312538 0.01602770760655403 -0.9998341798782349 0.008646382950246334 0.01602770760655403 -0.9998341798782349 0.008646382950246334 0.015467757359147072 -0.9998749494552612 -0.0033128352370113134 0.675231397151947 -0.7232821583747864 -0.14465643465518951 -0.7408810257911682 -0.4749186336994171 0.4749186336994171 -0.8285821080207825 -0.17704565823078156 0.5311369895935059 -0.5063909888267517 -0.2726844549179077 0.8180534243583679 -0.5063904523849487 0.27268457412719727 0.8180537223815918 -0.10213574767112732 0.3145740330219269 0.9437220692634583 -0.04834320768713951 0.8933813571929932 0.4466906785964966 -0.21381618082523346 0.8737425208091736 -0.4368712604045868 -0.37715283036231995 0.5137361288070679 -0.7706041932106018 -0.8225350975990295 0.3154660165309906 -0.4731990098953247 -0.8410482406616211 0.24192480742931366 -0.4838496148586273 -0.9968076348304749 -0.035706259310245514 0.07141251862049103 -0.9949066638946533 -0.07127629220485687 0.07127629220485687 0.23642674088478088 -0.952780544757843 -0.1905561089515686 0.6594923734664917 -0.5315401554107666 -0.5315401554107666 0.3324778974056244 -0.6668802499771118 -0.6668802499771118 0.44617995619773865 0.0 -0.8949432969093323 0.032561175525188446 0.0 -0.9994698166847229 0.014567309990525246 0.8943323493003845 -0.44716617465019226 0.372451514005661 -0.9100295305252075 -0.1820058971643448 0.45460495352745056 -0.8625444769859314 -0.22215183079242706 0.0 1.0 0.0 0.0 1.0 0.0 0.05692722648382187 0.8929767608642578 0.4464883804321289 0.05647524073719978 0.8947690725326538 0.44294339418411255 -0.8969342112541199 -0.3126571774482727 0.3126571774482727 -0.9149421453475952 -0.24730895459651947 0.31893444061279297 -0.08627577126026154 0.8910921216011047 -0.44554606080055237 -0.0854739099740982 0.8932276964187622 -0.4414050877094269 0.0 -1.0 0.0 0.0 -1.0 0.0</float_array><technique_common><accessor source="#mesh60-normals-array" count="188" stride="3"><param name="X" type="float" /><param name="Y" type="float" /><param name="Z" type="float" /></accessor></technique_common></source><vertices id="mesh60-vertices"><input semantic="POSITION" source="#mesh60-positions" /></vertices><triangles count="188" material="ivory"><input semantic="VERTEX" source="#mesh60-vertices" offset="0" /><input semantic="NORMAL" source="#mesh60-normals" offset="1" /><p>0 0 3 0 5 0 0 1 5 1 4 1 3 2 7 2 8 2 3 3 8 3 5 3 1 4 6 4 8 4 1 5 8 5 7 5 6 6 10 6 11 6 6 7 11 7 8 7 2 8 9 8 11 8 2 9 11 9 10 9 9 10 4 10 5 10 9 11 5 11 11 11 5 12 8 12 11 12 12 13 15 13 17 13 12 14 17 14 16 14 15 15 19 15 20 15 15 16 20 16 17 16 13 17 18 17 20 17 13 18 20 18 19 18 18 19 22 19 23 19 18 20 23 20 20 20 14 21 21 21 23 21 14 22 23 22 22 22 21 23 16 23 17 23 21 24 17 24 23 24 17 25 20 25 23 25 24 26 27 26 29 26 24 27 29 27 28 27 27 28 31 28 32 28 27 29 32 29 29 29 25 30 30 30 32 30 25 31 32 31 31 31 30 32 34 32 35 32 30 33 35 33 32 33 26 34 33 34 35 34 26 35 35 35 34 35 33 36 28 36 29 36 33 37 29 37 35 37 29 38 32 38 35 38 36 39 39 39 41 39 36 40 41 40 40 40 39 41 43 41 44 41 39 42 44 42 41 42 37 43 42 43 44 43 37 44 44 44 43 44 42 45 46 45 47 45 42 46 47 46 44 46 38 47 45 47 47 47 38 48 47 48 46 48 45 49 40 49 41 49 45 50 41 50 47 50 41 51 44 51 47 51 48 52 51 52 53 52 48 53 53 53 52 53 51 54 55 54 56 54 51 55 56 55 53 55 49 56 54 56 56 56 49 57 56 57 55 57 54 58 58 58 59 58 54 59 59 59 56 59 50 60 57 60 59 60 50 61 59 61 58 61 57 62 52 62 53 62 57 63 53 63 59 63 53 64 56 64 59 64 60 65 63 65 65 65 60 66 65 66 64 66 63 67 67 67 68 67 63 68 68 68 65 68 61 69 66 69 68 69 61 70 68 70 67 70 66 71 70 71 71 71 66 72 71 72 68 72 62 73 69 73 71 73 62 74 71 74 70 74 69 75 64 75 65 75 69 76 65 76 71 76 65 77 68 77 71 77 72 78 75 78 77 78 72 79 77 79 76 79 75 80 79 80 80 80 75 81 80 81 77 81 73 82 78 82 80 82 73 83 80 83 79 83 78 84 82 84 83 84 78 85 83 85 80 85 74 86 81 86 83 86 74 87 83 87 82 87 81 88 76 88 77 88 81 89 77 89 83 89 77 90 80 90 83 90 84 91 87 91 89 91 84 92 89 92 88 92 87 93 91 93 92 93 87 94 92 94 89 94 85 95 90 95 92 95 85 96 92 96 91 96 90 97 94 97 95 97 90 98 95 98 92 98 86 99 93 99 95 99 86 100 95 100 94 100 93 101 88 101 89 101 93 102 89 102 95 102 89 103 92 103 95 103 0 104 36 104 40 104 0 105 40 105 3 105 3 106 40 106 45 106 3 107 45 107 7 107 7 108 45 108 38 108 7 109 38 109 1 109 26 110 38 110 46 110 26 111 46 111 33 111 33 112 46 112 42 112 33 113 42 113 28 113 28 114 42 114 37 114 28 115 37 115 24 115 14 116 26 116 34 116 14 117 34 117 21 117 21 118 34 118 30 118 21 119 30 119 16 119 16 120 30 120 25 120 16 121 25 121 12 121 1 122 14 122 22 122 1 123 22 123 6 123 6 124 22 124 18 124 6 125 18 125 10 125 10 126 18 126 13 126 10 127 13 127 2 127 50 128 85 128 91 128 50 129 91 129 57 129 57 130 91 130 87 130 57 131 87 131 52 131 52 132 87 132 84 132 52 133 84 133 48 133 49 134 60 134 64 134 49 135 64 135 54 135 54 136 64 136 69 136 54 137 69 137 58 137 58 138 69 138 62 138 58 139 62 139 50 139 61 140 72 140 76 140 61 141 76 141 66 141 66 142 76 142 81 142 66 143 81 143 70 143 70 144 81 144 74 144 70 145 74 145 62 145 73 146 86 146 94 146 73 147 94 147 78 147 78 148 94 148 90 148 78 149 90 149 82 149 82 150 90 150 85 150 82 151 85 151 74 151 2 152 49 152 9 152 49 153 55 153 9 153 9 154 55 154 51 154 9 155 51 155 4 155 4 156 51 156 48 156 4 157 48 157 0 157 12 158 61 158 67 158 12 159 67 159 15 159 15 160 67 160 63 160 15 161 63 161 19 161 19 162 63 162 60 162 19 163 60 163 13 163 24 164 73 164 79 164 24 165 79 165 27 165 27 166 79 166 75 166 27 167 75 167 31 167 31 168 75 168 72 168 31 169 72 169 25 169 36 170 84 170 88 170 36 171 88 171 39 171 39 172 88 172 93 172 39 173 93 173 43 173 43 174 93 174 86 174 43 175 86 175 37 175 36 176 0 176 48 176 36 177 48 177 84 177 38 178 26 178 14 178 38 179 14 179 1 179 2 180 13 180 60 180 2 181 60 181 49 181 12 182 25 182 72 182 12 183 72 183 61 183 24 184 37 184 86 184 24 185 86 185 73 185 50 186 62 186 74 186 50 187 74 187 85 187</p></triangles></mesh></geometry><geometry id="mesh61"><mesh><source id="mesh61-positions"><float_array id="mesh61-array" count="288">-0.46502429246902466 0.014917499385774136 -0.006284419912844896 -0.46019843220710754 0.010417499579489231 -0.006658274680376053 -0.46253615617752075 0.014917499385774136 -0.010896640829741955 -0.46431341767311096 0.012670452706515789 -0.006298653315752745 -0.4654807448387146 0.01491750031709671 -0.008415056392550468 -0.4647458493709564 0.012765549123287201 -0.008342045359313488 -0.4612995982170105 0.011018684133887291 -0.008738964796066284 -0.46254202723503113 0.011018684133887291 -0.006435879971832037 -0.4634987413883209 0.011602654121816158 -0.0084386570379138 -0.4645674526691437 0.01491750031709671 -0.010108016431331635 -0.4621576964855194 0.012670452706515789 -0.010294699110090733 -0.4641028642654419 0.012765548191964626 -0.009533939883112907 -0.42951878905296326 0.014917498454451561 -0.01066826656460762 -0.4354638457298279 0.014917499385774136 -0.014348357915878296 -0.43404874205589294 0.010417499579489231 -0.009992357343435287 -0.43084269762039185 0.014917498454451561 -0.012733585201203823 -0.4301360547542572 0.012670449912548065 -0.010558443143963814 -0.4314114451408386 0.012765546329319477 -0.012536345981061459 -0.43528687953948975 0.012670451775193214 -0.013746887445449829 -0.43302488327026367 0.014917498454451561 -0.014084398746490479 -0.4329477846622467 0.012765547260642052 -0.013487359508872032 -0.4317988157272339 0.011018681339919567 -0.010310343466699123 -0.4347674548625946 0.011018682271242142 -0.012147975154221058 -0.4325820803642273 0.011602652259171009 -0.0123616773635149 -0.42741793394088745 0.014917499385774136 0.008887989446520805 -0.42448121309280396 0.014917498454451561 0.0037832637317478657 -0.42896097898483276 0.010417499579489231 0.004603191744536161 -0.42539849877357483 0.014917498454451561 0.007899627089500427 -0.42763543128967285 0.012670451775193214 0.008309053257107735 -0.4257035255432129 0.012765547260642052 0.0073550911620259285 -0.42509105801582336 0.012670449912548065 0.0038862996734678745 -0.4243205487728119 0.014917498454451561 0.006025888025760651 -0.42494460940361023 0.012765546329319477 0.006035923026502132 -0.428201824426651 0.011018682271242142 0.006736276671290398 -0.42673540115356445 0.011018681339919567 0.004187262151390314 -0.42610228061676025 0.011602652259171009 0.0062478091567754745 -0.4569757282733917 0.014917499385774136 0.010185924358665943 -0.4505820870399475 0.014917499385774136 0.013373508118093014 -0.45247066020965576 0.010417499579489231 0.009155621752142906 -0.45541489124298096 0.01491750031709671 0.012122486717998981 -0.4563579261302948 0.012670452706515789 0.010016310960054398 -0.45485591888427734 0.012765548191964626 0.011871039867401123 -0.4508184492588043 0.012670452706515789 0.012778045609593391 -0.4530680477619171 0.01491750031709671 0.013292521238327026 -0.45320364832878113 0.012765549123287201 0.012694778852164745 -0.45470431447029114 0.011018684133887291 0.009638127870857716 -0.4515116810798645 0.011018684133887291 0.01122982893139124 -0.453691691160202 0.011602654121816158 0.011604788713157177 -0.46502429246902466 0.01491750031709671 -0.006284424569457769 -0.46253615617752075 0.01491750031709671 -0.010896642692387104 -0.46019843220710754 0.019417500123381615 -0.006658273749053478 -0.4654806852340698 0.014917501248419285 -0.008415059186518192 -0.4643133580684662 0.017164548859000206 -0.006298654712736607 -0.46474578976631165 0.01706945337355137 -0.008342046290636063 -0.46215763688087463 0.017164548859000206 -0.010294698178768158 -0.4645673930644989 0.014917501248419285 -0.010108019225299358 -0.4641028046607971 0.01706945337355137 -0.009533939883112907 -0.46254196763038635 0.01881631836295128 -0.00643587950617075 -0.4612995386123657 0.01881631836295128 -0.008738962933421135 -0.46349868178367615 0.018232347443699837 -0.0084386570379138 -0.4354638457298279 0.01491750031709671 -0.014348359778523445 -0.42951878905296326 0.01491750031709671 -0.010668264701962471 -0.43404874205589294 0.019417500123381615 -0.009992357343435287 -0.43302488327026367 0.014917501248419285 -0.014084399677813053 -0.43528687953948975 0.017164548859000206 -0.013746889308094978 -0.4329477846622467 0.01706945337355137 -0.013487359508872032 -0.4301360547542572 0.017164548859000206 -0.010558441281318665 -0.43084269762039185 0.014917501248419285 -0.012733584269881248 -0.4314114451408386 0.01706945337355137 -0.012536345981061459 -0.4347674548625946 0.01881631836295128 -0.012147976085543633 -0.4317988157272339 0.01881631836295128 -0.010310342535376549 -0.4325820803642273 0.018232347443699837 -0.0123616773635149 -0.42448121309280396 0.01491750031709671 0.003783265594393015 -0.42741793394088745 0.01491750031709671 0.008887991309165955 -0.42896097898483276 0.019417500123381615 0.004603191278874874 -0.4243205487728119 0.014917501248419285 0.0060258894227445126 -0.42509105801582336 0.017164548859000206 0.003886299906298518 -0.42494460940361023 0.01706945337355137 0.006035923026502132 -0.42763543128967285 0.017164548859000206 0.008309053257107735 -0.42539849877357483 0.014917501248419285 0.007899628952145576 -0.4257035255432129 0.01706945337355137 0.0073550911620259285 -0.42673540115356445 0.01881631836295128 0.004187261685729027 -0.428201824426651 0.01881631836295128 0.006736275739967823 -0.42610228061676025 0.018232347443699837 0.0062478091567754745 -0.4569757282733917 0.01491750031709671 0.01018591970205307 -0.45247066020965576 0.019417500123381615 0.009155621752142906 -0.4505820870399475 0.01491750031709671 0.013373509980738163 -0.4563579261302948 0.017164548859000206 0.010016308166086674 -0.45541489124298096 0.014917501248419285 0.012122485786676407 -0.45485591888427734 0.01706945337355137 0.011871039867401123 -0.4515116810798645 0.01881631836295128 0.011229831725358963 -0.45470431447029114 0.01881631836295128 0.009638127870857716 -0.453691691160202 0.018232347443699837 0.011604789644479752 -0.4530680477619171 0.014917501248419285 0.013292521238327026 -0.4508184492588043 0.017164548859000206 0.012778048403561115 -0.45320364832878113 0.01706945337355137 0.012694780714809895</float_array><technique_common><accessor source="#mesh61-array" count="96" stride="3"><param name="X" type="float" /><param name="Y" type="float" /><param name="Z" type="float" /></accessor></technique_common></source><source id="mesh61-normals"><float_array id="mesh61-normals-array" count="564">0.9367414712905884 0.2975151836872101 -0.18439149856567383 0.9294356107711792 0.31064850091934204 -0.19911551475524902 0.6734469532966614 0.7312313914299011 -0.10848888009786606 0.673448383808136 0.7312302589416504 -0.10848775506019592 0.27119866013526917 0.9534355998039246 0.13195431232452393 0.25920847058296204 0.9534355401992798 0.1541806012392044 0.2791661024093628 0.7312306761741638 0.6223889589309692 0.27916550636291504 0.7312301993370056 0.6223897933959961 0.34401220083236694 0.31065109372138977 0.8860878348350525 0.3603220582008362 0.29752349853515625 0.8841085433959961 0.8390390872955322 0.3018902838230133 0.45263195037841797 0.8390392065048218 0.30189019441604614 0.4526318609714508 0.6527475714683533 0.6707625985145569 0.35213378071784973 -0.8123735785484314 0.26243481040000916 0.5207468867301941 -0.8086497187614441 0.24820463359355927 0.5333666801452637 -0.5143609642982483 0.21210569143295288 0.830929696559906 -0.5143576860427856 0.21210147440433502 0.8309327363967896 -0.11678710579872131 0.24820637702941895 0.9616414904594421 -0.10382608324289322 0.2624419629573822 0.9593458771705627 -0.10850133001804352 0.6735860705375671 0.7311014533042908 -0.10850194096565247 0.6735852360725403 0.7311020493507385 -0.19815820455551147 0.9201877117156982 0.33762088418006897 -0.2138233184814453 0.9201878309249878 0.32792386412620544 -0.6059960126876831 0.6735860705375671 0.42314374446868896 -0.6059954762458801 0.6735864281654358 0.42314407229423523 -0.43977707624435425 0.5494153499603271 0.7104498147964478 -0.4222494661808014 0.27816319465637207 -0.862746000289917 -0.43747857213020325 0.2638288140296936 -0.8596550822257996 -0.8411049842834473 0.24166187644004822 -0.48388227820396423 -0.8411021828651428 0.24166518449783325 -0.48388540744781494 -0.9630558490753174 0.26384487748146057 0.05393851175904274 -0.9580790996551514 0.27816060185432434 0.06863794475793839 -0.7070560455322266 0.7069556713104248 0.016893649473786354 -0.7070544362068176 0.7069572806358337 0.016895055770874023 -0.29870742559432983 0.9410220980644226 -0.1589065045118332 -0.28752318024635315 0.9410221576690674 -0.1783471703529358 -0.34081539511680603 0.7069545388221741 -0.6197259426116943 -0.34081512689590454 0.706954300403595 -0.6197263598442078 -0.6861088275909424 0.6111074090003967 -0.394718199968338 0.750613272190094 0.26566246151924133 -0.6049819588661194 0.7457799911499023 0.25160619616508484 -0.6168521642684937 0.43571606278419495 0.21530066430568695 -0.8739548921585083 0.43571165204048157 0.21529516577720642 -0.8739585280418396 0.04378346726298332 0.2516047954559326 -0.9668391942977905 0.03139045834541321 0.26566606760025024 -0.9635539054870605 0.05257195234298706 0.6710870862007141 -0.7395122051239014 0.052572041749954224 0.6710870265960693 -0.7395123243331909 0.16928598284721375 0.9176084995269775 -0.3596343398094177 0.18532265722751617 0.9176084995269775 -0.3516392111778259 0.5589462518692017 0.6710847616195679 -0.4870568513870239 0.5589340925216675 0.671090841293335 -0.48706239461898804 0.37382060289382935 0.5459240078926086 -0.7498167157173157 0.9294401407241821 -0.3106505572795868 -0.19909092783927917 0.9367349147796631 -0.2975373864173889 -0.18438921868801117 0.8390389680862427 -0.3018907308578491 0.4526318907737732 0.8390388488769531 -0.30189046263694763 0.45263227820396423 0.3603210151195526 -0.29753297567367554 0.8841057419776917 0.34402015805244446 -0.3106529712677002 0.8860840201377869 0.2791653573513031 -0.7312305569648743 0.6223893761634827 0.27916598320007324 -0.7312301993370056 0.6223896145820618 0.2592134177684784 -0.9534345269203186 0.15417833626270294 0.27119943499565125 -0.9534345269203186 0.13196009397506714 0.67344731092453 -0.7312312126159668 -0.10848787426948547 0.6734479069709778 -0.7312304377555847 -0.1084892675280571 0.6527470350265503 -0.670762836933136 0.3521343171596527 -0.10382641851902008 -0.2624421715736389 0.9593456983566284 -0.1167878657579422 -0.2482062131166458 0.9616414308547974 -0.5143618583679199 -0.21210193634033203 0.8309299945831299 -0.5143572092056274 -0.21210667490959167 0.8309316635131836 -0.808650016784668 -0.24820472300052643 0.533366322517395 -0.812373697757721 -0.26243460178375244 0.5207465887069702 -0.6059962511062622 -0.6735857725143433 0.4231439232826233 -0.6059959530830383 -0.6735866665840149 0.4231429994106293 -0.21382386982440948 -0.920187771320343 0.3279235064983368 -0.1981583684682846 -0.9201877117156982 0.3376207947731018 -0.10850246995687485 -0.6735860109329224 0.7311013340950012 -0.10850173979997635 -0.6735856533050537 0.7311017513275146 -0.4397772252559662 -0.5494154691696167 0.7104495763778687 -0.9580790996551514 -0.27816054224967957 0.06863807886838913 -0.9630557894706726 -0.26384487748146057 0.05393863469362259 -0.8411043882369995 -0.24166490137577057 -0.48388177156448364 -0.8411030769348145 -0.24166159331798553 -0.4838857650756836 -0.43747854232788086 -0.26382938027381897 -0.8596550226211548 -0.42224937677383423 -0.27816376090049744 -0.8627458214759827 -0.34081512689590454 -0.7069547176361084 -0.6197258234024048 -0.34081539511680603 -0.7069545388221741 -0.6197259426116943 -0.28752315044403076 -0.9410221576690674 -0.1783471256494522 -0.2987076938152313 -0.9410220980644226 -0.15890605747699738 -0.7070560455322266 -0.70695561170578 0.016895564272999763 -0.7070547342300415 -0.7069571018218994 0.016892829909920692 -0.6861089468002319 -0.6111075282096863 -0.39471784234046936 0.7457805275917053 -0.2516056001186371 -0.6168516874313354 0.7506139278411865 -0.2656622529029846 -0.6049811244010925 0.558942973613739 -0.6710819602012634 -0.4870644211769104 0.5589399337768555 -0.6710938215255737 -0.48705151677131653 0.18532362580299377 -0.9176087975502014 -0.3516380786895752 0.1692848950624466 -0.9176087975502014 -0.359634131193161 0.05257205665111542 -0.671086847782135 -0.7395124435424805 0.05257302150130272 -0.671087384223938 -0.7395119071006775 0.03139100223779678 -0.2656651735305786 -0.9635541439056396 0.043783724308013916 -0.25160419940948486 -0.9668393135070801 0.4357168674468994 -0.21529580652713776 -0.8739557862281799 0.43571195006370544 -0.21530064940452576 -0.8739569783210754 0.3738214373588562 -0.5459242463111877 -0.7498161792755127 0.8651497960090637 0.26977601647377014 -0.42277276515960693 0.8639265298843384 0.2759799361228943 -0.42126724123954773 0.6355125904083252 0.7071725726127625 -0.30988818407058716 0.6354661583900452 0.7072291374206543 -0.3098543584346771 0.23502887785434723 0.9652089476585388 -0.11460047960281372 0.2365078330039978 0.9647313952445984 -0.11557421088218689 -0.049719784408807755 0.9651947021484375 -0.25676313042640686 -0.04910241812467575 0.9657689332962036 -0.25471431016921997 -0.13386091589927673 0.7070383429527283 -0.6943904757499695 -0.13385358452796936 0.707060694694519 -0.6943691372871399 -0.18226927518844604 0.26973506808280945 -0.9455267786979675 -0.1834745705127716 0.2618759870529175 -0.9475009441375732 -0.24492357671260834 0.9657760262489319 0.08537624031305313 -0.24584637582302094 0.9654983282089233 0.08586397767066956 -0.6675926446914673 0.7070751786231995 0.2331625074148178 -0.6676008701324463 0.7070658206939697 0.23316748440265656 -0.9111300706863403 0.2618708312511444 0.31822293996810913 -0.910362720489502 0.2655869126319885 0.31733810901641846 0.03293207287788391 0.9655057787895203 0.25829097628593445 0.03353540599346161 0.9647551774978638 0.261003702878952 0.09010444581508636 0.7071711421012878 0.7012775540351868 0.09008684009313583 0.7072410583496094 0.7012092471122742 0.12284855544567108 0.2656268775463104 0.9562168717384338 0.12156734615564346 0.2758917808532715 0.9534701108932495 0.2349754124879837 -0.9651951789855957 -0.11482538282871246 0.23654045164585114 -0.9647518396377563 -0.11533664166927338 0.6355170607566833 -0.7071735262870789 -0.30987682938575745 0.6354643702507019 -0.7072272300720215 -0.3098624050617218 0.8654994368553162 -0.269815593957901 -0.42203113436698914 0.8635894656181335 -0.2758996784687042 -0.4220103323459625 0.12193384021520615 -0.2655888795852661 0.956344485282898 0.1224767193198204 -0.2760089337825775 0.9533197283744812 0.09009607881307602 -0.7071705460548401 0.7012792229652405 0.09009551256895065 -0.7072429060935974 0.7012063264846802 0.033176787197589874 -0.9655182957649231 0.2582123577594757 0.03329336643218994 -0.9647308588027954 0.26112455129623413 -0.9113157391548157 -0.26189562678337097 0.3176703155040741 -0.9101769924163818 -0.265563040971756 0.3178900480270386 -0.6675924062728882 -0.707074761390686 0.23316454887390137 -0.667601466178894 -0.7070658206939697 0.23316563665866852 -0.24489301443099976 -0.9657700657844543 0.08553101867437363 -0.24587085843086243 -0.9655060768127441 0.08570645749568939 -0.18306055665016174 -0.26977425813674927 -0.9453628063201904 -0.18268132209777832 -0.2618418037891388 -0.9476637244224548 -0.13385801017284393 -0.7070376873016357 -0.6943916082382202 -0.13385675847530365 -0.7070611119270325 -0.6943680047988892 -0.04951471462845802 -0.9651814699172974 -0.2568524479866028 -0.04930919036269188 -0.9657773375511169 -0.25464269518852234 0.17106595635414124 0.8812429904937744 0.4406214952468872 0.017749199643731117 -0.9987967610359192 0.045717328786849976 0.01602770760655403 -0.9998341798782349 0.008646382950246334 0.01602770760655403 -0.9998341798782349 0.008646382950246334 0.015467716380953789 -0.9998749494552612 -0.003313700668513775 0.6752297878265381 -0.7232836484909058 -0.1446567326784134 -0.7408811450004578 -0.47491851449012756 0.47491851449012756 -0.828582227230072 -0.17704565823078156 0.5311369895935059 -0.5063909888267517 -0.2726844549179077 0.8180534243583679 -0.5063904523849487 0.27268457412719727 0.8180537223815918 -0.10213574767112732 0.3145740330219269 0.9437220692634583 -0.04834320768713951 0.8933813571929932 0.4466906785964966 -0.21381618082523346 0.8737425208091736 -0.4368712604045868 -0.37715283036231995 0.5137361288070679 -0.7706041932106018 -0.8225350975990295 0.3154660165309906 -0.4731990098953247 -0.8410482406616211 0.24192480742931366 -0.4838496148586273 -0.9968076348304749 -0.03570626676082611 0.07141253352165222 -0.9949066638946533 -0.07127632200717926 0.07127632200717926 0.23642781376838684 -0.9527803063392639 -0.19055606424808502 0.6594927310943604 -0.5315399169921875 -0.5315399169921875 0.3324778974056244 -0.6668802499771118 -0.6668802499771118 0.44617995619773865 0.0 -0.8949432969093323 0.032561175525188446 0.0 -0.9994698166847229 0.014567980542778969 0.8943323493003845 -0.44716617465019226 0.372451514005661 -0.9100295305252075 -0.1820058971643448 0.45460495352745056 -0.8625444769859314 -0.22215183079242706 0.0 1.0 0.0 0.0 1.0 0.0 0.05692722648382187 0.8929767608642578 0.4464883804321289 0.05647524073719978 0.8947690725326538 0.44294339418411255 -0.8969342112541199 -0.3126571774482727 0.3126571774482727 -0.9149421453475952 -0.24730895459651947 0.31893444061279297 -0.08627577126026154 0.8910921216011047 -0.44554606080055237 -0.0854739099740982 0.8932276964187622 -0.4414050877094269 0.0 -1.0 0.0 0.0 -1.0 0.0</float_array><technique_common><accessor source="#mesh61-normals-array" count="188" stride="3"><param name="X" type="float" /><param name="Y" type="float" /><param name="Z" type="float" /></accessor></technique_common></source><vertices id="mesh61-vertices"><input semantic="POSITION" source="#mesh61-positions" /></vertices><triangles count="188" material="ivory"><input semantic="VERTEX" source="#mesh61-vertices" offset="0" /><input semantic="NORMAL" source="#mesh61-normals" offset="1" /><p>0 0 3 0 5 0 0 1 5 1 4 1 3 2 7 2 8 2 3 3 8 3 5 3 1 4 6 4 8 4 1 5 8 5 7 5 6 6 10 6 11 6 6 7 11 7 8 7 2 8 9 8 11 8 2 9 11 9 10 9 9 10 4 10 5 10 9 11 5 11 11 11 5 12 8 12 11 12 12 13 15 13 17 13 12 14 17 14 16 14 15 15 19 15 20 15 15 16 20 16 17 16 13 17 18 17 20 17 13 18 20 18 19 18 18 19 22 19 23 19 18 20 23 20 20 20 14 21 21 21 23 21 14 22 23 22 22 22 21 23 16 23 17 23 21 24 17 24 23 24 17 25 20 25 23 25 24 26 27 26 29 26 24 27 29 27 28 27 27 28 31 28 32 28 27 29 32 29 29 29 25 30 30 30 32 30 25 31 32 31 31 31 30 32 34 32 35 32 30 33 35 33 32 33 26 34 33 34 35 34 26 35 35 35 34 35 33 36 28 36 29 36 33 37 29 37 35 37 29 38 32 38 35 38 36 39 39 39 41 39 36 40 41 40 40 40 39 41 43 41 44 41 39 42 44 42 41 42 37 43 42 43 44 43 37 44 44 44 43 44 42 45 46 45 47 45 42 46 47 46 44 46 38 47 45 47 47 47 38 48 47 48 46 48 45 49 40 49 41 49 45 50 41 50 47 50 41 51 44 51 47 51 48 52 51 52 53 52 48 53 53 53 52 53 51 54 55 54 56 54 51 55 56 55 53 55 49 56 54 56 56 56 49 57 56 57 55 57 54 58 58 58 59 58 54 59 59 59 56 59 50 60 57 60 59 60 50 61 59 61 58 61 57 62 52 62 53 62 57 63 53 63 59 63 53 64 56 64 59 64 60 65 63 65 65 65 60 66 65 66 64 66 63 67 67 67 68 67 63 68 68 68 65 68 61 69 66 69 68 69 61 70 68 70 67 70 66 71 70 71 71 71 66 72 71 72 68 72 62 73 69 73 71 73 62 74 71 74 70 74 69 75 64 75 65 75 69 76 65 76 71 76 65 77 68 77 71 77 72 78 75 78 77 78 72 79 77 79 76 79 75 80 79 80 80 80 75 81 80 81 77 81 73 82 78 82 80 82 73 83 80 83 79 83 78 84 82 84 83 84 78 85 83 85 80 85 74 86 81 86 83 86 74 87 83 87 82 87 81 88 76 88 77 88 81 89 77 89 83 89 77 90 80 90 83 90 84 91 87 91 89 91 84 92 89 92 88 92 87 93 91 93 92 93 87 94 92 94 89 94 85 95 90 95 92 95 85 96 92 96 91 96 90 97 94 97 95 97 90 98 95 98 92 98 86 99 93 99 95 99 86 100 95 100 94 100 93 101 88 101 89 101 93 102 89 102 95 102 89 103 92 103 95 103 0 104 36 104 40 104 0 105 40 105 3 105 3 106 40 106 45 106 3 107 45 107 7 107 7 108 45 108 38 108 7 109 38 109 1 109 26 110 38 110 46 110 26 111 46 111 33 111 33 112 46 112 42 112 33 113 42 113 28 113 28 114 42 114 37 114 28 115 37 115 24 115 14 116 26 116 34 116 14 117 34 117 21 117 21 118 34 118 30 118 21 119 30 119 16 119 16 120 30 120 25 120 16 121 25 121 12 121 1 122 14 122 22 122 1 123 22 123 6 123 6 124 22 124 18 124 6 125 18 125 10 125 10 126 18 126 13 126 10 127 13 127 2 127 50 128 85 128 91 128 50 129 91 129 57 129 57 130 91 130 87 130 57 131 87 131 52 131 52 132 87 132 84 132 52 133 84 133 48 133 49 134 60 134 64 134 49 135 64 135 54 135 54 136 64 136 69 136 54 137 69 137 58 137 58 138 69 138 62 138 58 139 62 139 50 139 61 140 72 140 76 140 61 141 76 141 66 141 66 142 76 142 81 142 66 143 81 143 70 143 70 144 81 144 74 144 70 145 74 145 62 145 73 146 86 146 94 146 73 147 94 147 78 147 78 148 94 148 90 148 78 149 90 149 82 149 82 150 90 150 85 150 82 151 85 151 74 151 2 152 49 152 9 152 49 153 55 153 9 153 9 154 55 154 51 154 9 155 51 155 4 155 4 156 51 156 48 156 4 157 48 157 0 157 12 158 61 158 67 158 12 159 67 159 15 159 15 160 67 160 63 160 15 161 63 161 19 161 19 162 63 162 60 162 19 163 60 163 13 163 24 164 73 164 79 164 24 165 79 165 27 165 27 166 79 166 75 166 27 167 75 167 31 167 31 168 75 168 72 168 31 169 72 169 25 169 36 170 84 170 88 170 36 171 88 171 39 171 39 172 88 172 93 172 39 173 93 173 43 173 43 174 93 174 86 174 43 175 86 175 37 175 36 176 0 176 48 176 36 177 48 177 84 177 38 178 26 178 14 178 38 179 14 179 1 179 2 180 13 180 60 180 2 181 60 181 49 181 12 182 25 182 72 182 12 183 72 183 61 183 24 184 37 184 86 184 24 185 86 185 73 185 50 186 62 186 74 186 50 187 74 187 85 187</p></triangles></mesh></geometry><geometry id="mesh62"><mesh><source id="mesh62-positions"><float_array id="mesh62-array" count="144">-0.48100000619888306 -2.140287855564872e-18 0.009638999588787556 -0.41600000858306885 -2.140287855564872e-18 0.009638999588787556 -0.48100000619888306 0.0024947565980255604 0.009310558438301086 -0.41600000858306885 0.0024947565980255604 0.009310558438301086 -0.48100000619888306 0.004819499794393778 0.008347618393599987 -0.41600000858306885 0.004819499794393778 0.008347618393599987 -0.48100000619888306 0.006815801840275526 0.006815801840275526 -0.41600000858306885 0.006815801840275526 0.006815801840275526 -0.48100000619888306 0.008347618393599987 0.004819499794393778 -0.41600000858306885 0.008347618393599987 0.004819499794393778 -0.48100000619888306 0.009310558438301086 0.0024947565980255604 -0.41600000858306885 0.009310558438301086 0.0024947565980255604 -0.48100000619888306 0.009638999588787556 7.216449395365721e-18 -0.41600000858306885 0.009638999588787556 -7.216449395365721e-18 -0.48100000619888306 0.009310558438301086 -0.0024947565980255604 -0.41600000858306885 0.009310558438301086 -0.0024947565980255604 -0.48100000619888306 0.008347618393599987 -0.004819499794393778 -0.41600000858306885 0.008347618393599987 -0.004819499794393778 -0.48100000619888306 0.006815801840275526 -0.006815801840275526 -0.41600000858306885 0.006815801840275526 -0.006815801840275526 -0.48100000619888306 0.004819499794393778 -0.008347618393599987 -0.41600000858306885 0.004819499794393778 -0.008347618393599987 -0.48100000619888306 0.0024947565980255604 -0.009310558438301086 -0.41600000858306885 0.0024947565980255604 -0.009310558438301086 -0.48100000619888306 2.140287855564872e-18 -0.009638999588787556 -0.41600000858306885 2.140287855564872e-18 -0.009638999588787556 -0.48100000619888306 -0.0024947565980255604 -0.009310558438301086 -0.41600000858306885 -0.0024947565980255604 -0.009310558438301086 -0.48100000619888306 -0.004819499794393778 -0.008347618393599987 -0.41600000858306885 -0.004819499794393778 -0.008347618393599987 -0.48100000619888306 -0.006815801840275526 -0.006815801840275526 -0.41600000858306885 -0.006815801840275526 -0.006815801840275526 -0.48100000619888306 -0.008347618393599987 -0.004819499794393778 -0.41600000858306885 -0.008347618393599987 -0.004819499794393778 -0.48100000619888306 -0.009310558438301086 -0.0024947565980255604 -0.41600000858306885 -0.009310558438301086 -0.0024947565980255604 -0.48100000619888306 -0.009638999588787556 7.216449395365721e-18 -0.41600000858306885 -0.009638999588787556 -7.216449395365721e-18 -0.48100000619888306 -0.009310558438301086 0.0024947565980255604 -0.41600000858306885 -0.009310558438301086 0.0024947565980255604 -0.48100000619888306 -0.008347618393599987 0.004819499794393778 -0.41600000858306885 -0.008347618393599987 0.004819499794393778 -0.48100000619888306 -0.006815801840275526 0.006815801840275526 -0.41600000858306885 -0.006815801840275526 0.006815801840275526 -0.48100000619888306 -0.004819499794393778 0.008347618393599987 -0.41600000858306885 -0.004819499794393778 0.008347618393599987 -0.48100000619888306 -0.0024947565980255604 0.009310558438301086 -0.41600000858306885 -0.0024947565980255604 0.009310558438301086</float_array><technique_common><accessor source="#mesh62-array" count="48" stride="3"><param name="X" type="float" /><param name="Y" type="float" /><param name="Z" type="float" /></accessor></technique_common></source><source id="mesh62-normals"><float_array id="mesh62-normals-array" count="276">2.2014498795702573e-16 0.13052627444267273 0.9914448857307434 2.2014498795702573e-16 0.13052627444267273 0.9914448857307434 2.0514247274415557e-16 0.3826833963394165 0.9238795638084412 2.0514247274415557e-16 0.3826833963394165 0.9238795638084412 1.76159824320641e-16 0.6087614297866821 0.7933533191680908 1.76159824320641e-16 0.6087614297866821 0.7933533191680908 1.3517219117058102e-16 0.7933533191680908 0.6087614297866821 1.3517219117058102e-16 0.7933533191680908 0.6087614297866821 8.497278355155491e-17 0.9238795638084412 0.3826833963394165 8.497278355155491e-17 0.9238795638084412 0.3826833963394165 2.898265504095948e-17 0.9914448857307434 0.13052627444267273 2.898265504095948e-17 0.9914448857307434 0.13052627444267273 -2.898265504095948e-17 0.9914448857307434 -0.13052627444267273 -2.898265504095948e-17 0.9914448857307434 -0.13052627444267273 -8.497278355155491e-17 0.9238795638084412 -0.3826833963394165 -8.497278355155491e-17 0.9238795638084412 -0.3826833963394165 -1.3517219117058102e-16 0.7933533191680908 -0.6087614297866821 -1.3517219117058102e-16 0.7933533191680908 -0.6087614297866821 -1.76159824320641e-16 0.6087614297866821 -0.7933533191680908 -1.76159824320641e-16 0.6087614297866821 -0.7933533191680908 -2.0514247274415557e-16 0.3826833963394165 -0.9238795638084412 -2.0514247274415557e-16 0.3826833963394165 -0.9238795638084412 -2.2014498795702573e-16 0.13052627444267273 -0.9914448857307434 -2.2014498795702573e-16 0.13052627444267273 -0.9914448857307434 -2.2014498795702573e-16 -0.13052627444267273 -0.9914448857307434 -2.2014498795702573e-16 -0.13052627444267273 -0.9914448857307434 -2.0514247274415557e-16 -0.3826833963394165 -0.9238795638084412 -2.0514247274415557e-16 -0.3826833963394165 -0.9238795638084412 -1.76159824320641e-16 -0.6087614297866821 -0.7933533191680908 -1.76159824320641e-16 -0.6087614297866821 -0.7933533191680908 -1.3517219117058102e-16 -0.7933533191680908 -0.6087614297866821 -1.3517219117058102e-16 -0.7933533191680908 -0.6087614297866821 -8.497278355155491e-17 -0.9238795638084412 -0.3826833963394165 -8.497278355155491e-17 -0.9238795638084412 -0.3826833963394165 -2.898265504095948e-17 -0.9914448857307434 -0.13052627444267273 -2.898265504095948e-17 -0.9914448857307434 -0.13052627444267273 2.898265504095948e-17 -0.9914448857307434 0.13052627444267273 2.898265504095948e-17 -0.9914448857307434 0.13052627444267273 8.497278355155491e-17 -0.9238795638084412 0.3826833963394165 8.497278355155491e-17 -0.9238795638084412 0.3826833963394165 1.3517219117058102e-16 -0.7933533191680908 0.6087614297866821 1.3517219117058102e-16 -0.7933533191680908 0.6087614297866821 1.76159824320641e-16 -0.6087614297866821 0.7933533191680908 1.76159824320641e-16 -0.6087614297866821 0.7933533191680908 1.0 2.220446049250313e-16 4.930380657631324e-32 1.0 2.220446049250313e-16 4.930380657631324e-32 1.0 2.220446049250313e-16 4.930380657631324e-32 1.0 2.220446049250313e-16 4.930380657631324e-32 1.0 2.220446049250313e-16 4.930380657631324e-32 1.0 2.220446049250313e-16 4.930380657631324e-32 1.0 2.220446049250313e-16 4.930380657631324e-32 1.0 2.220446049250313e-16 4.930380657631324e-32 1.0 2.220446049250313e-16 4.930380657631324e-32 1.0 2.220446049250313e-16 4.930380657631324e-32 1.0 2.220446049250313e-16 4.930380657631324e-32 1.0 2.220446049250313e-16 4.930380657631324e-32 1.0 2.220446049250313e-16 4.930380657631324e-32 1.0 2.220446049250313e-16 4.930380657631324e-32 1.0 2.220446049250313e-16 4.930380657631324e-32 1.0 2.220446049250313e-16 4.930380657631324e-32 1.0 2.220446049250313e-16 4.930380657631324e-32 1.0 2.220446049250313e-16 4.930380657631324e-32 1.0 2.220446049250313e-16 4.930380657631324e-32 1.0 2.220446049250313e-16 4.930380657631324e-32 1.0 2.220446049250313e-16 4.930380657631324e-32 1.0 2.220446049250313e-16 4.930380657631324e-32 2.0514247274415557e-16 -0.3826833963394165 0.9238795638084412 2.0514247274415557e-16 -0.3826833963394165 0.9238795638084412 2.2014498795702573e-16 -0.13052627444267273 0.9914448857307434 2.2014498795702573e-16 -0.13052627444267273 0.9914448857307434 -1.0 -2.220446049250313e-16 -4.930380657631324e-32 -1.0 -2.220446049250313e-16 -4.930380657631324e-32 -1.0 -2.220446049250313e-16 -4.930380657631324e-32 -1.0 -2.220446049250313e-16 -4.930380657631324e-32 -1.0 -2.220446049250313e-16 -4.930380657631324e-32 -1.0 -2.220446049250313e-16 -4.930380657631324e-32 -1.0 -2.220446049250313e-16 -4.930380657631324e-32 -1.0 -2.220446049250313e-16 -4.930380657631324e-32 -1.0 -2.220446049250313e-16 -4.930380657631324e-32 -1.0 -2.220446049250313e-16 -4.930380657631324e-32 -1.0 -2.220446049250313e-16 -4.930380657631324e-32 -1.0 -2.220446049250313e-16 -4.930380657631324e-32 -1.0 -2.220446049250313e-16 -4.930380657631324e-32 -1.0 -2.220446049250313e-16 -4.930380657631324e-32 -1.0 -2.220446049250313e-16 -4.930380657631324e-32 -1.0 -2.220446049250313e-16 -4.930380657631324e-32 -1.0 -2.220446049250313e-16 -4.930380657631324e-32 -1.0 -2.220446049250313e-16 -4.930380657631324e-32 -1.0 -2.220446049250313e-16 -4.930380657631324e-32 -1.0 -2.220446049250313e-16 -4.930380657631324e-32 -1.0 -2.220446049250313e-16 -4.930380657631324e-32 -1.0 -2.220446049250313e-16 -4.930380657631324e-32</float_array><technique_common><accessor source="#mesh62-normals-array" count="92" stride="3"><param name="X" type="float" /><param name="Y" type="float" /><param name="Z" type="float" /></accessor></technique_common></source><vertices id="mesh62-vertices"><input semantic="POSITION" source="#mesh62-positions" /></vertices><triangles count="92" material="graphite"><input semantic="VERTEX" source="#mesh62-vertices" offset="0" /><input semantic="NORMAL" source="#mesh62-normals" offset="1" /><p>0 0 1 0 3 0 0 1 3 1 2 1 2 2 3 2 5 2 2 3 5 3 4 3 4 4 5 4 7 4 4 5 7 5 6 5 6 6 7 6 9 6 6 7 9 7 8 7 8 8 9 8 11 8 8 9 11 9 10 9 10 10 11 10 13 10 10 11 13 11 12 11 12 12 13 12 15 12 12 13 15 13 14 13 14 14 15 14 17 14 14 15 17 15 16 15 16 16 17 16 19 16 16 17 19 17 18 17 18 18 19 18 21 18 18 19 21 19 20 19 20 20 21 20 23 20 20 21 23 21 22 21 22 22 23 22 25 22 22 23 25 23 24 23 24 24 25 24 27 24 24 25 27 25 26 25 26 26 27 26 29 26 26 27 29 27 28 27 28 28 29 28 31 28 28 29 31 29 30 29 30 30 31 30 33 30 30 31 33 31 32 31 32 32 33 32 35 32 32 33 35 33 34 33 34 34 35 34 37 34 34 35 37 35 36 35 36 36 37 36 39 36 36 37 39 37 38 37 38 38 39 38 41 38 38 39 41 39 40 39 40 40 41 40 43 40 40 41 43 41 42 41 42 42 43 42 45 42 42 43 45 43 44 43 5 44 3 44 1 44 1 45 47 45 45 45 45 46 43 46 41 46 41 47 39 47 37 47 37 48 35 48 33 48 33 49 31 49 29 49 29 50 27 50 25 50 25 51 23 51 21 51 21 52 19 52 17 52 17 53 15 53 13 53 13 54 11 54 9 54 9 55 7 55 5 55 5 56 1 56 45 56 45 57 41 57 37 57 37 58 33 58 29 58 29 59 25 59 21 59 21 60 17 60 13 60 13 61 9 61 5 61 5 62 45 62 37 62 37 63 29 63 21 63 21 64 13 64 5 64 37 65 21 65 5 65 44 66 45 66 47 66 44 67 47 67 46 67 46 68 47 68 1 68 46 69 1 69 0 69 46 70 0 70 2 70 2 71 4 71 6 71 6 72 8 72 10 72 10 73 12 73 14 73 14 74 16 74 18 74 18 75 20 75 22 75 22 76 24 76 26 76 26 77 28 77 30 77 30 78 32 78 34 78 34 79 36 79 38 79 38 80 40 80 42 80 42 81 44 81 46 81 46 82 2 82 6 82 6 83 10 83 14 83 14 84 18 84 22 84 22 85 26 85 30 85 30 86 34 86 38 86 38 87 42 87 46 87 46 88 6 88 14 88 14 89 22 89 30 89 30 90 38 90 46 90 14 91 30 91 46 91</p></triangles></mesh></geometry><geometry id="mesh63"><mesh><source id="mesh63-positions"><float_array id="mesh63-array" count="144">-0.4699999690055847 -0.016524000093340874 0.004999999888241291 -0.421999990940094 -0.016524000093340874 0.004999999888241291 -0.4699999690055847 -0.015229905024170876 0.004829628858715296 -0.421999990940094 -0.015229905024170876 0.004829628858715296 -0.4699999690055847 -0.014024000614881516 0.0043301270343363285 -0.421999990940094 -0.014024000614881516 0.0043301270343363285 -0.4699999690055847 -0.012988466769456863 0.0035355337895452976 -0.421999990940094 -0.012988466769456863 0.0035355337895452976 -0.4699999690055847 -0.012193873524665833 0.0024999999441206455 -0.421999990940094 -0.012193873524665833 0.0024999999441206455 -0.4699999690055847 -0.011694371700286865 0.00129409518558532 -0.421999990940094 -0.011694371700286865 0.00129409518558532 -0.4699999690055847 -0.011524000205099583 5.329071391703478e-18 -0.421999990940094 -0.011524000205099583 -5.329071391703478e-18 -0.4699999690055847 -0.011694371700286865 -0.00129409518558532 -0.421999990940094 -0.011694371700286865 -0.00129409518558532 -0.4699999690055847 -0.012193873524665833 -0.0024999999441206455 -0.421999990940094 -0.012193873524665833 -0.0024999999441206455 -0.4699999690055847 -0.012988466769456863 -0.0035355337895452976 -0.421999990940094 -0.012988466769456863 -0.0035355337895452976 -0.4699999690055847 -0.014024000614881516 -0.0043301270343363285 -0.421999990940094 -0.014024000614881516 -0.0043301270343363285 -0.4699999690055847 -0.015229905024170876 -0.004829628858715296 -0.421999990940094 -0.015229905024170876 -0.004829628858715296 -0.4699999690055847 -0.016524000093340874 -0.004999999888241291 -0.421999990940094 -0.016524000093340874 -0.004999999888241291 -0.4699999690055847 -0.017818095162510872 -0.004829628858715296 -0.421999990940094 -0.017818095162510872 -0.004829628858715296 -0.4699999690055847 -0.019023999571800232 -0.0043301270343363285 -0.421999990940094 -0.019023999571800232 -0.0043301270343363285 -0.4699999690055847 -0.020059533417224884 -0.0035355337895452976 -0.421999990940094 -0.020059533417224884 -0.0035355337895452976 -0.4699999690055847 -0.020854126662015915 -0.0024999999441206455 -0.421999990940094 -0.020854126662015915 -0.0024999999441206455 -0.4699999690055847 -0.021353628486394882 -0.00129409518558532 -0.421999990940094 -0.021353628486394882 -0.00129409518558532 -0.4699999690055847 -0.02152400091290474 5.329071391703478e-18 -0.421999990940094 -0.02152400091290474 -5.329071391703478e-18 -0.4699999690055847 -0.021353628486394882 0.00129409518558532 -0.421999990940094 -0.021353628486394882 0.00129409518558532 -0.4699999690055847 -0.020854126662015915 0.0024999999441206455 -0.421999990940094 -0.020854126662015915 0.0024999999441206455 -0.4699999690055847 -0.020059533417224884 0.0035355337895452976 -0.421999990940094 -0.020059533417224884 0.0035355337895452976 -0.4699999690055847 -0.019023999571800232 0.0043301270343363285 -0.421999990940094 -0.019023999571800232 0.0043301270343363285 -0.4699999690055847 -0.017818095162510872 0.004829628858715296 -0.421999990940094 -0.017818095162510872 0.004829628858715296</float_array><technique_common><accessor source="#mesh63-array" count="48" stride="3"><param name="X" type="float" /><param name="Y" type="float" /><param name="Z" type="float" /></accessor></technique_common></source><source id="mesh63-normals"><float_array id="mesh63-normals-array" count="276">2.2014497472213593e-16 0.13052630424499512 0.9914448261260986 2.2014497472213593e-16 0.13052630424499512 0.9914448261260986 2.0514249921393517e-16 0.38268330693244934 0.9238796830177307 2.0514249921393517e-16 0.38268330693244934 0.9238796830177307 1.761598110857512e-16 0.6087614893913269 0.793353259563446 1.761598110857512e-16 0.6087614893913269 0.793353259563446 1.3517220440547082e-16 0.793353259563446 0.6087614893913269 1.3517220440547082e-16 0.793353259563446 0.6087614893913269 8.497276369922021e-17 0.9238796830177307 0.38268330693244934 8.497276369922021e-17 0.9238796830177307 0.38268330693244934 2.898266165840438e-17 0.9914448261260986 0.13052630424499512 2.898266165840438e-17 0.9914448261260986 0.13052630424499512 -2.898266165840438e-17 0.9914448261260986 -0.13052630424499512 -2.898266165840438e-17 0.9914448261260986 -0.13052630424499512 -8.497276369922021e-17 0.9238796830177307 -0.38268330693244934 -8.497276369922021e-17 0.9238796830177307 -0.38268330693244934 -1.3517220440547082e-16 0.793353259563446 -0.6087614893913269 -1.3517220440547082e-16 0.793353259563446 -0.6087614893913269 -1.761598110857512e-16 0.6087614893913269 -0.793353259563446 -1.761598110857512e-16 0.6087614893913269 -0.793353259563446 -2.0514249921393517e-16 0.38268330693244934 -0.9238796830177307 -2.0514249921393517e-16 0.38268330693244934 -0.9238796830177307 -2.2014497472213593e-16 0.13052630424499512 -0.9914448261260986 -2.2014497472213593e-16 0.13052630424499512 -0.9914448261260986 -2.2014497472213593e-16 -0.13052630424499512 -0.9914448261260986 -2.2014497472213593e-16 -0.13052630424499512 -0.9914448261260986 -2.0514249921393517e-16 -0.38268330693244934 -0.9238796830177307 -2.0514249921393517e-16 -0.38268330693244934 -0.9238796830177307 -1.761598110857512e-16 -0.6087614893913269 -0.793353259563446 -1.761598110857512e-16 -0.6087614893913269 -0.793353259563446 -1.3517220440547082e-16 -0.793353259563446 -0.6087614893913269 -1.3517220440547082e-16 -0.793353259563446 -0.6087614893913269 -8.497276369922021e-17 -0.9238796830177307 -0.38268330693244934 -8.497276369922021e-17 -0.9238796830177307 -0.38268330693244934 -2.898266165840438e-17 -0.9914448261260986 -0.13052630424499512 -2.898266165840438e-17 -0.9914448261260986 -0.13052630424499512 2.898266165840438e-17 -0.9914448261260986 0.13052630424499512 2.898266165840438e-17 -0.9914448261260986 0.13052630424499512 8.497276369922021e-17 -0.9238796830177307 0.38268330693244934 8.497276369922021e-17 -0.9238796830177307 0.38268330693244934 1.3517220440547082e-16 -0.793353259563446 0.6087614893913269 1.3517220440547082e-16 -0.793353259563446 0.6087614893913269 1.761598110857512e-16 -0.6087614893913269 0.793353259563446 1.761598110857512e-16 -0.6087614893913269 0.793353259563446 1.0 2.220446049250313e-16 4.930380657631324e-32 1.0 2.220446049250313e-16 4.930380657631324e-32 1.0 2.220446049250313e-16 4.930380657631324e-32 1.0 2.220446049250313e-16 4.930380657631324e-32 1.0 2.220446049250313e-16 4.930380657631324e-32 1.0 2.220446049250313e-16 4.930380657631324e-32 1.0 2.220446049250313e-16 4.930380657631324e-32 1.0 2.220446049250313e-16 4.930380657631324e-32 1.0 2.220446049250313e-16 4.930380657631324e-32 1.0 2.220446049250313e-16 4.930380657631324e-32 1.0 2.220446049250313e-16 4.930380657631324e-32 1.0 2.220446049250313e-16 4.930380657631324e-32 1.0 2.220446049250313e-16 4.930380657631324e-32 1.0 2.220446049250313e-16 4.930380657631324e-32 1.0 2.220446049250313e-16 4.930380657631324e-32 1.0 2.220446049250313e-16 4.930380657631324e-32 1.0 2.220446049250313e-16 4.930380657631324e-32 1.0 2.220446049250313e-16 4.930380657631324e-32 1.0 2.220446049250313e-16 4.930380657631324e-32 1.0 2.220446049250313e-16 4.930380657631324e-32 1.0 2.220446049250313e-16 4.930380657631324e-32 1.0 2.220446049250313e-16 4.930380657631324e-32 2.0514249921393517e-16 -0.38268330693244934 0.9238796830177307 2.0514249921393517e-16 -0.38268330693244934 0.9238796830177307 2.2014497472213593e-16 -0.13052630424499512 0.9914448261260986 2.2014497472213593e-16 -0.13052630424499512 0.9914448261260986 -1.0 -2.220446049250313e-16 -4.930380657631324e-32 -1.0 -2.220446049250313e-16 -4.930380657631324e-32 -1.0 -2.220446049250313e-16 -4.930380657631324e-32 -1.0 -2.220446049250313e-16 -4.930380657631324e-32 -1.0 -2.220446049250313e-16 -4.930380657631324e-32 -1.0 -2.220446049250313e-16 -4.930380657631324e-32 -1.0 -2.220446049250313e-16 -4.930380657631324e-32 -1.0 -2.220446049250313e-16 -4.930380657631324e-32 -1.0 -2.220446049250313e-16 -4.930380657631324e-32 -1.0 -2.220446049250313e-16 -4.930380657631324e-32 -1.0 -2.220446049250313e-16 -4.930380657631324e-32 -1.0 -2.220446049250313e-16 -4.930380657631324e-32 -1.0 -2.220446049250313e-16 -4.930380657631324e-32 -1.0 -2.220446049250313e-16 -4.930380657631324e-32 -1.0 -2.220446049250313e-16 -4.930380657631324e-32 -1.0 -2.220446049250313e-16 -4.930380657631324e-32 -1.0 -2.220446049250313e-16 -4.930380657631324e-32 -1.0 -2.220446049250313e-16 -4.930380657631324e-32 -1.0 -2.220446049250313e-16 -4.930380657631324e-32 -1.0 -2.220446049250313e-16 -4.930380657631324e-32 -1.0 -2.220446049250313e-16 -4.930380657631324e-32 -1.0 -2.220446049250313e-16 -4.930380657631324e-32</float_array><technique_common><accessor source="#mesh63-normals-array" count="92" stride="3"><param name="X" type="float" /><param name="Y" type="float" /><param name="Z" type="float" /></accessor></technique_common></source><vertices id="mesh63-vertices"><input semantic="POSITION" source="#mesh63-positions" /></vertices><triangles count="92" material="copper"><input semantic="VERTEX" source="#mesh63-vertices" offset="0" /><input semantic="NORMAL" source="#mesh63-normals" offset="1" /><p>0 0 1 0 3 0 0 1 3 1 2 1 2 2 3 2 5 2 2 3 5 3 4 3 4 4 5 4 7 4 4 5 7 5 6 5 6 6 7 6 9 6 6 7 9 7 8 7 8 8 9 8 11 8 8 9 11 9 10 9 10 10 11 10 13 10 10 11 13 11 12 11 12 12 13 12 15 12 12 13 15 13 14 13 14 14 15 14 17 14 14 15 17 15 16 15 16 16 17 16 19 16 16 17 19 17 18 17 18 18 19 18 21 18 18 19 21 19 20 19 20 20 21 20 23 20 20 21 23 21 22 21 22 22 23 22 25 22 22 23 25 23 24 23 24 24 25 24 27 24 24 25 27 25 26 25 26 26 27 26 29 26 26 27 29 27 28 27 28 28 29 28 31 28 28 29 31 29 30 29 30 30 31 30 33 30 30 31 33 31 32 31 32 32 33 32 35 32 32 33 35 33 34 33 34 34 35 34 37 34 34 35 37 35 36 35 36 36 37 36 39 36 36 37 39 37 38 37 38 38 39 38 41 38 38 39 41 39 40 39 40 40 41 40 43 40 40 41 43 41 42 41 42 42 43 42 45 42 42 43 45 43 44 43 5 44 3 44 1 44 1 45 47 45 45 45 45 46 43 46 41 46 41 47 39 47 37 47 37 48 35 48 33 48 33 49 31 49 29 49 29 50 27 50 25 50 25 51 23 51 21 51 21 52 19 52 17 52 17 53 15 53 13 53 13 54 11 54 9 54 9 55 7 55 5 55 5 56 1 56 45 56 45 57 41 57 37 57 37 58 33 58 29 58 29 59 25 59 21 59 21 60 17 60 13 60 13 61 9 61 5 61 5 62 45 62 37 62 37 63 29 63 21 63 21 64 13 64 5 64 37 65 21 65 5 65 44 66 45 66 47 66 44 67 47 67 46 67 46 68 47 68 1 68 46 69 1 69 0 69 46 70 0 70 2 70 2 71 4 71 6 71 6 72 8 72 10 72 10 73 12 73 14 73 14 74 16 74 18 74 18 75 20 75 22 75 22 76 24 76 26 76 26 77 28 77 30 77 30 78 32 78 34 78 34 79 36 79 38 79 38 80 40 80 42 80 42 81 44 81 46 81 46 82 2 82 6 82 6 83 10 83 14 83 14 84 18 84 22 84 22 85 26 85 30 85 30 86 34 86 38 86 38 87 42 87 46 87 46 88 6 88 14 88 14 89 22 89 30 89 30 90 38 90 46 90 14 91 30 91 46 91</p></triangles></mesh></geometry><geometry id="mesh64"><mesh><source id="mesh64-positions"><float_array id="mesh64-array" count="144">-0.4699999690055847 0.016524000093340874 0.004999999888241291 -0.421999990940094 0.016524000093340874 0.004999999888241291 -0.4699999690055847 0.017818095162510872 0.004829628858715296 -0.421999990940094 0.017818095162510872 0.004829628858715296 -0.4699999690055847 0.019023999571800232 0.0043301270343363285 -0.421999990940094 0.019023999571800232 0.0043301270343363285 -0.4699999690055847 0.020059533417224884 0.0035355337895452976 -0.421999990940094 0.020059533417224884 0.0035355337895452976 -0.4699999690055847 0.020854126662015915 0.0024999999441206455 -0.421999990940094 0.020854126662015915 0.0024999999441206455 -0.4699999690055847 0.021353628486394882 0.00129409518558532 -0.421999990940094 0.021353628486394882 0.00129409518558532 -0.4699999690055847 0.02152400091290474 5.329071391703478e-18 -0.421999990940094 0.02152400091290474 -5.329071391703478e-18 -0.4699999690055847 0.021353628486394882 -0.00129409518558532 -0.421999990940094 0.021353628486394882 -0.00129409518558532 -0.4699999690055847 0.020854126662015915 -0.0024999999441206455 -0.421999990940094 0.020854126662015915 -0.0024999999441206455 -0.4699999690055847 0.020059533417224884 -0.0035355337895452976 -0.421999990940094 0.020059533417224884 -0.0035355337895452976 -0.4699999690055847 0.019023999571800232 -0.0043301270343363285 -0.421999990940094 0.019023999571800232 -0.0043301270343363285 -0.4699999690055847 0.017818095162510872 -0.004829628858715296 -0.421999990940094 0.017818095162510872 -0.004829628858715296 -0.4699999690055847 0.016524000093340874 -0.004999999888241291 -0.421999990940094 0.016524000093340874 -0.004999999888241291 -0.4699999690055847 0.015229905024170876 -0.004829628858715296 -0.421999990940094 0.015229905024170876 -0.004829628858715296 -0.4699999690055847 0.014024000614881516 -0.0043301270343363285 -0.421999990940094 0.014024000614881516 -0.0043301270343363285 -0.4699999690055847 0.012988466769456863 -0.0035355337895452976 -0.421999990940094 0.012988466769456863 -0.0035355337895452976 -0.4699999690055847 0.012193873524665833 -0.0024999999441206455 -0.421999990940094 0.012193873524665833 -0.0024999999441206455 -0.4699999690055847 0.011694371700286865 -0.00129409518558532 -0.421999990940094 0.011694371700286865 -0.00129409518558532 -0.4699999690055847 0.011524000205099583 5.329071391703478e-18 -0.421999990940094 0.011524000205099583 -5.329071391703478e-18 -0.4699999690055847 0.011694371700286865 0.00129409518558532 -0.421999990940094 0.011694371700286865 0.00129409518558532 -0.4699999690055847 0.012193873524665833 0.0024999999441206455 -0.421999990940094 0.012193873524665833 0.0024999999441206455 -0.4699999690055847 0.012988466769456863 0.0035355337895452976 -0.421999990940094 0.012988466769456863 0.0035355337895452976 -0.4699999690055847 0.014024000614881516 0.0043301270343363285 -0.421999990940094 0.014024000614881516 0.0043301270343363285 -0.4699999690055847 0.015229905024170876 0.004829628858715296 -0.421999990940094 0.015229905024170876 0.004829628858715296</float_array><technique_common><accessor source="#mesh64-array" count="48" stride="3"><param name="X" type="float" /><param name="Y" type="float" /><param name="Z" type="float" /></accessor></technique_common></source><source id="mesh64-normals"><float_array id="mesh64-normals-array" count="276">2.2014497472213593e-16 0.13052630424499512 0.9914448261260986 2.2014497472213593e-16 0.13052630424499512 0.9914448261260986 2.0514249921393517e-16 0.38268330693244934 0.9238796830177307 2.0514249921393517e-16 0.38268330693244934 0.9238796830177307 1.761598110857512e-16 0.6087614893913269 0.793353259563446 1.761598110857512e-16 0.6087614893913269 0.793353259563446 1.3517220440547082e-16 0.793353259563446 0.6087614893913269 1.3517220440547082e-16 0.793353259563446 0.6087614893913269 8.497276369922021e-17 0.9238796830177307 0.38268330693244934 8.497276369922021e-17 0.9238796830177307 0.38268330693244934 2.898266165840438e-17 0.9914448261260986 0.13052630424499512 2.898266165840438e-17 0.9914448261260986 0.13052630424499512 -2.898266165840438e-17 0.9914448261260986 -0.13052630424499512 -2.898266165840438e-17 0.9914448261260986 -0.13052630424499512 -8.497276369922021e-17 0.9238796830177307 -0.38268330693244934 -8.497276369922021e-17 0.9238796830177307 -0.38268330693244934 -1.3517220440547082e-16 0.793353259563446 -0.6087614893913269 -1.3517220440547082e-16 0.793353259563446 -0.6087614893913269 -1.761598110857512e-16 0.6087614893913269 -0.793353259563446 -1.761598110857512e-16 0.6087614893913269 -0.793353259563446 -2.0514249921393517e-16 0.38268330693244934 -0.9238796830177307 -2.0514249921393517e-16 0.38268330693244934 -0.9238796830177307 -2.2014497472213593e-16 0.13052630424499512 -0.9914448261260986 -2.2014497472213593e-16 0.13052630424499512 -0.9914448261260986 -2.2014497472213593e-16 -0.13052630424499512 -0.9914448261260986 -2.2014497472213593e-16 -0.13052630424499512 -0.9914448261260986 -2.0514249921393517e-16 -0.38268330693244934 -0.9238796830177307 -2.0514249921393517e-16 -0.38268330693244934 -0.9238796830177307 -1.761598110857512e-16 -0.6087614893913269 -0.793353259563446 -1.761598110857512e-16 -0.6087614893913269 -0.793353259563446 -1.3517220440547082e-16 -0.793353259563446 -0.6087614893913269 -1.3517220440547082e-16 -0.793353259563446 -0.6087614893913269 -8.497276369922021e-17 -0.9238796830177307 -0.38268330693244934 -8.497276369922021e-17 -0.9238796830177307 -0.38268330693244934 -2.898266165840438e-17 -0.9914448261260986 -0.13052630424499512 -2.898266165840438e-17 -0.9914448261260986 -0.13052630424499512 2.898266165840438e-17 -0.9914448261260986 0.13052630424499512 2.898266165840438e-17 -0.9914448261260986 0.13052630424499512 8.497276369922021e-17 -0.9238796830177307 0.38268330693244934 8.497276369922021e-17 -0.9238796830177307 0.38268330693244934 1.3517220440547082e-16 -0.793353259563446 0.6087614893913269 1.3517220440547082e-16 -0.793353259563446 0.6087614893913269 1.761598110857512e-16 -0.6087614893913269 0.793353259563446 1.761598110857512e-16 -0.6087614893913269 0.793353259563446 1.0 2.220446049250313e-16 4.930380657631324e-32 1.0 2.220446049250313e-16 4.930380657631324e-32 1.0 2.220446049250313e-16 4.930380657631324e-32 1.0 2.220446049250313e-16 4.930380657631324e-32 1.0 2.220446049250313e-16 4.930380657631324e-32 1.0 2.220446049250313e-16 4.930380657631324e-32 1.0 2.220446049250313e-16 4.930380657631324e-32 1.0 2.220446049250313e-16 4.930380657631324e-32 1.0 2.220446049250313e-16 4.930380657631324e-32 1.0 2.220446049250313e-16 4.930380657631324e-32 1.0 2.220446049250313e-16 4.930380657631324e-32 1.0 2.220446049250313e-16 4.930380657631324e-32 1.0 2.220446049250313e-16 4.930380657631324e-32 1.0 2.220446049250313e-16 4.930380657631324e-32 1.0 2.220446049250313e-16 4.930380657631324e-32 1.0 2.220446049250313e-16 4.930380657631324e-32 1.0 2.220446049250313e-16 4.930380657631324e-32 1.0 2.220446049250313e-16 4.930380657631324e-32 1.0 2.220446049250313e-16 4.930380657631324e-32 1.0 2.220446049250313e-16 4.930380657631324e-32 1.0 2.220446049250313e-16 4.930380657631324e-32 1.0 2.220446049250313e-16 4.930380657631324e-32 2.0514249921393517e-16 -0.38268330693244934 0.9238796830177307 2.0514249921393517e-16 -0.38268330693244934 0.9238796830177307 2.2014497472213593e-16 -0.13052630424499512 0.9914448261260986 2.2014497472213593e-16 -0.13052630424499512 0.9914448261260986 -1.0 -2.220446049250313e-16 -4.930380657631324e-32 -1.0 -2.220446049250313e-16 -4.930380657631324e-32 -1.0 -2.220446049250313e-16 -4.930380657631324e-32 -1.0 -2.220446049250313e-16 -4.930380657631324e-32 -1.0 -2.220446049250313e-16 -4.930380657631324e-32 -1.0 -2.220446049250313e-16 -4.930380657631324e-32 -1.0 -2.220446049250313e-16 -4.930380657631324e-32 -1.0 -2.220446049250313e-16 -4.930380657631324e-32 -1.0 -2.220446049250313e-16 -4.930380657631324e-32 -1.0 -2.220446049250313e-16 -4.930380657631324e-32 -1.0 -2.220446049250313e-16 -4.930380657631324e-32 -1.0 -2.220446049250313e-16 -4.930380657631324e-32 -1.0 -2.220446049250313e-16 -4.930380657631324e-32 -1.0 -2.220446049250313e-16 -4.930380657631324e-32 -1.0 -2.220446049250313e-16 -4.930380657631324e-32 -1.0 -2.220446049250313e-16 -4.930380657631324e-32 -1.0 -2.220446049250313e-16 -4.930380657631324e-32 -1.0 -2.220446049250313e-16 -4.930380657631324e-32 -1.0 -2.220446049250313e-16 -4.930380657631324e-32 -1.0 -2.220446049250313e-16 -4.930380657631324e-32 -1.0 -2.220446049250313e-16 -4.930380657631324e-32 -1.0 -2.220446049250313e-16 -4.930380657631324e-32</float_array><technique_common><accessor source="#mesh64-normals-array" count="92" stride="3"><param name="X" type="float" /><param name="Y" type="float" /><param name="Z" type="float" /></accessor></technique_common></source><vertices id="mesh64-vertices"><input semantic="POSITION" source="#mesh64-positions" /></vertices><triangles count="92" material="copper"><input semantic="VERTEX" source="#mesh64-vertices" offset="0" /><input semantic="NORMAL" source="#mesh64-normals" offset="1" /><p>0 0 1 0 3 0 0 1 3 1 2 1 2 2 3 2 5 2 2 3 5 3 4 3 4 4 5 4 7 4 4 5 7 5 6 5 6 6 7 6 9 6 6 7 9 7 8 7 8 8 9 8 11 8 8 9 11 9 10 9 10 10 11 10 13 10 10 11 13 11 12 11 12 12 13 12 15 12 12 13 15 13 14 13 14 14 15 14 17 14 14 15 17 15 16 15 16 16 17 16 19 16 16 17 19 17 18 17 18 18 19 18 21 18 18 19 21 19 20 19 20 20 21 20 23 20 20 21 23 21 22 21 22 22 23 22 25 22 22 23 25 23 24 23 24 24 25 24 27 24 24 25 27 25 26 25 26 26 27 26 29 26 26 27 29 27 28 27 28 28 29 28 31 28 28 29 31 29 30 29 30 30 31 30 33 30 30 31 33 31 32 31 32 32 33 32 35 32 32 33 35 33 34 33 34 34 35 34 37 34 34 35 37 35 36 35 36 36 37 36 39 36 36 37 39 37 38 37 38 38 39 38 41 38 38 39 41 39 40 39 40 40 41 40 43 40 40 41 43 41 42 41 42 42 43 42 45 42 42 43 45 43 44 43 5 44 3 44 1 44 1 45 47 45 45 45 45 46 43 46 41 46 41 47 39 47 37 47 37 48 35 48 33 48 33 49 31 49 29 49 29 50 27 50 25 50 25 51 23 51 21 51 21 52 19 52 17 52 17 53 15 53 13 53 13 54 11 54 9 54 9 55 7 55 5 55 5 56 1 56 45 56 45 57 41 57 37 57 37 58 33 58 29 58 29 59 25 59 21 59 21 60 17 60 13 60 13 61 9 61 5 61 5 62 45 62 37 62 37 63 29 63 21 63 21 64 13 64 5 64 37 65 21 65 5 65 44 66 45 66 47 66 44 67 47 67 46 67 46 68 47 68 1 68 46 69 1 69 0 69 46 70 0 70 2 70 2 71 4 71 6 71 6 72 8 72 10 72 10 73 12 73 14 73 14 74 16 74 18 74 18 75 20 75 22 75 22 76 24 76 26 76 26 77 28 77 30 77 30 78 32 78 34 78 34 79 36 79 38 79 38 80 40 80 42 80 42 81 44 81 46 81 46 82 2 82 6 82 6 83 10 83 14 83 14 84 18 84 22 84 22 85 26 85 30 85 30 86 34 86 38 86 38 87 42 87 46 87 46 88 6 88 14 88 14 89 22 89 30 89 30 90 38 90 46 90 14 91 30 91 46 91</p></triangles></mesh></geometry></library_geometries><library_visual_scenes><visual_scene id="Scene"><node id="mesh0-node"><instance_geometry url="#mesh0"><bind_material><technique_common><instance_material symbol="graphite" target="#graphite" /></technique_common></bind_material></instance_geometry></node><node id="mesh1-node"><instance_geometry url="#mesh1"><bind_material><technique_common><instance_material symbol="ivory" target="#ivory" /></technique_common></bind_material></instance_geometry></node><node id="mesh2-node"><instance_geometry url="#mesh2"><bind_material><technique_common><instance_material symbol="titanium" target="#titanium" /></technique_common></bind_material></instance_geometry></node><node id="mesh3-node"><instance_geometry url="#mesh3"><bind_material><technique_common><instance_material symbol="graphite" target="#graphite" /></technique_common></bind_material></instance_geometry></node><node id="mesh4-node"><instance_geometry url="#mesh4"><bind_material><technique_common><instance_material symbol="graphite" target="#graphite" /></technique_common></bind_material></instance_geometry></node><node id="mesh5-node"><instance_geometry url="#mesh5"><bind_material><technique_common><instance_material symbol="graphite" target="#graphite" /></technique_common></bind_material></instance_geometry></node><node id="mesh6-node"><instance_geometry url="#mesh6"><bind_material><technique_common><instance_material symbol="graphite" target="#graphite" /></technique_common></bind_material></instance_geometry></node><node id="mesh7-node"><instance_geometry url="#mesh7"><bind_material><technique_common><instance_material symbol="graphite" target="#graphite" /></technique_common></bind_material></instance_geometry></node><node id="mesh8-node"><instance_geometry url="#mesh8"><bind_material><technique_common><instance_material symbol="graphite" target="#graphite" /></technique_common></bind_material></instance_geometry></node><node id="mesh9-node"><instance_geometry url="#mesh9"><bind_material><technique_common><instance_material symbol="ivory" target="#ivory" /></technique_common></bind_material></instance_geometry></node><node id="mesh10-node"><instance_geometry url="#mesh10"><bind_material><technique_common><instance_material symbol="titanium" target="#titanium" /></technique_common></bind_material></instance_geometry></node><node id="mesh11-node"><instance_geometry url="#mesh11"><bind_material><technique_common><instance_material symbol="graphite" target="#graphite" /></technique_common></bind_material></instance_geometry></node><node id="mesh12-node"><instance_geometry url="#mesh12"><bind_material><technique_common><instance_material symbol="graphite" target="#graphite" /></technique_common></bind_material></instance_geometry></node><node id="mesh13-node"><instance_geometry url="#mesh13"><bind_material><technique_common><instance_material symbol="graphite" target="#graphite" /></technique_common></bind_material></instance_geometry></node><node id="mesh14-node"><instance_geometry url="#mesh14"><bind_material><technique_common><instance_material symbol="graphite" target="#graphite" /></technique_common></bind_material></instance_geometry></node><node id="mesh15-node"><instance_geometry url="#mesh15"><bind_material><technique_common><instance_material symbol="graphite" target="#graphite" /></technique_common></bind_material></instance_geometry></node><node id="mesh16-node"><instance_geometry url="#mesh16"><bind_material><technique_common><instance_material symbol="graphite" target="#graphite" /></technique_common></bind_material></instance_geometry></node><node id="mesh17-node"><instance_geometry url="#mesh17"><bind_material><technique_common><instance_material symbol="graphite" target="#graphite" /></technique_common></bind_material></instance_geometry></node><node id="mesh18-node"><instance_geometry url="#mesh18"><bind_material><technique_common><instance_material symbol="ivory" target="#ivory" /></technique_common></bind_material></instance_geometry></node><node id="mesh19-node"><instance_geometry url="#mesh19"><bind_material><technique_common><instance_material symbol="ivory" target="#ivory" /></technique_common></bind_material></instance_geometry></node><node id="mesh20-node"><instance_geometry url="#mesh20"><bind_material><technique_common><instance_material symbol="graphite" target="#graphite" /></technique_common></bind_material></instance_geometry></node><node id="mesh21-node"><instance_geometry url="#mesh21"><bind_material><technique_common><instance_material symbol="copper" target="#copper" /></technique_common></bind_material></instance_geometry></node><node id="mesh22-node"><instance_geometry url="#mesh22"><bind_material><technique_common><instance_material symbol="copper" target="#copper" /></technique_common></bind_material></instance_geometry></node><node id="mesh23-node"><instance_geometry url="#mesh23"><bind_material><technique_common><instance_material symbol="graphite" target="#graphite" /></technique_common></bind_material></instance_geometry></node><node id="mesh24-node"><instance_geometry url="#mesh24"><bind_material><technique_common><instance_material symbol="ivory" target="#ivory" /></technique_common></bind_material></instance_geometry></node><node id="mesh25-node"><instance_geometry url="#mesh25"><bind_material><technique_common><instance_material symbol="ivory" target="#ivory" /></technique_common></bind_material></instance_geometry></node><node id="mesh26-node"><instance_geometry url="#mesh26"><bind_material><technique_common><instance_material symbol="graphite" target="#graphite" /></technique_common></bind_material></instance_geometry></node><node id="mesh27-node"><instance_geometry url="#mesh27"><bind_material><technique_common><instance_material symbol="copper" target="#copper" /></technique_common></bind_material></instance_geometry></node><node id="mesh28-node"><instance_geometry url="#mesh28"><bind_material><technique_common><instance_material symbol="copper" target="#copper" /></technique_common></bind_material></instance_geometry></node><node id="mesh29-node"><instance_geometry url="#mesh29"><bind_material><technique_common><instance_material symbol="graphite" target="#graphite" /></technique_common></bind_material></instance_geometry></node><node id="mesh30-node"><instance_geometry url="#mesh30"><bind_material><technique_common><instance_material symbol="ivory" target="#ivory" /></technique_common></bind_material></instance_geometry></node><node id="mesh31-node"><instance_geometry url="#mesh31"><bind_material><technique_common><instance_material symbol="ivory" target="#ivory" /></technique_common></bind_material></instance_geometry></node><node id="mesh32-node"><instance_geometry url="#mesh32"><bind_material><technique_common><instance_material symbol="graphite" target="#graphite" /></technique_common></bind_material></instance_geometry></node><node id="mesh33-node"><instance_geometry url="#mesh33"><bind_material><technique_common><instance_material symbol="copper" target="#copper" /></technique_common></bind_material></instance_geometry></node><node id="mesh34-node"><instance_geometry url="#mesh34"><bind_material><technique_common><instance_material symbol="copper" target="#copper" /></technique_common></bind_material></instance_geometry></node><node id="mesh35-node"><instance_geometry url="#mesh35"><bind_material><technique_common><instance_material symbol="graphite" target="#graphite" /></technique_common></bind_material></instance_geometry></node><node id="mesh36-node"><instance_geometry url="#mesh36"><bind_material><technique_common><instance_material symbol="ivory" target="#ivory" /></technique_common></bind_material></instance_geometry></node><node id="mesh37-node"><instance_geometry url="#mesh37"><bind_material><technique_common><instance_material symbol="ivory" target="#ivory" /></technique_common></bind_material></instance_geometry></node><node id="mesh38-node"><instance_geometry url="#mesh38"><bind_material><technique_common><instance_material symbol="graphite" target="#graphite" /></technique_common></bind_material></instance_geometry></node><node id="mesh39-node"><instance_geometry url="#mesh39"><bind_material><technique_common><instance_material symbol="copper" target="#copper" /></technique_common></bind_material></instance_geometry></node><node id="mesh40-node"><instance_geometry url="#mesh40"><bind_material><technique_common><instance_material symbol="copper" target="#copper" /></technique_common></bind_material></instance_geometry></node><node id="mesh41-node"><instance_geometry url="#mesh41"><bind_material><technique_common><instance_material symbol="graphite" target="#graphite" /></technique_common></bind_material></instance_geometry></node><node id="mesh42-node"><instance_geometry url="#mesh42"><bind_material><technique_common><instance_material symbol="ivory" target="#ivory" /></technique_common></bind_material></instance_geometry></node><node id="mesh43-node"><instance_geometry url="#mesh43"><bind_material><technique_common><instance_material symbol="ivory" target="#ivory" /></technique_common></bind_material></instance_geometry></node><node id="mesh44-node"><instance_geometry url="#mesh44"><bind_material><technique_common><instance_material symbol="graphite" target="#graphite" /></technique_common></bind_material></instance_geometry></node><node id="mesh45-node"><instance_geometry url="#mesh45"><bind_material><technique_common><instance_material symbol="copper" target="#copper" /></technique_common></bind_material></instance_geometry></node><node id="mesh46-node"><instance_geometry url="#mesh46"><bind_material><technique_common><instance_material symbol="copper" target="#copper" /></technique_common></bind_material></instance_geometry></node><node id="mesh47-node"><instance_geometry url="#mesh47"><bind_material><technique_common><instance_material symbol="graphite" target="#graphite" /></technique_common></bind_material></instance_geometry></node><node id="mesh48-node"><instance_geometry url="#mesh48"><bind_material><technique_common><instance_material symbol="ivory" target="#ivory" /></technique_common></bind_material></instance_geometry></node><node id="mesh49-node"><instance_geometry url="#mesh49"><bind_material><technique_common><instance_material symbol="ivory" target="#ivory" /></technique_common></bind_material></instance_geometry></node><node id="mesh50-node"><instance_geometry url="#mesh50"><bind_material><technique_common><instance_material symbol="graphite" target="#graphite" /></technique_common></bind_material></instance_geometry></node><node id="mesh51-node"><instance_geometry url="#mesh51"><bind_material><technique_common><instance_material symbol="copper" target="#copper" /></technique_common></bind_material></instance_geometry></node><node id="mesh52-node"><instance_geometry url="#mesh52"><bind_material><technique_common><instance_material symbol="copper" target="#copper" /></technique_common></bind_material></instance_geometry></node><node id="mesh53-node"><instance_geometry url="#mesh53"><bind_material><technique_common><instance_material symbol="graphite" target="#graphite" /></technique_common></bind_material></instance_geometry></node><node id="mesh54-node"><instance_geometry url="#mesh54"><bind_material><technique_common><instance_material symbol="ivory" target="#ivory" /></technique_common></bind_material></instance_geometry></node><node id="mesh55-node"><instance_geometry url="#mesh55"><bind_material><technique_common><instance_material symbol="ivory" target="#ivory" /></technique_common></bind_material></instance_geometry></node><node id="mesh56-node"><instance_geometry url="#mesh56"><bind_material><technique_common><instance_material symbol="graphite" target="#graphite" /></technique_common></bind_material></instance_geometry></node><node id="mesh57-node"><instance_geometry url="#mesh57"><bind_material><technique_common><instance_material symbol="copper" target="#copper" /></technique_common></bind_material></instance_geometry></node><node id="mesh58-node"><instance_geometry url="#mesh58"><bind_material><technique_common><instance_material symbol="copper" target="#copper" /></technique_common></bind_material></instance_geometry></node><node id="mesh59-node"><instance_geometry url="#mesh59"><bind_material><technique_common><instance_material symbol="graphite" target="#graphite" /></technique_common></bind_material></instance_geometry></node><node id="mesh60-node"><instance_geometry url="#mesh60"><bind_material><technique_common><instance_material symbol="ivory" target="#ivory" /></technique_common></bind_material></instance_geometry></node><node id="mesh61-node"><instance_geometry url="#mesh61"><bind_material><technique_common><instance_material symbol="ivory" target="#ivory" /></technique_common></bind_material></instance_geometry></node><node id="mesh62-node"><instance_geometry url="#mesh62"><bind_material><technique_common><instance_material symbol="graphite" target="#graphite" /></technique_common></bind_material></instance_geometry></node><node id="mesh63-node"><instance_geometry url="#mesh63"><bind_material><technique_common><instance_material symbol="copper" target="#copper" /></technique_common></bind_material></instance_geometry></node><node id="mesh64-node"><instance_geometry url="#mesh64"><bind_material><technique_common><instance_material symbol="copper" target="#copper" /></technique_common></bind_material></instance_geometry></node></visual_scene></library_visual_scenes><scene><instance_visual_scene url="#Scene" /></scene></COLLADA>