<?xml version='1.0' encoding='utf-8'?>
<COLLADA xmlns="http://www.collada.org/2005/11/COLLADASchema" version="1.4.1"><asset><unit name="meter" meter="1" /><up_axis>Z_UP</up_axis></asset><library_effects><effect id="graphite-fx"><profile_COMMON><technique sid="common"><phong><emission><color>0 0 0 1</color></emission><ambient><color>0.065 0.075 0.085 1</color></ambient><diffuse><color>0.065 0.075 0.085 1</color></diffuse><specular><color>0.12 0.12 0.12 1</color></specular><shininess><float>25</float></shininess></phong></technique></profile_COMMON></effect><effect id="titanium-fx"><profile_COMMON><technique sid="common"><phong><emission><color>0 0 0 1</color></emission><ambient><color>0.36 0.4 0.43 1</color></ambient><diffuse><color>0.36 0.4 0.43 1</color></diffuse><specular><color>0.12 0.12 0.12 1</color></specular><shininess><float>25</float></shininess></phong></technique></profile_COMMON></effect><effect id="ivory-fx"><profile_COMMON><technique sid="common"><phong><emission><color>0 0 0 1</color></emission><ambient><color>0.72 0.72 0.65 1</color></ambient><diffuse><color>0.72 0.72 0.65 1</color></diffuse><specular><color>0.12 0.12 0.12 1</color></specular><shininess><float>25</float></shininess></phong></technique></profile_COMMON></effect><effect id="copper-fx"><profile_COMMON><technique sid="common"><phong><emission><color>0 0 0 1</color></emission><ambient><color>0.66 0.29 0.08 1</color></ambient><diffuse><color>0.66 0.29 0.08 1</color></diffuse><specular><color>0.12 0.12 0.12 1</color></specular><shininess><float>25</float></shininess></phong></technique></profile_COMMON></effect><effect id="rubber-fx"><profile_COMMON><technique sid="common"><phong><emission><color>0 0 0 1</color></emission><ambient><color>0.025 0.028 0.032 1</color></ambient><diffuse><color>0.025 0.028 0.032 1</color></diffuse><specular><color>0.12 0.12 0.12 1</color></specular><shininess><float>25</float></shininess></phong></technique></profile_COMMON></effect><effect id="lens-fx"><profile_COMMON><technique sid="common"><phong><emission><color>0 0 0 1</color></emission><ambient><color>0.05 0.26 0.33 1</color></ambient><diffuse><color>0.05 0.26 0.33 1</color></diffuse><specular><color>0.12 0.12 0.12 1</color></specular><shininess><float>25</float></shininess></phong></technique></profile_COMMON></effect></library_effects><library_materials><material id="graphite"><instance_effect url="#graphite-fx" /></material><material id="titanium"><instance_effect url="#titanium-fx" /></material><material id="ivory"><instance_effect url="#ivory-fx" /></material><material id="copper"><instance_effect url="#copper-fx" /></material><material id="rubber"><instance_effect url="#rubber-fx" /></material><material id="lens"><instance_effect url="#lens-fx" /></material></library_materials><library_geometries><geometry id="mesh0"><mesh><source id="mesh0-positions"><float_array id="mesh0-array" count="144">-5.888837417700188e-09 -0.04750001057982445 0.0390000119805336 -5.888837417700188e-09 0.04750000312924385 0.038999997079372406 -0.010093951597809792 -0.04750001057982445 0.03767111524939537 -0.010093951597809792 0.04750000312924385 0.037671104073524475 -0.0195000097155571 -0.04750001057982445 0.03377499803900719 -0.0195000097155571 0.04750000312924385 0.03377498313784599 -0.027577174827456474 -0.04750001057982445 0.027577169239521027 -0.027577174827456474 0.04750000312924385 0.027577156201004982 -0.033775001764297485 -0.04750001057982445 0.01950000412762165 -0.033775001764297485 0.04750000312924385 0.019499991089105606 -0.03767111524939537 -0.04750000685453415 0.01009394507855177 -0.03767111524939537 0.04750000685453415 0.010093932040035725 -0.0390000082552433 -0.04750000685453415 4.932081409947386e-10 -0.0390000082552433 0.04750000685453415 -1.2270882976395114e-08 -0.03767111524939537 -0.04750000685453415 -0.01009394321590662 -0.03767111524939537 0.04750000685453415 -0.010093956254422665 -0.03377499431371689 -0.04750000312924385 -0.019500000402331352 -0.03377499431371689 0.04750001057982445 -0.019500013440847397 -0.027577167376875877 -0.04750000312924385 -0.027577165514230728 -0.027577167376875877 0.04750001057982445 -0.027577178552746773 -0.019499998539686203 -0.04750000312924385 -0.03377499058842659 -0.019499998539686203 0.04750001057982445 -0.033775005489587784 -0.010093940421938896 -0.04750000312924385 -0.037671107798814774 -0.010093940421938896 0.04750001057982445 -0.03767111897468567 5.888837417700188e-09 -0.04750000312924385 -0.038999997079372406 5.888837417700188e-09 0.04750001057982445 -0.0390000119805336 0.010093951597809792 -0.04750000312924385 -0.037671104073524475 0.010093951597809792 0.04750001057982445 -0.03767111524939537 0.0195000097155571 -0.04750000312924385 -0.03377498313784599 0.0195000097155571 0.04750001057982445 -0.03377499803900719 0.027577174827456474 -0.04750000312924385 -0.027577156201004982 0.027577174827456474 0.04750001057982445 -0.027577169239521027 0.033775001764297485 -0.04750000312924385 -0.019499991089105606 0.033775001764297485 0.04750001057982445 -0.01950000412762165 0.03767111524939537 -0.04750000685453415 -0.010093932040035725 0.03767111524939537 0.04750000685453415 -0.01009394507855177 0.0390000082552433 -0.04750000685453415 1.2270882976395114e-08 0.0390000082552433 0.04750000685453415 -4.932081409947386e-10 0.03767111524939537 -0.04750000685453415 0.010093956254422665 0.03767111524939537 0.04750000685453415 0.01009394321590662 0.03377499431371689 -0.04750001057982445 0.019500013440847397 0.03377499431371689 0.04750000312924385 0.019500000402331352 0.027577167376875877 -0.04750001057982445 0.027577178552746773 0.027577167376875877 0.04750000312924385 0.027577165514230728 0.019499998539686203 -0.04750001057982445 0.033775005489587784 0.019499998539686203 0.04750000312924385 0.03377499058842659 0.010093940421938896 -0.04750001057982445 0.03767111897468567 0.010093940421938896 0.04750000312924385 0.037671107798814774</float_array><technique_common><accessor source="#mesh0-array" count="48" stride="3"><param name="X" type="float" /><param name="Y" type="float" /><param name="Z" type="float" /></accessor></technique_common></source><source id="mesh0-normals"><float_array id="mesh0-normals-array" count="276">-0.1305263489484787 1.3320936886884738e-07 0.9914448857307434 -0.1305263489484787 1.3320936886884738e-07 0.9914448857307434 -0.3826836347579956 1.2413136118993862e-07 0.9238795042037964 -0.3826836347579956 1.2413136118993862e-07 0.9238795042037964 -0.6087616086006165 1.0659401539214741e-07 0.7933531999588013 -0.6087616086006165 1.0659401539214741e-07 0.7933531999588013 -0.7933533787727356 8.179247856787697e-08 0.6087614297866821 -0.7933533787727356 8.179247856787697e-08 0.6087614297866821 -0.9238796234130859 5.1416897406397766e-08 0.3826833963394165 -0.9238796234130859 5.1416897406397766e-08 0.3826833963394165 -0.9914448857307434 1.753733158693649e-08 0.1305260807275772 -0.9914448857307434 1.753733158693649e-08 0.1305260807275772 -0.9914448857307434 -1.7537370666786956e-08 -0.1305263787508011 -0.9914448857307434 -1.7537370666786956e-08 -0.1305263787508011 -0.9238795042037964 -5.1416932933534554e-08 -0.3826836943626404 -0.9238795042037964 -5.1416932933534554e-08 -0.3826836943626404 -0.7933531403541565 -8.17925069895864e-08 -0.6087616682052612 -0.7933531403541565 -8.17925069895864e-08 -0.6087616682052612 -0.6087613701820374 -1.0659404381385684e-07 -0.7933534383773804 -0.6087613701820374 -1.0659404381385684e-07 -0.7933534383773804 -0.38268333673477173 -1.2413138961164805e-07 -0.9238796234130859 -0.38268333673477173 -1.2413138961164805e-07 -0.9238796234130859 -0.13052605092525482 -1.3320936886884738e-07 -0.9914448857307434 -0.13052605092525482 -1.3320936886884738e-07 -0.9914448857307434 0.1305263489484787 -1.3320936886884738e-07 -0.9914448857307434 0.1305263489484787 -1.3320936886884738e-07 -0.9914448857307434 0.3826836347579956 -1.2413136118993862e-07 -0.9238795042037964 0.3826836347579956 -1.2413136118993862e-07 -0.9238795042037964 0.6087616086006165 -1.0659401539214741e-07 -0.7933531999588013 0.6087616086006165 -1.0659401539214741e-07 -0.7933531999588013 0.7933533787727356 -8.179247856787697e-08 -0.6087614297866821 0.7933533787727356 -8.179247856787697e-08 -0.6087614297866821 0.9238796234130859 -5.1416897406397766e-08 -0.3826833963394165 0.9238796234130859 -5.1416897406397766e-08 -0.3826833963394165 0.9914448857307434 -1.753733158693649e-08 -0.1305260807275772 0.9914448857307434 -1.753733158693649e-08 -0.1305260807275772 0.9914448857307434 1.7537370666786956e-08 0.1305263787508011 0.9914448857307434 1.7537370666786956e-08 0.1305263787508011 0.9238795042037964 5.1416932933534554e-08 0.3826836943626404 0.9238795042037964 5.1416932933534554e-08 0.3826836943626404 0.7933531403541565 8.17925069895864e-08 0.6087616682052612 0.7933531403541565 8.17925069895864e-08 0.6087616682052612 0.6087613701820374 1.0659404381385684e-07 0.7933534383773804 0.6087613701820374 1.0659404381385684e-07 0.7933534383773804 -2.028761815660307e-14 1.0 1.343588280633412e-07 -2.028761815660307e-14 1.0 1.343588280633412e-07 -2.028761815660307e-14 1.0 1.343588280633412e-07 -2.028761815660307e-14 1.0 1.343588280633412e-07 -2.028761815660307e-14 1.0 1.343588280633412e-07 -2.028761815660307e-14 1.0 1.343588280633412e-07 -2.028761815660307e-14 1.0 1.343588280633412e-07 -2.028761815660307e-14 1.0 1.343588280633412e-07 -2.028761815660307e-14 1.0 1.343588280633412e-07 -2.028761815660307e-14 1.0 1.343588280633412e-07 -2.028761815660307e-14 1.0 1.343588280633412e-07 -2.028761815660307e-14 1.0 1.343588280633412e-07 -2.028761815660307e-14 1.0 1.343588280633412e-07 -2.0287619850668966e-14 1.0 1.343588280633412e-07 -2.0287619850668966e-14 1.0 1.343588280633412e-07 -2.028761815660307e-14 1.0 1.343588280633412e-07 -2.0287619850668966e-14 1.0 1.343588280633412e-07 -2.0287619850668966e-14 1.0 1.343588280633412e-07 -2.028761815660307e-14 1.0 1.343588280633412e-07 -2.028761815660307e-14 1.0 1.343588280633412e-07 -2.028761815660307e-14 1.0 1.343588280633412e-07 -2.028761815660307e-14 1.0 1.343588280633412e-07 0.38268333673477173 1.2413138961164805e-07 0.9238796234130859 0.38268333673477173 1.2413138961164805e-07 0.9238796234130859 0.13052605092525482 1.3320936886884738e-07 0.9914448857307434 0.13052605092525482 1.3320936886884738e-07 0.9914448857307434 2.0287619850668966e-14 -1.0 -1.343588280633412e-07 2.028761815660307e-14 -1.0 -1.343588280633412e-07 2.028761815660307e-14 -1.0 -1.343588280633412e-07 2.0287619850668966e-14 -1.0 -1.343588280633412e-07 2.028761815660307e-14 -1.0 -1.343588280633412e-07 2.028761815660307e-14 -1.0 -1.343588280633412e-07 2.0287619850668966e-14 -1.0 -1.343588280633412e-07 2.028761815660307e-14 -1.0 -1.343588280633412e-07 2.028761815660307e-14 -1.0 -1.343588280633412e-07 2.0287619850668966e-14 -1.0 -1.343588280633412e-07 2.028761815660307e-14 -1.0 -1.343588280633412e-07 2.028761815660307e-14 -1.0 -1.343588280633412e-07 2.028761815660307e-14 -1.0 -1.343588280633412e-07 2.028761815660307e-14 -1.0 -1.343588280633412e-07 2.028761815660307e-14 -1.0 -1.343588280633412e-07 2.028761815660307e-14 -1.0 -1.343588280633412e-07 2.028761815660307e-14 -1.0 -1.343588280633412e-07 2.028761815660307e-14 -1.0 -1.343588280633412e-07 2.028761815660307e-14 -1.0 -1.343588280633412e-07 2.028761815660307e-14 -1.0 -1.343588280633412e-07 2.028761815660307e-14 -1.0 -1.343588280633412e-07 2.028761815660307e-14 -1.0 -1.343588280633412e-07</float_array><technique_common><accessor source="#mesh0-normals-array" count="92" stride="3"><param name="X" type="float" /><param name="Y" type="float" /><param name="Z" type="float" /></accessor></technique_common></source><vertices id="mesh0-vertices"><input semantic="POSITION" source="#mesh0-positions" /></vertices><triangles count="92" material="graphite"><input semantic="VERTEX" source="#mesh0-vertices" offset="0" /><input semantic="NORMAL" source="#mesh0-normals" offset="1" /><p>0 0 1 0 3 0 0 1 3 1 2 1 2 2 3 2 5 2 2 3 5 3 4 3 4 4 5 4 7 4 4 5 7 5 6 5 6 6 7 6 9 6 6 7 9 7 8 7 8 8 9 8 11 8 8 9 11 9 10 9 10 10 11 10 13 10 10 11 13 11 12 11 12 12 13 12 15 12 12 13 15 13 14 13 14 14 15 14 17 14 14 15 17 15 16 15 16 16 17 16 19 16 16 17 19 17 18 17 18 18 19 18 21 18 18 19 21 19 20 19 20 20 21 20 23 20 20 21 23 21 22 21 22 22 23 22 25 22 22 23 25 23 24 23 24 24 25 24 27 24 24 25 27 25 26 25 26 26 27 26 29 26 26 27 29 27 28 27 28 28 29 28 31 28 28 29 31 29 30 29 30 30 31 30 33 30 30 31 33 31 32 31 32 32 33 32 35 32 32 33 35 33 34 33 34 34 35 34 37 34 34 35 37 35 36 35 36 36 37 36 39 36 36 37 39 37 38 37 38 38 39 38 41 38 38 39 41 39 40 39 40 40 41 40 43 40 40 41 43 41 42 41 42 42 43 42 45 42 42 43 45 43 44 43 5 44 3 44 1 44 1 45 47 45 45 45 45 46 43 46 41 46 41 47 39 47 37 47 37 48 35 48 33 48 33 49 31 49 29 49 29 50 27 50 25 50 25 51 23 51 21 51 21 52 19 52 17 52 17 53 15 53 13 53 13 54 11 54 9 54 9 55 7 55 5 55 5 56 1 56 45 56 45 57 41 57 37 57 37 58 33 58 29 58 29 59 25 59 21 59 21 60 17 60 13 60 13 61 9 61 5 61 5 62 45 62 37 62 37 63 29 63 21 63 21 64 13 64 5 64 37 65 21 65 5 65 44 66 45 66 47 66 44 67 47 67 46 67 46 68 47 68 1 68 46 69 1 69 0 69 46 70 0 70 2 70 2 71 4 71 6 71 6 72 8 72 10 72 10 73 12 73 14 73 14 74 16 74 18 74 18 75 20 75 22 75 22 76 24 76 26 76 26 77 28 77 30 77 30 78 32 78 34 78 34 79 36 79 38 79 38 80 40 80 42 80 42 81 44 81 46 81 46 82 2 82 6 82 6 83 10 83 14 83 14 84 18 84 22 84 22 85 26 85 30 85 30 86 34 86 38 86 38 87 42 87 46 87 46 88 6 88 14 88 14 89 22 89 30 89 30 90 38 90 46 90 14 91 30 91 46 91</p></triangles></mesh></geometry><geometry id="mesh1"><mesh><source id="mesh1-positions"><float_array id="mesh1-array" count="36">0.02613000199198723 -0.06149999797344208 0.0040000020526349545 0.02613000199198723 -0.04150000214576721 0.003999999258667231 0.022665899246931076 -0.06149999797344208 0.002000001259148121 0.022665899246931076 -0.04150000214576721 0.001999998465180397 0.022665899246931076 -0.06149999797344208 -0.0019999993965029716 0.022665899246931076 -0.04150000214576721 -0.0020000021904706955 0.02613000199198723 -0.06149999797344208 -0.003999999258667231 0.02613000199198723 -0.04150000214576721 -0.0040000020526349545 0.02959410473704338 -0.06149999797344208 -0.001999998465180397 0.02959410473704338 -0.04150000214576721 -0.002000001259148121 0.02959410473704338 -0.06149999797344208 0.0020000021904706955 0.02959410473704338 -0.04150000214576721 0.0019999993965029716</float_array><technique_common><accessor source="#mesh1-array" count="12" stride="3"><param name="X" type="float" /><param name="Y" type="float" /><param name="Z" type="float" /></accessor></technique_common></source><source id="mesh1-normals"><float_array id="mesh1-normals-array" count="60">-0.5000000596046448 1.1635816576927027e-07 0.8660253882408142 -0.5000000596046448 1.1635816576927027e-07 0.8660253882408142 -1.0 -2.028762154473486e-14 -1.5099581673894136e-07 -1.0 -2.028762154473486e-14 -1.5099581673894136e-07 -0.49999985098838806 -1.1635817998012499e-07 -0.8660255074501038 -0.49999985098838806 -1.1635817998012499e-07 -0.8660255074501038 0.5000000596046448 -1.1635816576927027e-07 -0.8660253882408142 0.5000000596046448 -1.1635816576927027e-07 -0.8660253882408142 -2.028761815660307e-14 1.0 1.343588280633412e-07 -2.028761815660307e-14 1.0 1.343588280633412e-07 -2.028761815660307e-14 1.0 1.343588280633412e-07 -2.028761815660307e-14 1.0 1.343588280633412e-07 1.0 2.028762154473486e-14 1.5099581673894136e-07 1.0 2.028762154473486e-14 1.5099581673894136e-07 0.49999985098838806 1.1635817998012499e-07 0.8660255074501038 0.49999985098838806 1.1635817998012499e-07 0.8660255074501038 2.028761815660307e-14 -1.0 -1.343588280633412e-07 2.028761815660307e-14 -1.0 -1.343588280633412e-07 2.028761815660307e-14 -1.0 -1.343588280633412e-07 2.028761815660307e-14 -1.0 -1.343588280633412e-07</float_array><technique_common><accessor source="#mesh1-normals-array" count="20" stride="3"><param name="X" type="float" /><param name="Y" type="float" /><param name="Z" type="float" /></accessor></technique_common></source><vertices id="mesh1-vertices"><input semantic="POSITION" source="#mesh1-positions" /></vertices><triangles count="20" material="graphite"><input semantic="VERTEX" source="#mesh1-vertices" offset="0" /><input semantic="NORMAL" source="#mesh1-normals" offset="1" /><p>0 0 1 0 3 0 0 1 3 1 2 1 2 2 3 2 5 2 2 3 5 3 4 3 4 4 5 4 7 4 4 5 7 5 6 5 6 6 7 6 9 6 6 7 9 7 8 7 5 8 3 8 1 8 1 9 11 9 9 9 9 10 7 10 5 10 1 11 9 11 5 11 8 12 9 12 11 12 8 13 11 13 10 13 10 14 11 14 1 14 10 15 1 15 0 15 10 16 0 16 2 16 2 17 4 17 6 17 6 18 8 18 10 18 2 19 6 19 10 19</p></triangles></mesh></geometry><geometry id="mesh2"><mesh><source id="mesh2-positions"><float_array id="mesh2-array" count="36">0.01306500006467104 -0.06149999797344208 0.026629246771335602 0.01306500006467104 -0.04150000214576721 0.026629243046045303 0.009600898250937462 -0.06149999797344208 0.024629244580864906 0.009600898250937462 -0.04150000214576721 0.024629242718219757 0.009600898250937462 -0.06149999797344208 0.020629243925213814 0.009600898250937462 -0.04150000214576721 0.020629242062568665 0.013065001927316189 -0.06149999797344208 0.018629245460033417 0.013065001927316189 -0.04150000214576721 0.01862924173474312 0.016529103741049767 -0.06149999797344208 0.020629245787858963 0.016529103741049767 -0.04150000214576721 0.020629243925213814 0.016529103741049767 -0.06149999797344208 0.024629246443510056 0.016529103741049767 -0.04150000214576721 0.024629244580864906</float_array><technique_common><accessor source="#mesh2-array" count="12" stride="3"><param name="X" type="float" /><param name="Y" type="float" /><param name="Z" type="float" /></accessor></technique_common></source><source id="mesh2-normals"><float_array id="mesh2-normals-array" count="60">-0.5000000596046448 1.1635816576927027e-07 0.8660253882408142 -0.5000000596046448 1.1635816576927027e-07 0.8660253882408142 -1.0 -2.028762154473486e-14 -1.5099581673894136e-07 -1.0 -2.028762154473486e-14 -1.5099581673894136e-07 -0.49999985098838806 -1.1635817998012499e-07 -0.8660255074501038 -0.49999985098838806 -1.1635817998012499e-07 -0.8660255074501038 0.5000000596046448 -1.1635816576927027e-07 -0.8660253882408142 0.5000000596046448 -1.1635816576927027e-07 -0.8660253882408142 -2.028761815660307e-14 1.0 1.343588280633412e-07 -2.028761815660307e-14 1.0 1.343588280633412e-07 -2.028761815660307e-14 1.0 1.343588280633412e-07 -2.028761815660307e-14 1.0 1.343588280633412e-07 1.0 2.028762154473486e-14 1.5099581673894136e-07 1.0 2.028762154473486e-14 1.5099581673894136e-07 0.49999985098838806 1.1635817998012499e-07 0.8660255074501038 0.49999985098838806 1.1635817998012499e-07 0.8660255074501038 2.028761815660307e-14 -1.0 -1.343588280633412e-07 2.028761815660307e-14 -1.0 -1.343588280633412e-07 2.028761815660307e-14 -1.0 -1.343588280633412e-07 2.028761815660307e-14 -1.0 -1.343588280633412e-07</float_array><technique_common><accessor source="#mesh2-normals-array" count="20" stride="3"><param name="X" type="float" /><param name="Y" type="float" /><param name="Z" type="float" /></accessor></technique_common></source><vertices id="mesh2-vertices"><input semantic="POSITION" source="#mesh2-positions" /></vertices><triangles count="20" material="graphite"><input semantic="VERTEX" source="#mesh2-vertices" offset="0" /><input semantic="NORMAL" source="#mesh2-normals" offset="1" /><p>0 0 1 0 3 0 0 1 3 1 2 1 2 2 3 2 5 2 2 3 5 3 4 3 4 4 5 4 7 4 4 5 7 5 6 5 6 6 7 6 9 6 6 7 9 7 8 7 5 8 3 8 1 8 1 9 11 9 9 9 9 10 7 10 5 10 1 11 9 11 5 11 8 12 9 12 11 12 8 13 11 13 10 13 10 14 11 14 1 14 10 15 1 15 0 15 10 16 0 16 2 16 2 17 4 17 6 17 6 18 8 18 10 18 2 19 6 19 10 19</p></triangles></mesh></geometry><geometry id="mesh3"><mesh><source id="mesh3-positions"><float_array id="mesh3-array" count="36">-0.013065001927316189 -0.06149999797344208 0.026629246771335602 -0.013065001927316189 -0.04150000214576721 0.026629243046045303 -0.016529103741049767 -0.06149999797344208 0.024629244580864906 -0.016529103741049767 -0.04150000214576721 0.024629242718219757 -0.016529103741049767 -0.06149999797344208 0.020629243925213814 -0.016529103741049767 -0.04150000214576721 0.020629242062568665 -0.01306500006467104 -0.06149999797344208 0.018629245460033417 -0.01306500006467104 -0.04150000214576721 0.01862924173474312 -0.009600898250937462 -0.06149999797344208 0.020629245787858963 -0.009600898250937462 -0.04150000214576721 0.020629243925213814 -0.009600898250937462 -0.06149999797344208 0.024629246443510056 -0.009600898250937462 -0.04150000214576721 0.024629244580864906</float_array><technique_common><accessor source="#mesh3-array" count="12" stride="3"><param name="X" type="float" /><param name="Y" type="float" /><param name="Z" type="float" /></accessor></technique_common></source><source id="mesh3-normals"><float_array id="mesh3-normals-array" count="60">-0.5000000596046448 1.1635816576927027e-07 0.8660253882408142 -0.5000000596046448 1.1635816576927027e-07 0.8660253882408142 -1.0 -2.028762154473486e-14 -1.5099581673894136e-07 -1.0 -2.028762154473486e-14 -1.5099581673894136e-07 -0.49999985098838806 -1.1635817998012499e-07 -0.8660255074501038 -0.49999985098838806 -1.1635817998012499e-07 -0.8660255074501038 0.5000000596046448 -1.1635816576927027e-07 -0.8660253882408142 0.5000000596046448 -1.1635816576927027e-07 -0.8660253882408142 -2.028761815660307e-14 1.0 1.343588280633412e-07 -2.028761815660307e-14 1.0 1.343588280633412e-07 -2.028761815660307e-14 1.0 1.343588280633412e-07 -2.028761815660307e-14 1.0 1.343588280633412e-07 1.0 2.028762154473486e-14 1.5099581673894136e-07 1.0 2.028762154473486e-14 1.5099581673894136e-07 0.49999985098838806 1.1635817998012499e-07 0.8660255074501038 0.49999985098838806 1.1635817998012499e-07 0.8660255074501038 2.028761815660307e-14 -1.0 -1.343588280633412e-07 2.028761815660307e-14 -1.0 -1.343588280633412e-07 2.028761815660307e-14 -1.0 -1.343588280633412e-07 2.028761815660307e-14 -1.0 -1.343588280633412e-07</float_array><technique_common><accessor source="#mesh3-normals-array" count="20" stride="3"><param name="X" type="float" /><param name="Y" type="float" /><param name="Z" type="float" /></accessor></technique_common></source><vertices id="mesh3-vertices"><input semantic="POSITION" source="#mesh3-positions" /></vertices><triangles count="20" material="graphite"><input semantic="VERTEX" source="#mesh3-vertices" offset="0" /><input semantic="NORMAL" source="#mesh3-normals" offset="1" /><p>0 0 1 0 3 0 0 1 3 1 2 1 2 2 3 2 5 2 2 3 5 3 4 3 4 4 5 4 7 4 4 5 7 5 6 5 6 6 7 6 9 6 6 7 9 7 8 7 5 8 3 8 1 8 1 9 11 9 9 9 9 10 7 10 5 10 1 11 9 11 5 11 8 12 9 12 11 12 8 13 11 13 10 13 10 14 11 14 1 14 10 15 1 15 0 15 10 16 0 16 2 16 2 17 4 17 6 17 6 18 8 18 10 18 2 19 6 19 10 19</p></triangles></mesh></geometry><geometry id="mesh4"><mesh><source id="mesh4-positions"><float_array id="mesh4-array" count="36">-0.02613000199198723 -0.06149999797344208 0.0040000020526349545 -0.02613000199198723 -0.04150000214576721 0.003999999258667231 -0.02959410473704338 -0.06149999797344208 0.002000001259148121 -0.02959410473704338 -0.04150000214576721 0.001999998465180397 -0.02959410473704338 -0.06149999797344208 -0.0019999993965029716 -0.02959410473704338 -0.04150000214576721 -0.0020000021904706955 -0.02613000199198723 -0.06149999797344208 -0.003999999258667231 -0.02613000199198723 -0.04150000214576721 -0.0040000020526349545 -0.022665899246931076 -0.06149999797344208 -0.001999998465180397 -0.022665899246931076 -0.04150000214576721 -0.002000001259148121 -0.022665899246931076 -0.06149999797344208 0.0020000021904706955 -0.022665899246931076 -0.04150000214576721 0.0019999993965029716</float_array><technique_common><accessor source="#mesh4-array" count="12" stride="3"><param name="X" type="float" /><param name="Y" type="float" /><param name="Z" type="float" /></accessor></technique_common></source><source id="mesh4-normals"><float_array id="mesh4-normals-array" count="60">-0.5000000596046448 1.1635816576927027e-07 0.8660253882408142 -0.5000000596046448 1.1635816576927027e-07 0.8660253882408142 -1.0 -2.028762154473486e-14 -1.5099581673894136e-07 -1.0 -2.028762154473486e-14 -1.5099581673894136e-07 -0.49999985098838806 -1.1635817998012499e-07 -0.8660255074501038 -0.49999985098838806 -1.1635817998012499e-07 -0.8660255074501038 0.5000000596046448 -1.1635816576927027e-07 -0.8660253882408142 0.5000000596046448 -1.1635816576927027e-07 -0.8660253882408142 -2.028761815660307e-14 1.0 1.343588280633412e-07 -2.028761815660307e-14 1.0 1.343588280633412e-07 -2.028761815660307e-14 1.0 1.343588280633412e-07 -2.028761815660307e-14 1.0 1.343588280633412e-07 1.0 2.028762154473486e-14 1.5099581673894136e-07 1.0 2.028762154473486e-14 1.5099581673894136e-07 0.49999985098838806 1.1635817998012499e-07 0.8660255074501038 0.49999985098838806 1.1635817998012499e-07 0.8660255074501038 2.028761815660307e-14 -1.0 -1.343588280633412e-07 2.028761815660307e-14 -1.0 -1.343588280633412e-07 2.028761815660307e-14 -1.0 -1.343588280633412e-07 2.028761815660307e-14 -1.0 -1.343588280633412e-07</float_array><technique_common><accessor source="#mesh4-normals-array" count="20" stride="3"><param name="X" type="float" /><param name="Y" type="float" /><param name="Z" type="float" /></accessor></technique_common></source><vertices id="mesh4-vertices"><input semantic="POSITION" source="#mesh4-positions" /></vertices><triangles count="20" material="graphite"><input semantic="VERTEX" source="#mesh4-vertices" offset="0" /><input semantic="NORMAL" source="#mesh4-normals" offset="1" /><p>0 0 1 0 3 0 0 1 3 1 2 1 2 2 3 2 5 2 2 3 5 3 4 3 4 4 5 4 7 4 4 5 7 5 6 5 6 6 7 6 9 6 6 7 9 7 8 7 5 8 3 8 1 8 1 9 11 9 9 9 9 10 7 10 5 10 1 11 9 11 5 11 8 12 9 12 11 12 8 13 11 13 10 13 10 14 11 14 1 14 10 15 1 15 0 15 10 16 0 16 2 16 2 17 4 17 6 17 6 18 8 18 10 18 2 19 6 19 10 19</p></triangles></mesh></geometry><geometry id="mesh5"><mesh><source id="mesh5-positions"><float_array id="mesh5-array" count="36">-0.013065001927316189 -0.06149999797344208 -0.01862924173474312 -0.013065001927316189 -0.04150000214576721 -0.018629245460033417 -0.016529103741049767 -0.06149999797344208 -0.020629243925213814 -0.016529103741049767 -0.04150000214576721 -0.020629245787858963 -0.016529103741049767 -0.06149999797344208 -0.024629244580864906 -0.016529103741049767 -0.04150000214576721 -0.024629246443510056 -0.01306500006467104 -0.06149999797344208 -0.026629243046045303 -0.01306500006467104 -0.04150000214576721 -0.026629246771335602 -0.009600898250937462 -0.06149999797344208 -0.024629242718219757 -0.009600898250937462 -0.04150000214576721 -0.024629244580864906 -0.009600898250937462 -0.06149999797344208 -0.020629242062568665 -0.009600898250937462 -0.04150000214576721 -0.020629243925213814</float_array><technique_common><accessor source="#mesh5-array" count="12" stride="3"><param name="X" type="float" /><param name="Y" type="float" /><param name="Z" type="float" /></accessor></technique_common></source><source id="mesh5-normals"><float_array id="mesh5-normals-array" count="60">-0.5000000596046448 1.1635816576927027e-07 0.8660253882408142 -0.5000000596046448 1.1635816576927027e-07 0.8660253882408142 -1.0 -2.028762154473486e-14 -1.5099581673894136e-07 -1.0 -2.028762154473486e-14 -1.5099581673894136e-07 -0.49999985098838806 -1.1635817998012499e-07 -0.8660255074501038 -0.49999985098838806 -1.1635817998012499e-07 -0.8660255074501038 0.5000000596046448 -1.1635816576927027e-07 -0.8660253882408142 0.5000000596046448 -1.1635816576927027e-07 -0.8660253882408142 -2.028761815660307e-14 1.0 1.343588280633412e-07 -2.028761815660307e-14 1.0 1.343588280633412e-07 -2.028761815660307e-14 1.0 1.343588280633412e-07 -2.028761815660307e-14 1.0 1.343588280633412e-07 1.0 2.028762154473486e-14 1.5099581673894136e-07 1.0 2.028762154473486e-14 1.5099581673894136e-07 0.49999985098838806 1.1635817998012499e-07 0.8660255074501038 0.49999985098838806 1.1635817998012499e-07 0.8660255074501038 2.028761815660307e-14 -1.0 -1.343588280633412e-07 2.028761815660307e-14 -1.0 -1.343588280633412e-07 2.028761815660307e-14 -1.0 -1.343588280633412e-07 2.028761815660307e-14 -1.0 -1.343588280633412e-07</float_array><technique_common><accessor source="#mesh5-normals-array" count="20" stride="3"><param name="X" type="float" /><param name="Y" type="float" /><param name="Z" type="float" /></accessor></technique_common></source><vertices id="mesh5-vertices"><input semantic="POSITION" source="#mesh5-positions" /></vertices><triangles count="20" material="graphite"><input semantic="VERTEX" source="#mesh5-vertices" offset="0" /><input semantic="NORMAL" source="#mesh5-normals" offset="1" /><p>0 0 1 0 3 0 0 1 3 1 2 1 2 2 3 2 5 2 2 3 5 3 4 3 4 4 5 4 7 4 4 5 7 5 6 5 6 6 7 6 9 6 6 7 9 7 8 7 5 8 3 8 1 8 1 9 11 9 9 9 9 10 7 10 5 10 1 11 9 11 5 11 8 12 9 12 11 12 8 13 11 13 10 13 10 14 11 14 1 14 10 15 1 15 0 15 10 16 0 16 2 16 2 17 4 17 6 17 6 18 8 18 10 18 2 19 6 19 10 19</p></triangles></mesh></geometry><geometry id="mesh6"><mesh><source id="mesh6-positions"><float_array id="mesh6-array" count="36">0.01306500006467104 -0.06149999797344208 -0.01862924173474312 0.01306500006467104 -0.04150000214576721 -0.018629245460033417 0.009600898250937462 -0.06149999797344208 -0.020629243925213814 0.009600898250937462 -0.04150000214576721 -0.020629245787858963 0.009600898250937462 -0.06149999797344208 -0.024629244580864906 0.009600898250937462 -0.04150000214576721 -0.024629246443510056 0.013065001927316189 -0.06149999797344208 -0.026629243046045303 0.013065001927316189 -0.04150000214576721 -0.026629246771335602 0.016529103741049767 -0.06149999797344208 -0.024629242718219757 0.016529103741049767 -0.04150000214576721 -0.024629244580864906 0.016529103741049767 -0.06149999797344208 -0.020629242062568665 0.016529103741049767 -0.04150000214576721 -0.020629243925213814</float_array><technique_common><accessor source="#mesh6-array" count="12" stride="3"><param name="X" type="float" /><param name="Y" type="float" /><param name="Z" type="float" /></accessor></technique_common></source><source id="mesh6-normals"><float_array id="mesh6-normals-array" count="60">-0.5000000596046448 1.1635816576927027e-07 0.8660253882408142 -0.5000000596046448 1.1635816576927027e-07 0.8660253882408142 -1.0 -2.028762154473486e-14 -1.5099581673894136e-07 -1.0 -2.028762154473486e-14 -1.5099581673894136e-07 -0.49999985098838806 -1.1635817998012499e-07 -0.8660255074501038 -0.49999985098838806 -1.1635817998012499e-07 -0.8660255074501038 0.5000000596046448 -1.1635816576927027e-07 -0.8660253882408142 0.5000000596046448 -1.1635816576927027e-07 -0.8660253882408142 -2.028761815660307e-14 1.0 1.343588280633412e-07 -2.028761815660307e-14 1.0 1.343588280633412e-07 -2.028761815660307e-14 1.0 1.343588280633412e-07 -2.028761815660307e-14 1.0 1.343588280633412e-07 1.0 2.028762154473486e-14 1.5099581673894136e-07 1.0 2.028762154473486e-14 1.5099581673894136e-07 0.49999985098838806 1.1635817998012499e-07 0.8660255074501038 0.49999985098838806 1.1635817998012499e-07 0.8660255074501038 2.028761815660307e-14 -1.0 -1.343588280633412e-07 2.028761815660307e-14 -1.0 -1.343588280633412e-07 2.028761815660307e-14 -1.0 -1.343588280633412e-07 2.028761815660307e-14 -1.0 -1.343588280633412e-07</float_array><technique_common><accessor source="#mesh6-normals-array" count="20" stride="3"><param name="X" type="float" /><param name="Y" type="float" /><param name="Z" type="float" /></accessor></technique_common></source><vertices id="mesh6-vertices"><input semantic="POSITION" source="#mesh6-positions" /></vertices><triangles count="20" material="graphite"><input semantic="VERTEX" source="#mesh6-vertices" offset="0" /><input semantic="NORMAL" source="#mesh6-normals" offset="1" /><p>0 0 1 0 3 0 0 1 3 1 2 1 2 2 3 2 5 2 2 3 5 3 4 3 4 4 5 4 7 4 4 5 7 5 6 5 6 6 7 6 9 6 6 7 9 7 8 7 5 8 3 8 1 8 1 9 11 9 9 9 9 10 7 10 5 10 1 11 9 11 5 11 8 12 9 12 11 12 8 13 11 13 10 13 10 14 11 14 1 14 10 15 1 15 0 15 10 16 0 16 2 16 2 17 4 17 6 17 6 18 8 18 10 18 2 19 6 19 10 19</p></triangles></mesh></geometry><geometry id="mesh7"><mesh><source id="mesh7-positions"><float_array id="mesh7-array" count="36">0.02613000199198723 0.04150000214576721 0.0040000020526349545 0.02613000199198723 0.06149999797344208 0.003999999258667231 0.022665899246931076 0.04150000214576721 0.002000001259148121 0.022665899246931076 0.06149999797344208 0.001999998465180397 0.022665899246931076 0.04150000214576721 -0.0019999993965029716 0.022665899246931076 0.06149999797344208 -0.0020000021904706955 0.02613000199198723 0.04150000214576721 -0.003999999258667231 0.02613000199198723 0.06149999797344208 -0.0040000020526349545 0.02959410473704338 0.04150000214576721 -0.001999998465180397 0.02959410473704338 0.06149999797344208 -0.002000001259148121 0.02959410473704338 0.04150000214576721 0.0020000021904706955 0.02959410473704338 0.06149999797344208 0.0019999993965029716</float_array><technique_common><accessor source="#mesh7-array" count="12" stride="3"><param name="X" type="float" /><param name="Y" type="float" /><param name="Z" type="float" /></accessor></technique_common></source><source id="mesh7-normals"><float_array id="mesh7-normals-array" count="60">-0.5000000596046448 1.1635816576927027e-07 0.8660253882408142 -0.5000000596046448 1.1635816576927027e-07 0.8660253882408142 -1.0 -2.028762154473486e-14 -1.5099581673894136e-07 -1.0 -2.028762154473486e-14 -1.5099581673894136e-07 -0.49999985098838806 -1.1635817998012499e-07 -0.8660255074501038 -0.49999985098838806 -1.1635817998012499e-07 -0.8660255074501038 0.5000000596046448 -1.1635816576927027e-07 -0.8660253882408142 0.5000000596046448 -1.1635816576927027e-07 -0.8660253882408142 -2.028761815660307e-14 1.0 1.343588280633412e-07 -2.028761815660307e-14 1.0 1.343588280633412e-07 -2.028761815660307e-14 1.0 1.343588280633412e-07 -2.028761815660307e-14 1.0 1.343588280633412e-07 1.0 2.028762154473486e-14 1.5099581673894136e-07 1.0 2.028762154473486e-14 1.5099581673894136e-07 0.49999985098838806 1.1635817998012499e-07 0.8660255074501038 0.49999985098838806 1.1635817998012499e-07 0.8660255074501038 2.028761815660307e-14 -1.0 -1.343588280633412e-07 2.028761815660307e-14 -1.0 -1.343588280633412e-07 2.028761815660307e-14 -1.0 -1.343588280633412e-07 2.028761815660307e-14 -1.0 -1.343588280633412e-07</float_array><technique_common><accessor source="#mesh7-normals-array" count="20" stride="3"><param name="X" type="float" /><param name="Y" type="float" /><param name="Z" type="float" /></accessor></technique_common></source><vertices id="mesh7-vertices"><input semantic="POSITION" source="#mesh7-positions" /></vertices><triangles count="20" material="graphite"><input semantic="VERTEX" source="#mesh7-vertices" offset="0" /><input semantic="NORMAL" source="#mesh7-normals" offset="1" /><p>0 0 1 0 3 0 0 1 3 1 2 1 2 2 3 2 5 2 2 3 5 3 4 3 4 4 5 4 7 4 4 5 7 5 6 5 6 6 7 6 9 6 6 7 9 7 8 7 5 8 3 8 1 8 1 9 11 9 9 9 9 10 7 10 5 10 1 11 9 11 5 11 8 12 9 12 11 12 8 13 11 13 10 13 10 14 11 14 1 14 10 15 1 15 0 15 10 16 0 16 2 16 2 17 4 17 6 17 6 18 8 18 10 18 2 19 6 19 10 19</p></triangles></mesh></geometry><geometry id="mesh8"><mesh><source id="mesh8-positions"><float_array id="mesh8-array" count="36">0.01306500006467104 0.04150000214576721 0.026629246771335602 0.01306500006467104 0.06149999797344208 0.026629243046045303 0.009600898250937462 0.04150000214576721 0.024629244580864906 0.009600898250937462 0.06149999797344208 0.024629242718219757 0.009600898250937462 0.04150000214576721 0.020629243925213814 0.009600898250937462 0.06149999797344208 0.020629242062568665 0.013065001927316189 0.04150000214576721 0.018629245460033417 0.013065001927316189 0.06149999797344208 0.01862924173474312 0.016529103741049767 0.04150000214576721 0.020629245787858963 0.016529103741049767 0.06149999797344208 0.020629243925213814 0.016529103741049767 0.04150000214576721 0.024629246443510056 0.016529103741049767 0.06149999797344208 0.024629244580864906</float_array><technique_common><accessor source="#mesh8-array" count="12" stride="3"><param name="X" type="float" /><param name="Y" type="float" /><param name="Z" type="float" /></accessor></technique_common></source><source id="mesh8-normals"><float_array id="mesh8-normals-array" count="60">-0.5000000596046448 1.1635816576927027e-07 0.8660253882408142 -0.5000000596046448 1.1635816576927027e-07 0.8660253882408142 -1.0 -2.028762154473486e-14 -1.5099581673894136e-07 -1.0 -2.028762154473486e-14 -1.5099581673894136e-07 -0.49999985098838806 -1.1635817998012499e-07 -0.8660255074501038 -0.49999985098838806 -1.1635817998012499e-07 -0.8660255074501038 0.5000000596046448 -1.1635816576927027e-07 -0.8660253882408142 0.5000000596046448 -1.1635816576927027e-07 -0.8660253882408142 -2.028761815660307e-14 1.0 1.343588280633412e-07 -2.028761815660307e-14 1.0 1.343588280633412e-07 -2.028761815660307e-14 1.0 1.343588280633412e-07 -2.028761815660307e-14 1.0 1.343588280633412e-07 1.0 2.028762154473486e-14 1.5099581673894136e-07 1.0 2.028762154473486e-14 1.5099581673894136e-07 0.49999985098838806 1.1635817998012499e-07 0.8660255074501038 0.49999985098838806 1.1635817998012499e-07 0.8660255074501038 2.028761815660307e-14 -1.0 -1.343588280633412e-07 2.028761815660307e-14 -1.0 -1.343588280633412e-07 2.028761815660307e-14 -1.0 -1.343588280633412e-07 2.028761815660307e-14 -1.0 -1.343588280633412e-07</float_array><technique_common><accessor source="#mesh8-normals-array" count="20" stride="3"><param name="X" type="float" /><param name="Y" type="float" /><param name="Z" type="float" /></accessor></technique_common></source><vertices id="mesh8-vertices"><input semantic="POSITION" source="#mesh8-positions" /></vertices><triangles count="20" material="graphite"><input semantic="VERTEX" source="#mesh8-vertices" offset="0" /><input semantic="NORMAL" source="#mesh8-normals" offset="1" /><p>0 0 1 0 3 0 0 1 3 1 2 1 2 2 3 2 5 2 2 3 5 3 4 3 4 4 5 4 7 4 4 5 7 5 6 5 6 6 7 6 9 6 6 7 9 7 8 7 5 8 3 8 1 8 1 9 11 9 9 9 9 10 7 10 5 10 1 11 9 11 5 11 8 12 9 12 11 12 8 13 11 13 10 13 10 14 11 14 1 14 10 15 1 15 0 15 10 16 0 16 2 16 2 17 4 17 6 17 6 18 8 18 10 18 2 19 6 19 10 19</p></triangles></mesh></geometry><geometry id="mesh9"><mesh><source id="mesh9-positions"><float_array id="mesh9-array" count="36">-0.013065001927316189 0.04150000214576721 0.026629246771335602 -0.013065001927316189 0.06149999797344208 0.026629243046045303 -0.016529103741049767 0.04150000214576721 0.024629244580864906 -0.016529103741049767 0.06149999797344208 0.024629242718219757 -0.016529103741049767 0.04150000214576721 0.020629243925213814 -0.016529103741049767 0.06149999797344208 0.020629242062568665 -0.01306500006467104 0.04150000214576721 0.018629245460033417 -0.01306500006467104 0.06149999797344208 0.01862924173474312 -0.009600898250937462 0.04150000214576721 0.020629245787858963 -0.009600898250937462 0.06149999797344208 0.020629243925213814 -0.009600898250937462 0.04150000214576721 0.024629246443510056 -0.009600898250937462 0.06149999797344208 0.024629244580864906</float_array><technique_common><accessor source="#mesh9-array" count="12" stride="3"><param name="X" type="float" /><param name="Y" type="float" /><param name="Z" type="float" /></accessor></technique_common></source><source id="mesh9-normals"><float_array id="mesh9-normals-array" count="60">-0.5000000596046448 1.1635816576927027e-07 0.8660253882408142 -0.5000000596046448 1.1635816576927027e-07 0.8660253882408142 -1.0 -2.028762154473486e-14 -1.5099581673894136e-07 -1.0 -2.028762154473486e-14 -1.5099581673894136e-07 -0.49999985098838806 -1.1635817998012499e-07 -0.8660255074501038 -0.49999985098838806 -1.1635817998012499e-07 -0.8660255074501038 0.5000000596046448 -1.1635816576927027e-07 -0.8660253882408142 0.5000000596046448 -1.1635816576927027e-07 -0.8660253882408142 -2.028761815660307e-14 1.0 1.343588280633412e-07 -2.028761815660307e-14 1.0 1.343588280633412e-07 -2.028761815660307e-14 1.0 1.343588280633412e-07 -2.028761815660307e-14 1.0 1.343588280633412e-07 1.0 2.028762154473486e-14 1.5099581673894136e-07 1.0 2.028762154473486e-14 1.5099581673894136e-07 0.49999985098838806 1.1635817998012499e-07 0.8660255074501038 0.49999985098838806 1.1635817998012499e-07 0.8660255074501038 2.028761815660307e-14 -1.0 -1.343588280633412e-07 2.028761815660307e-14 -1.0 -1.343588280633412e-07 2.028761815660307e-14 -1.0 -1.343588280633412e-07 2.028761815660307e-14 -1.0 -1.343588280633412e-07</float_array><technique_common><accessor source="#mesh9-normals-array" count="20" stride="3"><param name="X" type="float" /><param name="Y" type="float" /><param name="Z" type="float" /></accessor></technique_common></source><vertices id="mesh9-vertices"><input semantic="POSITION" source="#mesh9-positions" /></vertices><triangles count="20" material="graphite"><input semantic="VERTEX" source="#mesh9-vertices" offset="0" /><input semantic="NORMAL" source="#mesh9-normals" offset="1" /><p>0 0 1 0 3 0 0 1 3 1 2 1 2 2 3 2 5 2 2 3 5 3 4 3 4 4 5 4 7 4 4 5 7 5 6 5 6 6 7 6 9 6 6 7 9 7 8 7 5 8 3 8 1 8 1 9 11 9 9 9 9 10 7 10 5 10 1 11 9 11 5 11 8 12 9 12 11 12 8 13 11 13 10 13 10 14 11 14 1 14 10 15 1 15 0 15 10 16 0 16 2 16 2 17 4 17 6 17 6 18 8 18 10 18 2 19 6 19 10 19</p></triangles></mesh></geometry><geometry id="mesh10"><mesh><source id="mesh10-positions"><float_array id="mesh10-array" count="36">-0.02613000199198723 0.04150000214576721 0.0040000020526349545 -0.02613000199198723 0.06149999797344208 0.003999999258667231 -0.02959410473704338 0.04150000214576721 0.002000001259148121 -0.02959410473704338 0.06149999797344208 0.001999998465180397 -0.02959410473704338 0.04150000214576721 -0.0019999993965029716 -0.02959410473704338 0.06149999797344208 -0.0020000021904706955 -0.02613000199198723 0.04150000214576721 -0.003999999258667231 -0.02613000199198723 0.06149999797344208 -0.0040000020526349545 -0.022665899246931076 0.04150000214576721 -0.001999998465180397 -0.022665899246931076 0.06149999797344208 -0.002000001259148121 -0.022665899246931076 0.04150000214576721 0.0020000021904706955 -0.022665899246931076 0.06149999797344208 0.0019999993965029716</float_array><technique_common><accessor source="#mesh10-array" count="12" stride="3"><param name="X" type="float" /><param name="Y" type="float" /><param name="Z" type="float" /></accessor></technique_common></source><source id="mesh10-normals"><float_array id="mesh10-normals-array" count="60">-0.5000000596046448 1.1635816576927027e-07 0.8660253882408142 -0.5000000596046448 1.1635816576927027e-07 0.8660253882408142 -1.0 -2.028762154473486e-14 -1.5099581673894136e-07 -1.0 -2.028762154473486e-14 -1.5099581673894136e-07 -0.49999985098838806 -1.1635817998012499e-07 -0.8660255074501038 -0.49999985098838806 -1.1635817998012499e-07 -0.8660255074501038 0.5000000596046448 -1.1635816576927027e-07 -0.8660253882408142 0.5000000596046448 -1.1635816576927027e-07 -0.8660253882408142 -2.028761815660307e-14 1.0 1.343588280633412e-07 -2.028761815660307e-14 1.0 1.343588280633412e-07 -2.028761815660307e-14 1.0 1.343588280633412e-07 -2.028761815660307e-14 1.0 1.343588280633412e-07 1.0 2.028762154473486e-14 1.5099581673894136e-07 1.0 2.028762154473486e-14 1.5099581673894136e-07 0.49999985098838806 1.1635817998012499e-07 0.8660255074501038 0.49999985098838806 1.1635817998012499e-07 0.8660255074501038 2.028761815660307e-14 -1.0 -1.343588280633412e-07 2.028761815660307e-14 -1.0 -1.343588280633412e-07 2.028761815660307e-14 -1.0 -1.343588280633412e-07 2.028761815660307e-14 -1.0 -1.343588280633412e-07</float_array><technique_common><accessor source="#mesh10-normals-array" count="20" stride="3"><param name="X" type="float" /><param name="Y" type="float" /><param name="Z" type="float" /></accessor></technique_common></source><vertices id="mesh10-vertices"><input semantic="POSITION" source="#mesh10-positions" /></vertices><triangles count="20" material="graphite"><input semantic="VERTEX" source="#mesh10-vertices" offset="0" /><input semantic="NORMAL" source="#mesh10-normals" offset="1" /><p>0 0 1 0 3 0 0 1 3 1 2 1 2 2 3 2 5 2 2 3 5 3 4 3 4 4 5 4 7 4 4 5 7 5 6 5 6 6 7 6 9 6 6 7 9 7 8 7 5 8 3 8 1 8 1 9 11 9 9 9 9 10 7 10 5 10 1 11 9 11 5 11 8 12 9 12 11 12 8 13 11 13 10 13 10 14 11 14 1 14 10 15 1 15 0 15 10 16 0 16 2 16 2 17 4 17 6 17 6 18 8 18 10 18 2 19 6 19 10 19</p></triangles></mesh></geometry><geometry id="mesh11"><mesh><source id="mesh11-positions"><float_array id="mesh11-array" count="36">-0.013065001927316189 0.04150000214576721 -0.01862924173474312 -0.013065001927316189 0.06149999797344208 -0.018629245460033417 -0.016529103741049767 0.04150000214576721 -0.020629243925213814 -0.016529103741049767 0.06149999797344208 -0.020629245787858963 -0.016529103741049767 0.04150000214576721 -0.024629244580864906 -0.016529103741049767 0.06149999797344208 -0.024629246443510056 -0.01306500006467104 0.04150000214576721 -0.026629243046045303 -0.01306500006467104 0.06149999797344208 -0.026629246771335602 -0.009600898250937462 0.04150000214576721 -0.024629242718219757 -0.009600898250937462 0.06149999797344208 -0.024629244580864906 -0.009600898250937462 0.04150000214576721 -0.020629242062568665 -0.009600898250937462 0.06149999797344208 -0.020629243925213814</float_array><technique_common><accessor source="#mesh11-array" count="12" stride="3"><param name="X" type="float" /><param name="Y" type="float" /><param name="Z" type="float" /></accessor></technique_common></source><source id="mesh11-normals"><float_array id="mesh11-normals-array" count="60">-0.5000000596046448 1.1635816576927027e-07 0.8660253882408142 -0.5000000596046448 1.1635816576927027e-07 0.8660253882408142 -1.0 -2.028762154473486e-14 -1.5099581673894136e-07 -1.0 -2.028762154473486e-14 -1.5099581673894136e-07 -0.49999985098838806 -1.1635817998012499e-07 -0.8660255074501038 -0.49999985098838806 -1.1635817998012499e-07 -0.8660255074501038 0.5000000596046448 -1.1635816576927027e-07 -0.8660253882408142 0.5000000596046448 -1.1635816576927027e-07 -0.8660253882408142 -2.028761815660307e-14 1.0 1.343588280633412e-07 -2.028761815660307e-14 1.0 1.343588280633412e-07 -2.028761815660307e-14 1.0 1.343588280633412e-07 -2.028761815660307e-14 1.0 1.343588280633412e-07 1.0 2.028762154473486e-14 1.5099581673894136e-07 1.0 2.028762154473486e-14 1.5099581673894136e-07 0.49999985098838806 1.1635817998012499e-07 0.8660255074501038 0.49999985098838806 1.1635817998012499e-07 0.8660255074501038 2.028761815660307e-14 -1.0 -1.343588280633412e-07 2.028761815660307e-14 -1.0 -1.343588280633412e-07 2.028761815660307e-14 -1.0 -1.343588280633412e-07 2.028761815660307e-14 -1.0 -1.343588280633412e-07</float_array><technique_common><accessor source="#mesh11-normals-array" count="20" stride="3"><param name="X" type="float" /><param name="Y" type="float" /><param name="Z" type="float" /></accessor></technique_common></source><vertices id="mesh11-vertices"><input semantic="POSITION" source="#mesh11-positions" /></vertices><triangles count="20" material="graphite"><input semantic="VERTEX" source="#mesh11-vertices" offset="0" /><input semantic="NORMAL" source="#mesh11-normals" offset="1" /><p>0 0 1 0 3 0 0 1 3 1 2 1 2 2 3 2 5 2 2 3 5 3 4 3 4 4 5 4 7 4 4 5 7 5 6 5 6 6 7 6 9 6 6 7 9 7 8 7 5 8 3 8 1 8 1 9 11 9 9 9 9 10 7 10 5 10 1 11 9 11 5 11 8 12 9 12 11 12 8 13 11 13 10 13 10 14 11 14 1 14 10 15 1 15 0 15 10 16 0 16 2 16 2 17 4 17 6 17 6 18 8 18 10 18 2 19 6 19 10 19</p></triangles></mesh></geometry><geometry id="mesh12"><mesh><source id="mesh12-positions"><float_array id="mesh12-array" count="36">0.01306500006467104 0.04150000214576721 -0.01862924173474312 0.01306500006467104 0.06149999797344208 -0.018629245460033417 0.009600898250937462 0.04150000214576721 -0.020629243925213814 0.009600898250937462 0.06149999797344208 -0.020629245787858963 0.009600898250937462 0.04150000214576721 -0.024629244580864906 0.009600898250937462 0.06149999797344208 -0.024629246443510056 0.013065001927316189 0.04150000214576721 -0.026629243046045303 0.013065001927316189 0.06149999797344208 -0.026629246771335602 0.016529103741049767 0.04150000214576721 -0.024629242718219757 0.016529103741049767 0.06149999797344208 -0.024629244580864906 0.016529103741049767 0.04150000214576721 -0.020629242062568665 0.016529103741049767 0.06149999797344208 -0.020629243925213814</float_array><technique_common><accessor source="#mesh12-array" count="12" stride="3"><param name="X" type="float" /><param name="Y" type="float" /><param name="Z" type="float" /></accessor></technique_common></source><source id="mesh12-normals"><float_array id="mesh12-normals-array" count="60">-0.5000000596046448 1.1635816576927027e-07 0.8660253882408142 -0.5000000596046448 1.1635816576927027e-07 0.8660253882408142 -1.0 -2.028762154473486e-14 -1.5099581673894136e-07 -1.0 -2.028762154473486e-14 -1.5099581673894136e-07 -0.49999985098838806 -1.1635817998012499e-07 -0.8660255074501038 -0.49999985098838806 -1.1635817998012499e-07 -0.8660255074501038 0.5000000596046448 -1.1635816576927027e-07 -0.8660253882408142 0.5000000596046448 -1.1635816576927027e-07 -0.8660253882408142 -2.028761815660307e-14 1.0 1.343588280633412e-07 -2.028761815660307e-14 1.0 1.343588280633412e-07 -2.028761815660307e-14 1.0 1.343588280633412e-07 -2.028761815660307e-14 1.0 1.343588280633412e-07 1.0 2.028762154473486e-14 1.5099581673894136e-07 1.0 2.028762154473486e-14 1.5099581673894136e-07 0.49999985098838806 1.1635817998012499e-07 0.8660255074501038 0.49999985098838806 1.1635817998012499e-07 0.8660255074501038 2.028761815660307e-14 -1.0 -1.343588280633412e-07 2.028761815660307e-14 -1.0 -1.343588280633412e-07 2.028761815660307e-14 -1.0 -1.343588280633412e-07 2.028761815660307e-14 -1.0 -1.343588280633412e-07</float_array><technique_common><accessor source="#mesh12-normals-array" count="20" stride="3"><param name="X" type="float" /><param name="Y" type="float" /><param name="Z" type="float" /></accessor></technique_common></source><vertices id="mesh12-vertices"><input semantic="POSITION" source="#mesh12-positions" /></vertices><triangles count="20" material="graphite"><input semantic="VERTEX" source="#mesh12-vertices" offset="0" /><input semantic="NORMAL" source="#mesh12-normals" offset="1" /><p>0 0 1 0 3 0 0 1 3 1 2 1 2 2 3 2 5 2 2 3 5 3 4 3 4 4 5 4 7 4 4 5 7 5 6 5 6 6 7 6 9 6 6 7 9 7 8 7 5 8 3 8 1 8 1 9 11 9 9 9 9 10 7 10 5 10 1 11 9 11 5 11 8 12 9 12 11 12 8 13 11 13 10 13 10 14 11 14 1 14 10 15 1 15 0 15 10 16 0 16 2 16 2 17 4 17 6 17 6 18 8 18 10 18 2 19 6 19 10 19</p></triangles></mesh></geometry><geometry id="mesh13"><mesh><source id="mesh13-positions"><float_array id="mesh13-array" count="72">-0.054999999701976776 -7.494005714004827e-18 0.03375000134110451 -0.010999999940395355 -7.494005714004827e-18 0.03375000134110451 -0.054999999701976776 0.016875000670552254 0.02922835759818554 -0.010999999940395355 0.016875000670552254 0.02922835759818554 -0.054999999701976776 0.02922835759818554 0.016875000670552254 -0.010999999940395355 0.02922835759818554 0.016875000670552254 -0.054999999701976776 0.03375000134110451 4.884981281880909e-18 -0.010999999940395355 0.03375000134110451 -4.884981281880909e-18 -0.054999999701976776 0.02922835759818554 -0.016875000670552254 -0.010999999940395355 0.02922835759818554 -0.016875000670552254 -0.054999999701976776 0.016875000670552254 -0.02922835759818554 -0.010999999940395355 0.016875000670552254 -0.02922835759818554 -0.054999999701976776 7.494005714004827e-18 -0.03375000134110451 -0.010999999940395355 7.494005714004827e-18 -0.03375000134110451 -0.054999999701976776 -0.016875000670552254 -0.02922835759818554 -0.010999999940395355 -0.016875000670552254 -0.02922835759818554 -0.054999999701976776 -0.02922835759818554 -0.016875000670552254 -0.010999999940395355 -0.02922835759818554 -0.016875000670552254 -0.054999999701976776 -0.03375000134110451 4.884981281880909e-18 -0.010999999940395355 -0.03375000134110451 -4.884981281880909e-18 -0.054999999701976776 -0.02922835759818554 0.016875000670552254 -0.010999999940395355 -0.02922835759818554 0.016875000670552254 -0.054999999701976776 -0.016875000670552254 0.02922835759818554 -0.010999999940395355 -0.016875000670552254 0.02922835759818554</float_array><technique_common><accessor source="#mesh13-array" count="24" stride="3"><param name="X" type="float" /><param name="Y" type="float" /><param name="Z" type="float" /></accessor></technique_common></source><source id="mesh13-normals"><float_array id="mesh13-normals-array" count="132">2.1447861547258028e-16 0.2588191032409668 0.9659258127212524 2.1447861547258028e-16 0.2588191032409668 0.9659258127212524 1.5700924318127872e-16 0.7071067690849304 0.7071067690849304 1.5700924318127872e-16 0.7071067690849304 0.7071067690849304 5.746938552619136e-17 0.9659258127212524 0.2588191032409668 5.746938552619136e-17 0.9659258127212524 0.2588191032409668 -5.746938552619136e-17 0.9659258127212524 -0.2588191032409668 -5.746938552619136e-17 0.9659258127212524 -0.2588191032409668 -1.5700924318127872e-16 0.7071067690849304 -0.7071067690849304 -1.5700924318127872e-16 0.7071067690849304 -0.7071067690849304 -2.1447861547258028e-16 0.2588191032409668 -0.9659258127212524 -2.1447861547258028e-16 0.2588191032409668 -0.9659258127212524 -2.1447861547258028e-16 -0.2588191032409668 -0.9659258127212524 -2.1447861547258028e-16 -0.2588191032409668 -0.9659258127212524 -1.5700924318127872e-16 -0.7071067690849304 -0.7071067690849304 -1.5700924318127872e-16 -0.7071067690849304 -0.7071067690849304 -5.746938552619136e-17 -0.9659258127212524 -0.2588191032409668 -5.746938552619136e-17 -0.9659258127212524 -0.2588191032409668 5.746938552619136e-17 -0.9659258127212524 0.2588191032409668 5.746938552619136e-17 -0.9659258127212524 0.2588191032409668 1.0 2.220446049250313e-16 4.930380657631324e-32 1.0 2.220446049250313e-16 4.930380657631324e-32 1.0 2.220446049250313e-16 4.930380657631324e-32 1.0 2.220446049250313e-16 4.930380657631324e-32 1.0 2.220446049250313e-16 4.930380657631324e-32 1.0 2.220446049250313e-16 4.930380657631324e-32 1.0 2.220446049250313e-16 4.930380657631324e-32 1.0 2.220446049250313e-16 4.930380657631324e-32 1.0 2.220446049250313e-16 4.930380657631324e-32 1.0 2.220446049250313e-16 4.930380657631324e-32 1.5700924318127872e-16 -0.7071067690849304 0.7071067690849304 1.5700924318127872e-16 -0.7071067690849304 0.7071067690849304 2.1447861547258028e-16 -0.2588191032409668 0.9659258127212524 2.1447861547258028e-16 -0.2588191032409668 0.9659258127212524 -1.0 -2.220446049250313e-16 -4.930380657631324e-32 -1.0 -2.220446049250313e-16 -4.930380657631324e-32 -1.0 -2.220446049250313e-16 -4.930380657631324e-32 -1.0 -2.220446049250313e-16 -4.930380657631324e-32 -1.0 -2.220446049250313e-16 -4.930380657631324e-32 -1.0 -2.220446049250313e-16 -4.930380657631324e-32 -1.0 -2.220446049250313e-16 -4.930380657631324e-32 -1.0 -2.220446049250313e-16 -4.930380657631324e-32 -1.0 -2.220446049250313e-16 -4.930380657631324e-32 -1.0 -2.220446049250313e-16 -4.930380657631324e-32</float_array><technique_common><accessor source="#mesh13-normals-array" count="44" stride="3"><param name="X" type="float" /><param name="Y" type="float" /><param name="Z" type="float" /></accessor></technique_common></source><vertices id="mesh13-vertices"><input semantic="POSITION" source="#mesh13-positions" /></vertices><triangles count="44" material="graphite"><input semantic="VERTEX" source="#mesh13-vertices" offset="0" /><input semantic="NORMAL" source="#mesh13-normals" offset="1" /><p>0 0 1 0 3 0 0 1 3 1 2 1 2 2 3 2 5 2 2 3 5 3 4 3 4 4 5 4 7 4 4 5 7 5 6 5 6 6 7 6 9 6 6 7 9 7 8 7 8 8 9 8 11 8 8 9 11 9 10 9 10 10 11 10 13 10 10 11 13 11 12 11 12 12 13 12 15 12 12 13 15 13 14 13 14 14 15 14 17 14 14 15 17 15 16 15 16 16 17 16 19 16 16 17 19 17 18 17 18 18 19 18 21 18 18 19 21 19 20 19 5 20 3 20 1 20 1 21 23 21 21 21 21 22 19 22 17 22 17 23 15 23 13 23 13 24 11 24 9 24 9 25 7 25 5 25 5 26 1 26 21 26 21 27 17 27 13 27 13 28 9 28 5 28 21 29 13 29 5 29 20 30 21 30 23 30 20 31 23 31 22 31 22 32 23 32 1 32 22 33 1 33 0 33 22 34 0 34 2 34 2 35 4 35 6 35 6 36 8 36 10 36 10 37 12 37 14 37 14 38 16 38 18 38 18 39 20 39 22 39 22 40 2 40 6 40 6 41 10 41 14 41 14 42 18 42 22 42 6 43 14 43 22 43</p></triangles></mesh></geometry><geometry id="mesh14"><mesh><source id="mesh14-positions"><float_array id="mesh14-array" count="144">-0.06800000369548798 -4.196642935144907e-18 0.01889999955892563 -0.00299999862909317 -4.196642935144907e-18 0.01889999955892563 -0.06800000369548798 0.004891679622232914 0.018255997449159622 -0.00299999862909317 0.004891679622232914 0.018255997449159622 -0.06800000369548798 0.009449999779462814 0.016367878764867783 -0.00299999862909317 0.009449999779462814 0.016367878764867783 -0.06800000369548798 0.013364317826926708 0.013364317826926708 -0.00299999862909317 0.013364317826926708 0.013364317826926708 -0.06800000369548798 0.016367878764867783 0.009449999779462814 -0.00299999862909317 0.016367878764867783 0.009449999779462814 -0.06800000369548798 0.018255997449159622 0.004891679622232914 -0.00299999862909317 0.018255997449159622 0.004891679622232914 -0.06800000369548798 0.01889999955892563 7.216450222546334e-18 -0.00299999862909317 0.01889999955892563 -7.216450222546334e-18 -0.06800000369548798 0.018255997449159622 -0.004891679622232914 -0.00299999862909317 0.018255997449159622 -0.004891679622232914 -0.06800000369548798 0.016367878764867783 -0.009449999779462814 -0.00299999862909317 0.016367878764867783 -0.009449999779462814 -0.06800000369548798 0.013364317826926708 -0.013364317826926708 -0.00299999862909317 0.013364317826926708 -0.013364317826926708 -0.06800000369548798 0.009449999779462814 -0.016367878764867783 -0.00299999862909317 0.009449999779462814 -0.016367878764867783 -0.06800000369548798 0.004891679622232914 -0.018255997449159622 -0.00299999862909317 0.004891679622232914 -0.018255997449159622 -0.06800000369548798 4.196642935144907e-18 -0.01889999955892563 -0.00299999862909317 4.196642935144907e-18 -0.01889999955892563 -0.06800000369548798 -0.004891679622232914 -0.018255997449159622 -0.00299999862909317 -0.004891679622232914 -0.018255997449159622 -0.06800000369548798 -0.009449999779462814 -0.016367878764867783 -0.00299999862909317 -0.009449999779462814 -0.016367878764867783 -0.06800000369548798 -0.013364317826926708 -0.013364317826926708 -0.00299999862909317 -0.013364317826926708 -0.013364317826926708 -0.06800000369548798 -0.016367878764867783 -0.009449999779462814 -0.00299999862909317 -0.016367878764867783 -0.009449999779462814 -0.06800000369548798 -0.018255997449159622 -0.004891679622232914 -0.00299999862909317 -0.018255997449159622 -0.004891679622232914 -0.06800000369548798 -0.01889999955892563 7.216450222546334e-18 -0.00299999862909317 -0.01889999955892563 -7.216450222546334e-18 -0.06800000369548798 -0.018255997449159622 0.004891679622232914 -0.00299999862909317 -0.018255997449159622 0.004891679622232914 -0.06800000369548798 -0.016367878764867783 0.009449999779462814 -0.00299999862909317 -0.016367878764867783 0.009449999779462814 -0.06800000369548798 -0.013364317826926708 0.013364317826926708 -0.00299999862909317 -0.013364317826926708 0.013364317826926708 -0.06800000369548798 -0.009449999779462814 0.016367878764867783 -0.00299999862909317 -0.009449999779462814 0.016367878764867783 -0.06800000369548798 -0.004891679622232914 0.018255997449159622 -0.00299999862909317 -0.004891679622232914 0.018255997449159622</float_array><technique_common><accessor source="#mesh14-array" count="48" stride="3"><param name="X" type="float" /><param name="Y" type="float" /><param name="Z" type="float" /></accessor></technique_common></source><source id="mesh14-normals"><float_array id="mesh14-normals-array" count="276">2.2014497472213593e-16 0.13052624464035034 0.9914448261260986 2.2014497472213593e-16 0.13052624464035034 0.9914448261260986 2.0514245950926577e-16 0.38268354535102844 0.9238795042037964 2.0514245950926577e-16 0.38268354535102844 0.9238795042037964 1.761598375555308e-16 0.6087613105773926 0.7933533787727356 1.761598375555308e-16 0.6087613105773926 0.7933533787727356 1.3517216470080142e-16 0.7933533787727356 0.6087613105773926 1.3517216470080142e-16 0.7933533787727356 0.6087613105773926 8.497281663877941e-17 0.9238795042037964 0.38268354535102844 8.497281663877941e-17 0.9238795042037964 0.38268354535102844 2.8982648423514577e-17 0.9914448261260986 0.13052624464035034 2.8982648423514577e-17 0.9914448261260986 0.13052624464035034 -2.8982648423514577e-17 0.9914448261260986 -0.13052624464035034 -2.8982648423514577e-17 0.9914448261260986 -0.13052624464035034 -8.497281663877941e-17 0.9238795042037964 -0.38268354535102844 -8.497281663877941e-17 0.9238795042037964 -0.38268354535102844 -1.3517216470080142e-16 0.7933533787727356 -0.6087613105773926 -1.3517216470080142e-16 0.7933533787727356 -0.6087613105773926 -1.761598375555308e-16 0.6087613105773926 -0.7933533787727356 -1.761598375555308e-16 0.6087613105773926 -0.7933533787727356 -2.0514245950926577e-16 0.38268354535102844 -0.9238795042037964 -2.0514245950926577e-16 0.38268354535102844 -0.9238795042037964 -2.2014497472213593e-16 0.13052624464035034 -0.9914448261260986 -2.2014497472213593e-16 0.13052624464035034 -0.9914448261260986 -2.2014497472213593e-16 -0.13052624464035034 -0.9914448261260986 -2.2014497472213593e-16 -0.13052624464035034 -0.9914448261260986 -2.0514245950926577e-16 -0.38268354535102844 -0.9238795042037964 -2.0514245950926577e-16 -0.38268354535102844 -0.9238795042037964 -1.761598375555308e-16 -0.6087613105773926 -0.7933533787727356 -1.761598375555308e-16 -0.6087613105773926 -0.7933533787727356 -1.3517216470080142e-16 -0.7933533787727356 -0.6087613105773926 -1.3517216470080142e-16 -0.7933533787727356 -0.6087613105773926 -8.497281663877941e-17 -0.9238795042037964 -0.38268354535102844 -8.497281663877941e-17 -0.9238795042037964 -0.38268354535102844 -2.8982648423514577e-17 -0.9914448261260986 -0.13052624464035034 -2.8982648423514577e-17 -0.9914448261260986 -0.13052624464035034 2.8982648423514577e-17 -0.9914448261260986 0.13052624464035034 2.8982648423514577e-17 -0.9914448261260986 0.13052624464035034 8.497281663877941e-17 -0.9238795042037964 0.38268354535102844 8.497281663877941e-17 -0.9238795042037964 0.38268354535102844 1.3517216470080142e-16 -0.7933533787727356 0.6087613105773926 1.3517216470080142e-16 -0.7933533787727356 0.6087613105773926 1.761598375555308e-16 -0.6087613105773926 0.7933533787727356 1.761598375555308e-16 -0.6087613105773926 0.7933533787727356 1.0 2.220446049250313e-16 4.930380657631324e-32 1.0 2.220446049250313e-16 4.930380657631324e-32 1.0 2.220446049250313e-16 4.930380657631324e-32 1.0 2.220446049250313e-16 4.930380657631324e-32 1.0 2.220446049250313e-16 4.930380657631324e-32 1.0 2.220446049250313e-16 4.930380657631324e-32 1.0 2.220446049250313e-16 4.930380657631324e-32 1.0 2.220446049250313e-16 4.930380657631324e-32 1.0 2.220446049250313e-16 4.930380657631324e-32 1.0 2.220446049250313e-16 4.930380657631324e-32 1.0 2.220446049250313e-16 4.930380657631324e-32 1.0 2.220446049250313e-16 4.930380657631324e-32 1.0 2.220446049250313e-16 4.930380657631324e-32 1.0 2.220446049250313e-16 4.930380657631324e-32 1.0 2.220446049250313e-16 4.930380657631324e-32 1.0 2.220446049250313e-16 4.930380657631324e-32 1.0 2.220446049250313e-16 4.930380657631324e-32 1.0 2.220446049250313e-16 4.930380657631324e-32 1.0 2.220446049250313e-16 4.930380657631324e-32 1.0 2.220446049250313e-16 4.930380657631324e-32 1.0 2.220446049250313e-16 4.930380657631324e-32 1.0 2.220446049250313e-16 4.930380657631324e-32 2.0514245950926577e-16 -0.38268354535102844 0.9238795042037964 2.0514245950926577e-16 -0.38268354535102844 0.9238795042037964 2.2014497472213593e-16 -0.13052624464035034 0.9914448261260986 2.2014497472213593e-16 -0.13052624464035034 0.9914448261260986 -1.0 -2.220446049250313e-16 -4.930380657631324e-32 -1.0 -2.220446049250313e-16 -4.930380657631324e-32 -1.0 -2.220446049250313e-16 -4.930380657631324e-32 -1.0 -2.220446049250313e-16 -4.930380657631324e-32 -1.0 -2.220446049250313e-16 -4.930380657631324e-32 -1.0 -2.220446049250313e-16 -4.930380657631324e-32 -1.0 -2.220446049250313e-16 -4.930380657631324e-32 -1.0 -2.220446049250313e-16 -4.930380657631324e-32 -1.0 -2.220446049250313e-16 -4.930380657631324e-32 -1.0 -2.220446049250313e-16 -4.930380657631324e-32 -1.0 -2.220446049250313e-16 -4.930380657631324e-32 -1.0 -2.220446049250313e-16 -4.930380657631324e-32 -1.0 -2.220446049250313e-16 -4.930380657631324e-32 -1.0 -2.220446049250313e-16 -4.930380657631324e-32 -1.0 -2.220446049250313e-16 -4.930380657631324e-32 -1.0 -2.220446049250313e-16 -4.930380657631324e-32 -1.0 -2.220446049250313e-16 -4.930380657631324e-32 -1.0 -2.220446049250313e-16 -4.930380657631324e-32 -1.0 -2.220446049250313e-16 -4.930380657631324e-32 -1.0 -2.220446049250313e-16 -4.930380657631324e-32 -1.0 -2.220446049250313e-16 -4.930380657631324e-32 -1.0 -2.220446049250313e-16 -4.930380657631324e-32</float_array><technique_common><accessor source="#mesh14-normals-array" count="92" stride="3"><param name="X" type="float" /><param name="Y" type="float" /><param name="Z" type="float" /></accessor></technique_common></source><vertices id="mesh14-vertices"><input semantic="POSITION" source="#mesh14-positions" /></vertices><triangles count="92" material="graphite"><input semantic="VERTEX" source="#mesh14-vertices" offset="0" /><input semantic="NORMAL" source="#mesh14-normals" offset="1" /><p>0 0 1 0 3 0 0 1 3 1 2 1 2 2 3 2 5 2 2 3 5 3 4 3 4 4 5 4 7 4 4 5 7 5 6 5 6 6 7 6 9 6 6 7 9 7 8 7 8 8 9 8 11 8 8 9 11 9 10 9 10 10 11 10 13 10 10 11 13 11 12 11 12 12 13 12 15 12 12 13 15 13 14 13 14 14 15 14 17 14 14 15 17 15 16 15 16 16 17 16 19 16 16 17 19 17 18 17 18 18 19 18 21 18 18 19 21 19 20 19 20 20 21 20 23 20 20 21 23 21 22 21 22 22 23 22 25 22 22 23 25 23 24 23 24 24 25 24 27 24 24 25 27 25 26 25 26 26 27 26 29 26 26 27 29 27 28 27 28 28 29 28 31 28 28 29 31 29 30 29 30 30 31 30 33 30 30 31 33 31 32 31 32 32 33 32 35 32 32 33 35 33 34 33 34 34 35 34 37 34 34 35 37 35 36 35 36 36 37 36 39 36 36 37 39 37 38 37 38 38 39 38 41 38 38 39 41 39 40 39 40 40 41 40 43 40 40 41 43 41 42 41 42 42 43 42 45 42 42 43 45 43 44 43 5 44 3 44 1 44 1 45 47 45 45 45 45 46 43 46 41 46 41 47 39 47 37 47 37 48 35 48 33 48 33 49 31 49 29 49 29 50 27 50 25 50 25 51 23 51 21 51 21 52 19 52 17 52 17 53 15 53 13 53 13 54 11 54 9 54 9 55 7 55 5 55 5 56 1 56 45 56 45 57 41 57 37 57 37 58 33 58 29 58 29 59 25 59 21 59 21 60 17 60 13 60 13 61 9 61 5 61 5 62 45 62 37 62 37 63 29 63 21 63 21 64 13 64 5 64 37 65 21 65 5 65 44 66 45 66 47 66 44 67 47 67 46 67 46 68 47 68 1 68 46 69 1 69 0 69 46 70 0 70 2 70 2 71 4 71 6 71 6 72 8 72 10 72 10 73 12 73 14 73 14 74 16 74 18 74 18 75 20 75 22 75 22 76 24 76 26 76 26 77 28 77 30 77 30 78 32 78 34 78 34 79 36 79 38 79 38 80 40 80 42 80 42 81 44 81 46 81 46 82 2 82 6 82 6 83 10 83 14 83 14 84 18 84 22 84 22 85 26 85 30 85 30 86 34 86 38 86 38 87 42 87 46 87 46 88 6 88 14 88 14 89 22 89 30 89 30 90 38 90 46 90 14 91 30 91 46 91</p></triangles></mesh></geometry><geometry id="mesh15"><mesh><source id="mesh15-positions"><float_array id="mesh15-array" count="72">-0.11400000005960464 -6.96942514031656e-18 0.03138750046491623 -0.07000000029802322 -6.96942514031656e-18 0.03138750046491623 -0.11400000005960464 0.015693750232458115 0.02718237228691578 -0.07000000029802322 0.015693750232458115 0.02718237228691578 -0.11400000005960464 0.02718237228691578 0.015693750232458115 -0.07000000029802322 0.02718237228691578 0.015693750232458115 -0.11400000005960464 0.03138750046491623 4.884981281880909e-18 -0.07000000029802322 0.03138750046491623 -4.884981281880909e-18 -0.11400000005960464 0.02718237228691578 -0.015693750232458115 -0.07000000029802322 0.02718237228691578 -0.015693750232458115 -0.11400000005960464 0.015693750232458115 -0.02718237228691578 -0.07000000029802322 0.015693750232458115 -0.02718237228691578 -0.11400000005960464 6.96942514031656e-18 -0.03138750046491623 -0.07000000029802322 6.96942514031656e-18 -0.03138750046491623 -0.11400000005960464 -0.015693750232458115 -0.02718237228691578 -0.07000000029802322 -0.015693750232458115 -0.02718237228691578 -0.11400000005960464 -0.02718237228691578 -0.015693750232458115 -0.07000000029802322 -0.02718237228691578 -0.015693750232458115 -0.11400000005960464 -0.03138750046491623 4.884981281880909e-18 -0.07000000029802322 -0.03138750046491623 -4.884981281880909e-18 -0.11400000005960464 -0.02718237228691578 0.015693750232458115 -0.07000000029802322 -0.02718237228691578 0.015693750232458115 -0.11400000005960464 -0.015693750232458115 0.02718237228691578 -0.07000000029802322 -0.015693750232458115 0.02718237228691578</float_array><technique_common><accessor source="#mesh15-array" count="24" stride="3"><param name="X" type="float" /><param name="Y" type="float" /><param name="Z" type="float" /></accessor></technique_common></source><source id="mesh15-normals"><float_array id="mesh15-normals-array" count="132">2.1447862870747008e-16 0.2588191032409668 0.9659258723258972 2.1447862870747008e-16 0.2588191032409668 0.9659258723258972 1.5700924318127872e-16 0.7071067690849304 0.7071067690849304 1.5700924318127872e-16 0.7071067690849304 0.7071067690849304 5.746938552619136e-17 0.9659258723258972 0.2588191032409668 5.746938552619136e-17 0.9659258723258972 0.2588191032409668 -5.746938552619136e-17 0.9659258723258972 -0.2588191032409668 -5.746938552619136e-17 0.9659258723258972 -0.2588191032409668 -1.5700924318127872e-16 0.7071067690849304 -0.7071067690849304 -1.5700924318127872e-16 0.7071067690849304 -0.7071067690849304 -2.1447862870747008e-16 0.2588191032409668 -0.9659258723258972 -2.1447862870747008e-16 0.2588191032409668 -0.9659258723258972 -2.1447862870747008e-16 -0.2588191032409668 -0.9659258723258972 -2.1447862870747008e-16 -0.2588191032409668 -0.9659258723258972 -1.5700924318127872e-16 -0.7071067690849304 -0.7071067690849304 -1.5700924318127872e-16 -0.7071067690849304 -0.7071067690849304 -5.746938552619136e-17 -0.9659258723258972 -0.2588191032409668 -5.746938552619136e-17 -0.9659258723258972 -0.2588191032409668 5.746938552619136e-17 -0.9659258723258972 0.2588191032409668 5.746938552619136e-17 -0.9659258723258972 0.2588191032409668 1.0 2.220446049250313e-16 4.930380657631324e-32 1.0 2.220446049250313e-16 4.930380657631324e-32 1.0 2.220446049250313e-16 4.930380657631324e-32 1.0 2.220446049250313e-16 4.930380657631324e-32 1.0 2.220446049250313e-16 4.930380657631324e-32 1.0 2.220446049250313e-16 4.930380657631324e-32 1.0 2.220446049250313e-16 4.930380657631324e-32 1.0 2.220446049250313e-16 4.930380657631324e-32 1.0 2.220446049250313e-16 4.930380657631324e-32 1.0 2.220446049250313e-16 4.930380657631324e-32 1.5700924318127872e-16 -0.7071067690849304 0.7071067690849304 1.5700924318127872e-16 -0.7071067690849304 0.7071067690849304 2.1447862870747008e-16 -0.2588191032409668 0.9659258723258972 2.1447862870747008e-16 -0.2588191032409668 0.9659258723258972 -1.0 -2.220446049250313e-16 -4.930380657631324e-32 -1.0 -2.220446049250313e-16 -4.930380657631324e-32 -1.0 -2.220446049250313e-16 -4.930380657631324e-32 -1.0 -2.220446049250313e-16 -4.930380657631324e-32 -1.0 -2.220446049250313e-16 -4.930380657631324e-32 -1.0 -2.220446049250313e-16 -4.930380657631324e-32 -1.0 -2.220446049250313e-16 -4.930380657631324e-32 -1.0 -2.220446049250313e-16 -4.930380657631324e-32 -1.0 -2.220446049250313e-16 -4.930380657631324e-32 -1.0 -2.220446049250313e-16 -4.930380657631324e-32</float_array><technique_common><accessor source="#mesh15-normals-array" count="44" stride="3"><param name="X" type="float" /><param name="Y" type="float" /><param name="Z" type="float" /></accessor></technique_common></source><vertices id="mesh15-vertices"><input semantic="POSITION" source="#mesh15-positions" /></vertices><triangles count="44" material="graphite"><input semantic="VERTEX" source="#mesh15-vertices" offset="0" /><input semantic="NORMAL" source="#mesh15-normals" offset="1" /><p>0 0 1 0 3 0 0 1 3 1 2 1 2 2 3 2 5 2 2 3 5 3 4 3 4 4 5 4 7 4 4 5 7 5 6 5 6 6 7 6 9 6 6 7 9 7 8 7 8 8 9 8 11 8 8 9 11 9 10 9 10 10 11 10 13 10 10 11 13 11 12 11 12 12 13 12 15 12 12 13 15 13 14 13 14 14 15 14 17 14 14 15 17 15 16 15 16 16 17 16 19 16 16 17 19 17 18 17 18 18 19 18 21 18 18 19 21 19 20 19 5 20 3 20 1 20 1 21 23 21 21 21 21 22 19 22 17 22 17 23 15 23 13 23 13 24 11 24 9 24 9 25 7 25 5 25 5 26 1 26 21 26 21 27 17 27 13 27 13 28 9 28 5 28 21 29 13 29 5 29 20 30 21 30 23 30 20 31 23 31 22 31 22 32 23 32 1 32 22 33 1 33 0 33 22 34 0 34 2 34 2 35 4 35 6 35 6 36 8 36 10 36 10 37 12 37 14 37 14 38 16 38 18 38 18 39 20 39 22 39 22 40 2 40 6 40 6 41 10 41 14 41 14 42 18 42 22 42 6 43 14 43 22 43</p></triangles></mesh></geometry><geometry id="mesh16"><mesh><source id="mesh16-positions"><float_array id="mesh16-array" count="144">-0.12700000405311584 -3.902878012402825e-18 0.017576999962329865 -0.06200000271201134 -3.902878012402825e-18 0.017576999962329865 -0.12700000405311584 0.00454926211386919 0.016978077590465546 -0.06200000271201134 0.00454926211386919 0.016978077590465546 -0.12700000405311584 0.008788499981164932 0.015222128480672836 -0.06200000271201134 0.008788499981164932 0.015222128480672836 -0.12700000405311584 0.012428815476596355 0.012428815476596355 -0.06200000271201134 0.012428815476596355 0.012428815476596355 -0.12700000405311584 0.015222128480672836 0.008788499981164932 -0.06200000271201134 0.015222128480672836 0.008788499981164932 -0.12700000405311584 0.016978077590465546 0.00454926211386919 -0.06200000271201134 0.016978077590465546 0.00454926211386919 -0.12700000405311584 0.017576999962329865 7.216450222546334e-18 -0.06200000271201134 0.017576999962329865 -7.216450222546334e-18 -0.12700000405311584 0.016978077590465546 -0.00454926211386919 -0.06200000271201134 0.016978077590465546 -0.00454926211386919 -0.12700000405311584 0.015222128480672836 -0.008788499981164932 -0.06200000271201134 0.015222128480672836 -0.008788499981164932 -0.12700000405311584 0.012428815476596355 -0.012428815476596355 -0.06200000271201134 0.012428815476596355 -0.012428815476596355 -0.12700000405311584 0.008788499981164932 -0.015222128480672836 -0.06200000271201134 0.008788499981164932 -0.015222128480672836 -0.12700000405311584 0.00454926211386919 -0.016978077590465546 -0.06200000271201134 0.00454926211386919 -0.016978077590465546 -0.12700000405311584 3.902878012402825e-18 -0.017576999962329865 -0.06200000271201134 3.902878012402825e-18 -0.017576999962329865 -0.12700000405311584 -0.00454926211386919 -0.016978077590465546 -0.06200000271201134 -0.00454926211386919 -0.016978077590465546 -0.12700000405311584 -0.008788499981164932 -0.015222128480672836 -0.06200000271201134 -0.008788499981164932 -0.015222128480672836 -0.12700000405311584 -0.012428815476596355 -0.012428815476596355 -0.06200000271201134 -0.012428815476596355 -0.012428815476596355 -0.12700000405311584 -0.015222128480672836 -0.008788499981164932 -0.06200000271201134 -0.015222128480672836 -0.008788499981164932 -0.12700000405311584 -0.016978077590465546 -0.00454926211386919 -0.06200000271201134 -0.016978077590465546 -0.00454926211386919 -0.12700000405311584 -0.017576999962329865 7.216450222546334e-18 -0.06200000271201134 -0.017576999962329865 -7.216450222546334e-18 -0.12700000405311584 -0.016978077590465546 0.00454926211386919 -0.06200000271201134 -0.016978077590465546 0.00454926211386919 -0.12700000405311584 -0.015222128480672836 0.008788499981164932 -0.06200000271201134 -0.015222128480672836 0.008788499981164932 -0.12700000405311584 -0.012428815476596355 0.012428815476596355 -0.06200000271201134 -0.012428815476596355 0.012428815476596355 -0.12700000405311584 -0.008788499981164932 0.015222128480672836 -0.06200000271201134 -0.008788499981164932 0.015222128480672836 -0.12700000405311584 -0.00454926211386919 0.016978077590465546 -0.06200000271201134 -0.00454926211386919 0.016978077590465546</float_array><technique_common><accessor source="#mesh16-array" count="48" stride="3"><param name="X" type="float" /><param name="Y" type="float" /><param name="Z" type="float" /></accessor></technique_common></source><source id="mesh16-normals"><float_array id="mesh16-normals-array" count="276">2.2014498795702573e-16 0.1305263489484787 0.9914448857307434 2.2014498795702573e-16 0.1305263489484787 0.9914448857307434 2.0514247274415557e-16 0.38268330693244934 0.9238795638084412 2.0514247274415557e-16 0.38268330693244934 0.9238795638084412 1.761598110857512e-16 0.6087614893913269 0.793353259563446 1.761598110857512e-16 0.6087614893913269 0.793353259563446 1.3517220440547082e-16 0.793353259563446 0.6087614893913269 1.3517220440547082e-16 0.793353259563446 0.6087614893913269 8.497276369922021e-17 0.9238795638084412 0.38268330693244934 8.497276369922021e-17 0.9238795638084412 0.38268330693244934 2.898267158457173e-17 0.9914448857307434 0.1305263489484787 2.898267158457173e-17 0.9914448857307434 0.1305263489484787 -2.898267158457173e-17 0.9914448857307434 -0.1305263489484787 -2.898267158457173e-17 0.9914448857307434 -0.1305263489484787 -8.497276369922021e-17 0.9238795638084412 -0.38268330693244934 -8.497276369922021e-17 0.9238795638084412 -0.38268330693244934 -1.3517220440547082e-16 0.793353259563446 -0.6087614893913269 -1.3517220440547082e-16 0.793353259563446 -0.6087614893913269 -1.761598110857512e-16 0.6087614893913269 -0.793353259563446 -1.761598110857512e-16 0.6087614893913269 -0.793353259563446 -2.0514247274415557e-16 0.38268330693244934 -0.9238795638084412 -2.0514247274415557e-16 0.38268330693244934 -0.9238795638084412 -2.2014498795702573e-16 0.1305263489484787 -0.9914448857307434 -2.2014498795702573e-16 0.1305263489484787 -0.9914448857307434 -2.2014498795702573e-16 -0.1305263489484787 -0.9914448857307434 -2.2014498795702573e-16 -0.1305263489484787 -0.9914448857307434 -2.0514247274415557e-16 -0.38268330693244934 -0.9238795638084412 -2.0514247274415557e-16 -0.38268330693244934 -0.9238795638084412 -1.761598110857512e-16 -0.6087614893913269 -0.793353259563446 -1.761598110857512e-16 -0.6087614893913269 -0.793353259563446 -1.3517220440547082e-16 -0.793353259563446 -0.6087614893913269 -1.3517220440547082e-16 -0.793353259563446 -0.6087614893913269 -8.497276369922021e-17 -0.9238795638084412 -0.38268330693244934 -8.497276369922021e-17 -0.9238795638084412 -0.38268330693244934 -2.898267158457173e-17 -0.9914448857307434 -0.1305263489484787 -2.898267158457173e-17 -0.9914448857307434 -0.1305263489484787 2.898267158457173e-17 -0.9914448857307434 0.1305263489484787 2.898267158457173e-17 -0.9914448857307434 0.1305263489484787 8.497276369922021e-17 -0.9238795638084412 0.38268330693244934 8.497276369922021e-17 -0.9238795638084412 0.38268330693244934 1.3517220440547082e-16 -0.793353259563446 0.6087614893913269 1.3517220440547082e-16 -0.793353259563446 0.6087614893913269 1.761598110857512e-16 -0.6087614893913269 0.793353259563446 1.761598110857512e-16 -0.6087614893913269 0.793353259563446 1.0 2.220446049250313e-16 4.930380657631324e-32 1.0 2.220446049250313e-16 4.930380657631324e-32 1.0 2.220446049250313e-16 4.930380657631324e-32 1.0 2.220446049250313e-16 4.930380657631324e-32 1.0 2.220446049250313e-16 4.930380657631324e-32 1.0 2.220446049250313e-16 4.930380657631324e-32 1.0 2.220446049250313e-16 4.930380657631324e-32 1.0 2.220446049250313e-16 4.930380657631324e-32 1.0 2.220446049250313e-16 4.930380657631324e-32 1.0 2.220446049250313e-16 4.930380657631324e-32 1.0 2.220446049250313e-16 4.930380657631324e-32 1.0 2.220446049250313e-16 4.930380657631324e-32 1.0 2.220446049250313e-16 4.930380657631324e-32 1.0 2.220446049250313e-16 4.930380657631324e-32 1.0 2.220446049250313e-16 4.930380657631324e-32 1.0 2.220446049250313e-16 4.930380657631324e-32 1.0 2.220446049250313e-16 4.930380657631324e-32 1.0 2.220446049250313e-16 4.930380657631324e-32 1.0 2.220446049250313e-16 4.930380657631324e-32 1.0 2.220446049250313e-16 4.930380657631324e-32 1.0 2.220446049250313e-16 4.930380657631324e-32 1.0 2.220446049250313e-16 4.930380657631324e-32 2.0514247274415557e-16 -0.38268330693244934 0.9238795638084412 2.0514247274415557e-16 -0.38268330693244934 0.9238795638084412 2.2014498795702573e-16 -0.1305263489484787 0.9914448857307434 2.2014498795702573e-16 -0.1305263489484787 0.9914448857307434 -1.0 -2.220446049250313e-16 -4.930380657631324e-32 -1.0 -2.220446049250313e-16 -4.930380657631324e-32 -1.0 -2.220446049250313e-16 -4.930380657631324e-32 -1.0 -2.220446049250313e-16 -4.930380657631324e-32 -1.0 -2.220446049250313e-16 -4.930380657631324e-32 -1.0 -2.220446049250313e-16 -4.930380657631324e-32 -1.0 -2.220446049250313e-16 -4.930380657631324e-32 -1.0 -2.220446049250313e-16 -4.930380657631324e-32 -1.0 -2.220446049250313e-16 -4.930380657631324e-32 -1.0 -2.220446049250313e-16 -4.930380657631324e-32 -1.0 -2.220446049250313e-16 -4.930380657631324e-32 -1.0 -2.220446049250313e-16 -4.930380657631324e-32 -1.0 -2.220446049250313e-16 -4.930380657631324e-32 -1.0 -2.220446049250313e-16 -4.930380657631324e-32 -1.0 -2.220446049250313e-16 -4.930380657631324e-32 -1.0 -2.220446049250313e-16 -4.930380657631324e-32 -1.0 -2.220446049250313e-16 -4.930380657631324e-32 -1.0 -2.220446049250313e-16 -4.930380657631324e-32 -1.0 -2.220446049250313e-16 -4.930380657631324e-32 -1.0 -2.220446049250313e-16 -4.930380657631324e-32 -1.0 -2.220446049250313e-16 -4.930380657631324e-32 -1.0 -2.220446049250313e-16 -4.930380657631324e-32</float_array><technique_common><accessor source="#mesh16-normals-array" count="92" stride="3"><param name="X" type="float" /><param name="Y" type="float" /><param name="Z" type="float" /></accessor></technique_common></source><vertices id="mesh16-vertices"><input semantic="POSITION" source="#mesh16-positions" /></vertices><triangles count="92" material="graphite"><input semantic="VERTEX" source="#mesh16-vertices" offset="0" /><input semantic="NORMAL" source="#mesh16-normals" offset="1" /><p>0 0 1 0 3 0 0 1 3 1 2 1 2 2 3 2 5 2 2 3 5 3 4 3 4 4 5 4 7 4 4 5 7 5 6 5 6 6 7 6 9 6 6 7 9 7 8 7 8 8 9 8 11 8 8 9 11 9 10 9 10 10 11 10 13 10 10 11 13 11 12 11 12 12 13 12 15 12 12 13 15 13 14 13 14 14 15 14 17 14 14 15 17 15 16 15 16 16 17 16 19 16 16 17 19 17 18 17 18 18 19 18 21 18 18 19 21 19 20 19 20 20 21 20 23 20 20 21 23 21 22 21 22 22 23 22 25 22 22 23 25 23 24 23 24 24 25 24 27 24 24 25 27 25 26 25 26 26 27 26 29 26 26 27 29 27 28 27 28 28 29 28 31 28 28 29 31 29 30 29 30 30 31 30 33 30 30 31 33 31 32 31 32 32 33 32 35 32 32 33 35 33 34 33 34 34 35 34 37 34 34 35 37 35 36 35 36 36 37 36 39 36 36 37 39 37 38 37 38 38 39 38 41 38 38 39 41 39 40 39 40 40 41 40 43 40 40 41 43 41 42 41 42 42 43 42 45 42 42 43 45 43 44 43 5 44 3 44 1 44 1 45 47 45 45 45 45 46 43 46 41 46 41 47 39 47 37 47 37 48 35 48 33 48 33 49 31 49 29 49 29 50 27 50 25 50 25 51 23 51 21 51 21 52 19 52 17 52 17 53 15 53 13 53 13 54 11 54 9 54 9 55 7 55 5 55 5 56 1 56 45 56 45 57 41 57 37 57 37 58 33 58 29 58 29 59 25 59 21 59 21 60 17 60 13 60 13 61 9 61 5 61 5 62 45 62 37 62 37 63 29 63 21 63 21 64 13 64 5 64 37 65 21 65 5 65 44 66 45 66 47 66 44 67 47 67 46 67 46 68 47 68 1 68 46 69 1 69 0 69 46 70 0 70 2 70 2 71 4 71 6 71 6 72 8 72 10 72 10 73 12 73 14 73 14 74 16 74 18 74 18 75 20 75 22 75 22 76 24 76 26 76 26 77 28 77 30 77 30 78 32 78 34 78 34 79 36 79 38 79 38 80 40 80 42 80 42 81 44 81 46 81 46 82 2 82 6 82 6 83 10 83 14 83 14 84 18 84 22 84 22 85 26 85 30 85 30 86 34 86 38 86 38 87 42 87 46 87 46 88 6 88 14 88 14 89 22 89 30 89 30 90 38 90 46 90 14 91 30 91 46 91</p></triangles></mesh></geometry><geometry id="mesh17"><mesh><source id="mesh17-positions"><float_array id="mesh17-array" count="72">-0.17299999296665192 -6.444844566628294e-18 0.02902499958872795 -0.1289999932050705 -6.444844566628294e-18 0.02902499958872795 -0.17299999296665192 0.014512499794363976 0.02513638697564602 -0.1289999932050705 0.014512499794363976 0.02513638697564602 -0.17299999296665192 0.02513638697564602 0.014512499794363976 -0.1289999932050705 0.02513638697564602 0.014512499794363976 -0.17299999296665192 0.02902499958872795 4.884981281880909e-18 -0.1289999932050705 0.02902499958872795 -4.884981281880909e-18 -0.17299999296665192 0.02513638697564602 -0.014512499794363976 -0.1289999932050705 0.02513638697564602 -0.014512499794363976 -0.17299999296665192 0.014512499794363976 -0.02513638697564602 -0.1289999932050705 0.014512499794363976 -0.02513638697564602 -0.17299999296665192 6.444844566628294e-18 -0.02902499958872795 -0.1289999932050705 6.444844566628294e-18 -0.02902499958872795 -0.17299999296665192 -0.014512499794363976 -0.02513638697564602 -0.1289999932050705 -0.014512499794363976 -0.02513638697564602 -0.17299999296665192 -0.02513638697564602 -0.014512499794363976 -0.1289999932050705 -0.02513638697564602 -0.014512499794363976 -0.17299999296665192 -0.02902499958872795 4.884981281880909e-18 -0.1289999932050705 -0.02902499958872795 -4.884981281880909e-18 -0.17299999296665192 -0.02513638697564602 0.014512499794363976 -0.1289999932050705 -0.02513638697564602 0.014512499794363976 -0.17299999296665192 -0.014512499794363976 0.02513638697564602 -0.1289999932050705 -0.014512499794363976 0.02513638697564602</float_array><technique_common><accessor source="#mesh17-array" count="24" stride="3"><param name="X" type="float" /><param name="Y" type="float" /><param name="Z" type="float" /></accessor></technique_common></source><source id="mesh17-normals"><float_array id="mesh17-normals-array" count="132">2.1447862870747008e-16 0.2588190734386444 0.9659258723258972 2.1447862870747008e-16 0.2588190734386444 0.9659258723258972 1.5700924318127872e-16 0.7071067690849304 0.7071067690849304 1.5700924318127872e-16 0.7071067690849304 0.7071067690849304 5.746937890874646e-17 0.9659258723258972 0.2588190734386444 5.746937890874646e-17 0.9659258723258972 0.2588190734386444 -5.746937890874646e-17 0.9659258723258972 -0.2588190734386444 -5.746937890874646e-17 0.9659258723258972 -0.2588190734386444 -1.5700924318127872e-16 0.7071067690849304 -0.7071067690849304 -1.5700924318127872e-16 0.7071067690849304 -0.7071067690849304 -2.1447862870747008e-16 0.2588190734386444 -0.9659258723258972 -2.1447862870747008e-16 0.2588190734386444 -0.9659258723258972 -2.1447862870747008e-16 -0.2588190734386444 -0.9659258723258972 -2.1447862870747008e-16 -0.2588190734386444 -0.9659258723258972 -1.5700924318127872e-16 -0.7071067690849304 -0.7071067690849304 -1.5700924318127872e-16 -0.7071067690849304 -0.7071067690849304 -5.746937890874646e-17 -0.9659258723258972 -0.2588190734386444 -5.746937890874646e-17 -0.9659258723258972 -0.2588190734386444 5.746937890874646e-17 -0.9659258723258972 0.2588190734386444 5.746937890874646e-17 -0.9659258723258972 0.2588190734386444 1.0 2.220446049250313e-16 4.930380657631324e-32 1.0 2.220446049250313e-16 4.930380657631324e-32 1.0 2.220446049250313e-16 4.930380657631324e-32 1.0 2.220446049250313e-16 4.930380657631324e-32 1.0 2.220446049250313e-16 4.930380657631324e-32 1.0 2.220446049250313e-16 4.930380657631324e-32 1.0 2.220446049250313e-16 4.930380657631324e-32 1.0 2.220446049250313e-16 4.930380657631324e-32 1.0 2.220446049250313e-16 4.930380657631324e-32 1.0 2.220446049250313e-16 4.930380657631324e-32 1.5700924318127872e-16 -0.7071067690849304 0.7071067690849304 1.5700924318127872e-16 -0.7071067690849304 0.7071067690849304 2.1447862870747008e-16 -0.2588190734386444 0.9659258723258972 2.1447862870747008e-16 -0.2588190734386444 0.9659258723258972 -1.0 -2.220446049250313e-16 -4.930380657631324e-32 -1.0 -2.220446049250313e-16 -4.930380657631324e-32 -1.0 -2.220446049250313e-16 -4.930380657631324e-32 -1.0 -2.220446049250313e-16 -4.930380657631324e-32 -1.0 -2.220446049250313e-16 -4.930380657631324e-32 -1.0 -2.220446049250313e-16 -4.930380657631324e-32 -1.0 -2.220446049250313e-16 -4.930380657631324e-32 -1.0 -2.220446049250313e-16 -4.930380657631324e-32 -1.0 -2.220446049250313e-16 -4.930380657631324e-32 -1.0 -2.220446049250313e-16 -4.930380657631324e-32</float_array><technique_common><accessor source="#mesh17-normals-array" count="44" stride="3"><param name="X" type="float" /><param name="Y" type="float" /><param name="Z" type="float" /></accessor></technique_common></source><vertices id="mesh17-vertices"><input semantic="POSITION" source="#mesh17-positions" /></vertices><triangles count="44" material="graphite"><input semantic="VERTEX" source="#mesh17-vertices" offset="0" /><input semantic="NORMAL" source="#mesh17-normals" offset="1" /><p>0 0 1 0 3 0 0 1 3 1 2 1 2 2 3 2 5 2 2 3 5 3 4 3 4 4 5 4 7 4 4 5 7 5 6 5 6 6 7 6 9 6 6 7 9 7 8 7 8 8 9 8 11 8 8 9 11 9 10 9 10 10 11 10 13 10 10 11 13 11 12 11 12 12 13 12 15 12 12 13 15 13 14 13 14 14 15 14 17 14 14 15 17 15 16 15 16 16 17 16 19 16 16 17 19 17 18 17 18 18 19 18 21 18 18 19 21 19 20 19 5 20 3 20 1 20 1 21 23 21 21 21 21 22 19 22 17 22 17 23 15 23 13 23 13 24 11 24 9 24 9 25 7 25 5 25 5 26 1 26 21 26 21 27 17 27 13 27 13 28 9 28 5 28 21 29 13 29 5 29 20 30 21 30 23 30 20 31 23 31 22 31 22 32 23 32 1 32 22 33 1 33 0 33 22 34 0 34 2 34 2 35 4 35 6 35 6 36 8 36 10 36 10 37 12 37 14 37 14 38 16 38 18 38 18 39 20 39 22 39 22 40 2 40 6 40 6 41 10 41 14 41 14 42 18 42 22 42 6 43 14 43 22 43</p></triangles></mesh></geometry><geometry id="mesh18"><mesh><source id="mesh18-positions"><float_array id="mesh18-array" count="144">-0.1860000044107437 -3.609113089660743e-18 0.0162540003657341 -0.1210000067949295 -3.609113089660743e-18 0.0162540003657341 -0.1860000044107437 0.0042068446055054665 0.01570015773177147 -0.1210000067949295 0.0042068446055054665 0.01570015773177147 -0.1860000044107437 0.00812700018286705 0.014076377265155315 -0.1210000067949295 0.00812700018286705 0.014076377265155315 -0.1860000044107437 0.011493314057588577 0.011493314057588577 -0.1210000067949295 0.011493314057588577 0.011493314057588577 -0.1860000044107437 0.014076377265155315 0.00812700018286705 -0.1210000067949295 0.014076377265155315 0.00812700018286705 -0.1860000044107437 0.01570015773177147 0.0042068446055054665 -0.1210000067949295 0.01570015773177147 0.0042068446055054665 -0.1860000044107437 0.0162540003657341 7.216450222546334e-18 -0.1210000067949295 0.0162540003657341 -7.216450222546334e-18 -0.1860000044107437 0.01570015773177147 -0.0042068446055054665 -0.1210000067949295 0.01570015773177147 -0.0042068446055054665 -0.1860000044107437 0.014076377265155315 -0.00812700018286705 -0.1210000067949295 0.014076377265155315 -0.00812700018286705 -0.1860000044107437 0.011493314057588577 -0.011493314057588577 -0.1210000067949295 0.011493314057588577 -0.011493314057588577 -0.1860000044107437 0.00812700018286705 -0.014076377265155315 -0.1210000067949295 0.00812700018286705 -0.014076377265155315 -0.1860000044107437 0.0042068446055054665 -0.01570015773177147 -0.1210000067949295 0.0042068446055054665 -0.01570015773177147 -0.1860000044107437 3.609113089660743e-18 -0.0162540003657341 -0.1210000067949295 3.609113089660743e-18 -0.0162540003657341 -0.1860000044107437 -0.0042068446055054665 -0.01570015773177147 -0.1210000067949295 -0.0042068446055054665 -0.01570015773177147 -0.1860000044107437 -0.00812700018286705 -0.014076377265155315 -0.1210000067949295 -0.00812700018286705 -0.014076377265155315 -0.1860000044107437 -0.011493314057588577 -0.011493314057588577 -0.1210000067949295 -0.011493314057588577 -0.011493314057588577 -0.1860000044107437 -0.014076377265155315 -0.00812700018286705 -0.1210000067949295 -0.014076377265155315 -0.00812700018286705 -0.1860000044107437 -0.01570015773177147 -0.0042068446055054665 -0.1210000067949295 -0.01570015773177147 -0.0042068446055054665 -0.1860000044107437 -0.0162540003657341 7.216450222546334e-18 -0.1210000067949295 -0.0162540003657341 -7.216450222546334e-18 -0.1860000044107437 -0.01570015773177147 0.0042068446055054665 -0.1210000067949295 -0.01570015773177147 0.0042068446055054665 -0.1860000044107437 -0.014076377265155315 0.00812700018286705 -0.1210000067949295 -0.014076377265155315 0.00812700018286705 -0.1860000044107437 -0.011493314057588577 0.011493314057588577 -0.1210000067949295 -0.011493314057588577 0.011493314057588577 -0.1860000044107437 -0.00812700018286705 0.014076377265155315 -0.1210000067949295 -0.00812700018286705 0.014076377265155315 -0.1860000044107437 -0.0042068446055054665 0.01570015773177147 -0.1210000067949295 -0.0042068446055054665 0.01570015773177147</float_array><technique_common><accessor source="#mesh18-array" count="48" stride="3"><param name="X" type="float" /><param name="Y" type="float" /><param name="Z" type="float" /></accessor></technique_common></source><source id="mesh18-normals"><float_array id="mesh18-normals-array" count="276">2.2014497472213593e-16 0.13052643835544586 0.9914448261260986 2.2014497472213593e-16 0.13052643835544586 0.9914448261260986 2.0514248597904537e-16 0.38268324732780457 0.9238796234130859 2.0514248597904537e-16 0.38268324732780457 0.9238796234130859 1.761598507904206e-16 0.6087614297866821 0.7933534383773804 1.761598507904206e-16 0.6087614297866821 0.7933534383773804 1.3517219117058102e-16 0.7933534383773804 0.6087614297866821 1.3517219117058102e-16 0.7933534383773804 0.6087614297866821 8.497275046433041e-17 0.9238796234130859 0.38268324732780457 8.497275046433041e-17 0.9238796234130859 0.38268324732780457 2.898269143690643e-17 0.9914448261260986 0.13052643835544586 2.898269143690643e-17 0.9914448261260986 0.13052643835544586 -2.898269143690643e-17 0.9914448261260986 -0.13052643835544586 -2.898269143690643e-17 0.9914448261260986 -0.13052643835544586 -8.497275046433041e-17 0.9238796234130859 -0.38268324732780457 -8.497275046433041e-17 0.9238796234130859 -0.38268324732780457 -1.3517219117058102e-16 0.7933534383773804 -0.6087614297866821 -1.3517219117058102e-16 0.7933534383773804 -0.6087614297866821 -1.761598507904206e-16 0.6087614297866821 -0.7933534383773804 -1.761598507904206e-16 0.6087614297866821 -0.7933534383773804 -2.0514248597904537e-16 0.38268324732780457 -0.9238796234130859 -2.0514248597904537e-16 0.38268324732780457 -0.9238796234130859 -2.2014497472213593e-16 0.13052643835544586 -0.9914448261260986 -2.2014497472213593e-16 0.13052643835544586 -0.9914448261260986 -2.2014497472213593e-16 -0.13052643835544586 -0.9914448261260986 -2.2014497472213593e-16 -0.13052643835544586 -0.9914448261260986 -2.0514248597904537e-16 -0.38268324732780457 -0.9238796234130859 -2.0514248597904537e-16 -0.38268324732780457 -0.9238796234130859 -1.761598507904206e-16 -0.6087614297866821 -0.7933534383773804 -1.761598507904206e-16 -0.6087614297866821 -0.7933534383773804 -1.3517219117058102e-16 -0.7933534383773804 -0.6087614297866821 -1.3517219117058102e-16 -0.7933534383773804 -0.6087614297866821 -8.497275046433041e-17 -0.9238796234130859 -0.38268324732780457 -8.497275046433041e-17 -0.9238796234130859 -0.38268324732780457 -2.898269143690643e-17 -0.9914448261260986 -0.13052643835544586 -2.898269143690643e-17 -0.9914448261260986 -0.13052643835544586 2.898269143690643e-17 -0.9914448261260986 0.13052643835544586 2.898269143690643e-17 -0.9914448261260986 0.13052643835544586 8.497275046433041e-17 -0.9238796234130859 0.38268324732780457 8.497275046433041e-17 -0.9238796234130859 0.38268324732780457 1.3517219117058102e-16 -0.7933534383773804 0.6087614297866821 1.3517219117058102e-16 -0.7933534383773804 0.6087614297866821 1.761598507904206e-16 -0.6087614297866821 0.7933534383773804 1.761598507904206e-16 -0.6087614297866821 0.7933534383773804 1.0 2.220446049250313e-16 4.930380657631324e-32 1.0 2.220446049250313e-16 4.930380657631324e-32 1.0 2.220446049250313e-16 4.930380657631324e-32 1.0 2.220446049250313e-16 4.930380657631324e-32 1.0 2.220446049250313e-16 4.930380657631324e-32 1.0 2.220446049250313e-16 4.930380657631324e-32 1.0 2.220446049250313e-16 4.930380657631324e-32 1.0 2.220446049250313e-16 4.930380657631324e-32 1.0 2.220446049250313e-16 4.930380657631324e-32 1.0 2.220446049250313e-16 4.930380657631324e-32 1.0 2.220446049250313e-16 4.930380657631324e-32 1.0 2.220446049250313e-16 4.930380657631324e-32 1.0 2.220446049250313e-16 4.930380657631324e-32 1.0 2.220446049250313e-16 4.930380657631324e-32 1.0 2.220446049250313e-16 4.930380657631324e-32 1.0 2.220446049250313e-16 4.930380657631324e-32 1.0 2.220446049250313e-16 4.930380657631324e-32 1.0 2.220446049250313e-16 4.930380657631324e-32 1.0 2.220446049250313e-16 4.930380657631324e-32 1.0 2.220446049250313e-16 4.930380657631324e-32 1.0 2.220446049250313e-16 4.930380657631324e-32 1.0 2.220446049250313e-16 4.930380657631324e-32 2.0514248597904537e-16 -0.38268324732780457 0.9238796234130859 2.0514248597904537e-16 -0.38268324732780457 0.9238796234130859 2.2014497472213593e-16 -0.13052643835544586 0.9914448261260986 2.2014497472213593e-16 -0.13052643835544586 0.9914448261260986 -1.0 -2.220446049250313e-16 -4.930380657631324e-32 -1.0 -2.220446049250313e-16 -4.930380657631324e-32 -1.0 -2.220446049250313e-16 -4.930380657631324e-32 -1.0 -2.220446049250313e-16 -4.930380657631324e-32 -1.0 -2.220446049250313e-16 -4.930380657631324e-32 -1.0 -2.220446049250313e-16 -4.930380657631324e-32 -1.0 -2.220446049250313e-16 -4.930380657631324e-32 -1.0 -2.220446049250313e-16 -4.930380657631324e-32 -1.0 -2.220446049250313e-16 -4.930380657631324e-32 -1.0 -2.220446049250313e-16 -4.930380657631324e-32 -1.0 -2.220446049250313e-16 -4.930380657631324e-32 -1.0 -2.220446049250313e-16 -4.930380657631324e-32 -1.0 -2.220446049250313e-16 -4.930380657631324e-32 -1.0 -2.220446049250313e-16 -4.930380657631324e-32 -1.0 -2.220446049250313e-16 -4.930380657631324e-32 -1.0 -2.220446049250313e-16 -4.930380657631324e-32 -1.0 -2.220446049250313e-16 -4.930380657631324e-32 -1.0 -2.220446049250313e-16 -4.930380657631324e-32 -1.0 -2.220446049250313e-16 -4.930380657631324e-32 -1.0 -2.220446049250313e-16 -4.930380657631324e-32 -1.0 -2.220446049250313e-16 -4.930380657631324e-32 -1.0 -2.220446049250313e-16 -4.930380657631324e-32</float_array><technique_common><accessor source="#mesh18-normals-array" count="92" stride="3"><param name="X" type="float" /><param name="Y" type="float" /><param name="Z" type="float" /></accessor></technique_common></source><vertices id="mesh18-vertices"><input semantic="POSITION" source="#mesh18-positions" /></vertices><triangles count="92" material="graphite"><input semantic="VERTEX" source="#mesh18-vertices" offset="0" /><input semantic="NORMAL" source="#mesh18-normals" offset="1" /><p>0 0 1 0 3 0 0 1 3 1 2 1 2 2 3 2 5 2 2 3 5 3 4 3 4 4 5 4 7 4 4 5 7 5 6 5 6 6 7 6 9 6 6 7 9 7 8 7 8 8 9 8 11 8 8 9 11 9 10 9 10 10 11 10 13 10 10 11 13 11 12 11 12 12 13 12 15 12 12 13 15 13 14 13 14 14 15 14 17 14 14 15 17 15 16 15 16 16 17 16 19 16 16 17 19 17 18 17 18 18 19 18 21 18 18 19 21 19 20 19 20 20 21 20 23 20 20 21 23 21 22 21 22 22 23 22 25 22 22 23 25 23 24 23 24 24 25 24 27 24 24 25 27 25 26 25 26 26 27 26 29 26 26 27 29 27 28 27 28 28 29 28 31 28 28 29 31 29 30 29 30 30 31 30 33 30 30 31 33 31 32 31 32 32 33 32 35 32 32 33 35 33 34 33 34 34 35 34 37 34 34 35 37 35 36 35 36 36 37 36 39 36 36 37 39 37 38 37 38 38 39 38 41 38 38 39 41 39 40 39 40 40 41 40 43 40 40 41 43 41 42 41 42 42 43 42 45 42 42 43 45 43 44 43 5 44 3 44 1 44 1 45 47 45 45 45 45 46 43 46 41 46 41 47 39 47 37 47 37 48 35 48 33 48 33 49 31 49 29 49 29 50 27 50 25 50 25 51 23 51 21 51 21 52 19 52 17 52 17 53 15 53 13 53 13 54 11 54 9 54 9 55 7 55 5 55 5 56 1 56 45 56 45 57 41 57 37 57 37 58 33 58 29 58 29 59 25 59 21 59 21 60 17 60 13 60 13 61 9 61 5 61 5 62 45 62 37 62 37 63 29 63 21 63 21 64 13 64 5 64 37 65 21 65 5 65 44 66 45 66 47 66 44 67 47 67 46 67 46 68 47 68 1 68 46 69 1 69 0 69 46 70 0 70 2 70 2 71 4 71 6 71 6 72 8 72 10 72 10 73 12 73 14 73 14 74 16 74 18 74 18 75 20 75 22 75 22 76 24 76 26 76 26 77 28 77 30 77 30 78 32 78 34 78 34 79 36 79 38 79 38 80 40 80 42 80 42 81 44 81 46 81 46 82 2 82 6 82 6 83 10 83 14 83 14 84 18 84 22 84 22 85 26 85 30 85 30 86 34 86 38 86 38 87 42 87 46 87 46 88 6 88 14 88 14 89 22 89 30 89 30 90 38 90 46 90 14 91 30 91 46 91</p></triangles></mesh></geometry><geometry id="mesh19"><mesh><source id="mesh19-positions"><float_array id="mesh19-array" count="72">-0.23199999332427979 -5.920264406530334e-18 0.026662500575184822 -0.18799999356269836 -5.920264406530334e-18 0.026662500575184822 -0.23199999332427979 0.013331250287592411 0.02309040166437626 -0.18799999356269836 0.013331250287592411 0.02309040166437626 -0.23199999332427979 0.02309040166437626 0.013331250287592411 -0.18799999356269836 0.02309040166437626 0.013331250287592411 -0.23199999332427979 0.026662500575184822 4.884981281880909e-18 -0.18799999356269836 0.026662500575184822 -4.884981281880909e-18 -0.23199999332427979 0.02309040166437626 -0.013331250287592411 -0.18799999356269836 0.02309040166437626 -0.013331250287592411 -0.23199999332427979 0.013331250287592411 -0.02309040166437626 -0.18799999356269836 0.013331250287592411 -0.02309040166437626 -0.23199999332427979 5.920264406530334e-18 -0.026662500575184822 -0.18799999356269836 5.920264406530334e-18 -0.026662500575184822 -0.23199999332427979 -0.013331250287592411 -0.02309040166437626 -0.18799999356269836 -0.013331250287592411 -0.02309040166437626 -0.23199999332427979 -0.02309040166437626 -0.013331250287592411 -0.18799999356269836 -0.02309040166437626 -0.013331250287592411 -0.23199999332427979 -0.026662500575184822 4.884981281880909e-18 -0.18799999356269836 -0.026662500575184822 -4.884981281880909e-18 -0.23199999332427979 -0.02309040166437626 0.013331250287592411 -0.18799999356269836 -0.02309040166437626 0.013331250287592411 -0.23199999332427979 -0.013331250287592411 0.02309040166437626 -0.18799999356269836 -0.013331250287592411 0.02309040166437626</float_array><technique_common><accessor source="#mesh19-array" count="24" stride="3"><param name="X" type="float" /><param name="Y" type="float" /><param name="Z" type="float" /></accessor></technique_common></source><source id="mesh19-normals"><float_array id="mesh19-normals-array" count="132">2.1447861547258028e-16 0.2588191330432892 0.9659258127212524 2.1447861547258028e-16 0.2588191330432892 0.9659258127212524 1.5700924318127872e-16 0.7071067690849304 0.7071067690849304 1.5700924318127872e-16 0.7071067690849304 0.7071067690849304 5.746939214363626e-17 0.9659258127212524 0.2588191330432892 5.746939214363626e-17 0.9659258127212524 0.2588191330432892 -5.746939214363626e-17 0.9659258127212524 -0.2588191330432892 -5.746939214363626e-17 0.9659258127212524 -0.2588191330432892 -1.5700924318127872e-16 0.7071067690849304 -0.7071067690849304 -1.5700924318127872e-16 0.7071067690849304 -0.7071067690849304 -2.1447861547258028e-16 0.2588191330432892 -0.9659258127212524 -2.1447861547258028e-16 0.2588191330432892 -0.9659258127212524 -2.1447861547258028e-16 -0.2588191330432892 -0.9659258127212524 -2.1447861547258028e-16 -0.2588191330432892 -0.9659258127212524 -1.5700924318127872e-16 -0.7071067690849304 -0.7071067690849304 -1.5700924318127872e-16 -0.7071067690849304 -0.7071067690849304 -5.746939214363626e-17 -0.9659258127212524 -0.2588191330432892 -5.746939214363626e-17 -0.9659258127212524 -0.2588191330432892 5.746939214363626e-17 -0.9659258127212524 0.2588191330432892 5.746939214363626e-17 -0.9659258127212524 0.2588191330432892 1.0 2.220446049250313e-16 4.930380657631324e-32 1.0 2.220446049250313e-16 4.930380657631324e-32 1.0 2.220446049250313e-16 4.930380657631324e-32 1.0 2.220446049250313e-16 4.930380657631324e-32 1.0 2.220446049250313e-16 4.930380657631324e-32 1.0 2.220446049250313e-16 4.930380657631324e-32 1.0 2.220446049250313e-16 4.930380657631324e-32 1.0 2.220446049250313e-16 4.930380657631324e-32 1.0 2.220446049250313e-16 4.930380657631324e-32 1.0 2.220446049250313e-16 4.930380657631324e-32 1.5700924318127872e-16 -0.7071067690849304 0.7071067690849304 1.5700924318127872e-16 -0.7071067690849304 0.7071067690849304 2.1447861547258028e-16 -0.2588191330432892 0.9659258127212524 2.1447861547258028e-16 -0.2588191330432892 0.9659258127212524 -1.0 -2.220446049250313e-16 -4.930380657631324e-32 -1.0 -2.220446049250313e-16 -4.930380657631324e-32 -1.0 -2.220446049250313e-16 -4.930380657631324e-32 -1.0 -2.220446049250313e-16 -4.930380657631324e-32 -1.0 -2.220446049250313e-16 -4.930380657631324e-32 -1.0 -2.220446049250313e-16 -4.930380657631324e-32 -1.0 -2.220446049250313e-16 -4.930380657631324e-32 -1.0 -2.220446049250313e-16 -4.930380657631324e-32 -1.0 -2.220446049250313e-16 -4.930380657631324e-32 -1.0 -2.220446049250313e-16 -4.930380657631324e-32</float_array><technique_common><accessor source="#mesh19-normals-array" count="44" stride="3"><param name="X" type="float" /><param name="Y" type="float" /><param name="Z" type="float" /></accessor></technique_common></source><vertices id="mesh19-vertices"><input semantic="POSITION" source="#mesh19-positions" /></vertices><triangles count="44" material="graphite"><input semantic="VERTEX" source="#mesh19-vertices" offset="0" /><input semantic="NORMAL" source="#mesh19-normals" offset="1" /><p>0 0 1 0 3 0 0 1 3 1 2 1 2 2 3 2 5 2 2 3 5 3 4 3 4 4 5 4 7 4 4 5 7 5 6 5 6 6 7 6 9 6 6 7 9 7 8 7 8 8 9 8 11 8 8 9 11 9 10 9 10 10 11 10 13 10 10 11 13 11 12 11 12 12 13 12 15 12 12 13 15 13 14 13 14 14 15 14 17 14 14 15 17 15 16 15 16 16 17 16 19 16 16 17 19 17 18 17 18 18 19 18 21 18 18 19 21 19 20 19 5 20 3 20 1 20 1 21 23 21 21 21 21 22 19 22 17 22 17 23 15 23 13 23 13 24 11 24 9 24 9 25 7 25 5 25 5 26 1 26 21 26 21 27 17 27 13 27 13 28 9 28 5 28 21 29 13 29 5 29 20 30 21 30 23 30 20 31 23 31 22 31 22 32 23 32 1 32 22 33 1 33 0 33 22 34 0 34 2 34 2 35 4 35 6 35 6 36 8 36 10 36 10 37 12 37 14 37 14 38 16 38 18 38 18 39 20 39 22 39 22 40 2 40 6 40 6 41 10 41 14 41 14 42 18 42 22 42 6 43 14 43 22 43</p></triangles></mesh></geometry><geometry id="mesh20"><mesh><source id="mesh20-positions"><float_array id="mesh20-array" count="144">-0.24500000476837158 -3.3153479601235073e-18 0.014930999837815762 -0.18000000715255737 -3.3153479601235073e-18 0.014930999837815762 -0.24500000476837158 0.0038644270971417427 0.014422237873077393 -0.18000000715255737 0.0038644270971417427 0.014422237873077393 -0.24500000476837158 0.007465499918907881 0.01293062511831522 -0.18000000715255737 0.007465499918907881 0.01293062511831522 -0.24500000476837158 0.01055781077593565 0.01055781077593565 -0.18000000715255737 0.01055781077593565 0.01055781077593565 -0.24500000476837158 0.01293062511831522 0.007465499918907881 -0.18000000715255737 0.01293062511831522 0.007465499918907881 -0.24500000476837158 0.014422237873077393 0.0038644270971417427 -0.18000000715255737 0.014422237873077393 0.0038644270971417427 -0.24500000476837158 0.014930999837815762 7.216449395365721e-18 -0.18000000715255737 0.014930999837815762 -7.216449395365721e-18 -0.24500000476837158 0.014422237873077393 -0.0038644270971417427 -0.18000000715255737 0.014422237873077393 -0.0038644270971417427 -0.24500000476837158 0.01293062511831522 -0.007465499918907881 -0.18000000715255737 0.01293062511831522 -0.007465499918907881 -0.24500000476837158 0.01055781077593565 -0.01055781077593565 -0.18000000715255737 0.01055781077593565 -0.01055781077593565 -0.24500000476837158 0.007465499918907881 -0.01293062511831522 -0.18000000715255737 0.007465499918907881 -0.01293062511831522 -0.24500000476837158 0.0038644270971417427 -0.014422237873077393 -0.18000000715255737 0.0038644270971417427 -0.014422237873077393 -0.24500000476837158 3.3153479601235073e-18 -0.014930999837815762 -0.18000000715255737 3.3153479601235073e-18 -0.014930999837815762 -0.24500000476837158 -0.0038644270971417427 -0.014422237873077393 -0.18000000715255737 -0.0038644270971417427 -0.014422237873077393 -0.24500000476837158 -0.007465499918907881 -0.01293062511831522 -0.18000000715255737 -0.007465499918907881 -0.01293062511831522 -0.24500000476837158 -0.01055781077593565 -0.01055781077593565 -0.18000000715255737 -0.01055781077593565 -0.01055781077593565 -0.24500000476837158 -0.01293062511831522 -0.007465499918907881 -0.18000000715255737 -0.01293062511831522 -0.007465499918907881 -0.24500000476837158 -0.014422237873077393 -0.0038644270971417427 -0.18000000715255737 -0.014422237873077393 -0.0038644270971417427 -0.24500000476837158 -0.014930999837815762 7.216449395365721e-18 -0.18000000715255737 -0.014930999837815762 -7.216449395365721e-18 -0.24500000476837158 -0.014422237873077393 0.0038644270971417427 -0.18000000715255737 -0.014422237873077393 0.0038644270971417427 -0.24500000476837158 -0.01293062511831522 0.007465499918907881 -0.18000000715255737 -0.01293062511831522 0.007465499918907881 -0.24500000476837158 -0.01055781077593565 0.01055781077593565 -0.18000000715255737 -0.01055781077593565 0.01055781077593565 -0.24500000476837158 -0.007465499918907881 0.01293062511831522 -0.18000000715255737 -0.007465499918907881 0.01293062511831522 -0.24500000476837158 -0.0038644270971417427 0.014422237873077393 -0.18000000715255737 -0.0038644270971417427 0.014422237873077393</float_array><technique_common><accessor source="#mesh20-array" count="48" stride="3"><param name="X" type="float" /><param name="Y" type="float" /><param name="Z" type="float" /></accessor></technique_common></source><source id="mesh20-normals"><float_array id="mesh20-normals-array" count="276">2.2014497472213593e-16 0.1305263191461563 0.9914448261260986 2.2014497472213593e-16 0.1305263191461563 0.9914448261260986 2.0514247274415557e-16 0.38268333673477173 0.9238795638084412 2.0514247274415557e-16 0.38268333673477173 0.9238795638084412 1.761598110857512e-16 0.6087615489959717 0.793353259563446 1.761598110857512e-16 0.6087615489959717 0.793353259563446 1.3517221764036062e-16 0.793353259563446 0.6087615489959717 1.3517221764036062e-16 0.793353259563446 0.6087615489959717 8.497277031666511e-17 0.9238795638084412 0.38268333673477173 8.497277031666511e-17 0.9238795638084412 0.38268333673477173 2.898266496712683e-17 0.9914448261260986 0.1305263191461563 2.898266496712683e-17 0.9914448261260986 0.1305263191461563 -2.898266496712683e-17 0.9914448261260986 -0.1305263191461563 -2.898266496712683e-17 0.9914448261260986 -0.1305263191461563 -8.497277031666511e-17 0.9238795638084412 -0.38268333673477173 -8.497277031666511e-17 0.9238795638084412 -0.38268333673477173 -1.3517221764036062e-16 0.793353259563446 -0.6087615489959717 -1.3517221764036062e-16 0.793353259563446 -0.6087615489959717 -1.761598110857512e-16 0.6087615489959717 -0.793353259563446 -1.761598110857512e-16 0.6087615489959717 -0.793353259563446 -2.0514247274415557e-16 0.38268333673477173 -0.9238795638084412 -2.0514247274415557e-16 0.38268333673477173 -0.9238795638084412 -2.2014497472213593e-16 0.1305263191461563 -0.9914448261260986 -2.2014497472213593e-16 0.1305263191461563 -0.9914448261260986 -2.2014497472213593e-16 -0.1305263191461563 -0.9914448261260986 -2.2014497472213593e-16 -0.1305263191461563 -0.9914448261260986 -2.0514247274415557e-16 -0.38268333673477173 -0.9238795638084412 -2.0514247274415557e-16 -0.38268333673477173 -0.9238795638084412 -1.761598110857512e-16 -0.6087615489959717 -0.793353259563446 -1.761598110857512e-16 -0.6087615489959717 -0.793353259563446 -1.3517221764036062e-16 -0.793353259563446 -0.6087615489959717 -1.3517221764036062e-16 -0.793353259563446 -0.6087615489959717 -8.497277031666511e-17 -0.9238795638084412 -0.38268333673477173 -8.497277031666511e-17 -0.9238795638084412 -0.38268333673477173 -2.898266496712683e-17 -0.9914448261260986 -0.1305263191461563 -2.898266496712683e-17 -0.9914448261260986 -0.1305263191461563 2.898266496712683e-17 -0.9914448261260986 0.1305263191461563 2.898266496712683e-17 -0.9914448261260986 0.1305263191461563 8.497277031666511e-17 -0.9238795638084412 0.38268333673477173 8.497277031666511e-17 -0.9238795638084412 0.38268333673477173 1.3517221764036062e-16 -0.793353259563446 0.6087615489959717 1.3517221764036062e-16 -0.793353259563446 0.6087615489959717 1.761598110857512e-16 -0.6087615489959717 0.793353259563446 1.761598110857512e-16 -0.6087615489959717 0.793353259563446 1.0 2.220446049250313e-16 4.930380657631324e-32 1.0 2.220446049250313e-16 4.930380657631324e-32 1.0 2.220446049250313e-16 4.930380657631324e-32 1.0 2.220446049250313e-16 4.930380657631324e-32 1.0 2.220446049250313e-16 4.930380657631324e-32 1.0 2.220446049250313e-16 4.930380657631324e-32 1.0 2.220446049250313e-16 4.930380657631324e-32 1.0 2.220446049250313e-16 4.930380657631324e-32 1.0 2.220446049250313e-16 4.930380657631324e-32 1.0 2.220446049250313e-16 4.930380657631324e-32 1.0 2.220446049250313e-16 4.930380657631324e-32 1.0 2.220446049250313e-16 4.930380657631324e-32 1.0 2.220446049250313e-16 4.930380657631324e-32 1.0 2.220446049250313e-16 4.930380657631324e-32 1.0 2.220446049250313e-16 4.930380657631324e-32 1.0 2.220446049250313e-16 4.930380657631324e-32 1.0 2.220446049250313e-16 4.930380657631324e-32 1.0 2.220446049250313e-16 4.930380657631324e-32 1.0 2.220446049250313e-16 4.930380657631324e-32 1.0 2.220446049250313e-16 4.930380657631324e-32 1.0 2.220446049250313e-16 4.930380657631324e-32 1.0 2.220446049250313e-16 4.930380657631324e-32 2.0514247274415557e-16 -0.38268333673477173 0.9238795638084412 2.0514247274415557e-16 -0.38268333673477173 0.9238795638084412 2.2014497472213593e-16 -0.1305263191461563 0.9914448261260986 2.2014497472213593e-16 -0.1305263191461563 0.9914448261260986 -1.0 -2.220446049250313e-16 -4.930380657631324e-32 -1.0 -2.220446049250313e-16 -4.930380657631324e-32 -1.0 -2.220446049250313e-16 -4.930380657631324e-32 -1.0 -2.220446049250313e-16 -4.930380657631324e-32 -1.0 -2.220446049250313e-16 -4.930380657631324e-32 -1.0 -2.220446049250313e-16 -4.930380657631324e-32 -1.0 -2.220446049250313e-16 -4.930380657631324e-32 -1.0 -2.220446049250313e-16 -4.930380657631324e-32 -1.0 -2.220446049250313e-16 -4.930380657631324e-32 -1.0 -2.220446049250313e-16 -4.930380657631324e-32 -1.0 -2.220446049250313e-16 -4.930380657631324e-32 -1.0 -2.220446049250313e-16 -4.930380657631324e-32 -1.0 -2.220446049250313e-16 -4.930380657631324e-32 -1.0 -2.220446049250313e-16 -4.930380657631324e-32 -1.0 -2.220446049250313e-16 -4.930380657631324e-32 -1.0 -2.220446049250313e-16 -4.930380657631324e-32 -1.0 -2.220446049250313e-16 -4.930380657631324e-32 -1.0 -2.220446049250313e-16 -4.930380657631324e-32 -1.0 -2.220446049250313e-16 -4.930380657631324e-32 -1.0 -2.220446049250313e-16 -4.930380657631324e-32 -1.0 -2.220446049250313e-16 -4.930380657631324e-32 -1.0 -2.220446049250313e-16 -4.930380657631324e-32</float_array><technique_common><accessor source="#mesh20-normals-array" count="92" stride="3"><param name="X" type="float" /><param name="Y" type="float" /><param name="Z" type="float" /></accessor></technique_common></source><vertices id="mesh20-vertices"><input semantic="POSITION" source="#mesh20-positions" /></vertices><triangles count="92" material="graphite"><input semantic="VERTEX" source="#mesh20-vertices" offset="0" /><input semantic="NORMAL" source="#mesh20-normals" offset="1" /><p>0 0 1 0 3 0 0 1 3 1 2 1 2 2 3 2 5 2 2 3 5 3 4 3 4 4 5 4 7 4 4 5 7 5 6 5 6 6 7 6 9 6 6 7 9 7 8 7 8 8 9 8 11 8 8 9 11 9 10 9 10 10 11 10 13 10 10 11 13 11 12 11 12 12 13 12 15 12 12 13 15 13 14 13 14 14 15 14 17 14 14 15 17 15 16 15 16 16 17 16 19 16 16 17 19 17 18 17 18 18 19 18 21 18 18 19 21 19 20 19 20 20 21 20 23 20 20 21 23 21 22 21 22 22 23 22 25 22 22 23 25 23 24 23 24 24 25 24 27 24 24 25 27 25 26 25 26 26 27 26 29 26 26 27 29 27 28 27 28 28 29 28 31 28 28 29 31 29 30 29 30 30 31 30 33 30 30 31 33 31 32 31 32 32 33 32 35 32 32 33 35 33 34 33 34 34 35 34 37 34 34 35 37 35 36 35 36 36 37 36 39 36 36 37 39 37 38 37 38 38 39 38 41 38 38 39 41 39 40 39 40 40 41 40 43 40 40 41 43 41 42 41 42 42 43 42 45 42 42 43 45 43 44 43 5 44 3 44 1 44 1 45 47 45 45 45 45 46 43 46 41 46 41 47 39 47 37 47 37 48 35 48 33 48 33 49 31 49 29 49 29 50 27 50 25 50 25 51 23 51 21 51 21 52 19 52 17 52 17 53 15 53 13 53 13 54 11 54 9 54 9 55 7 55 5 55 5 56 1 56 45 56 45 57 41 57 37 57 37 58 33 58 29 58 29 59 25 59 21 59 21 60 17 60 13 60 13 61 9 61 5 61 5 62 45 62 37 62 37 63 29 63 21 63 21 64 13 64 5 64 37 65 21 65 5 65 44 66 45 66 47 66 44 67 47 67 46 67 46 68 47 68 1 68 46 69 1 69 0 69 46 70 0 70 2 70 2 71 4 71 6 71 6 72 8 72 10 72 10 73 12 73 14 73 14 74 16 74 18 74 18 75 20 75 22 75 22 76 24 76 26 76 26 77 28 77 30 77 30 78 32 78 34 78 34 79 36 79 38 79 38 80 40 80 42 80 42 81 44 81 46 81 46 82 2 82 6 82 6 83 10 83 14 83 14 84 18 84 22 84 22 85 26 85 30 85 30 86 34 86 38 86 38 87 42 87 46 87 46 88 6 88 14 88 14 89 22 89 30 89 30 90 38 90 46 90 14 91 30 91 46 91</p></triangles></mesh></geometry><geometry id="mesh21"><mesh><source id="mesh21-positions"><float_array id="mesh21-array" count="72">-0.29100000858306885 -5.395683832842067e-18 0.024299999698996544 -0.24699997901916504 -5.395683832842067e-18 0.024299999698996544 -0.29100000858306885 0.012149999849498272 0.0210444163531065 -0.24699997901916504 0.012149999849498272 0.0210444163531065 -0.29100000858306885 0.0210444163531065 0.012149999849498272 -0.24699997901916504 0.0210444163531065 0.012149999849498272 -0.29100000858306885 0.024299999698996544 4.884982936242134e-18 -0.24699997901916504 0.024299999698996544 -4.884982936242134e-18 -0.29100000858306885 0.0210444163531065 -0.012149999849498272 -0.24699997901916504 0.0210444163531065 -0.012149999849498272 -0.29100000858306885 0.012149999849498272 -0.0210444163531065 -0.24699997901916504 0.012149999849498272 -0.0210444163531065 -0.29100000858306885 5.395683832842067e-18 -0.024299999698996544 -0.24699997901916504 5.395683832842067e-18 -0.024299999698996544 -0.29100000858306885 -0.012149999849498272 -0.0210444163531065 -0.24699997901916504 -0.012149999849498272 -0.0210444163531065 -0.29100000858306885 -0.0210444163531065 -0.012149999849498272 -0.24699997901916504 -0.0210444163531065 -0.012149999849498272 -0.29100000858306885 -0.024299999698996544 4.884982936242134e-18 -0.24699997901916504 -0.024299999698996544 -4.884982936242134e-18 -0.29100000858306885 -0.0210444163531065 0.012149999849498272 -0.24699997901916504 -0.0210444163531065 0.012149999849498272 -0.29100000858306885 -0.012149999849498272 0.0210444163531065 -0.24699997901916504 -0.012149999849498272 0.0210444163531065</float_array><technique_common><accessor source="#mesh21-array" count="24" stride="3"><param name="X" type="float" /><param name="Y" type="float" /><param name="Z" type="float" /></accessor></technique_common></source><source id="mesh21-normals"><float_array id="mesh21-normals-array" count="132">2.1447860223769048e-16 0.2588191032409668 0.9659257531166077 2.1447860223769048e-16 0.2588191032409668 0.9659257531166077 1.5700924318127872e-16 0.7071067690849304 0.7071067690849304 1.5700924318127872e-16 0.7071067690849304 0.7071067690849304 5.746938552619136e-17 0.9659257531166077 0.2588191032409668 5.746938552619136e-17 0.9659257531166077 0.2588191032409668 -5.746938552619136e-17 0.9659257531166077 -0.2588191032409668 -5.746938552619136e-17 0.9659257531166077 -0.2588191032409668 -1.5700924318127872e-16 0.7071067690849304 -0.7071067690849304 -1.5700924318127872e-16 0.7071067690849304 -0.7071067690849304 -2.1447860223769048e-16 0.2588191032409668 -0.9659257531166077 -2.1447860223769048e-16 0.2588191032409668 -0.9659257531166077 -2.1447860223769048e-16 -0.2588191032409668 -0.9659257531166077 -2.1447860223769048e-16 -0.2588191032409668 -0.9659257531166077 -1.5700924318127872e-16 -0.7071067690849304 -0.7071067690849304 -1.5700924318127872e-16 -0.7071067690849304 -0.7071067690849304 -5.746938552619136e-17 -0.9659257531166077 -0.2588191032409668 -5.746938552619136e-17 -0.9659257531166077 -0.2588191032409668 5.746938552619136e-17 -0.9659257531166077 0.2588191032409668 5.746938552619136e-17 -0.9659257531166077 0.2588191032409668 1.0 2.220446049250313e-16 4.930380657631324e-32 1.0 2.220446049250313e-16 4.930380657631324e-32 1.0 2.220446049250313e-16 4.930380657631324e-32 1.0 2.220446049250313e-16 4.930380657631324e-32 1.0 2.220446049250313e-16 4.930380657631324e-32 1.0 2.220446049250313e-16 4.930380657631324e-32 1.0 2.220446049250313e-16 4.930380657631324e-32 1.0 2.220446049250313e-16 4.930380657631324e-32 1.0 2.220446049250313e-16 4.930380657631324e-32 1.0 2.220446049250313e-16 4.930380657631324e-32 1.5700924318127872e-16 -0.7071067690849304 0.7071067690849304 1.5700924318127872e-16 -0.7071067690849304 0.7071067690849304 2.1447860223769048e-16 -0.2588191032409668 0.9659257531166077 2.1447860223769048e-16 -0.2588191032409668 0.9659257531166077 -1.0 -2.220446049250313e-16 -4.930380657631324e-32 -1.0 -2.220446049250313e-16 -4.930380657631324e-32 -1.0 -2.220446049250313e-16 -4.930380657631324e-32 -1.0 -2.220446049250313e-16 -4.930380657631324e-32 -1.0 -2.220446049250313e-16 -4.930380657631324e-32 -1.0 -2.220446049250313e-16 -4.930380657631324e-32 -1.0 -2.220446049250313e-16 -4.930380657631324e-32 -1.0 -2.220446049250313e-16 -4.930380657631324e-32 -1.0 -2.220446049250313e-16 -4.930380657631324e-32 -1.0 -2.220446049250313e-16 -4.930380657631324e-32</float_array><technique_common><accessor source="#mesh21-normals-array" count="44" stride="3"><param name="X" type="float" /><param name="Y" type="float" /><param name="Z" type="float" /></accessor></technique_common></source><vertices id="mesh21-vertices"><input semantic="POSITION" source="#mesh21-positions" /></vertices><triangles count="44" material="graphite"><input semantic="VERTEX" source="#mesh21-vertices" offset="0" /><input semantic="NORMAL" source="#mesh21-normals" offset="1" /><p>0 0 1 0 3 0 0 1 3 1 2 1 2 2 3 2 5 2 2 3 5 3 4 3 4 4 5 4 7 4 4 5 7 5 6 5 6 6 7 6 9 6 6 7 9 7 8 7 8 8 9 8 11 8 8 9 11 9 10 9 10 10 11 10 13 10 10 11 13 11 12 11 12 12 13 12 15 12 12 13 15 13 14 13 14 14 15 14 17 14 14 15 17 15 16 15 16 16 17 16 19 16 16 17 19 17 18 17 18 18 19 18 21 18 18 19 21 19 20 19 5 20 3 20 1 20 1 21 23 21 21 21 21 22 19 22 17 22 17 23 15 23 13 23 13 24 11 24 9 24 9 25 7 25 5 25 5 26 1 26 21 26 21 27 17 27 13 27 13 28 9 28 5 28 21 29 13 29 5 29 20 30 21 30 23 30 20 31 23 31 22 31 22 32 23 32 1 32 22 33 1 33 0 33 22 34 0 34 2 34 2 35 4 35 6 35 6 36 8 36 10 36 10 37 12 37 14 37 14 38 16 38 18 38 18 39 20 39 22 39 22 40 2 40 6 40 6 41 10 41 14 41 14 42 18 42 22 42 6 43 14 43 22 43</p></triangles></mesh></geometry><geometry id="mesh22"><mesh><source id="mesh22-positions"><float_array id="mesh22-array" count="144">-0.30399999022483826 -3.021583037381425e-18 0.013608000241219997 -0.23899999260902405 -3.021583037381425e-18 0.013608000241219997 -0.30399999022483826 0.003522009588778019 0.01314431894570589 -0.23899999260902405 0.003522009588778019 0.01314431894570589 -0.30399999022483826 0.006804000120609999 0.011784873902797699 -0.23899999260902405 0.006804000120609999 0.011784873902797699 -0.30399999022483826 0.009622309356927872 0.009622309356927872 -0.23899999260902405 0.009622309356927872 0.009622309356927872 -0.30399999022483826 0.011784873902797699 0.006804000120609999 -0.23899999260902405 0.011784873902797699 0.006804000120609999 -0.30399999022483826 0.01314431894570589 0.003522009588778019 -0.23899999260902405 0.01314431894570589 0.003522009588778019 -0.30399999022483826 0.013608000241219997 7.216449395365721e-18 -0.23899999260902405 0.013608000241219997 -7.216449395365721e-18 -0.30399999022483826 0.01314431894570589 -0.003522009588778019 -0.23899999260902405 0.01314431894570589 -0.003522009588778019 -0.30399999022483826 0.011784873902797699 -0.006804000120609999 -0.23899999260902405 0.011784873902797699 -0.006804000120609999 -0.30399999022483826 0.009622309356927872 -0.009622309356927872 -0.23899999260902405 0.009622309356927872 -0.009622309356927872 -0.30399999022483826 0.006804000120609999 -0.011784873902797699 -0.23899999260902405 0.006804000120609999 -0.011784873902797699 -0.30399999022483826 0.003522009588778019 -0.01314431894570589 -0.23899999260902405 0.003522009588778019 -0.01314431894570589 -0.30399999022483826 3.021583037381425e-18 -0.013608000241219997 -0.23899999260902405 3.021583037381425e-18 -0.013608000241219997 -0.30399999022483826 -0.003522009588778019 -0.01314431894570589 -0.23899999260902405 -0.003522009588778019 -0.01314431894570589 -0.30399999022483826 -0.006804000120609999 -0.011784873902797699 -0.23899999260902405 -0.006804000120609999 -0.011784873902797699 -0.30399999022483826 -0.009622309356927872 -0.009622309356927872 -0.23899999260902405 -0.009622309356927872 -0.009622309356927872 -0.30399999022483826 -0.011784873902797699 -0.006804000120609999 -0.23899999260902405 -0.011784873902797699 -0.006804000120609999 -0.30399999022483826 -0.01314431894570589 -0.003522009588778019 -0.23899999260902405 -0.01314431894570589 -0.003522009588778019 -0.30399999022483826 -0.013608000241219997 7.216449395365721e-18 -0.23899999260902405 -0.013608000241219997 -7.216449395365721e-18 -0.30399999022483826 -0.01314431894570589 0.003522009588778019 -0.23899999260902405 -0.01314431894570589 0.003522009588778019 -0.30399999022483826 -0.011784873902797699 0.006804000120609999 -0.23899999260902405 -0.011784873902797699 0.006804000120609999 -0.30399999022483826 -0.009622309356927872 0.009622309356927872 -0.23899999260902405 -0.009622309356927872 0.009622309356927872 -0.30399999022483826 -0.006804000120609999 0.011784873902797699 -0.23899999260902405 -0.006804000120609999 0.011784873902797699 -0.30399999022483826 -0.003522009588778019 0.01314431894570589 -0.23899999260902405 -0.003522009588778019 0.01314431894570589</float_array><technique_common><accessor source="#mesh22-array" count="48" stride="3"><param name="X" type="float" /><param name="Y" type="float" /><param name="Z" type="float" /></accessor></technique_common></source><source id="mesh22-normals"><float_array id="mesh22-normals-array" count="276">2.2014500119191553e-16 0.13052618503570557 0.9914449453353882 2.2014500119191553e-16 0.13052618503570557 0.9914449453353882 2.0514245950926577e-16 0.3826834261417389 0.9238795042037964 2.0514245950926577e-16 0.3826834261417389 0.9238795042037964 1.761598507904206e-16 0.6087614297866821 0.7933534383773804 1.761598507904206e-16 0.6087614297866821 0.7933534383773804 1.3517219117058102e-16 0.7933534383773804 0.6087614297866821 1.3517219117058102e-16 0.7933534383773804 0.6087614297866821 8.497279016899981e-17 0.9238795042037964 0.3826834261417389 8.497279016899981e-17 0.9238795042037964 0.3826834261417389 2.8982635188624776e-17 0.9914449453353882 0.13052618503570557 2.8982635188624776e-17 0.9914449453353882 0.13052618503570557 -2.8982635188624776e-17 0.9914449453353882 -0.13052618503570557 -2.8982635188624776e-17 0.9914449453353882 -0.13052618503570557 -8.497279016899981e-17 0.9238795042037964 -0.3826834261417389 -8.497279016899981e-17 0.9238795042037964 -0.3826834261417389 -1.3517219117058102e-16 0.7933534383773804 -0.6087614297866821 -1.3517219117058102e-16 0.7933534383773804 -0.6087614297866821 -1.761598507904206e-16 0.6087614297866821 -0.7933534383773804 -1.761598507904206e-16 0.6087614297866821 -0.7933534383773804 -2.0514245950926577e-16 0.3826834261417389 -0.9238795042037964 -2.0514245950926577e-16 0.3826834261417389 -0.9238795042037964 -2.2014500119191553e-16 0.13052618503570557 -0.9914449453353882 -2.2014500119191553e-16 0.13052618503570557 -0.9914449453353882 -2.2014500119191553e-16 -0.13052618503570557 -0.9914449453353882 -2.2014500119191553e-16 -0.13052618503570557 -0.9914449453353882 -2.0514245950926577e-16 -0.3826834261417389 -0.9238795042037964 -2.0514245950926577e-16 -0.3826834261417389 -0.9238795042037964 -1.761598507904206e-16 -0.6087614297866821 -0.7933534383773804 -1.761598507904206e-16 -0.6087614297866821 -0.7933534383773804 -1.3517219117058102e-16 -0.7933534383773804 -0.6087614297866821 -1.3517219117058102e-16 -0.7933534383773804 -0.6087614297866821 -8.497279016899981e-17 -0.9238795042037964 -0.3826834261417389 -8.497279016899981e-17 -0.9238795042037964 -0.3826834261417389 -2.8982635188624776e-17 -0.9914449453353882 -0.13052618503570557 -2.8982635188624776e-17 -0.9914449453353882 -0.13052618503570557 2.8982635188624776e-17 -0.9914449453353882 0.13052618503570557 2.8982635188624776e-17 -0.9914449453353882 0.13052618503570557 8.497279016899981e-17 -0.9238795042037964 0.3826834261417389 8.497279016899981e-17 -0.9238795042037964 0.3826834261417389 1.3517219117058102e-16 -0.7933534383773804 0.6087614297866821 1.3517219117058102e-16 -0.7933534383773804 0.6087614297866821 1.761598507904206e-16 -0.6087614297866821 0.7933534383773804 1.761598507904206e-16 -0.6087614297866821 0.7933534383773804 1.0 2.220446049250313e-16 4.930380657631324e-32 1.0 2.220446049250313e-16 4.930380657631324e-32 1.0 2.220446049250313e-16 4.930380657631324e-32 1.0 2.220446049250313e-16 4.930380657631324e-32 1.0 2.220446049250313e-16 4.930380657631324e-32 1.0 2.220446049250313e-16 4.930380657631324e-32 1.0 2.220446049250313e-16 4.930380657631324e-32 1.0 2.220446049250313e-16 4.930380657631324e-32 1.0 2.220446049250313e-16 4.930380657631324e-32 1.0 2.220446049250313e-16 4.930380657631324e-32 1.0 2.220446049250313e-16 4.930380657631324e-32 1.0 2.220446049250313e-16 4.930380657631324e-32 1.0 2.220446049250313e-16 4.930380657631324e-32 1.0 2.220446049250313e-16 4.930380657631324e-32 1.0 2.220446049250313e-16 4.930380657631324e-32 1.0 2.220446049250313e-16 4.930380657631324e-32 1.0 2.220446049250313e-16 4.930380657631324e-32 1.0 2.220446049250313e-16 4.930380657631324e-32 1.0 2.220446049250313e-16 4.930380657631324e-32 1.0 2.220446049250313e-16 4.930380657631324e-32 1.0 2.220446049250313e-16 4.930380657631324e-32 1.0 2.220446049250313e-16 4.930380657631324e-32 2.0514245950926577e-16 -0.3826834261417389 0.9238795042037964 2.0514245950926577e-16 -0.3826834261417389 0.9238795042037964 2.2014500119191553e-16 -0.13052618503570557 0.9914449453353882 2.2014500119191553e-16 -0.13052618503570557 0.9914449453353882 -1.0 -2.220446049250313e-16 -4.930380657631324e-32 -1.0 -2.220446049250313e-16 -4.930380657631324e-32 -1.0 -2.220446049250313e-16 -4.930380657631324e-32 -1.0 -2.220446049250313e-16 -4.930380657631324e-32 -1.0 -2.220446049250313e-16 -4.930380657631324e-32 -1.0 -2.220446049250313e-16 -4.930380657631324e-32 -1.0 -2.220446049250313e-16 -4.930380657631324e-32 -1.0 -2.220446049250313e-16 -4.930380657631324e-32 -1.0 -2.220446049250313e-16 -4.930380657631324e-32 -1.0 -2.220446049250313e-16 -4.930380657631324e-32 -1.0 -2.220446049250313e-16 -4.930380657631324e-32 -1.0 -2.220446049250313e-16 -4.930380657631324e-32 -1.0 -2.220446049250313e-16 -4.930380657631324e-32 -1.0 -2.220446049250313e-16 -4.930380657631324e-32 -1.0 -2.220446049250313e-16 -4.930380657631324e-32 -1.0 -2.220446049250313e-16 -4.930380657631324e-32 -1.0 -2.220446049250313e-16 -4.930380657631324e-32 -1.0 -2.220446049250313e-16 -4.930380657631324e-32 -1.0 -2.220446049250313e-16 -4.930380657631324e-32 -1.0 -2.220446049250313e-16 -4.930380657631324e-32 -1.0 -2.220446049250313e-16 -4.930380657631324e-32 -1.0 -2.220446049250313e-16 -4.930380657631324e-32</float_array><technique_common><accessor source="#mesh22-normals-array" count="92" stride="3"><param name="X" type="float" /><param name="Y" type="float" /><param name="Z" type="float" /></accessor></technique_common></source><vertices id="mesh22-vertices"><input semantic="POSITION" source="#mesh22-positions" /></vertices><triangles count="92" material="graphite"><input semantic="VERTEX" source="#mesh22-vertices" offset="0" /><input semantic="NORMAL" source="#mesh22-normals" offset="1" /><p>0 0 1 0 3 0 0 1 3 1 2 1 2 2 3 2 5 2 2 3 5 3 4 3 4 4 5 4 7 4 4 5 7 5 6 5 6 6 7 6 9 6 6 7 9 7 8 7 8 8 9 8 11 8 8 9 11 9 10 9 10 10 11 10 13 10 10 11 13 11 12 11 12 12 13 12 15 12 12 13 15 13 14 13 14 14 15 14 17 14 14 15 17 15 16 15 16 16 17 16 19 16 16 17 19 17 18 17 18 18 19 18 21 18 18 19 21 19 20 19 20 20 21 20 23 20 20 21 23 21 22 21 22 22 23 22 25 22 22 23 25 23 24 23 24 24 25 24 27 24 24 25 27 25 26 25 26 26 27 26 29 26 26 27 29 27 28 27 28 28 29 28 31 28 28 29 31 29 30 29 30 30 31 30 33 30 30 31 33 31 32 31 32 32 33 32 35 32 32 33 35 33 34 33 34 34 35 34 37 34 34 35 37 35 36 35 36 36 37 36 39 36 36 37 39 37 38 37 38 38 39 38 41 38 38 39 41 39 40 39 40 40 41 40 43 40 40 41 43 41 42 41 42 42 43 42 45 42 42 43 45 43 44 43 5 44 3 44 1 44 1 45 47 45 45 45 45 46 43 46 41 46 41 47 39 47 37 47 37 48 35 48 33 48 33 49 31 49 29 49 29 50 27 50 25 50 25 51 23 51 21 51 21 52 19 52 17 52 17 53 15 53 13 53 13 54 11 54 9 54 9 55 7 55 5 55 5 56 1 56 45 56 45 57 41 57 37 57 37 58 33 58 29 58 29 59 25 59 21 59 21 60 17 60 13 60 13 61 9 61 5 61 5 62 45 62 37 62 37 63 29 63 21 63 21 64 13 64 5 64 37 65 21 65 5 65 44 66 45 66 47 66 44 67 47 67 46 67 46 68 47 68 1 68 46 69 1 69 0 69 46 70 0 70 2 70 2 71 4 71 6 71 6 72 8 72 10 72 10 73 12 73 14 73 14 74 16 74 18 74 18 75 20 75 22 75 22 76 24 76 26 76 26 77 28 77 30 77 30 78 32 78 34 78 34 79 36 79 38 79 38 80 40 80 42 80 42 81 44 81 46 81 46 82 2 82 6 82 6 83 10 83 14 83 14 84 18 84 22 84 22 85 26 85 30 85 30 86 34 86 38 86 38 87 42 87 46 87 46 88 6 88 14 88 14 89 22 89 30 89 30 90 38 90 46 90 14 91 30 91 46 91</p></triangles></mesh></geometry><geometry id="mesh23"><mesh><source id="mesh23-positions"><float_array id="mesh23-array" count="72">-0.3500000238418579 -4.871103672744107e-18 0.021937500685453415 -0.3059999942779541 -4.871103672744107e-18 0.021937500685453415 -0.3500000238418579 0.010968750342726707 0.018998432904481888 -0.3059999942779541 0.010968750342726707 0.018998432904481888 -0.3500000238418579 0.018998432904481888 0.010968750342726707 -0.3059999942779541 0.018998432904481888 0.010968750342726707 -0.3500000238418579 0.021937500685453415 4.884981281880909e-18 -0.3059999942779541 0.021937500685453415 -4.884981281880909e-18 -0.3500000238418579 0.018998432904481888 -0.010968750342726707 -0.3059999942779541 0.018998432904481888 -0.010968750342726707 -0.3500000238418579 0.010968750342726707 -0.018998432904481888 -0.3059999942779541 0.010968750342726707 -0.018998432904481888 -0.3500000238418579 4.871103672744107e-18 -0.021937500685453415 -0.3059999942779541 4.871103672744107e-18 -0.021937500685453415 -0.3500000238418579 -0.010968750342726707 -0.018998432904481888 -0.3059999942779541 -0.010968750342726707 -0.018998432904481888 -0.3500000238418579 -0.018998432904481888 -0.010968750342726707 -0.3059999942779541 -0.018998432904481888 -0.010968750342726707 -0.3500000238418579 -0.021937500685453415 4.884981281880909e-18 -0.3059999942779541 -0.021937500685453415 -4.884981281880909e-18 -0.3500000238418579 -0.018998432904481888 0.010968750342726707 -0.3059999942779541 -0.018998432904481888 0.010968750342726707 -0.3500000238418579 -0.010968750342726707 0.018998432904481888 -0.3059999942779541 -0.010968750342726707 0.018998432904481888</float_array><technique_common><accessor source="#mesh23-array" count="24" stride="3"><param name="X" type="float" /><param name="Y" type="float" /><param name="Z" type="float" /></accessor></technique_common></source><source id="mesh23-normals"><float_array id="mesh23-normals-array" count="132">2.1447862870747008e-16 0.2588190734386444 0.9659258723258972 2.1447862870747008e-16 0.2588190734386444 0.9659258723258972 1.5700924318127872e-16 0.7071067690849304 0.7071067690849304 1.5700924318127872e-16 0.7071067690849304 0.7071067690849304 5.746937890874646e-17 0.9659258723258972 0.2588190734386444 5.746937890874646e-17 0.9659258723258972 0.2588190734386444 -5.746937890874646e-17 0.9659258723258972 -0.2588190734386444 -5.746937890874646e-17 0.9659258723258972 -0.2588190734386444 -1.5700924318127872e-16 0.7071067690849304 -0.7071067690849304 -1.5700924318127872e-16 0.7071067690849304 -0.7071067690849304 -2.1447862870747008e-16 0.2588190734386444 -0.9659258723258972 -2.1447862870747008e-16 0.2588190734386444 -0.9659258723258972 -2.1447862870747008e-16 -0.2588190734386444 -0.9659258723258972 -2.1447862870747008e-16 -0.2588190734386444 -0.9659258723258972 -1.5700924318127872e-16 -0.7071067690849304 -0.7071067690849304 -1.5700924318127872e-16 -0.7071067690849304 -0.7071067690849304 -5.746937890874646e-17 -0.9659258723258972 -0.2588190734386444 -5.746937890874646e-17 -0.9659258723258972 -0.2588190734386444 5.746937890874646e-17 -0.9659258723258972 0.2588190734386444 5.746937890874646e-17 -0.9659258723258972 0.2588190734386444 1.0 2.220446049250313e-16 4.930380657631324e-32 1.0 2.220446049250313e-16 4.930380657631324e-32 1.0 2.220446049250313e-16 4.930380657631324e-32 1.0 2.220446049250313e-16 4.930380657631324e-32 1.0 2.220446049250313e-16 4.930380657631324e-32 1.0 2.220446049250313e-16 4.930380657631324e-32 1.0 2.220446049250313e-16 4.930380657631324e-32 1.0 2.220446049250313e-16 4.930380657631324e-32 1.0 2.220446049250313e-16 4.930380657631324e-32 1.0 2.220446049250313e-16 4.930380657631324e-32 1.5700924318127872e-16 -0.7071067690849304 0.7071067690849304 1.5700924318127872e-16 -0.7071067690849304 0.7071067690849304 2.1447862870747008e-16 -0.2588190734386444 0.9659258723258972 2.1447862870747008e-16 -0.2588190734386444 0.9659258723258972 -1.0 -2.220446049250313e-16 -4.930380657631324e-32 -1.0 -2.220446049250313e-16 -4.930380657631324e-32 -1.0 -2.220446049250313e-16 -4.930380657631324e-32 -1.0 -2.220446049250313e-16 -4.930380657631324e-32 -1.0 -2.220446049250313e-16 -4.930380657631324e-32 -1.0 -2.220446049250313e-16 -4.930380657631324e-32 -1.0 -2.220446049250313e-16 -4.930380657631324e-32 -1.0 -2.220446049250313e-16 -4.930380657631324e-32 -1.0 -2.220446049250313e-16 -4.930380657631324e-32 -1.0 -2.220446049250313e-16 -4.930380657631324e-32</float_array><technique_common><accessor source="#mesh23-normals-array" count="44" stride="3"><param name="X" type="float" /><param name="Y" type="float" /><param name="Z" type="float" /></accessor></technique_common></source><vertices id="mesh23-vertices"><input semantic="POSITION" source="#mesh23-positions" /></vertices><triangles count="44" material="graphite"><input semantic="VERTEX" source="#mesh23-vertices" offset="0" /><input semantic="NORMAL" source="#mesh23-normals" offset="1" /><p>0 0 1 0 3 0 0 1 3 1 2 1 2 2 3 2 5 2 2 3 5 3 4 3 4 4 5 4 7 4 4 5 7 5 6 5 6 6 7 6 9 6 6 7 9 7 8 7 8 8 9 8 11 8 8 9 11 9 10 9 10 10 11 10 13 10 10 11 13 11 12 11 12 12 13 12 15 12 12 13 15 13 14 13 14 14 15 14 17 14 14 15 17 15 16 15 16 16 17 16 19 16 16 17 19 17 18 17 18 18 19 18 21 18 18 19 21 19 20 19 5 20 3 20 1 20 1 21 23 21 21 21 21 22 19 22 17 22 17 23 15 23 13 23 13 24 11 24 9 24 9 25 7 25 5 25 5 26 1 26 21 26 21 27 17 27 13 27 13 28 9 28 5 28 21 29 13 29 5 29 20 30 21 30 23 30 20 31 23 31 22 31 22 32 23 32 1 32 22 33 1 33 0 33 22 34 0 34 2 34 2 35 4 35 6 35 6 36 8 36 10 36 10 37 12 37 14 37 14 38 16 38 18 38 18 39 20 39 22 39 22 40 2 40 6 40 6 41 10 41 14 41 14 42 18 42 22 42 6 43 14 43 22 43</p></triangles></mesh></geometry><geometry id="mesh24"><mesh><source id="mesh24-positions"><float_array id="mesh24-array" count="144">-0.3630000054836273 -2.7278179078441897e-18 0.012284999713301659 -0.2980000078678131 -2.7278179078441897e-18 0.012284999713301659 -0.3630000054836273 0.0031795918475836515 0.01186639815568924 -0.2980000078678131 0.0031795918475836515 0.01186639815568924 -0.3630000054836273 0.006142499856650829 0.010639121755957603 -0.2980000078678131 0.006142499856650829 0.010639121755957603 -0.3630000054836273 0.008686806075274944 0.008686806075274944 -0.2980000078678131 0.008686806075274944 0.008686806075274944 -0.3630000054836273 0.010639121755957603 0.006142499856650829 -0.2980000078678131 0.010639121755957603 0.006142499856650829 -0.3630000054836273 0.01186639815568924 0.0031795918475836515 -0.2980000078678131 0.01186639815568924 0.0031795918475836515 -0.3630000054836273 0.012284999713301659 7.216449395365721e-18 -0.2980000078678131 0.012284999713301659 -7.216449395365721e-18 -0.3630000054836273 0.01186639815568924 -0.0031795918475836515 -0.2980000078678131 0.01186639815568924 -0.0031795918475836515 -0.3630000054836273 0.010639121755957603 -0.006142499856650829 -0.2980000078678131 0.010639121755957603 -0.006142499856650829 -0.3630000054836273 0.008686806075274944 -0.008686806075274944 -0.2980000078678131 0.008686806075274944 -0.008686806075274944 -0.3630000054836273 0.006142499856650829 -0.010639121755957603 -0.2980000078678131 0.006142499856650829 -0.010639121755957603 -0.3630000054836273 0.0031795918475836515 -0.01186639815568924 -0.2980000078678131 0.0031795918475836515 -0.01186639815568924 -0.3630000054836273 2.7278179078441897e-18 -0.012284999713301659 -0.2980000078678131 2.7278179078441897e-18 -0.012284999713301659 -0.3630000054836273 -0.0031795918475836515 -0.01186639815568924 -0.2980000078678131 -0.0031795918475836515 -0.01186639815568924 -0.3630000054836273 -0.006142499856650829 -0.010639121755957603 -0.2980000078678131 -0.006142499856650829 -0.010639121755957603 -0.3630000054836273 -0.008686806075274944 -0.008686806075274944 -0.2980000078678131 -0.008686806075274944 -0.008686806075274944 -0.3630000054836273 -0.010639121755957603 -0.006142499856650829 -0.2980000078678131 -0.010639121755957603 -0.006142499856650829 -0.3630000054836273 -0.01186639815568924 -0.0031795918475836515 -0.2980000078678131 -0.01186639815568924 -0.0031795918475836515 -0.3630000054836273 -0.012284999713301659 7.216449395365721e-18 -0.2980000078678131 -0.012284999713301659 -7.216449395365721e-18 -0.3630000054836273 -0.01186639815568924 0.0031795918475836515 -0.2980000078678131 -0.01186639815568924 0.0031795918475836515 -0.3630000054836273 -0.010639121755957603 0.006142499856650829 -0.2980000078678131 -0.010639121755957603 0.006142499856650829 -0.3630000054836273 -0.008686806075274944 0.008686806075274944 -0.2980000078678131 -0.008686806075274944 0.008686806075274944 -0.3630000054836273 -0.006142499856650829 0.010639121755957603 -0.2980000078678131 -0.006142499856650829 0.010639121755957603 -0.3630000054836273 -0.0031795918475836515 0.01186639815568924 -0.2980000078678131 -0.0031795918475836515 0.01186639815568924</float_array><technique_common><accessor source="#mesh24-array" count="48" stride="3"><param name="X" type="float" /><param name="Y" type="float" /><param name="Z" type="float" /></accessor></technique_common></source><source id="mesh24-normals"><float_array id="mesh24-normals-array" count="276">2.2014498795702573e-16 0.13052630424499512 0.9914448857307434 2.2014498795702573e-16 0.13052630424499512 0.9914448857307434 2.0514247274415557e-16 0.3826833963394165 0.9238795638084412 2.0514247274415557e-16 0.3826833963394165 0.9238795638084412 1.761597978508614e-16 0.6087616086006165 0.7933531999588013 1.761597978508614e-16 0.6087616086006165 0.7933531999588013 1.3517223087525042e-16 0.7933531999588013 0.6087616086006165 1.3517223087525042e-16 0.7933531999588013 0.6087616086006165 8.497278355155491e-17 0.9238795638084412 0.3826833963394165 8.497278355155491e-17 0.9238795638084412 0.3826833963394165 2.898266165840438e-17 0.9914448857307434 0.13052630424499512 2.898266165840438e-17 0.9914448857307434 0.13052630424499512 -2.898266165840438e-17 0.9914448857307434 -0.13052630424499512 -2.898266165840438e-17 0.9914448857307434 -0.13052630424499512 -8.497278355155491e-17 0.9238795638084412 -0.3826833963394165 -8.497278355155491e-17 0.9238795638084412 -0.3826833963394165 -1.3517223087525042e-16 0.7933531999588013 -0.6087616086006165 -1.3517223087525042e-16 0.7933531999588013 -0.6087616086006165 -1.761597978508614e-16 0.6087616086006165 -0.7933531999588013 -1.761597978508614e-16 0.6087616086006165 -0.7933531999588013 -2.0514247274415557e-16 0.3826833963394165 -0.9238795638084412 -2.0514247274415557e-16 0.3826833963394165 -0.9238795638084412 -2.2014498795702573e-16 0.13052630424499512 -0.9914448857307434 -2.2014498795702573e-16 0.13052630424499512 -0.9914448857307434 -2.2014498795702573e-16 -0.13052630424499512 -0.9914448857307434 -2.2014498795702573e-16 -0.13052630424499512 -0.9914448857307434 -2.0514247274415557e-16 -0.3826833963394165 -0.9238795638084412 -2.0514247274415557e-16 -0.3826833963394165 -0.9238795638084412 -1.761597978508614e-16 -0.6087616086006165 -0.7933531999588013 -1.761597978508614e-16 -0.6087616086006165 -0.7933531999588013 -1.3517223087525042e-16 -0.7933531999588013 -0.6087616086006165 -1.3517223087525042e-16 -0.7933531999588013 -0.6087616086006165 -8.497278355155491e-17 -0.9238795638084412 -0.3826833963394165 -8.497278355155491e-17 -0.9238795638084412 -0.3826833963394165 -2.898266165840438e-17 -0.9914448857307434 -0.13052630424499512 -2.898266165840438e-17 -0.9914448857307434 -0.13052630424499512 2.898266165840438e-17 -0.9914448857307434 0.13052630424499512 2.898266165840438e-17 -0.9914448857307434 0.13052630424499512 8.497278355155491e-17 -0.9238795638084412 0.3826833963394165 8.497278355155491e-17 -0.9238795638084412 0.3826833963394165 1.3517223087525042e-16 -0.7933531999588013 0.6087616086006165 1.3517223087525042e-16 -0.7933531999588013 0.6087616086006165 1.761597978508614e-16 -0.6087616086006165 0.7933531999588013 1.761597978508614e-16 -0.6087616086006165 0.7933531999588013 1.0 2.220446049250313e-16 4.930380657631324e-32 1.0 2.220446049250313e-16 4.930380657631324e-32 1.0 2.220446049250313e-16 4.930380657631324e-32 1.0 2.220446049250313e-16 4.930380657631324e-32 1.0 2.220446049250313e-16 4.930380657631324e-32 1.0 2.220446049250313e-16 4.930380657631324e-32 1.0 2.220446049250313e-16 4.930380657631324e-32 1.0 2.220446049250313e-16 4.930380657631324e-32 1.0 2.220446049250313e-16 4.930380657631324e-32 1.0 2.220446049250313e-16 4.930380657631324e-32 1.0 2.220446049250313e-16 4.930380657631324e-32 1.0 2.220446049250313e-16 4.930380657631324e-32 1.0 2.220446049250313e-16 4.930380657631324e-32 1.0 2.220446049250313e-16 4.930380657631324e-32 1.0 2.220446049250313e-16 4.930380657631324e-32 1.0 2.220446049250313e-16 4.930380657631324e-32 1.0 2.220446049250313e-16 4.930380657631324e-32 1.0 2.220446049250313e-16 4.930380657631324e-32 1.0 2.220446049250313e-16 4.930380657631324e-32 1.0 2.220446049250313e-16 4.930380657631324e-32 1.0 2.220446049250313e-16 4.930380657631324e-32 1.0 2.220446049250313e-16 4.930380657631324e-32 2.0514247274415557e-16 -0.3826833963394165 0.9238795638084412 2.0514247274415557e-16 -0.3826833963394165 0.9238795638084412 2.2014498795702573e-16 -0.13052630424499512 0.9914448857307434 2.2014498795702573e-16 -0.13052630424499512 0.9914448857307434 -1.0 -2.220446049250313e-16 -4.930380657631324e-32 -1.0 -2.220446049250313e-16 -4.930380657631324e-32 -1.0 -2.220446049250313e-16 -4.930380657631324e-32 -1.0 -2.220446049250313e-16 -4.930380657631324e-32 -1.0 -2.220446049250313e-16 -4.930380657631324e-32 -1.0 -2.220446049250313e-16 -4.930380657631324e-32 -1.0 -2.220446049250313e-16 -4.930380657631324e-32 -1.0 -2.220446049250313e-16 -4.930380657631324e-32 -1.0 -2.220446049250313e-16 -4.930380657631324e-32 -1.0 -2.220446049250313e-16 -4.930380657631324e-32 -1.0 -2.220446049250313e-16 -4.930380657631324e-32 -1.0 -2.220446049250313e-16 -4.930380657631324e-32 -1.0 -2.220446049250313e-16 -4.930380657631324e-32 -1.0 -2.220446049250313e-16 -4.930380657631324e-32 -1.0 -2.220446049250313e-16 -4.930380657631324e-32 -1.0 -2.220446049250313e-16 -4.930380657631324e-32 -1.0 -2.220446049250313e-16 -4.930380657631324e-32 -1.0 -2.220446049250313e-16 -4.930380657631324e-32 -1.0 -2.220446049250313e-16 -4.930380657631324e-32 -1.0 -2.220446049250313e-16 -4.930380657631324e-32 -1.0 -2.220446049250313e-16 -4.930380657631324e-32 -1.0 -2.220446049250313e-16 -4.930380657631324e-32</float_array><technique_common><accessor source="#mesh24-normals-array" count="92" stride="3"><param name="X" type="float" /><param name="Y" type="float" /><param name="Z" type="float" /></accessor></technique_common></source><vertices id="mesh24-vertices"><input semantic="POSITION" source="#mesh24-positions" /></vertices><triangles count="92" material="graphite"><input semantic="VERTEX" source="#mesh24-vertices" offset="0" /><input semantic="NORMAL" source="#mesh24-normals" offset="1" /><p>0 0 1 0 3 0 0 1 3 1 2 1 2 2 3 2 5 2 2 3 5 3 4 3 4 4 5 4 7 4 4 5 7 5 6 5 6 6 7 6 9 6 6 7 9 7 8 7 8 8 9 8 11 8 8 9 11 9 10 9 10 10 11 10 13 10 10 11 13 11 12 11 12 12 13 12 15 12 12 13 15 13 14 13 14 14 15 14 17 14 14 15 17 15 16 15 16 16 17 16 19 16 16 17 19 17 18 17 18 18 19 18 21 18 18 19 21 19 20 19 20 20 21 20 23 20 20 21 23 21 22 21 22 22 23 22 25 22 22 23 25 23 24 23 24 24 25 24 27 24 24 25 27 25 26 25 26 26 27 26 29 26 26 27 29 27 28 27 28 28 29 28 31 28 28 29 31 29 30 29 30 30 31 30 33 30 30 31 33 31 32 31 32 32 33 32 35 32 32 33 35 33 34 33 34 34 35 34 37 34 34 35 37 35 36 35 36 36 37 36 39 36 36 37 39 37 38 37 38 38 39 38 41 38 38 39 41 39 40 39 40 40 41 40 43 40 40 41 43 41 42 41 42 42 43 42 45 42 42 43 45 43 44 43 5 44 3 44 1 44 1 45 47 45 45 45 45 46 43 46 41 46 41 47 39 47 37 47 37 48 35 48 33 48 33 49 31 49 29 49 29 50 27 50 25 50 25 51 23 51 21 51 21 52 19 52 17 52 17 53 15 53 13 53 13 54 11 54 9 54 9 55 7 55 5 55 5 56 1 56 45 56 45 57 41 57 37 57 37 58 33 58 29 58 29 59 25 59 21 59 21 60 17 60 13 60 13 61 9 61 5 61 5 62 45 62 37 62 37 63 29 63 21 63 21 64 13 64 5 64 37 65 21 65 5 65 44 66 45 66 47 66 44 67 47 67 46 67 46 68 47 68 1 68 46 69 1 69 0 69 46 70 0 70 2 70 2 71 4 71 6 71 6 72 8 72 10 72 10 73 12 73 14 73 14 74 16 74 18 74 18 75 20 75 22 75 22 76 24 76 26 76 26 77 28 77 30 77 30 78 32 78 34 78 34 79 36 79 38 79 38 80 40 80 42 80 42 81 44 81 46 81 46 82 2 82 6 82 6 83 10 83 14 83 14 84 18 84 22 84 22 85 26 85 30 85 30 86 34 86 38 86 38 87 42 87 46 87 46 88 6 88 14 88 14 89 22 89 30 89 30 90 38 90 46 90 14 91 30 91 46 91</p></triangles></mesh></geometry><geometry id="mesh25"><mesh><source id="mesh25-positions"><float_array id="mesh25-array" count="72">-0.409000039100647 -4.3465230990558405e-18 0.019574999809265137 -0.36500000953674316 -4.3465230990558405e-18 0.019574999809265137 -0.409000039100647 0.009787499904632568 0.016952447593212128 -0.36500000953674316 0.009787499904632568 0.016952447593212128 -0.409000039100647 0.016952447593212128 0.009787499904632568 -0.36500000953674316 0.016952447593212128 0.009787499904632568 -0.409000039100647 0.019574999809265137 4.884981281880909e-18 -0.36500000953674316 0.019574999809265137 -4.884981281880909e-18 -0.409000039100647 0.016952447593212128 -0.009787499904632568 -0.36500000953674316 0.016952447593212128 -0.009787499904632568 -0.409000039100647 0.009787499904632568 -0.016952447593212128 -0.36500000953674316 0.009787499904632568 -0.016952447593212128 -0.409000039100647 4.3465230990558405e-18 -0.019574999809265137 -0.36500000953674316 4.3465230990558405e-18 -0.019574999809265137 -0.409000039100647 -0.009787499904632568 -0.016952447593212128 -0.36500000953674316 -0.009787499904632568 -0.016952447593212128 -0.409000039100647 -0.016952447593212128 -0.009787499904632568 -0.36500000953674316 -0.016952447593212128 -0.009787499904632568 -0.409000039100647 -0.019574999809265137 4.884981281880909e-18 -0.36500000953674316 -0.019574999809265137 -4.884981281880909e-18 -0.409000039100647 -0.016952447593212128 0.009787499904632568 -0.36500000953674316 -0.016952447593212128 0.009787499904632568 -0.409000039100647 -0.009787499904632568 0.016952447593212128 -0.36500000953674316 -0.009787499904632568 0.016952447593212128</float_array><technique_common><accessor source="#mesh25-array" count="24" stride="3"><param name="X" type="float" /><param name="Y" type="float" /><param name="Z" type="float" /></accessor></technique_common></source><source id="mesh25-normals"><float_array id="mesh25-normals-array" count="132">2.1447862870747008e-16 0.25881901383399963 0.9659258723258972 2.1447862870747008e-16 0.25881901383399963 0.9659258723258972 1.5700924318127872e-16 0.7071067690849304 0.7071067690849304 1.5700924318127872e-16 0.7071067690849304 0.7071067690849304 5.746936567385666e-17 0.9659258723258972 0.25881901383399963 5.746936567385666e-17 0.9659258723258972 0.25881901383399963 -5.746936567385666e-17 0.9659258723258972 -0.25881901383399963 -5.746936567385666e-17 0.9659258723258972 -0.25881901383399963 -1.5700924318127872e-16 0.7071067690849304 -0.7071067690849304 -1.5700924318127872e-16 0.7071067690849304 -0.7071067690849304 -2.1447862870747008e-16 0.25881901383399963 -0.9659258723258972 -2.1447862870747008e-16 0.25881901383399963 -0.9659258723258972 -2.1447862870747008e-16 -0.25881901383399963 -0.9659258723258972 -2.1447862870747008e-16 -0.25881901383399963 -0.9659258723258972 -1.5700924318127872e-16 -0.7071067690849304 -0.7071067690849304 -1.5700924318127872e-16 -0.7071067690849304 -0.7071067690849304 -5.746936567385666e-17 -0.9659258723258972 -0.25881901383399963 -5.746936567385666e-17 -0.9659258723258972 -0.25881901383399963 5.746936567385666e-17 -0.9659258723258972 0.25881901383399963 5.746936567385666e-17 -0.9659258723258972 0.25881901383399963 1.0 2.220446049250313e-16 4.930380657631324e-32 1.0 2.220446049250313e-16 4.930380657631324e-32 1.0 2.220446049250313e-16 4.930380657631324e-32 1.0 2.220446049250313e-16 4.930380657631324e-32 1.0 2.220446049250313e-16 4.930380657631324e-32 1.0 2.220446049250313e-16 4.930380657631324e-32 1.0 2.220446049250313e-16 4.930380657631324e-32 1.0 2.220446049250313e-16 4.930380657631324e-32 1.0 2.220446049250313e-16 4.930380657631324e-32 1.0 2.220446049250313e-16 4.930380657631324e-32 1.5700924318127872e-16 -0.7071067690849304 0.7071067690849304 1.5700924318127872e-16 -0.7071067690849304 0.7071067690849304 2.1447862870747008e-16 -0.25881901383399963 0.9659258723258972 2.1447862870747008e-16 -0.25881901383399963 0.9659258723258972 -1.0 -2.220446049250313e-16 -4.930380657631324e-32 -1.0 -2.220446049250313e-16 -4.930380657631324e-32 -1.0 -2.220446049250313e-16 -4.930380657631324e-32 -1.0 -2.220446049250313e-16 -4.930380657631324e-32 -1.0 -2.220446049250313e-16 -4.930380657631324e-32 -1.0 -2.220446049250313e-16 -4.930380657631324e-32 -1.0 -2.220446049250313e-16 -4.930380657631324e-32 -1.0 -2.220446049250313e-16 -4.930380657631324e-32 -1.0 -2.220446049250313e-16 -4.930380657631324e-32 -1.0 -2.220446049250313e-16 -4.930380657631324e-32</float_array><technique_common><accessor source="#mesh25-normals-array" count="44" stride="3"><param name="X" type="float" /><param name="Y" type="float" /><param name="Z" type="float" /></accessor></technique_common></source><vertices id="mesh25-vertices"><input semantic="POSITION" source="#mesh25-positions" /></vertices><triangles count="44" material="graphite"><input semantic="VERTEX" source="#mesh25-vertices" offset="0" /><input semantic="NORMAL" source="#mesh25-normals" offset="1" /><p>0 0 1 0 3 0 0 1 3 1 2 1 2 2 3 2 5 2 2 3 5 3 4 3 4 4 5 4 7 4 4 5 7 5 6 5 6 6 7 6 9 6 6 7 9 7 8 7 8 8 9 8 11 8 8 9 11 9 10 9 10 10 11 10 13 10 10 11 13 11 12 11 12 12 13 12 15 12 12 13 15 13 14 13 14 14 15 14 17 14 14 15 17 15 16 15 16 16 17 16 19 16 16 17 19 17 18 17 18 18 19 18 21 18 18 19 21 19 20 19 5 20 3 20 1 20 1 21 23 21 21 21 21 22 19 22 17 22 17 23 15 23 13 23 13 24 11 24 9 24 9 25 7 25 5 25 5 26 1 26 21 26 21 27 17 27 13 27 13 28 9 28 5 28 21 29 13 29 5 29 20 30 21 30 23 30 20 31 23 31 22 31 22 32 23 32 1 32 22 33 1 33 0 33 22 34 0 34 2 34 2 35 4 35 6 35 6 36 8 36 10 36 10 37 12 37 14 37 14 38 16 38 18 38 18 39 20 39 22 39 22 40 2 40 6 40 6 41 10 41 14 41 14 42 18 42 22 42 6 43 14 43 22 43</p></triangles></mesh></geometry><geometry id="mesh26"><mesh><source id="mesh26-positions"><float_array id="mesh26-array" count="144">-0.421999990940094 -2.4340529851021074e-18 0.010962000116705894 -0.3569999933242798 -2.4340529851021074e-18 0.010962000116705894 -0.421999990940094 0.002837174339219928 0.010588479228317738 -0.3569999933242798 0.002837174339219928 0.010588479228317738 -0.421999990940094 0.005481000058352947 0.009493370540440083 -0.3569999933242798 0.005481000058352947 0.009493370540440083 -0.421999990940094 0.007751304656267166 0.007751304656267166 -0.3569999933242798 0.007751304656267166 0.007751304656267166 -0.421999990940094 0.009493370540440083 0.005481000058352947 -0.3569999933242798 0.009493370540440083 0.005481000058352947 -0.421999990940094 0.010588479228317738 0.002837174339219928 -0.3569999933242798 0.010588479228317738 0.002837174339219928 -0.421999990940094 0.010962000116705894 7.216449395365721e-18 -0.3569999933242798 0.010962000116705894 -7.216449395365721e-18 -0.421999990940094 0.010588479228317738 -0.002837174339219928 -0.3569999933242798 0.010588479228317738 -0.002837174339219928 -0.421999990940094 0.009493370540440083 -0.005481000058352947 -0.3569999933242798 0.009493370540440083 -0.005481000058352947 -0.421999990940094 0.007751304656267166 -0.007751304656267166 -0.3569999933242798 0.007751304656267166 -0.007751304656267166 -0.421999990940094 0.005481000058352947 -0.009493370540440083 -0.3569999933242798 0.005481000058352947 -0.009493370540440083 -0.421999990940094 0.002837174339219928 -0.010588479228317738 -0.3569999933242798 0.002837174339219928 -0.010588479228317738 -0.421999990940094 2.4340529851021074e-18 -0.010962000116705894 -0.3569999933242798 2.4340529851021074e-18 -0.010962000116705894 -0.421999990940094 -0.002837174339219928 -0.010588479228317738 -0.3569999933242798 -0.002837174339219928 -0.010588479228317738 -0.421999990940094 -0.005481000058352947 -0.009493370540440083 -0.3569999933242798 -0.005481000058352947 -0.009493370540440083 -0.421999990940094 -0.007751304656267166 -0.007751304656267166 -0.3569999933242798 -0.007751304656267166 -0.007751304656267166 -0.421999990940094 -0.009493370540440083 -0.005481000058352947 -0.3569999933242798 -0.009493370540440083 -0.005481000058352947 -0.421999990940094 -0.010588479228317738 -0.002837174339219928 -0.3569999933242798 -0.010588479228317738 -0.002837174339219928 -0.421999990940094 -0.010962000116705894 7.216449395365721e-18 -0.3569999933242798 -0.010962000116705894 -7.216449395365721e-18 -0.421999990940094 -0.010588479228317738 0.002837174339219928 -0.3569999933242798 -0.010588479228317738 0.002837174339219928 -0.421999990940094 -0.009493370540440083 0.005481000058352947 -0.3569999933242798 -0.009493370540440083 0.005481000058352947 -0.421999990940094 -0.007751304656267166 0.007751304656267166 -0.3569999933242798 -0.007751304656267166 0.007751304656267166 -0.421999990940094 -0.005481000058352947 0.009493370540440083 -0.3569999933242798 -0.005481000058352947 0.009493370540440083 -0.421999990940094 -0.002837174339219928 0.010588479228317738 -0.3569999933242798 -0.002837174339219928 0.010588479228317738</float_array><technique_common><accessor source="#mesh26-array" count="48" stride="3"><param name="X" type="float" /><param name="Y" type="float" /><param name="Z" type="float" /></accessor></technique_common></source><source id="mesh26-normals"><float_array id="mesh26-normals-array" count="276">2.2014500119191553e-16 0.13052614033222198 0.9914449453353882 2.2014500119191553e-16 0.13052614033222198 0.9914449453353882 2.0514247274415557e-16 0.38268354535102844 0.9238795638084412 2.0514247274415557e-16 0.38268354535102844 0.9238795638084412 1.761598375555308e-16 0.6087614297866821 0.7933533787727356 1.761598375555308e-16 0.6087614297866821 0.7933533787727356 1.3517219117058102e-16 0.7933533787727356 0.6087614297866821 1.3517219117058102e-16 0.7933533787727356 0.6087614297866821 8.497281663877941e-17 0.9238795638084412 0.38268354535102844 8.497281663877941e-17 0.9238795638084412 0.38268354535102844 2.8982625262457425e-17 0.9914449453353882 0.13052614033222198 2.8982625262457425e-17 0.9914449453353882 0.13052614033222198 -2.8982625262457425e-17 0.9914449453353882 -0.13052614033222198 -2.8982625262457425e-17 0.9914449453353882 -0.13052614033222198 -8.497281663877941e-17 0.9238795638084412 -0.38268354535102844 -8.497281663877941e-17 0.9238795638084412 -0.38268354535102844 -1.3517219117058102e-16 0.7933533787727356 -0.6087614297866821 -1.3517219117058102e-16 0.7933533787727356 -0.6087614297866821 -1.761598375555308e-16 0.6087614297866821 -0.7933533787727356 -1.761598375555308e-16 0.6087614297866821 -0.7933533787727356 -2.0514247274415557e-16 0.38268354535102844 -0.9238795638084412 -2.0514247274415557e-16 0.38268354535102844 -0.9238795638084412 -2.2014500119191553e-16 0.13052614033222198 -0.9914449453353882 -2.2014500119191553e-16 0.13052614033222198 -0.9914449453353882 -2.2014500119191553e-16 -0.13052614033222198 -0.9914449453353882 -2.2014500119191553e-16 -0.13052614033222198 -0.9914449453353882 -2.0514247274415557e-16 -0.38268354535102844 -0.9238795638084412 -2.0514247274415557e-16 -0.38268354535102844 -0.9238795638084412 -1.761598375555308e-16 -0.6087614297866821 -0.7933533787727356 -1.761598375555308e-16 -0.6087614297866821 -0.7933533787727356 -1.3517219117058102e-16 -0.7933533787727356 -0.6087614297866821 -1.3517219117058102e-16 -0.7933533787727356 -0.6087614297866821 -8.497281663877941e-17 -0.9238795638084412 -0.38268354535102844 -8.497281663877941e-17 -0.9238795638084412 -0.38268354535102844 -2.8982625262457425e-17 -0.9914449453353882 -0.13052614033222198 -2.8982625262457425e-17 -0.9914449453353882 -0.13052614033222198 2.8982625262457425e-17 -0.9914449453353882 0.13052614033222198 2.8982625262457425e-17 -0.9914449453353882 0.13052614033222198 8.497281663877941e-17 -0.9238795638084412 0.38268354535102844 8.497281663877941e-17 -0.9238795638084412 0.38268354535102844 1.3517219117058102e-16 -0.7933533787727356 0.6087614297866821 1.3517219117058102e-16 -0.7933533787727356 0.6087614297866821 1.761598375555308e-16 -0.6087614297866821 0.7933533787727356 1.761598375555308e-16 -0.6087614297866821 0.7933533787727356 1.0 2.220446049250313e-16 4.930380657631324e-32 1.0 2.220446049250313e-16 4.930380657631324e-32 1.0 2.220446049250313e-16 4.930380657631324e-32 1.0 2.220446049250313e-16 4.930380657631324e-32 1.0 2.220446049250313e-16 4.930380657631324e-32 1.0 2.220446049250313e-16 4.930380657631324e-32 1.0 2.220446049250313e-16 4.930380657631324e-32 1.0 2.220446049250313e-16 4.930380657631324e-32 1.0 2.220446049250313e-16 4.930380657631324e-32 1.0 2.220446049250313e-16 4.930380657631324e-32 1.0 2.220446049250313e-16 4.930380657631324e-32 1.0 2.220446049250313e-16 4.930380657631324e-32 1.0 2.220446049250313e-16 4.930380657631324e-32 1.0 2.220446049250313e-16 4.930380657631324e-32 1.0 2.220446049250313e-16 4.930380657631324e-32 1.0 2.220446049250313e-16 4.930380657631324e-32 1.0 2.220446049250313e-16 4.930380657631324e-32 1.0 2.220446049250313e-16 4.930380657631324e-32 1.0 2.220446049250313e-16 4.930380657631324e-32 1.0 2.220446049250313e-16 4.930380657631324e-32 1.0 2.220446049250313e-16 4.930380657631324e-32 1.0 2.220446049250313e-16 4.930380657631324e-32 2.0514247274415557e-16 -0.38268354535102844 0.9238795638084412 2.0514247274415557e-16 -0.38268354535102844 0.9238795638084412 2.2014500119191553e-16 -0.13052614033222198 0.9914449453353882 2.2014500119191553e-16 -0.13052614033222198 0.9914449453353882 -1.0 -2.220446049250313e-16 -4.930380657631324e-32 -1.0 -2.220446049250313e-16 -4.930380657631324e-32 -1.0 -2.220446049250313e-16 -4.930380657631324e-32 -1.0 -2.220446049250313e-16 -4.930380657631324e-32 -1.0 -2.220446049250313e-16 -4.930380657631324e-32 -1.0 -2.220446049250313e-16 -4.930380657631324e-32 -1.0 -2.220446049250313e-16 -4.930380657631324e-32 -1.0 -2.220446049250313e-16 -4.930380657631324e-32 -1.0 -2.220446049250313e-16 -4.930380657631324e-32 -1.0 -2.220446049250313e-16 -4.930380657631324e-32 -1.0 -2.220446049250313e-16 -4.930380657631324e-32 -1.0 -2.220446049250313e-16 -4.930380657631324e-32 -1.0 -2.220446049250313e-16 -4.930380657631324e-32 -1.0 -2.220446049250313e-16 -4.930380657631324e-32 -1.0 -2.220446049250313e-16 -4.930380657631324e-32 -1.0 -2.220446049250313e-16 -4.930380657631324e-32 -1.0 -2.220446049250313e-16 -4.930380657631324e-32 -1.0 -2.220446049250313e-16 -4.930380657631324e-32 -1.0 -2.220446049250313e-16 -4.930380657631324e-32 -1.0 -2.220446049250313e-16 -4.930380657631324e-32 -1.0 -2.220446049250313e-16 -4.930380657631324e-32 -1.0 -2.220446049250313e-16 -4.930380657631324e-32</float_array><technique_common><accessor source="#mesh26-normals-array" count="92" stride="3"><param name="X" type="float" /><param name="Y" type="float" /><param name="Z" type="float" /></accessor></technique_common></source><vertices id="mesh26-vertices"><input semantic="POSITION" source="#mesh26-positions" /></vertices><triangles count="92" material="graphite"><input semantic="VERTEX" source="#mesh26-vertices" offset="0" /><input semantic="NORMAL" source="#mesh26-normals" offset="1" /><p>0 0 1 0 3 0 0 1 3 1 2 1 2 2 3 2 5 2 2 3 5 3 4 3 4 4 5 4 7 4 4 5 7 5 6 5 6 6 7 6 9 6 6 7 9 7 8 7 8 8 9 8 11 8 8 9 11 9 10 9 10 10 11 10 13 10 10 11 13 11 12 11 12 12 13 12 15 12 12 13 15 13 14 13 14 14 15 14 17 14 14 15 17 15 16 15 16 16 17 16 19 16 16 17 19 17 18 17 18 18 19 18 21 18 18 19 21 19 20 19 20 20 21 20 23 20 20 21 23 21 22 21 22 22 23 22 25 22 22 23 25 23 24 23 24 24 25 24 27 24 24 25 27 25 26 25 26 26 27 26 29 26 26 27 29 27 28 27 28 28 29 28 31 28 28 29 31 29 30 29 30 30 31 30 33 30 30 31 33 31 32 31 32 32 33 32 35 32 32 33 35 33 34 33 34 34 35 34 37 34 34 35 37 35 36 35 36 36 37 36 39 36 36 37 39 37 38 37 38 38 39 38 41 38 38 39 41 39 40 39 40 40 41 40 43 40 40 41 43 41 42 41 42 42 43 42 45 42 42 43 45 43 44 43 5 44 3 44 1 44 1 45 47 45 45 45 45 46 43 46 41 46 41 47 39 47 37 47 37 48 35 48 33 48 33 49 31 49 29 49 29 50 27 50 25 50 25 51 23 51 21 51 21 52 19 52 17 52 17 53 15 53 13 53 13 54 11 54 9 54 9 55 7 55 5 55 5 56 1 56 45 56 45 57 41 57 37 57 37 58 33 58 29 58 29 59 25 59 21 59 21 60 17 60 13 60 13 61 9 61 5 61 5 62 45 62 37 62 37 63 29 63 21 63 21 64 13 64 5 64 37 65 21 65 5 65 44 66 45 66 47 66 44 67 47 67 46 67 46 68 47 68 1 68 46 69 1 69 0 69 46 70 0 70 2 70 2 71 4 71 6 71 6 72 8 72 10 72 10 73 12 73 14 73 14 74 16 74 18 74 18 75 20 75 22 75 22 76 24 76 26 76 26 77 28 77 30 77 30 78 32 78 34 78 34 79 36 79 38 79 38 80 40 80 42 80 42 81 44 81 46 81 46 82 2 82 6 82 6 83 10 83 14 83 14 84 18 84 22 84 22 85 26 85 30 85 30 86 34 86 38 86 38 87 42 87 46 87 46 88 6 88 14 88 14 89 22 89 30 89 30 90 38 90 46 90 14 91 30 91 46 91</p></triangles></mesh></geometry><geometry id="mesh27"><mesh><source id="mesh27-positions"><float_array id="mesh27-array" count="72">-0.46799999475479126 -3.82194293895788e-18 0.017212500795722008 -0.42399996519088745 -3.82194293895788e-18 0.017212500795722008 -0.46799999475479126 0.008606250397861004 0.014906462281942368 -0.42399996519088745 0.008606250397861004 0.014906462281942368 -0.46799999475479126 0.014906462281942368 0.008606250397861004 -0.42399996519088745 0.014906462281942368 0.008606250397861004 -0.46799999475479126 0.017212500795722008 4.884981281880909e-18 -0.42399996519088745 0.017212500795722008 -4.884981281880909e-18 -0.46799999475479126 0.014906462281942368 -0.008606250397861004 -0.42399996519088745 0.014906462281942368 -0.008606250397861004 -0.46799999475479126 0.008606250397861004 -0.014906462281942368 -0.42399996519088745 0.008606250397861004 -0.014906462281942368 -0.46799999475479126 3.82194293895788e-18 -0.017212500795722008 -0.42399996519088745 3.82194293895788e-18 -0.017212500795722008 -0.46799999475479126 -0.008606250397861004 -0.014906462281942368 -0.42399996519088745 -0.008606250397861004 -0.014906462281942368 -0.46799999475479126 -0.014906462281942368 -0.008606250397861004 -0.42399996519088745 -0.014906462281942368 -0.008606250397861004 -0.46799999475479126 -0.017212500795722008 4.884981281880909e-18 -0.42399996519088745 -0.017212500795722008 -4.884981281880909e-18 -0.46799999475479126 -0.014906462281942368 0.008606250397861004 -0.42399996519088745 -0.014906462281942368 0.008606250397861004 -0.46799999475479126 -0.008606250397861004 0.014906462281942368 -0.42399996519088745 -0.008606250397861004 0.014906462281942368</float_array><technique_common><accessor source="#mesh27-array" count="24" stride="3"><param name="X" type="float" /><param name="Y" type="float" /><param name="Z" type="float" /></accessor></technique_common></source><source id="mesh27-normals"><float_array id="mesh27-normals-array" count="132">2.1447861547258028e-16 0.2588191330432892 0.9659258127212524 2.1447861547258028e-16 0.2588191330432892 0.9659258127212524 1.5700924318127872e-16 0.7071067690849304 0.7071067690849304 1.5700924318127872e-16 0.7071067690849304 0.7071067690849304 5.746939214363626e-17 0.9659258127212524 0.2588191330432892 5.746939214363626e-17 0.9659258127212524 0.2588191330432892 -5.746939214363626e-17 0.9659258127212524 -0.2588191330432892 -5.746939214363626e-17 0.9659258127212524 -0.2588191330432892 -1.5700924318127872e-16 0.7071067690849304 -0.7071067690849304 -1.5700924318127872e-16 0.7071067690849304 -0.7071067690849304 -2.1447861547258028e-16 0.2588191330432892 -0.9659258127212524 -2.1447861547258028e-16 0.2588191330432892 -0.9659258127212524 -2.1447861547258028e-16 -0.2588191330432892 -0.9659258127212524 -2.1447861547258028e-16 -0.2588191330432892 -0.9659258127212524 -1.5700924318127872e-16 -0.7071067690849304 -0.7071067690849304 -1.5700924318127872e-16 -0.7071067690849304 -0.7071067690849304 -5.746939214363626e-17 -0.9659258127212524 -0.2588191330432892 -5.746939214363626e-17 -0.9659258127212524 -0.2588191330432892 5.746939214363626e-17 -0.9659258127212524 0.2588191330432892 5.746939214363626e-17 -0.9659258127212524 0.2588191330432892 1.0 2.220446049250313e-16 4.930380657631324e-32 1.0 2.220446049250313e-16 4.930380657631324e-32 1.0 2.220446049250313e-16 4.930380657631324e-32 1.0 2.220446049250313e-16 4.930380657631324e-32 1.0 2.220446049250313e-16 4.930380657631324e-32 1.0 2.220446049250313e-16 4.930380657631324e-32 1.0 2.220446049250313e-16 4.930380657631324e-32 1.0 2.220446049250313e-16 4.930380657631324e-32 1.0 2.220446049250313e-16 4.930380657631324e-32 1.0 2.220446049250313e-16 4.930380657631324e-32 1.5700924318127872e-16 -0.7071067690849304 0.7071067690849304 1.5700924318127872e-16 -0.7071067690849304 0.7071067690849304 2.1447861547258028e-16 -0.2588191330432892 0.9659258127212524 2.1447861547258028e-16 -0.2588191330432892 0.9659258127212524 -1.0 -2.220446049250313e-16 -4.930380657631324e-32 -1.0 -2.220446049250313e-16 -4.930380657631324e-32 -1.0 -2.220446049250313e-16 -4.930380657631324e-32 -1.0 -2.220446049250313e-16 -4.930380657631324e-32 -1.0 -2.220446049250313e-16 -4.930380657631324e-32 -1.0 -2.220446049250313e-16 -4.930380657631324e-32 -1.0 -2.220446049250313e-16 -4.930380657631324e-32 -1.0 -2.220446049250313e-16 -4.930380657631324e-32 -1.0 -2.220446049250313e-16 -4.930380657631324e-32 -1.0 -2.220446049250313e-16 -4.930380657631324e-32</float_array><technique_common><accessor source="#mesh27-normals-array" count="44" stride="3"><param name="X" type="float" /><param name="Y" type="float" /><param name="Z" type="float" /></accessor></technique_common></source><vertices id="mesh27-vertices"><input semantic="POSITION" source="#mesh27-positions" /></vertices><triangles count="44" material="graphite"><input semantic="VERTEX" source="#mesh27-vertices" offset="0" /><input semantic="NORMAL" source="#mesh27-normals" offset="1" /><p>0 0 1 0 3 0 0 1 3 1 2 1 2 2 3 2 5 2 2 3 5 3 4 3 4 4 5 4 7 4 4 5 7 5 6 5 6 6 7 6 9 6 6 7 9 7 8 7 8 8 9 8 11 8 8 9 11 9 10 9 10 10 11 10 13 10 10 11 13 11 12 11 12 12 13 12 15 12 12 13 15 13 14 13 14 14 15 14 17 14 14 15 17 15 16 15 16 16 17 16 19 16 16 17 19 17 18 17 18 18 19 18 21 18 18 19 21 19 20 19 5 20 3 20 1 20 1 21 23 21 21 21 21 22 19 22 17 22 17 23 15 23 13 23 13 24 11 24 9 24 9 25 7 25 5 25 5 26 1 26 21 26 21 27 17 27 13 27 13 28 9 28 5 28 21 29 13 29 5 29 20 30 21 30 23 30 20 31 23 31 22 31 22 32 23 32 1 32 22 33 1 33 0 33 22 34 0 34 2 34 2 35 4 35 6 35 6 36 8 36 10 36 10 37 12 37 14 37 14 38 16 38 18 38 18 39 20 39 22 39 22 40 2 40 6 40 6 41 10 41 14 41 14 42 18 42 22 42 6 43 14 43 22 43</p></triangles></mesh></geometry><geometry id="mesh28"><mesh><source id="mesh28-positions"><float_array id="mesh28-array" count="144">-0.48100000619888306 -2.140287855564872e-18 0.009638999588787556 -0.41600000858306885 -2.140287855564872e-18 0.009638999588787556 -0.48100000619888306 0.0024947565980255604 0.009310558438301086 -0.41600000858306885 0.0024947565980255604 0.009310558438301086 -0.48100000619888306 0.004819499794393778 0.008347618393599987 -0.41600000858306885 0.004819499794393778 0.008347618393599987 -0.48100000619888306 0.006815801840275526 0.006815801840275526 -0.41600000858306885 0.006815801840275526 0.006815801840275526 -0.48100000619888306 0.008347618393599987 0.004819499794393778 -0.41600000858306885 0.008347618393599987 0.004819499794393778 -0.48100000619888306 0.009310558438301086 0.0024947565980255604 -0.41600000858306885 0.009310558438301086 0.0024947565980255604 -0.48100000619888306 0.009638999588787556 7.216449395365721e-18 -0.41600000858306885 0.009638999588787556 -7.216449395365721e-18 -0.48100000619888306 0.009310558438301086 -0.0024947565980255604 -0.41600000858306885 0.009310558438301086 -0.0024947565980255604 -0.48100000619888306 0.008347618393599987 -0.004819499794393778 -0.41600000858306885 0.008347618393599987 -0.004819499794393778 -0.48100000619888306 0.006815801840275526 -0.006815801840275526 -0.41600000858306885 0.006815801840275526 -0.006815801840275526 -0.48100000619888306 0.004819499794393778 -0.008347618393599987 -0.41600000858306885 0.004819499794393778 -0.008347618393599987 -0.48100000619888306 0.0024947565980255604 -0.009310558438301086 -0.41600000858306885 0.0024947565980255604 -0.009310558438301086 -0.48100000619888306 2.140287855564872e-18 -0.009638999588787556 -0.41600000858306885 2.140287855564872e-18 -0.009638999588787556 -0.48100000619888306 -0.0024947565980255604 -0.009310558438301086 -0.41600000858306885 -0.0024947565980255604 -0.009310558438301086 -0.48100000619888306 -0.004819499794393778 -0.008347618393599987 -0.41600000858306885 -0.004819499794393778 -0.008347618393599987 -0.48100000619888306 -0.006815801840275526 -0.006815801840275526 -0.41600000858306885 -0.006815801840275526 -0.006815801840275526 -0.48100000619888306 -0.008347618393599987 -0.004819499794393778 -0.41600000858306885 -0.008347618393599987 -0.004819499794393778 -0.48100000619888306 -0.009310558438301086 -0.0024947565980255604 -0.41600000858306885 -0.009310558438301086 -0.0024947565980255604 -0.48100000619888306 -0.009638999588787556 7.216449395365721e-18 -0.41600000858306885 -0.009638999588787556 -7.216449395365721e-18 -0.48100000619888306 -0.009310558438301086 0.0024947565980255604 -0.41600000858306885 -0.009310558438301086 0.0024947565980255604 -0.48100000619888306 -0.008347618393599987 0.004819499794393778 -0.41600000858306885 -0.008347618393599987 0.004819499794393778 -0.48100000619888306 -0.006815801840275526 0.006815801840275526 -0.41600000858306885 -0.006815801840275526 0.006815801840275526 -0.48100000619888306 -0.004819499794393778 0.008347618393599987 -0.41600000858306885 -0.004819499794393778 0.008347618393599987 -0.48100000619888306 -0.0024947565980255604 0.009310558438301086 -0.41600000858306885 -0.0024947565980255604 0.009310558438301086</float_array><technique_common><accessor source="#mesh28-array" count="48" stride="3"><param name="X" type="float" /><param name="Y" type="float" /><param name="Z" type="float" /></accessor></technique_common></source><source id="mesh28-normals"><float_array id="mesh28-normals-array" count="276">2.2014498795702573e-16 0.13052627444267273 0.9914448857307434 2.2014498795702573e-16 0.13052627444267273 0.9914448857307434 2.0514247274415557e-16 0.3826833963394165 0.9238795638084412 2.0514247274415557e-16 0.3826833963394165 0.9238795638084412 1.76159824320641e-16 0.6087614297866821 0.7933533191680908 1.76159824320641e-16 0.6087614297866821 0.7933533191680908 1.3517219117058102e-16 0.7933533191680908 0.6087614297866821 1.3517219117058102e-16 0.7933533191680908 0.6087614297866821 8.497278355155491e-17 0.9238795638084412 0.3826833963394165 8.497278355155491e-17 0.9238795638084412 0.3826833963394165 2.898265504095948e-17 0.9914448857307434 0.13052627444267273 2.898265504095948e-17 0.9914448857307434 0.13052627444267273 -2.898265504095948e-17 0.9914448857307434 -0.13052627444267273 -2.898265504095948e-17 0.9914448857307434 -0.13052627444267273 -8.497278355155491e-17 0.9238795638084412 -0.3826833963394165 -8.497278355155491e-17 0.9238795638084412 -0.3826833963394165 -1.3517219117058102e-16 0.7933533191680908 -0.6087614297866821 -1.3517219117058102e-16 0.7933533191680908 -0.6087614297866821 -1.76159824320641e-16 0.6087614297866821 -0.7933533191680908 -1.76159824320641e-16 0.6087614297866821 -0.7933533191680908 -2.0514247274415557e-16 0.3826833963394165 -0.9238795638084412 -2.0514247274415557e-16 0.3826833963394165 -0.9238795638084412 -2.2014498795702573e-16 0.13052627444267273 -0.9914448857307434 -2.2014498795702573e-16 0.13052627444267273 -0.9914448857307434 -2.2014498795702573e-16 -0.13052627444267273 -0.9914448857307434 -2.2014498795702573e-16 -0.13052627444267273 -0.9914448857307434 -2.0514247274415557e-16 -0.3826833963394165 -0.9238795638084412 -2.0514247274415557e-16 -0.3826833963394165 -0.9238795638084412 -1.76159824320641e-16 -0.6087614297866821 -0.7933533191680908 -1.76159824320641e-16 -0.6087614297866821 -0.7933533191680908 -1.3517219117058102e-16 -0.7933533191680908 -0.6087614297866821 -1.3517219117058102e-16 -0.7933533191680908 -0.6087614297866821 -8.497278355155491e-17 -0.9238795638084412 -0.3826833963394165 -8.497278355155491e-17 -0.9238795638084412 -0.3826833963394165 -2.898265504095948e-17 -0.9914448857307434 -0.13052627444267273 -2.898265504095948e-17 -0.9914448857307434 -0.13052627444267273 2.898265504095948e-17 -0.9914448857307434 0.13052627444267273 2.898265504095948e-17 -0.9914448857307434 0.13052627444267273 8.497278355155491e-17 -0.9238795638084412 0.3826833963394165 8.497278355155491e-17 -0.9238795638084412 0.3826833963394165 1.3517219117058102e-16 -0.7933533191680908 0.6087614297866821 1.3517219117058102e-16 -0.7933533191680908 0.6087614297866821 1.76159824320641e-16 -0.6087614297866821 0.7933533191680908 1.76159824320641e-16 -0.6087614297866821 0.7933533191680908 1.0 2.220446049250313e-16 4.930380657631324e-32 1.0 2.220446049250313e-16 4.930380657631324e-32 1.0 2.220446049250313e-16 4.930380657631324e-32 1.0 2.220446049250313e-16 4.930380657631324e-32 1.0 2.220446049250313e-16 4.930380657631324e-32 1.0 2.220446049250313e-16 4.930380657631324e-32 1.0 2.220446049250313e-16 4.930380657631324e-32 1.0 2.220446049250313e-16 4.930380657631324e-32 1.0 2.220446049250313e-16 4.930380657631324e-32 1.0 2.220446049250313e-16 4.930380657631324e-32 1.0 2.220446049250313e-16 4.930380657631324e-32 1.0 2.220446049250313e-16 4.930380657631324e-32 1.0 2.220446049250313e-16 4.930380657631324e-32 1.0 2.220446049250313e-16 4.930380657631324e-32 1.0 2.220446049250313e-16 4.930380657631324e-32 1.0 2.220446049250313e-16 4.930380657631324e-32 1.0 2.220446049250313e-16 4.930380657631324e-32 1.0 2.220446049250313e-16 4.930380657631324e-32 1.0 2.220446049250313e-16 4.930380657631324e-32 1.0 2.220446049250313e-16 4.930380657631324e-32 1.0 2.220446049250313e-16 4.930380657631324e-32 1.0 2.220446049250313e-16 4.930380657631324e-32 2.0514247274415557e-16 -0.3826833963394165 0.9238795638084412 2.0514247274415557e-16 -0.3826833963394165 0.9238795638084412 2.2014498795702573e-16 -0.13052627444267273 0.9914448857307434 2.2014498795702573e-16 -0.13052627444267273 0.9914448857307434 -1.0 -2.220446049250313e-16 -4.930380657631324e-32 -1.0 -2.220446049250313e-16 -4.930380657631324e-32 -1.0 -2.220446049250313e-16 -4.930380657631324e-32 -1.0 -2.220446049250313e-16 -4.930380657631324e-32 -1.0 -2.220446049250313e-16 -4.930380657631324e-32 -1.0 -2.220446049250313e-16 -4.930380657631324e-32 -1.0 -2.220446049250313e-16 -4.930380657631324e-32 -1.0 -2.220446049250313e-16 -4.930380657631324e-32 -1.0 -2.220446049250313e-16 -4.930380657631324e-32 -1.0 -2.220446049250313e-16 -4.930380657631324e-32 -1.0 -2.220446049250313e-16 -4.930380657631324e-32 -1.0 -2.220446049250313e-16 -4.930380657631324e-32 -1.0 -2.220446049250313e-16 -4.930380657631324e-32 -1.0 -2.220446049250313e-16 -4.930380657631324e-32 -1.0 -2.220446049250313e-16 -4.930380657631324e-32 -1.0 -2.220446049250313e-16 -4.930380657631324e-32 -1.0 -2.220446049250313e-16 -4.930380657631324e-32 -1.0 -2.220446049250313e-16 -4.930380657631324e-32 -1.0 -2.220446049250313e-16 -4.930380657631324e-32 -1.0 -2.220446049250313e-16 -4.930380657631324e-32 -1.0 -2.220446049250313e-16 -4.930380657631324e-32 -1.0 -2.220446049250313e-16 -4.930380657631324e-32</float_array><technique_common><accessor source="#mesh28-normals-array" count="92" stride="3"><param name="X" type="float" /><param name="Y" type="float" /><param name="Z" type="float" /></accessor></technique_common></source><vertices id="mesh28-vertices"><input semantic="POSITION" source="#mesh28-positions" /></vertices><triangles count="92" material="graphite"><input semantic="VERTEX" source="#mesh28-vertices" offset="0" /><input semantic="NORMAL" source="#mesh28-normals" offset="1" /><p>0 0 1 0 3 0 0 1 3 1 2 1 2 2 3 2 5 2 2 3 5 3 4 3 4 4 5 4 7 4 4 5 7 5 6 5 6 6 7 6 9 6 6 7 9 7 8 7 8 8 9 8 11 8 8 9 11 9 10 9 10 10 11 10 13 10 10 11 13 11 12 11 12 12 13 12 15 12 12 13 15 13 14 13 14 14 15 14 17 14 14 15 17 15 16 15 16 16 17 16 19 16 16 17 19 17 18 17 18 18 19 18 21 18 18 19 21 19 20 19 20 20 21 20 23 20 20 21 23 21 22 21 22 22 23 22 25 22 22 23 25 23 24 23 24 24 25 24 27 24 24 25 27 25 26 25 26 26 27 26 29 26 26 27 29 27 28 27 28 28 29 28 31 28 28 29 31 29 30 29 30 30 31 30 33 30 30 31 33 31 32 31 32 32 33 32 35 32 32 33 35 33 34 33 34 34 35 34 37 34 34 35 37 35 36 35 36 36 37 36 39 36 36 37 39 37 38 37 38 38 39 38 41 38 38 39 41 39 40 39 40 40 41 40 43 40 40 41 43 41 42 41 42 42 43 42 45 42 42 43 45 43 44 43 5 44 3 44 1 44 1 45 47 45 45 45 45 46 43 46 41 46 41 47 39 47 37 47 37 48 35 48 33 48 33 49 31 49 29 49 29 50 27 50 25 50 25 51 23 51 21 51 21 52 19 52 17 52 17 53 15 53 13 53 13 54 11 54 9 54 9 55 7 55 5 55 5 56 1 56 45 56 45 57 41 57 37 57 37 58 33 58 29 58 29 59 25 59 21 59 21 60 17 60 13 60 13 61 9 61 5 61 5 62 45 62 37 62 37 63 29 63 21 63 21 64 13 64 5 64 37 65 21 65 5 65 44 66 45 66 47 66 44 67 47 67 46 67 46 68 47 68 1 68 46 69 1 69 0 69 46 70 0 70 2 70 2 71 4 71 6 71 6 72 8 72 10 72 10 73 12 73 14 73 14 74 16 74 18 74 18 75 20 75 22 75 22 76 24 76 26 76 26 77 28 77 30 77 30 78 32 78 34 78 34 79 36 79 38 79 38 80 40 80 42 80 42 81 44 81 46 81 46 82 2 82 6 82 6 83 10 83 14 83 14 84 18 84 22 84 22 85 26 85 30 85 30 86 34 86 38 86 38 87 42 87 46 87 46 88 6 88 14 88 14 89 22 89 30 89 30 90 38 90 46 90 14 91 30 91 46 91</p></triangles></mesh></geometry></library_geometries><library_visual_scenes><visual_scene id="Scene"><node id="mesh0-node"><instance_geometry url="#mesh0"><bind_material><technique_common><instance_material symbol="graphite" target="#graphite" /></technique_common></bind_material></instance_geometry></node><node id="mesh1-node"><instance_geometry url="#mesh1"><bind_material><technique_common><instance_material symbol="graphite" target="#graphite" /></technique_common></bind_material></instance_geometry></node><node id="mesh2-node"><instance_geometry url="#mesh2"><bind_material><technique_common><instance_material symbol="graphite" target="#graphite" /></technique_common></bind_material></instance_geometry></node><node id="mesh3-node"><instance_geometry url="#mesh3"><bind_material><technique_common><instance_material symbol="graphite" target="#graphite" /></technique_common></bind_material></instance_geometry></node><node id="mesh4-node"><instance_geometry url="#mesh4"><bind_material><technique_common><instance_material symbol="graphite" target="#graphite" /></technique_common></bind_material></instance_geometry></node><node id="mesh5-node"><instance_geometry url="#mesh5"><bind_material><technique_common><instance_material symbol="graphite" target="#graphite" /></technique_common></bind_material></instance_geometry></node><node id="mesh6-node"><instance_geometry url="#mesh6"><bind_material><technique_common><instance_material symbol="graphite" target="#graphite" /></technique_common></bind_material></instance_geometry></node><node id="mesh7-node"><instance_geometry url="#mesh7"><bind_material><technique_common><instance_material symbol="graphite" target="#graphite" /></technique_common></bind_material></instance_geometry></node><node id="mesh8-node"><instance_geometry url="#mesh8"><bind_material><technique_common><instance_material symbol="graphite" target="#graphite" /></technique_common></bind_material></instance_geometry></node><node id="mesh9-node"><instance_geometry url="#mesh9"><bind_material><technique_common><instance_material symbol="graphite" target="#graphite" /></technique_common></bind_material></instance_geometry></node><node id="mesh10-node"><instance_geometry url="#mesh10"><bind_material><technique_common><instance_material symbol="graphite" target="#graphite" /></technique_common></bind_material></instance_geometry></node><node id="mesh11-node"><instance_geometry url="#mesh11"><bind_material><technique_common><instance_material symbol="graphite" target="#graphite" /></technique_common></bind_material></instance_geometry></node><node id="mesh12-node"><instance_geometry url="#mesh12"><bind_material><technique_common><instance_material symbol="graphite" target="#graphite" /></technique_common></bind_material></instance_geometry></node><node id="mesh13-node"><instance_geometry url="#mesh13"><bind_material><technique_common><instance_material symbol="graphite" target="#graphite" /></technique_common></bind_material></instance_geometry></node><node id="mesh14-node"><instance_geometry url="#mesh14"><bind_material><technique_common><instance_material symbol="graphite" target="#graphite" /></technique_common></bind_material></instance_geometry></node><node id="mesh15-node"><instance_geometry url="#mesh15"><bind_material><technique_common><instance_material symbol="graphite" target="#graphite" /></technique_common></bind_material></instance_geometry></node><node id="mesh16-node"><instance_geometry url="#mesh16"><bind_material><technique_common><instance_material symbol="graphite" target="#graphite" /></technique_common></bind_material></instance_geometry></node><node id="mesh17-node"><instance_geometry url="#mesh17"><bind_material><technique_common><instance_material symbol="graphite" target="#graphite" /></technique_common></bind_material></instance_geometry></node><node id="mesh18-node"><instance_geometry url="#mesh18"><bind_material><technique_common><instance_material symbol="graphite" target="#graphite" /></technique_common></bind_material></instance_geometry></node><node id="mesh19-node"><instance_geometry url="#mesh19"><bind_material><technique_common><instance_material symbol="graphite" target="#graphite" /></technique_common></bind_material></instance_geometry></node><node id="mesh20-node"><instance_geometry url="#mesh20"><bind_material><technique_common><instance_material symbol="graphite" target="#graphite" /></technique_common></bind_material></instance_geometry></node><node id="mesh21-node"><instance_geometry url="#mesh21"><bind_material><technique_common><instance_material symbol="graphite" target="#graphite" /></technique_common></bind_material></instance_geometry></node><node id="mesh22-node"><instance_geometry url="#mesh22"><bind_material><technique_common><instance_material symbol="graphite" target="#graphite" /></technique_common></bind_material></instance_geometry></node><node id="mesh23-node"><instance_geometry url="#mesh23"><bind_material><technique_common><instance_material symbol="graphite" target="#graphite" /></technique_common></bind_material></instance_geometry></node><node id="mesh24-node"><instance_geometry url="#mesh24"><bind_material><technique_common><instance_material symbol="graphite" target="#graphite" /></technique_common></bind_material></instance_geometry></node><node id="mesh25-node"><instance_geometry url="#mesh25"><bind_material><technique_common><instance_material symbol="graphite" target="#graphite" /></technique_common></bind_material></instance_geometry></node><node id="mesh26-node"><instance_geometry url="#mesh26"><bind_material><technique_common><instance_material symbol="graphite" target="#graphite" /></technique_common></bind_material></instance_geometry></node><node id="mesh27-node"><instance_geometry url="#mesh27"><bind_material><technique_common><instance_material symbol="graphite" target="#graphite" /></technique_common></bind_material></instance_geometry></node><node id="mesh28-node"><instance_geometry url="#mesh28"><bind_material><technique_common><instance_material symbol="graphite" target="#graphite" /></technique_common></bind_material></instance_geometry></node></visual_scene></library_visual_scenes><scene><instance_visual_scene url="#Scene" /></scene></COLLADA>